Time (s),Actual Temperature (C),Target Temperature (C)
0.23319280002033338,45.2,250.0
0.5332233000081033,45.2,250.0
0.8552797000156716,45.2,250.0
1.15910009999061,45.2,250.0
1.4786999000352807,45.1,250.0
1.7793572000227869,45.1,250.0
2.099331900011748,45.1,250.0
2.4064969000173733,45.1,250.0
2.7232183000305668,45.1,250.0
3.0289564999984577,45.1,250.0
3.347960199986119,45.1,250.0
3.668220499996096,45.1,250.0
3.970171900000423,45.0,250.0
4.291717300016899,45.0,250.0
4.594123499991838,45.0,250.0
4.914283599995542,45.0,250.0
5.234838300035335,45.0,250.0
5.535891400009859,44.900000000000006,250.0
5.8566577000310645,44.900000000000006,250.0
6.1608966999920085,44.900000000000006,250.0
6.465077200031374,44.900000000000006,250.0
6.782285700028297,44.900000000000006,250.0
7.1035392000339925,44.900000000000006,250.0
7.419679299986456,44.900000000000006,250.0
7.7257749999989755,44.900000000000006,250.0
8.046595600026194,45.0,250.0
8.3472960999934,45.0,250.0
8.668077900016215,45.0,250.0
8.970505200035404,47.900000000000006,250.0
9.276498300023377,47.900000000000006,250.0
9.597087100031786,47.900000000000006,250.0
9.916440200002398,52.800000000000004,250.0
10.232213600014802,52.800000000000004,250.0
10.538531400030479,52.800000000000004,250.0
10.855635099986102,55.7,250.0
11.161055900040083,55.7,250.0
11.481691199995112,55.7,250.0
11.78277170000365,58.5,250.0
12.088391199999023,58.5,250.0
12.409189300029539,60.6,250.0
12.728948100004345,60.6,250.0
13.045019700017292,60.6,250.0
13.350808400020469,62.6,250.0
13.671325100003742,62.6,250.0
13.972774100024253,62.6,250.0
14.293646100035403,64.60000000000001,250.0
14.59525539999595,64.60000000000001,250.0
14.900843899988104,64.60000000000001,250.0
15.221934100030921,66.0,250.0
15.540890900010709,66.0,250.0
15.856819799984805,66.0,250.0
16.16180569998687,68.10000000000001,250.0
16.482556900009513,68.10000000000001,250.0
16.78371019999031,69.10000000000001,250.0
17.104275199992117,69.10000000000001,250.0
17.409755400032736,69.10000000000001,250.0
17.726927799987607,71.10000000000001,250.0
18.032240500033367,71.10000000000001,250.0
18.3523850000347,71.10000000000001,250.0
18.67141970002558,72.3,250.0
18.976918300031684,72.3,250.0
19.29361280001467,72.3,250.0
19.600022100028582,74.0,250.0
19.916020400007255,74.0,250.0
20.221572200010996,74.0,250.0
20.542306800023653,75.3,250.0
20.842403799993917,75.3,250.0
21.163200900016818,75.3,250.0
21.469100499991328,76.7,250.0
21.803526900010183,76.7,250.0
22.104713200009428,78.2,250.0
22.41029020003043,78.2,250.0
22.731410500011407,78.2,250.0
23.032494199986104,79.2,250.0
23.353300200018566,79.2,250.0
23.658741799998097,79.2,250.0
23.97512120002648,81.0,250.0
24.280611100024544,81.0,250.0
24.60127189999912,81.0,250.0
24.92106610001065,82.0,250.0
25.236964399984572,82.0,250.0
25.542612900026143,82.0,250.0
25.84819620003691,83.60000000000001,250.0
26.164276900002733,83.60000000000001,250.0
26.46971149998717,84.7,250.0
26.79087259998778,84.7,250.0
27.09404540003743,84.7,250.0
27.42913290002616,85.80000000000001,250.0
27.730121300031897,85.80000000000001,250.0
28.036741700023413,85.80000000000001,250.0
28.353792200039607,87.10000000000001,250.0
28.65673039999092,87.10000000000001,250.0
28.978076300001703,87.10000000000001,250.0
29.283652000012808,88.0,250.0
29.600209600001108,88.0,250.0
29.921669300005306,88.0,250.0
30.223350299987942,89.60000000000001,250.0
30.52626210002927,89.60000000000001,250.0
30.847225100034848,89.60000000000001,250.0
31.15295399999013,90.4,250.0
31.48847909999313,90.4,250.0
31.789430400007404,91.9,250.0
32.09366270003375,91.9,250.0
32.41224700002931,91.9,250.0
32.718018600018695,92.7,250.0
33.03858430002583,92.7,250.0
33.354865000001155,92.7,250.0
33.660892600019,93.9,250.0
33.97800659999484,93.9,250.0
34.283971500000916,93.9,250.0
34.60452370002167,95.0,250.0
34.90547970001353,95.0,250.0
35.227904200030025,95.0,250.0
35.54447439999785,95.9,250.0
35.84853580000345,95.9,250.0
36.167377300036605,97.30000000000001,250.0
36.47278740000911,97.30000000000001,250.0
36.79211800004123,97.30000000000001,250.0
37.093232100014575,98.0,250.0
37.41690940002445,98.0,250.0
37.73637619998772,98.0,250.0
38.03935249999631,99.5,250.0
38.35698159999447,99.5,250.0
38.66242060001241,99.5,250.0
38.98011720000068,100.2,250.0
39.282007100002375,100.2,250.0
39.60447840002598,100.2,250.0
39.92329810000956,101.5,250.0
40.22506540000904,101.5,250.0
40.544467900006566,101.5,250.0
40.85042090003844,102.4,250.0
41.153771099983715,102.4,250.0
41.475852700008545,103.5,250.0
41.792279199988116,103.5,250.0
42.09559590002755,103.5,250.0
42.41407850000542,104.5,250.0
42.72058610001113,104.5,250.0
43.04070060001686,104.5,250.0
43.35787220002385,105.30000000000001,250.0
43.67899310000939,105.30000000000001,250.0
43.997222700039856,105.30000000000001,250.0
44.30402600002708,106.60000000000001,250.0
44.62003440002445,106.60000000000001,250.0
44.9265414000256,106.60000000000001,250.0
45.24373170000035,107.2,250.0
45.54901920002885,107.2,250.0
45.86852349998662,108.60000000000001,250.0
46.18786529998761,108.60000000000001,250.0
46.490491100004874,108.60000000000001,250.0
46.812194199999794,109.30000000000001,250.0
47.116194000002,109.30000000000001,250.0
47.434118500037584,109.30000000000001,250.0
47.738293900038116,110.4,250.0
48.05562800000189,110.4,250.0
48.3762229999993,110.4,250.0
48.67997739999555,111.2,250.0
48.98379269998986,111.2,250.0
49.30357490002643,111.2,250.0
49.60583930002758,111.9,250.0
49.92681730003096,111.9,250.0
50.24843060004059,113.10000000000001,250.0
50.56598590000067,113.10000000000001,250.0
50.871268999995664,113.10000000000001,250.0
51.17266370001016,113.60000000000001,250.0
51.493169100023806,113.60000000000001,250.0
51.812123899988364,113.60000000000001,250.0
52.11636440001894,114.9,250.0
52.43591420003213,114.9,250.0
52.755412800004706,114.9,250.0
53.05672460002825,115.4,250.0
53.36313850001898,115.4,250.0
53.6802963000373,115.4,250.0
53.986767299997155,116.60000000000001,250.0
54.30300240003271,116.60000000000001,250.0
54.60927320003975,116.60000000000001,250.0
54.944630299985874,117.2,250.0
55.247520000033546,117.2,250.0
55.55305660003796,118.0,250.0
55.855539300013334,118.0,250.0
56.19023890001699,118.0,250.0
56.49235760001466,118.9,250.0
56.797746399999596,118.9,250.0
57.118611000012606,118.9,250.0
57.42296280001756,119.5,250.0
57.7405076000141,119.5,250.0
58.06169050000608,119.5,250.0
58.36291450000135,120.60000000000001,250.0
58.66825809999136,120.60000000000001,250.0
58.98817940003937,120.60000000000001,250.0
59.30535049998434,121.10000000000001,250.0
59.623956400027964,121.10000000000001,250.0
59.930964300001506,122.2,250.0
60.23158160003368,122.2,250.0
60.55385209998349,122.2,250.0
60.87115000002086,122.7,250.0
61.174929600034375,122.7,250.0
61.49454039998818,122.7,250.0
61.79807459999574,123.7,250.0
62.11911000002874,123.7,250.0
62.420757699990645,123.7,250.0
62.74236899998505,124.4,250.0
63.06031390000135,124.4,250.0
63.36270779999904,124.4,250.0
63.6829269999871,125.10000000000001,250.0
63.988308100029826,125.10000000000001,250.0
64.30795560003025,125.10000000000001,250.0
64.6278284,126.10000000000001,250.0
64.92919940000866,126.10000000000001,250.0
65.23509380000178,126.60000000000001,250.0
65.569438000035,126.60000000000001,250.0
65.8745259999996,126.60000000000001,250.0
66.17623189999722,127.60000000000001,250.0
66.49699690000853,127.60000000000001,250.0
66.79906789999222,127.60000000000001,250.0
67.12075190001633,128.1,250.0
67.42189599998528,128.1,250.0
67.74262959999032,128.1,250.0
68.04817060002824,129.1,250.0
68.36749690002762,129.1,250.0
68.68433610000648,129.1,250.0
68.99017930001719,129.70000000000002,250.0
69.31063140003243,129.70000000000002,250.0
69.61212420003721,130.5,250.0
69.9343143000151,130.5,250.0
70.23711089999415,130.5,250.0
70.55657630000496,131.3,250.0
70.87352780002402,131.3,250.0
71.17950830003247,131.3,250.0
71.49625680001918,131.8,250.0
71.80157070001587,131.8,250.0
72.122177799989,131.8,250.0
72.42769450001651,132.8,250.0
72.72949190001236,132.8,250.0
73.06509410002036,132.8,250.0
73.36690299998736,133.3,250.0
73.68776810000418,133.3,250.0
73.99005020002369,133.3,250.0
74.29664670000784,134.3,250.0
74.61329820001265,134.3,250.0
74.91861420002533,134.8,250.0
75.23577840003418,134.8,250.0
75.55530190002173,134.8,250.0
75.87666330003412,135.6,250.0
76.18171780003468,135.6,250.0
76.48418269999092,135.6,250.0
76.80480750004062,136.20000000000002,250.0
77.1057016000268,136.20000000000002,250.0
77.42780150001636,136.20000000000002,250.0
77.74825120001333,136.70000000000002,250.0
78.06479959998978,136.70000000000002,250.0
78.37038939999184,136.70000000000002,250.0
78.67178650002461,137.6,250.0
78.99311370000942,137.6,250.0
79.29863229999319,138.0,250.0
79.61475529999007,138.0,250.0
79.92079750000266,138.0,250.0
80.2557127000182,139.0,250.0
80.5564616000047,139.0,250.0
80.87715310003841,139.0,250.0
81.18392760003917,139.3,250.0
81.48520970001118,139.3,250.0
81.80644820001908,139.3,250.0
82.10997450002469,140.1,250.0
82.44466710003326,140.1,250.0
82.74574049998773,140.1,250.0
83.0515532999998,140.6,250.0
83.37266400002409,140.6,250.0
83.67464789998485,140.6,250.0
83.99585529998876,141.3,250.0
84.29788920003921,141.3,250.0
84.63309910002863,142.0,250.0
84.93864489998668,142.0,250.0
85.24074440001277,142.0,250.0
85.56242199998815,142.4,250.0
85.86362670001108,142.4,250.0
86.18564219999826,142.4,250.0
86.48750510002719,143.3,250.0
86.80790680000791,143.3,250.0
87.1284244999988,143.3,250.0
87.43088470003568,143.6,250.0
87.75138040003367,143.6,250.0
88.05235840001842,143.6,250.0
88.35464259999571,144.5,250.0
88.67573409999022,144.5,250.0
88.9816293999902,144.9,250.0
89.31744509999407,144.9,250.0
89.61812920001103,144.9,250.0
89.93938729999354,145.6,250.0
90.24115519999759,145.6,250.0
90.54739120003069,145.6,250.0
90.86336270003812,146.1,250.0
91.16971819999162,146.1,250.0
91.50484559999313,146.1,250.0
91.81031590001658,146.6,250.0
92.12665460002609,146.6,250.0
92.4320665000123,146.6,250.0
92.75291159999324,147.3,250.0
93.0547796000028,147.3,250.0
93.3600666000275,147.3,250.0
93.6767264000373,147.6,250.0
93.99695890001021,147.6,250.0
94.31730370002333,148.4,250.0
94.6196546999854,148.4,250.0
94.92628459999105,148.4,250.0
95.24223999999231,148.70000000000002,250.0
95.54716600000393,148.70000000000002,250.0
95.86781850003172,148.70000000000002,250.0
96.1854658999946,149.5,250.0
96.50471559999278,149.5,250.0
96.80986089998623,149.5,250.0
97.11404620000394,149.8,250.0
97.43220430001384,149.8,250.0
97.73436950001633,149.8,250.0
98.05384499998763,150.4,250.0
98.37655290000839,150.4,250.0
98.67918520001695,151.0,250.0
99.00042970001232,151.0,250.0
99.30407280003419,151.0,250.0
99.62103600002592,151.3,250.0
99.92651030002162,151.3,250.0
100.2448629999999,151.3,250.0
100.54805799998576,152.1,250.0
100.87035480001941,152.1,250.0
101.17068909999216,152.1,250.0
101.49310070002684,152.4,250.0
101.81033210002352,152.4,250.0
102.11466469999868,152.4,250.0
102.43187540001236,153.20000000000002,250.0
102.73790469998494,153.20000000000002,250.0
103.0550443000393,153.20000000000002,250.0
103.37580760003766,153.60000000000002,250.0
103.68066379998345,153.60000000000002,250.0
103.98322769999504,154.20000000000002,250.0
104.30446850002045,154.20000000000002,250.0
104.62444720003987,154.20000000000002,250.0
104.9288438000367,154.60000000000002,250.0
105.22942320001312,154.60000000000002,250.0
105.56493739999132,154.60000000000002,250.0
105.86852210003417,155.0,250.0
106.17092930001672,155.0,250.0
106.49469580000732,155.0,250.0
106.79605210002046,155.70000000000002,250.0
107.11524090002058,155.70000000000002,250.0
107.41790030000266,155.70000000000002,250.0
107.7404905000003,156.0,250.0
108.05699880002066,156.0,250.0
108.36200970003847,156.8,250.0
108.68123220000416,156.8,250.0
109.00266699999338,156.8,250.0
109.3057325000409,157.0,250.0
109.60978980001528,157.0,250.0
109.92851769999834,157.0,250.0
110.24612140003592,157.70000000000002,250.0
110.55102200002875,157.70000000000002,250.0
110.85393470001873,157.70000000000002,250.0
111.19116420001956,158.10000000000002,250.0
111.51118870003847,158.10000000000002,250.0
111.83012410002993,158.10000000000002,250.0
112.13173470000038,158.60000000000002,250.0
112.43796690000454,158.60000000000002,250.0
112.75766619999195,159.20000000000002,250.0
113.06062689999817,159.20000000000002,250.0
113.37968210002873,159.20000000000002,250.0
113.70134120003786,159.5,250.0
114.0050285999896,159.5,250.0
114.32333680003649,159.5,250.0
114.626245499996,160.20000000000002,250.0
114.94588710000971,160.20000000000002,250.0
115.24819270003354,160.20000000000002,250.0
115.56744280003477,160.4,250.0
115.87142790004145,160.4,250.0
116.19169950002106,160.4,250.0
116.5127966,161.20000000000002,250.0
116.81708420003997,161.20000000000002,250.0
117.13610010000411,161.20000000000002,250.0
117.4402552000247,161.5,250.0
117.76016180001898,161.5,250.0
118.06097450002562,162.10000000000002,250.0
118.38289370003622,162.10000000000002,250.0
118.69948230002774,162.10000000000002,250.0
119.00673480000114,162.5,250.0
119.32153750001453,162.5,250.0
119.62924720003502,162.5,250.0
119.94596620002994,162.9,250.0
120.25102409999818,162.9,250.0
120.5721773999976,162.9,250.0
120.87257310003042,163.5,250.0
121.19315579999238,163.5,250.0
121.51082940003835,163.5,250.0
121.83186289999867,163.70000000000002,250.0
122.15067040000577,163.70000000000002,250.0
122.45542620000197,164.4,250.0
122.77450310002314,164.4,250.0
123.09475059999386,164.4,250.0
123.39797739998903,164.60000000000002,250.0
123.71621420001611,164.60000000000002,250.0
124.02170370001113,164.60000000000002,250.0
124.34347020002315,165.3,250.0
124.6619878000347,165.3,250.0
124.97907709999708,165.3,250.0
125.28574200003641,165.60000000000002,250.0
125.60317810002016,165.60000000000002,250.0
125.92405199998757,165.60000000000002,250.0
126.22575039998628,166.0,250.0
126.5475503000198,166.0,250.0
126.84960140002659,166.60000000000002,250.0
127.17016600002535,166.60000000000002,250.0
127.47118350001983,166.60000000000002,250.0
127.77732610004023,166.8,250.0
128.09834229998523,166.8,250.0
128.41840000002412,166.8,250.0
128.73557150003035,167.5,250.0
129.04150789999403,167.5,250.0
129.3576000999892,167.5,250.0
129.66305620002095,167.8,250.0
129.96539979998488,167.8,250.0
130.28610910003772,167.8,250.0
130.60604009998497,168.5,250.0
130.92696040001465,168.5,250.0
131.2285982000176,168.5,250.0
131.5455871000304,168.70000000000002,250.0
131.85079810000025,168.70000000000002,250.0
132.1573387000244,169.3,250.0
132.47466790000908,169.3,250.0
132.78036919998704,169.3,250.0
133.1157208000077,169.60000000000002,250.0
133.4169600000023,169.60000000000002,250.0
133.7228674000362,169.60000000000002,250.0
134.04059019999113,170.0,250.0
134.34691120003117,170.0,250.0
134.66371779999463,170.0,250.0
134.9656998999999,170.5,250.0
135.28617159998976,170.5,250.0
135.60701820004033,170.5,250.0
135.9085655999952,170.70000000000002,250.0
136.23009810002986,170.70000000000002,250.0
136.53549849998672,171.4,250.0
136.85166059999028,171.4,250.0
137.1576691000373,171.4,250.0
137.4782176000299,171.5,250.0
137.7971508000046,171.5,250.0
138.1005090000108,171.5,250.0
138.40213589998893,172.10000000000002,250.0
138.72268900001654,172.10000000000002,250.0
139.04307190002874,172.10000000000002,250.0
139.36177479999606,172.4,250.0
139.66324760002317,172.4,250.0
139.96962079999503,172.4,250.0
140.28690830001142,172.9,250.0
140.6074141000281,172.9,250.0
140.92832060001092,172.9,250.0
141.22934890002944,173.3,250.0
141.53608210000675,173.3,250.0
141.85684379999293,173.5,250.0
142.15846930001862,173.5,250.0
142.47672299999977,173.5,250.0
142.78211969998665,174.10000000000002,250.0
143.10295219998807,174.10000000000002,250.0
143.4206259000348,174.10000000000002,250.0
143.72634190000826,174.20000000000002,250.0
144.0431064000004,174.20000000000002,250.0
144.3481904999935,174.20000000000002,250.0
144.66578229999868,174.9,250.0
144.98593520000577,174.9,250.0
145.29213010001695,174.9,250.0
145.60870350000914,175.10000000000002,250.0
145.9144920000108,175.10000000000002,250.0
146.23194490000606,175.60000000000002,250.0
146.53821460000472,175.60000000000002,250.0
146.83930150000378,175.60000000000002,250.0
147.16180880001048,175.8,250.0
147.48138399998425,175.8,250.0
147.79864480003016,175.8,250.0
148.10208809998585,176.10000000000002,250.0
148.40775519999443,176.10000000000002,250.0
148.72416159999557,176.10000000000002,250.0
149.0310579999932,176.60000000000002,250.0
149.36585370003013,176.60000000000002,250.0
149.66906039998867,176.60000000000002,250.0
149.97126419999404,176.8,250.0
150.29161000001477,176.8,250.0
150.59300829999847,176.8,250.0
150.91432470001746,177.4,250.0
151.23468330001924,177.4,250.0
151.53987010003766,177.5,250.0
151.8570529000135,177.5,250.0
152.16310070001055,177.5,250.0
152.4807099000318,178.10000000000002,250.0
152.78303270001197,178.10000000000002,250.0
153.10322410002118,178.10000000000002,250.0
153.42373219999718,178.3,250.0
153.72461100004148,178.3,250.0
154.04489409999223,178.3,250.0
154.35211089998484,178.60000000000002,250.0
154.66823280003155,178.60000000000002,250.0
154.97393350000493,178.60000000000002,250.0
155.2936655000085,179.0,250.0
155.5962249999866,179.0,250.0
155.91513300000224,179.20000000000002,250.0
156.23640970000997,179.20000000000002,250.0
156.53722490003565,179.20000000000002,250.0
156.8448250000365,179.70000000000002,250.0
157.16163430002052,179.70000000000002,250.0
157.48414850002155,179.70000000000002,250.0
157.78387819998898,179.9,250.0
158.10358009999618,179.9,250.0
158.42560780001804,179.9,250.0
158.7299384000362,180.5,250.0
159.0342642000178,180.5,250.0
159.3674879000173,180.5,250.0
159.6868542000302,180.60000000000002,250.0
159.98863380000694,180.60000000000002,250.0
160.3086609999882,181.10000000000002,250.0
160.61215900001116,181.10000000000002,250.0
160.93325910001295,181.10000000000002,250.0
161.2548646000214,181.4,250.0
161.55852230003802,181.4,250.0
161.87614340003347,181.4,250.0
162.17894350003917,181.70000000000002,250.0
162.4978223000071,181.70000000000002,250.0
162.80175470001996,181.70000000000002,250.0
163.12406559998635,182.20000000000002,250.0
163.4253088000114,182.20000000000002,250.0
163.74772380001377,182.20000000000002,250.0
164.048024800024,182.3,250.0
164.36701420001918,182.3,250.0
164.69000589998905,182.3,250.0
164.99104280001484,182.9,250.0
165.31015860004118,182.9,250.0
165.61412330000894,183.10000000000002,250.0
165.93284610001137,183.10000000000002,250.0
166.25355520000448,183.10000000000002,250.0
166.56052330002422,183.60000000000002,250.0
166.862328600022,183.60000000000002,250.0
167.18233999999939,183.60000000000002,250.0
167.48648660001345,183.8,250.0
167.80478850001236,183.8,250.0
168.12363590003224,183.8,250.0
168.42690150003182,184.20000000000002,250.0
168.74947760003852,184.20000000000002,250.0
169.0517678000033,184.20000000000002,250.0
169.3716415000381,184.5,250.0
169.6742315000156,184.5,250.0
169.994078800024,184.70000000000002,250.0
170.31562519998988,184.70000000000002,250.0
170.61680319998413,184.70000000000002,250.0
170.93422250001458,185.20000000000002,250.0
171.2414848000044,185.20000000000002,250.0
171.5579360999982,185.20000000000002,250.0
171.8816772000282,185.3,250.0
172.18129300000146,185.3,250.0
172.48558979999507,185.3,250.0
172.80729409999913,185.9,250.0
173.12593069998547,185.9,250.0
173.42703680001432,185.9,250.0
173.73459270002786,186.0,250.0
174.05237430002308,186.0,250.0
174.35468049999326,186.0,250.0
174.69356029998744,186.5,250.0
174.99540429998888,186.5,250.0
175.2998421000084,186.70000000000002,250.0
175.6203824999975,186.70000000000002,250.0
175.9202207000344,186.70000000000002,250.0
176.2398620999884,187.0,250.0
176.5437845000415,187.0,250.0
176.8650494000176,187.0,250.0
177.16847159998724,187.4,250.0
177.48987470002612,187.4,250.0
177.80541369999992,187.4,250.0
178.11211789998924,187.5,250.0
178.41748430003645,187.5,250.0
178.73405800003093,187.5,250.0
179.0553588999901,188.0,250.0
179.35788610001327,188.0,250.0
179.69288440002128,188.10000000000002,250.0
179.9956552000367,188.10000000000002,250.0
180.29902080004103,188.10000000000002,250.0
180.61798809998436,188.70000000000002,250.0
180.9373476000037,188.70000000000002,250.0
181.2410271000117,188.70000000000002,250.0
181.54646430001594,188.8,250.0
181.86745000001974,188.8,250.0
182.1877618000144,188.8,250.0
182.488786300004,189.10000000000002,250.0
182.79155670001637,189.10000000000002,250.0
183.12781949999044,189.10000000000002,250.0
183.43125990004046,189.4,250.0
183.73440539999865,189.4,250.0
184.05484930000966,189.4,250.0
184.3735716000083,189.60000000000002,250.0
184.68002369999886,189.60000000000002,250.0
184.99605040001916,190.10000000000002,250.0
185.30407040001592,190.10000000000002,250.0
185.62020910001593,190.10000000000002,250.0
185.92559910001,190.20000000000002,250.0
186.24616510001943,190.20000000000002,250.0
186.54732820001664,190.20000000000002,250.0
186.86815500003286,190.70000000000002,250.0
187.1696563999867,190.70000000000002,250.0
187.48930290003773,190.70000000000002,250.0
187.8099715000135,190.8,250.0
188.11524120002287,190.8,250.0
188.43597749999026,190.8,250.0
188.73687650001375,191.3,250.0
189.0575005999999,191.3,250.0
189.35858300002292,191.5,250.0
189.67894320003688,191.5,250.0
189.98524290003115,191.5,250.0
190.32446909998544,191.8,250.0
190.6212128000334,191.8,250.0
190.92658580001444,191.8,250.0
191.24746199999936,192.10000000000002,250.0
191.5482230000198,192.10000000000002,250.0
191.86879750003573,192.10000000000002,250.0
192.1741347000352,192.20000000000002,250.0
192.494799600041,192.20000000000002,250.0
192.79554780002218,192.20000000000002,250.0
193.11667710001348,192.70000000000002,250.0
193.43663830001606,192.70000000000002,250.0
193.7528411000385,192.70000000000002,250.0
194.04239970003255,192.8,250.0
194.36040619999403,192.8,250.0
194.68116390000796,193.3,250.0
194.98715960001573,193.3,250.0
195.30411100003403,193.3,250.0
195.6093075000099,193.4,250.0
195.92605250002816,193.4,250.0
196.24997740000254,193.4,250.0
196.55117370001972,193.70000000000002,250.0
196.8724142999854,193.70000000000002,250.0
197.17321919999085,193.70000000000002,250.0
197.49406270001782,194.0,250.0
197.79575200000545,194.0,250.0
198.1162284000311,194.0,250.0
198.42157240002416,194.10000000000002,250.0
198.74246530001983,194.10000000000002,250.0
199.0621683000354,194.60000000000002,250.0
199.36330130003626,194.60000000000002,250.0
199.68457919999491,194.60000000000002,250.0
199.98587969999062,194.60000000000002,250.0
200.3067483000341,194.60000000000002,250.0
200.612159900018,194.60000000000002,250.0
200.9283121000044,195.20000000000002,250.0
201.23378439998487,195.20000000000002,250.0
201.5542645000387,195.20000000000002,250.0
201.8736365000368,195.20000000000002,250.0
202.19075990002602,195.20000000000002,250.0
202.49665500002448,195.20000000000002,250.0
202.79794469999615,195.70000000000002,250.0
203.1187106000143,195.70000000000002,250.0
203.42430200002855,195.70000000000002,250.0
203.74079850001726,195.8,250.0
204.04628599999705,195.8,250.0
204.38091430003988,196.0,250.0
204.6831278000027,196.0,250.0
204.98893370002043,196.0,250.0
205.30985409999266,196.3,250.0
205.61050810001325,196.3,250.0
205.93124020000687,196.3,250.0
206.23658500000602,196.4,250.0
206.55333399999654,196.4,250.0
206.8587432000204,196.4,250.0
207.19359530002112,196.9,250.0
207.49524830002338,196.9,250.0
207.80129309999757,196.9,250.0
208.11915420001606,196.9,250.0
208.42459380003856,196.9,250.0
208.74520240002312,197.4,250.0
209.04608679999365,197.4,250.0
209.36668030003784,197.4,250.0
209.66859710001154,197.5,250.0
210.00604690000182,197.5,250.0
210.31132939999225,197.5,250.0
210.62750490003964,197.8,250.0
210.93367709999438,197.8,250.0
211.23461049998878,197.8,250.0
211.55519939999795,198.0,250.0
211.86066669999855,198.0,250.0
212.18138830002863,198.0,250.0
212.48227400000906,198.10000000000002,250.0
212.8029864000273,198.10000000000002,250.0
213.10361789999297,198.10000000000002,250.0
213.44251349999104,198.5,250.0
213.74346520000836,198.5,250.0
214.06441470002756,198.5,250.0
214.36994330002926,198.5,250.0
214.67078200000105,198.5,250.0
214.9919646999915,199.0,250.0
215.29278600000544,199.0,250.0
215.6313131999923,199.0,250.0
215.93196489999536,199.0,250.0
216.23693780001486,199.0,250.0
216.55792719998863,199.0,250.0
216.87652739998884,199.4,250.0
217.18211290001636,199.4,250.0
217.48392329999479,199.4,250.0
217.80623149999883,199.60000000000002,250.0
218.12206040002638,199.60000000000002,250.0
218.42655710002873,199.8,250.0
218.7309849000303,199.8,250.0
219.0501712000114,199.8,250.0
219.36888820002787,200.10000000000002,250.0
219.68888450000668,200.10000000000002,250.0
219.99153130000923,200.10000000000002,250.0
220.31013410002925,200.10000000000002,250.0
220.6176465000026,200.10000000000002,250.0
220.92103369999677,200.10000000000002,250.0
221.24097530002473,200.60000000000002,250.0
221.56089990003966,200.60000000000002,250.0
221.89210029999958,200.60000000000002,250.0
222.19761959998868,200.60000000000002,250.0
222.50277469999855,200.60000000000002,250.0
222.82168250001268,200.60000000000002,250.0
223.1252882000408,201.10000000000002,250.0
223.44444970000768,201.10000000000002,250.0
223.762601000024,201.10000000000002,250.0
224.0671702999971,201.10000000000002,250.0
224.38839079998434,201.10000000000002,250.0
224.69162890000734,201.5,250.0
224.99555620003957,201.5,250.0
225.3287793000345,201.5,250.0
225.63501700002234,201.60000000000002,250.0
225.9526779000298,201.60000000000002,250.0
226.25799589999951,201.60000000000002,250.0
226.57629639998777,201.70000000000002,250.0
226.87952120002592,201.70000000000002,250.0
227.18583269999363,201.70000000000002,250.0
227.5042374000186,202.10000000000002,250.0
227.80708450003294,202.10000000000002,250.0
228.14155290002236,202.10000000000002,250.0
228.44747479999205,202.10000000000002,250.0
228.76632029999746,202.10000000000002,250.0
229.07042950001778,202.5,250.0
229.38902030000463,202.5,250.0
229.69448750000447,202.5,250.0
230.01043510000454,202.5,250.0
230.31693050003378,202.5,250.0
230.63492799998494,202.5,250.0
230.93902140000137,202.9,250.0
231.2584908999852,202.9,250.0
231.57549050002126,202.9,250.0
231.89859330002218,203.10000000000002,250.0
232.20276610000292,203.10000000000002,250.0
232.5054754000157,203.3,250.0
232.82260389998555,203.3,250.0
233.1288079000078,203.3,250.0
233.42955000000075,203.60000000000002,250.0
233.75111780001316,203.60000000000002,250.0
234.07269920001272,203.60000000000002,250.0
234.38821380003355,203.60000000000002,250.0
234.69374399998924,203.60000000000002,250.0
234.99800920003327,203.60000000000002,250.0
235.31886719999602,204.10000000000002,250.0
235.6194562999881,204.10000000000002,250.0
235.95827950001694,204.10000000000002,250.0
236.25801530003082,204.10000000000002,250.0
236.57940580003196,204.10000000000002,250.0
236.88138089998392,204.10000000000002,250.0
237.20162400003755,204.5,250.0
237.505971400009,204.5,250.0
237.8279506000108,204.5,250.0
238.12965459999396,204.5,250.0
238.45068850001553,204.5,250.0
238.7684661000385,204.8,250.0
239.0723275000346,204.8,250.0
239.377911699994,204.8,250.0
239.693598199985,205.0,250.0
240.01630850002402,205.0,250.0
240.32170229998883,205.0,250.0
240.63937799999258,205.10000000000002,250.0
240.94242780003697,205.10000000000002,250.0
241.24329710000893,205.10000000000002,250.0
241.5812525000074,205.4,250.0
241.88465610001003,205.4,250.0
242.18841180001618,205.3,250.0
242.50826259999303,205.3,250.0
242.82911550003337,205.3,250.0
243.12934410001617,205.8,250.0
243.44847589998972,205.8,250.0
243.75292030000128,205.8,250.0
244.07604860002175,205.8,250.0
244.37944540003082,205.8,250.0
244.6979488999932,205.8,250.0
245.00205240002833,206.20000000000002,250.0
245.3225812999881,206.20000000000002,250.0
245.6383080999949,206.20000000000002,250.0
245.94263350003166,206.3,250.0
246.24792570003774,206.3,250.0
246.56750649999594,206.3,250.0
246.8704582999926,206.5,250.0
247.20462390000466,206.5,250.0
247.51020870002685,206.70000000000002,250.0
247.84712260001106,206.70000000000002,250.0
248.14780720003182,206.70000000000002,250.0
248.46629399998346,206.70000000000002,250.0
248.77225040004123,206.70000000000002,250.0
249.09001210000133,206.70000000000002,250.0
249.40878280001925,207.10000000000002,250.0
249.71511769999051,207.10000000000002,250.0
250.03531400003703,207.10000000000002,250.0
250.33984199998667,207.10000000000002,250.0
250.6432000999921,207.10000000000002,250.0
250.96179279999342,207.10000000000002,250.0
251.27904270001454,207.60000000000002,250.0
251.58290490001673,207.60000000000002,250.0
251.885947200004,207.60000000000002,250.0
252.22354080004152,207.60000000000002,250.0
252.52706659998512,207.60000000000002,250.0
252.83092249999754,207.9,250.0
253.15090950002195,207.9,250.0
253.469779200037,207.9,250.0
253.77469749999,208.10000000000002,250.0
254.07892920001177,208.10000000000002,250.0
254.39720579999266,208.10000000000002,250.0
254.70132620004006,208.3,250.0
255.0191830000258,208.3,250.0
255.32392130000517,208.3,250.0
255.64172419998795,208.60000000000002,250.0
255.96475819998886,208.60000000000002,250.0
256.26777670002775,208.60000000000002,250.0
256.5841045000125,208.60000000000002,250.0
256.90659160004,208.60000000000002,250.0
257.21038649999537,209.0,250.0
257.5261418999871,209.0,250.0
257.83092820004094,209.0,250.0
258.15139020001516,209.0,250.0
258.45729240000946,209.0,250.0
258.77297859999817,209.0,250.0
259.07786409999244,209.4,250.0
259.39963400003035,209.4,250.0
259.70044600003166,209.4,250.0
260.02309919998515,209.5,250.0
260.33994169998914,209.5,250.0
260.64622610004153,209.5,250.0
260.96531060000416,209.70000000000002,250.0
261.2677367000142,209.70000000000002,250.0
261.5886549000279,209.9,250.0
261.9075990000274,209.9,250.0
262.2103223000304,209.9,250.0
262.52977540000575,209.9,250.0
262.83134370000334,209.9,250.0
263.1544950000243,209.9,250.0
263.4577872999944,210.3,250.0
263.7624036000343,210.3,250.0
264.0787796000368,210.3,250.0
264.39884360000724,210.3,250.0
264.7025229000137,210.3,250.0
265.02462129999185,210.3,250.0
265.34164070000406,210.60000000000002,250.0
265.6621317000245,210.60000000000002,250.0
265.96519080002327,210.70000000000002,250.0
266.28445079998346,210.70000000000002,250.0
266.5900587000069,210.70000000000002,250.0
266.89193610002985,210.9,250.0
267.2289203000255,210.9,250.0
267.5484964000061,210.9,250.0
267.8500846000388,211.10000000000002,250.0
268.1709671000135,211.10000000000002,250.0
268.47505370003637,211.10000000000002,250.0
268.7948491999996,211.20000000000002,250.0
269.09896189998835,211.20000000000002,250.0
269.4181120999856,211.20000000000002,250.0
269.72022850002395,211.5,250.0
270.0411390000372,211.5,250.0
270.357845999999,211.5,250.0
270.66433200001484,211.4,250.0
270.98357650003163,211.4,250.0
271.28576780000003,211.8,250.0
271.60679049999453,211.8,250.0
271.9108548000222,211.8,250.0
272.2148736999952,211.9,250.0
272.54857520002406,211.9,250.0
272.85415900003863,211.9,250.0
273.1565142000327,212.3,250.0
273.47403570002643,212.3,250.0
273.7789292000234,212.3,250.0
274.098021599988,212.3,250.0
274.402127999987,212.3,250.0
274.7219329000218,212.3,250.0
275.0411647000001,212.5,250.0
275.361289100023,212.5,250.0
275.6667734000366,212.8,250.0
275.96853260003263,212.8,250.0
276.2867873000214,212.8,250.0
276.5893905000412,212.8,250.0
276.92862369999057,212.8,250.0
277.23000809998484,212.8,250.0
277.53626680001616,213.20000000000002,250.0
277.85253860004013,213.20000000000002,250.0
278.1578137000324,213.20000000000002,250.0
278.4758560000337,213.20000000000002,250.0
278.7817462999956,213.20000000000002,250.0
279.1162719000131,213.20000000000002,250.0
279.41763149999315,213.60000000000002,250.0
279.7253100000089,213.60000000000002,250.0
280.0413394999923,213.60000000000002,250.0
280.3466439000331,213.60000000000002,250.0
280.6682035000413,213.60000000000002,250.0
280.970589500037,213.8,250.0
281.29083280003397,213.8,250.0
281.60723520000465,213.8,250.0
281.9138710999978,214.0,250.0
282.2309957999969,214.0,250.0
282.5367854000069,214.0,250.0
282.8385801000404,214.0,250.0
283.1604387999978,214.0,250.0
283.479453500011,214.0,250.0
283.79647639999166,214.3,250.0
284.10192799998913,214.3,250.0
284.42337010003394,214.3,250.0
284.7243264000281,214.3,250.0
285.0447993000271,214.3,250.0
285.3499790999922,214.70000000000002,250.0
285.65092970000114,214.70000000000002,250.0
285.98724829999264,214.70000000000002,250.0
286.28966940002283,214.70000000000002,250.0
286.61140150000574,214.70000000000002,250.0
286.91266030003317,214.70000000000002,250.0
287.2188881000038,215.0,250.0
287.53590150002856,215.0,250.0
287.8419156000018,215.0,250.0
288.1582449999987,215.0,250.0
288.4819241000223,215.0,250.0
288.7980835000053,215.0,250.0
289.103693299985,215.20000000000002,250.0
289.4240551000112,215.20000000000002,250.0
289.7256894999882,215.20000000000002,250.0
290.03062820003834,215.4,250.0
290.35118130000774,215.4,250.0
290.6520035000285,215.4,250.0
290.97255940001924,215.4,250.0
291.27768900000956,215.4,250.0
291.5983690000139,215.8,250.0
291.9177030000137,215.8,250.0
292.2342415000312,215.8,250.0
292.53949649998685,215.70000000000002,250.0
292.8563031000085,215.70000000000002,250.0
293.16141589998733,215.70000000000002,250.0
293.4820791000384,216.10000000000002,250.0
293.7830045000301,216.10000000000002,250.0
294.08825249999063,216.10000000000002,250.0
294.4092178000137,216.10000000000002,250.0
294.7288089999929,216.10000000000002,250.0
295.0494350999943,216.4,250.0
295.3500606000307,216.4,250.0
295.6705643000314,216.4,250.0
295.975883600011,216.5,250.0
296.2921880999929,216.5,250.0
296.5973385000252,216.5,250.0
296.9184927000315,216.5,250.0
297.21900760004064,216.5,250.0
297.5397093000356,216.5,250.0
297.8589619999984,216.8,250.0
298.17988680000417,216.8,250.0
298.48088749998715,216.8,250.0
298.78667770000175,216.8,250.0
299.10781190003036,216.8,250.0
299.4083780000219,216.8,250.0
299.7290483000106,217.10000000000002,250.0
300.03447230003076,217.10000000000002,250.0
300.35033139999723,217.10000000000002,250.0
300.65607910003746,217.10000000000002,250.0
300.97750829998404,217.10000000000002,250.0
301.2956562000327,217.4,250.0
301.61640910001006,217.4,250.0
301.9171567999874,217.4,250.0
302.2225499000051,217.4,250.0
302.5430294999969,217.4,250.0
302.84384119999595,217.4,250.0
303.16501240001526,217.5,250.0
303.47032140003284,217.5,250.0
303.78658870002255,217.5,250.0
304.0932596999919,217.70000000000002,250.0
304.42805950000184,217.70000000000002,250.0
304.733271300036,217.70000000000002,250.0
305.0492010000162,217.70000000000002,250.0
305.3551773999934,217.70000000000002,250.0
305.6579014000017,218.0,250.0
305.97858870000346,218.0,250.0
306.2792508000275,218.0,250.0
306.5997137000086,218.0,250.0
306.9193097000243,218.0,250.0
307.24080650001997,218.0,250.0
307.5428634000127,218.4,250.0
307.8448054000037,218.4,250.0
308.166089300008,218.4,250.0
308.47205640003085,218.3,250.0
308.78848019998986,218.3,250.0
309.09390770003665,218.3,250.0
309.4146965999971,218.60000000000002,250.0
309.73495000001276,218.60000000000002,250.0
310.03594500001054,218.70000000000002,250.0
310.3571859000367,218.70000000000002,250.0
310.6595573000377,218.70000000000002,250.0
310.98037110001314,218.70000000000002,250.0
311.28093890001765,218.70000000000002,250.0
311.6021786000347,218.70000000000002,250.0
311.9080339000211,219.0,250.0
312.2275013999897,219.0,250.0
312.54371120000724,219.0,250.0
312.84958540002117,219.0,250.0
313.1672298000194,219.0,250.0
313.47382170002675,219.0,250.0
313.77574910002295,219.3,250.0
314.1111656000139,219.3,250.0
314.4129425000283,219.3,250.0
314.7346477000392,219.3,250.0
315.03586609999184,219.3,250.0
315.35685069998726,219.60000000000002,250.0
315.66263239999535,219.60000000000002,250.0
315.9646520999959,219.60000000000002,250.0
316.2858757000067,219.70000000000002,250.0
316.6047674000147,219.70000000000002,250.0
316.9218130999943,219.70000000000002,250.0
317.2290647000191,219.8,250.0
317.5450114000123,219.8,250.0
317.85060230002273,219.8,250.0
318.15395190002164,220.0,250.0
318.47476990002906,220.0,250.0
318.79473240004154,220.0,250.0
319.11087090004,220.0,250.0
319.4184306000243,220.0,250.0
319.7198253000388,220.3,250.0
320.0406578000402,220.3,250.0
320.3415149000357,220.3,250.0
320.66343830002006,220.20000000000002,250.0
320.98321159998886,220.20000000000002,250.0
321.3002014000085,220.20000000000002,250.0
321.6066012000083,220.60000000000002,250.0
321.9073131000041,220.60000000000002,250.0
322.22822340001585,220.60000000000002,250.0
322.53357040003175,220.60000000000002,250.0
322.8501426000148,220.60000000000002,250.0
323.1563053000136,220.60000000000002,250.0
323.49168390000705,220.9,250.0
323.79390930000227,220.9,250.0
324.09881210001186,220.9,250.0
324.4153915999923,220.9,250.0
324.72143700002925,220.9,250.0
325.0430415000301,221.0,250.0
325.3452199000167,221.0,250.0
325.67983119998826,221.0,250.0
325.985743199999,221.3,250.0
326.28759459999856,221.3,250.0
326.60893240000587,221.3,250.0
326.9108087000204,221.20000000000002,250.0
327.2277045000228,221.20000000000002,250.0
327.53304489998845,221.20000000000002,250.0
327.838343200041,221.60000000000002,250.0
328.17413270002,221.60000000000002,250.0
328.4756422000355,221.60000000000002,250.0
328.7960848000366,221.5,250.0
329.0975929000415,221.5,250.0
329.4195301000145,221.8,250.0
329.7236961000017,221.8,250.0
330.04425159998937,221.8,250.0
330.34538680000696,221.8,250.0
330.66609110002173,221.8,250.0
330.9835355000105,221.8,250.0
331.28955960000167,222.0,250.0
331.6104231000063,222.0,250.0
331.91155710001476,222.0,250.0
332.23217750003096,222.20000000000002,250.0
332.5372558000381,222.20000000000002,250.0
332.8531124999863,222.20000000000002,250.0
333.15895300003467,222.20000000000002,250.0
333.4779317000066,222.20000000000002,250.0
333.79906210000627,222.5,250.0
334.1001397999935,222.5,250.0
334.42110800003866,222.5,250.0
334.72649249999085,222.4,250.0
335.0432399000274,222.4,250.0
335.3491636000108,222.4,250.0
335.66521270002704,222.70000000000002,250.0
335.9711491999915,222.70000000000002,250.0
336.29025540000293,222.70000000000002,250.0
336.6110836000298,222.70000000000002,250.0
336.911788300029,222.70000000000002,250.0
337.2329112000298,222.70000000000002,250.0
337.53871960000833,222.9,250.0
337.8565668000374,222.9,250.0
338.1579383999924,222.9,250.0
338.4639881000039,223.0,250.0
338.78509329998633,223.0,250.0
339.10496229998535,223.10000000000002,250.0
339.42099439998856,223.10000000000002,250.0
339.72692610003287,223.10000000000002,250.0
340.04483199998504,223.3,250.0
340.34691640001256,223.3,250.0
340.65286730002845,223.3,250.0
340.9876537999953,223.3,250.0
341.293446900032,223.3,250.0
341.60976040002424,223.3,250.0
341.9164518000325,223.60000000000002,250.0
342.2330948000308,223.60000000000002,250.0
342.53833589999704,223.60000000000002,250.0
342.84395429998403,223.60000000000002,250.0
343.16019470000174,223.60000000000002,250.0
343.465615299996,223.9,250.0
343.8005999000161,223.9,250.0
344.10571600002004,223.9,250.0
344.4223021999933,223.8,250.0
344.7277458999888,223.8,250.0
345.0486169999931,223.8,250.0
345.3523762000259,224.0,250.0
345.65298469999107,224.0,250.0
345.9741386999958,224.0,250.0
346.2937146000331,224.10000000000002,250.0
346.6145172000397,224.10000000000002,250.0
346.9158327000332,224.10000000000002,250.0
347.2368264000397,224.10000000000002,250.0
347.53802390000783,224.10000000000002,250.0
347.84354450000683,224.10000000000002,250.0
348.16425100003835,224.3,250.0
348.4650085000321,224.3,250.0
348.7857536000083,224.3,250.0
349.0918973000371,224.3,250.0
349.4263371999841,224.3,250.0
349.7272745000082,224.60000000000002,250.0
350.04803450003965,224.60000000000002,250.0
350.3539161999943,224.60000000000002,250.0
350.670188100019,224.5,250.0
350.97618749999674,224.5,250.0
351.2772468000185,224.5,250.0
351.597909300006,224.8,250.0
351.90399690001504,224.8,250.0
352.2386210000259,224.8,250.0
352.53955059999134,224.8,250.0
352.8609856000403,224.8,250.0
353.16657980001764,224.9,250.0
353.4828075999976,224.9,250.0
353.78870219999226,224.9,250.0
354.09010110003874,225.0,250.0
354.41100530000404,225.0,250.0
354.7301273000194,225.0,250.0
355.0510399999912,225.0,250.0
355.3522280000034,225.0,250.0
355.6737460999866,225.0,250.0
355.9750401999918,225.20000000000002,250.0
356.2803895000252,225.20000000000002,250.0
356.6008094000281,225.20000000000002,250.0
356.9019922000007,225.10000000000002,250.0
357.2223253000411,225.10000000000002,250.0
357.5276578000048,225.10000000000002,250.0
357.8442874000175,225.4,250.0
358.164274699986,225.4,250.0
358.4859193000011,225.3,250.0
358.791228600021,225.3,250.0
359.092693899991,225.3,250.0
359.4138217000291,225.5,250.0
359.71570619998965,225.5,250.0
360.05145999998786,225.5,250.0
360.35681950004073,225.60000000000002,250.0
360.67433690000325,225.60000000000002,250.0
360.9760904000141,225.60000000000002,250.0
361.28198700002395,225.5,250.0
361.6028925999999,225.5,250.0
361.9046333000297,225.5,250.0
362.24179130000994,225.8,250.0
362.54325839999365,225.8,250.0
362.84940360003384,225.70000000000002,250.0
363.16787060000934,225.70000000000002,250.0
363.4696242000209,225.70000000000002,250.0
363.7726498999982,226.0,250.0
364.1117521999986,226.0,250.0
364.4143318000133,226.0,250.0
364.7312881000107,226.0,250.0
365.03781190002337,226.0,250.0
365.33900690003065,226.0,250.0
365.6583847000147,226.20000000000002,250.0
365.97989940003026,226.20000000000002,250.0
366.2981497999863,226.20000000000002,250.0
366.6023431000067,226.3,250.0
366.90604159998475,226.3,250.0
367.2284498999943,226.3,250.0
367.5317464999971,226.4,250.0
367.8507175000268,226.4,250.0
368.17090000002645,226.5,250.0
368.47206910001114,226.5,250.0
368.79326950001996,226.5,250.0
369.1110401999904,226.5,250.0
369.41424170002574,226.5,250.0
369.7177588000195,226.5,250.0
370.0539726000279,226.70000000000002,250.0
370.35727760003647,226.70000000000002,250.0
370.6623288000119,226.70000000000002,250.0
370.96469870000146,226.60000000000002,250.0
371.28311250003753,226.60000000000002,250.0
371.606103099999,226.60000000000002,250.0
371.9077710999991,226.9,250.0
372.22876850003377,226.9,250.0
372.56416870001704,226.9,250.0
372.8647484999965,226.9,250.0
373.1878660999937,226.9,250.0
373.4908199000056,227.10000000000002,250.0
373.79543820000254,227.10000000000002,250.0
374.11400270002196,227.10000000000002,250.0
374.4321138000232,227.20000000000002,250.0
374.73859419999644,227.20000000000002,250.0
375.0576972999843,227.20000000000002,250.0
375.37397429998964,227.20000000000002,250.0
375.6928836000152,227.20000000000002,250.0
376.0135588000412,227.20000000000002,250.0
376.3173483000137,227.5,250.0
376.62046960002044,227.5,250.0
376.9421377000399,227.4,250.0
377.2623218999943,227.4,250.0
377.58135170000605,227.4,250.0
377.8848018000135,227.70000000000002,250.0
378.2025225000107,227.70000000000002,250.0
378.50701549998485,227.70000000000002,250.0
378.8252301000175,227.60000000000002,250.0
379.13217799999984,227.60000000000002,250.0
379.43649890000233,227.60000000000002,250.0
379.75523670000257,227.8,250.0
380.07580440002494,227.8,250.0
380.39134989999,227.8,250.0
380.6951842000126,227.8,250.0
381.0005097000394,227.8,250.0
381.3196492000134,227.8,250.0
381.62398329999996,227.9,250.0
381.9453472000314,227.9,250.0
382.26191420003306,228.0,250.0
382.56779450003523,228.0,250.0
382.88424909999594,228.0,250.0
383.20569690002594,228.0,250.0
383.5092952999985,228.0,250.0
383.82832510001026,228.0,250.0
384.13019639998674,228.20000000000002,250.0
384.43531159998383,228.20000000000002,250.0
384.7557117000106,228.20000000000002,250.0
385.0771987999906,228.10000000000002,250.0
385.39502629998606,228.10000000000002,250.0
385.6979618000332,228.10000000000002,250.0
386.0039314000169,228.4,250.0
386.31933329999447,228.4,250.0
386.6248808000237,228.4,250.0
386.94467050000094,228.4,250.0
387.2650646000402,228.4,250.0
387.5691044999985,228.5,250.0
387.8888355999952,228.5,250.0
388.18972309998935,228.5,250.0
388.5085119000287,228.60000000000002,250.0
388.8327516000136,228.60000000000002,250.0
389.13251249998575,228.60000000000002,250.0
389.4354540000204,228.60000000000002,250.0
389.7552263000398,228.60000000000002,250.0
390.0785089000128,228.60000000000002,250.0
390.3781603000243,228.8,250.0
390.6858552999911,228.8,250.0
391.00387300003786,228.8,250.0
391.3223994,228.70000000000002,250.0
391.62641979998443,228.70000000000002,250.0
391.94736799999373,229.0,250.0
392.26543080003466,229.0,250.0
392.5700669999933,229.0,250.0
392.8872629000107,228.9,250.0
393.19191300001694,228.9,250.0
393.4981497999979,228.9,250.0
393.8148963000276,229.10000000000002,250.0
394.13727589999326,229.10000000000002,250.0
394.4536006000126,229.10000000000002,250.0
394.7597424000269,229.10000000000002,250.0
395.06271820003167,229.10000000000002,250.0
395.38352590001887,229.10000000000002,250.0
395.70018240000354,229.20000000000002,250.0
396.0051344000385,229.20000000000002,250.0
396.32611560000805,229.4,250.0
396.6268367000157,229.4,250.0
396.94714470003964,229.4,250.0
397.252859500004,229.3,250.0
397.56927050004015,229.3,250.0
397.87429280002834,229.3,250.0
398.1949756999966,229.60000000000002,250.0
398.4957890000078,229.60000000000002,250.0
398.8346646000282,229.60000000000002,250.0
399.13567719998537,229.5,250.0
399.45698479999555,229.5,250.0
399.7579946999904,229.5,250.0
400.06411089998437,229.8,250.0
400.38489430001937,229.8,250.0
400.68622460000915,229.8,250.0
401.0068053000141,229.70000000000002,250.0
401.3259398000082,229.70000000000002,250.0
401.64651370001957,229.8,250.0
401.94735349999974,229.8,250.0
402.2678648000001,229.8,250.0
402.573240800004,229.9,250.0
402.87391820002813,229.9,250.0
403.1943040000042,229.9,250.0
403.5002061999985,229.9,250.0
403.82063630002085,229.9,250.0
404.1213766000001,229.9,250.0
404.44234220002545,230.10000000000002,250.0
404.7620389999938,230.10000000000002,250.0
405.08266840002034,230.10000000000002,250.0
405.3840659999987,230.0,250.0
405.705732900009,230.0,250.0
406.0070473999949,230.3,250.0
406.3123644000152,230.3,250.0
406.6329237000318,230.3,250.0
406.9335048000212,230.3,250.0
407.2538938000216,230.3,250.0
407.5590894999914,230.3,250.0
407.8932736000279,230.5,250.0
408.19905460003065,230.5,250.0
408.51544330001343,230.5,250.0
408.821039500006,230.5,250.0
409.1417472999892,230.5,250.0
409.44258880004054,230.5,250.0
409.7635760999983,230.60000000000002,250.0
410.0648048000294,230.60000000000002,250.0
410.37049780000234,230.60000000000002,250.0
410.6914146000054,230.70000000000002,250.0
411.0101490000379,230.70000000000002,250.0
411.3307576000225,230.70000000000002,250.0
411.63119970000116,230.70000000000002,250.0
411.95270259998506,230.70000000000002,250.0
412.2534091999987,230.9,250.0
412.5744979000301,230.9,250.0
412.8803825000068,230.9,250.0
413.1966457000235,230.8,250.0
413.50199280004017,230.8,250.0
413.82103530003224,230.8,250.0
414.14192339999136,231.10000000000002,250.0
414.4442362000118,231.10000000000002,250.0
414.76539050001884,231.10000000000002,250.0
415.06754369998816,231.0,250.0
415.3883021000074,231.0,250.0
415.6937376999995,231.10000000000002,250.0
415.99505460000364,231.10000000000002,250.0
416.32917630003067,231.10000000000002,250.0
416.6356275000144,231.20000000000002,250.0
416.95276760001434,231.20000000000002,250.0
417.25830109999515,231.20000000000002,250.0
417.57517200004077,231.10000000000002,250.0
417.88074669998605,231.10000000000002,250.0
418.20151009998517,231.10000000000002,250.0
418.5034299000399,231.3,250.0
418.8249393000151,231.3,250.0
419.1434980999911,231.3,250.0
419.4468530000304,231.20000000000002,250.0
419.748531499994,231.20000000000002,250.0
420.06951810000464,231.20000000000002,250.0
420.3750054000411,231.5,250.0
420.70965199999046,231.5,250.0
421.0129166000406,231.4,250.0
421.3148960000253,231.4,250.0
421.6368737000157,231.4,250.0
421.9390199999907,231.60000000000002,250.0
422.24166679999325,231.60000000000002,250.0
422.5763240000233,231.60000000000002,250.0
422.88246699998854,231.60000000000002,250.0
423.20352249999996,231.60000000000002,250.0
423.505750500015,231.60000000000002,250.0
423.8072300000349,231.70000000000002,250.0
424.12776770000346,231.70000000000002,250.0
424.4486177000217,231.70000000000002,250.0
424.76943119999487,231.8,250.0
425.070858400024,231.8,250.0
425.39236150000943,231.70000000000002,250.0
425.69422569999006,231.70000000000002,250.0
425.99631740001496,231.70000000000002,250.0
426.3171966000227,231.9,250.0
426.6224300999893,231.9,250.0
426.95731600001454,231.9,250.0
427.2586562000215,231.8,250.0
427.5794976000325,231.8,250.0
427.88555150001775,231.8,250.0
428.18760489998385,232.10000000000002,250.0
428.5044564999989,232.10000000000002,250.0
428.81074490002356,232.10000000000002,250.0
429.12852660001954,232.0,250.0
429.44844270002795,232.0,250.0
429.7540583999944,232.0,250.0
430.074398900033,232.10000000000002,250.0
430.3758422000101,232.10000000000002,250.0
430.6965116999927,232.10000000000002,250.0
430.9979706000304,232.10000000000002,250.0
431.31854420003947,232.10000000000002,250.0
431.6244260999956,232.10000000000002,250.0
431.9600817000028,232.10000000000002,250.0
432.2622644000221,232.10000000000002,250.0
432.5646474999958,232.20000000000002,250.0
432.88636860001134,232.20000000000002,250.0
433.18805900000734,232.20000000000002,250.0
433.50892019999446,232.10000000000002,250.0
433.8282588000293,232.10000000000002,250.0
434.13119200000074,232.10000000000002,250.0
434.4522021000157,232.4,250.0
434.75341820000904,232.4,250.0
435.07474429998547,232.3,250.0
435.37579810002353,232.3,250.0
435.6971189000178,232.3,250.0
436.0176676000119,232.5,250.0
436.3196789000067,232.5,250.0
436.64099430001806,232.5,250.0
436.94180090003647,232.5,250.0
437.2623917000019,232.5,250.0
437.5652647000388,232.5,250.0
437.8718414999894,232.5,250.0
438.1881357000093,232.5,250.0
438.5083375000395,232.5,250.0
438.8290751000168,232.60000000000002,250.0
439.13520280004013,232.60000000000002,250.0
439.4515480999835,232.60000000000002,250.0
439.75426840002183,232.60000000000002,250.0
440.05953880003653,232.60000000000002,250.0
440.38024140003836,232.8,250.0
440.70107030001236,232.8,250.0
441.01757830003044,232.8,250.0
441.3230768000358,232.70000000000002,250.0
441.62409150000894,232.70000000000002,250.0
441.9449259000248,232.70000000000002,250.0
442.2504576999927,233.0,250.0
442.56659760000184,233.0,250.0
442.8737596999854,233.0,250.0
443.19385450001573,232.9,250.0
443.50936319999164,232.9,250.0
443.8161126000341,232.9,250.0
444.13255109998863,233.0,250.0
444.43886769999517,233.0,250.0
444.7556789999944,233.10000000000002,250.0
445.06135350000113,233.10000000000002,250.0
445.3979193000123,233.10000000000002,250.0
445.7021183000179,233.10000000000002,250.0
446.0183069999912,233.10000000000002,250.0
446.3242045000079,233.10000000000002,250.0
446.626062299998,233.20000000000002,250.0
446.9482774999924,233.20000000000002,250.0
447.24951039999723,233.20000000000002,250.0
447.57092840003315,233.10000000000002,250.0
447.8899454000057,233.10000000000002,250.0
448.1921308999881,233.10000000000002,250.0
448.5133906999836,233.4,250.0
448.81889510003384,233.4,250.0
449.1356590000214,233.4,250.0
449.4382240999839,233.3,250.0
449.7593108000001,233.3,250.0
450.06537610001396,233.5,250.0
450.3846843999927,233.5,250.0
450.700940300012,233.5,250.0
451.00680620002095,233.5,250.0
451.3277824000106,233.5,250.0
451.6295666000224,233.5,250.0
451.9466225000215,233.60000000000002,250.0
452.25278640002944,233.60000000000002,250.0
452.55417870002566,233.60000000000002,250.0
452.8936400000239,233.70000000000002,250.0
453.1952851000242,233.70000000000002,250.0
453.51613380003255,233.70000000000002,250.0
453.81815100001404,233.70000000000002,250.0
454.13905490003526,233.70000000000002,250.0
454.4404469000292,234.0,250.0
454.76037040003575,234.0,250.0
455.06286860001273,234.0,250.0
455.38414089998696,233.9,250.0
455.7034843000001,233.9,250.0
456.0051059999969,233.9,250.0
456.3126337000285,234.20000000000002,250.0
456.6302791000344,234.20000000000002,250.0
456.9510389000061,234.20000000000002,250.0
457.272085900011,234.10000000000002,250.0
457.5739306000178,234.10000000000002,250.0
457.87653439998394,234.10000000000002,250.0
458.1984340000199,234.20000000000002,250.0
458.5019549999852,234.20000000000002,250.0
458.8217248999863,234.20000000000002,250.0
459.1385597999906,234.20000000000002,250.0
459.4412792000221,234.20000000000002,250.0
459.76321480004117,234.20000000000002,250.0
460.0656344000017,234.20000000000002,250.0
460.38474559999304,234.20000000000002,250.0
460.7030182000017,234.4,250.0
461.00770650000777,234.4,250.0
461.3303048000089,234.4,250.0
461.6339278999949,234.4,250.0
461.9357886000071,234.4,250.0
462.2711547000217,234.4,250.0
462.57304920000024,234.60000000000002,250.0
462.88042689999565,234.60000000000002,250.0
463.20027400000254,234.60000000000002,250.0
463.50111389998347,234.5,250.0
463.8222928000032,234.5,250.0
464.12421259999974,234.8,250.0
464.4599531000131,234.8,250.0
464.76176050002687,234.8,250.0
465.0675183000276,234.8,250.0
465.38485890004085,234.8,250.0
465.69215300004,234.8,250.0
466.0106996000395,234.8,250.0
466.3152924000169,234.8,250.0
466.6347046000301,234.8,250.0
466.95245219999924,234.9,250.0
467.2546538999886,234.9,250.0
467.57531490002293,234.9,250.0
467.8809582000249,234.9,250.0
468.18309460004093,234.9,250.0
468.5039862000267,234.9,250.0
468.8235093000112,235.10000000000002,250.0
469.144517800014,235.10000000000002,250.0
469.447066200024,235.0,250.0
469.7638680000091,235.0,250.0
470.07056830002693,235.0,250.0
470.373459000024,235.3,250.0
470.7077629000414,235.3,250.0
471.00962550000986,235.3,250.0
471.33008730004076,235.20000000000002,250.0
471.6365331999841,235.20000000000002,250.0
471.93985450000037,235.20000000000002,250.0
472.2580034999992,235.4,250.0
472.55956100003095,235.4,250.0
472.88000549998833,235.4,250.0
473.2011141999974,235.4,250.0
473.50273930002004,235.4,250.0
473.8256310999859,235.4,250.0
474.12756260001333,235.4,250.0
474.4478155000252,235.4,250.0
474.7654452000279,235.5,250.0
475.0720999999903,235.5,250.0
475.3759152999846,235.5,250.0
475.6918596000178,235.4,250.0
475.9978956000414,235.4,250.0
476.33258610003395,235.4,250.0
476.63828180002747,235.60000000000002,250.0
476.9549933000235,235.60000000000002,250.0
477.26083660003496,235.60000000000002,250.0
477.5622431000229,235.5,250.0
477.8837695000111,235.5,250.0
478.184884199989,235.5,250.0
478.50588230002904,235.70000000000002,250.0
478.82584260002477,235.70000000000002,250.0
479.1435248000198,235.60000000000002,250.0
479.449186199985,235.60000000000002,250.0
479.7517290000105,235.60000000000002,250.0
480.0740880999947,235.70000000000002,250.0
480.3755164000322,235.70000000000002,250.0
480.69568699999945,235.70000000000002,250.0
481.01391129998956,235.8,250.0
481.31930490001105,235.8,250.0
481.6371791000129,235.8,250.0
481.9437370999949,235.70000000000002,250.0
482.2459287000238,235.70000000000002,250.0
482.58155900001293,235.70000000000002,250.0
482.88324580003973,236.0,250.0
483.2048886999837,236.0,250.0
483.5061642000219,235.8,250.0
483.81185820000246,235.8,250.0
484.1299771000049,235.8,250.0
484.43591800000286,236.10000000000002,250.0
484.76764810003806,236.10000000000002,250.0
485.07405410002684,236.10000000000002,250.0
485.375503999996,236.0,250.0
485.6955270000035,236.0,250.0
485.9992101000389,236.0,250.0
486.32130509999115,236.10000000000002,250.0
486.62286410003435,236.10000000000002,250.0
486.9424052000395,236.10000000000002,250.0
487.2474683999899,236.10000000000002,250.0
487.564422800031,236.10000000000002,250.0
487.8704695000197,236.10000000000002,250.0
488.2070168000064,236.10000000000002,250.0
488.5250307000242,236.10000000000002,250.0
488.8464071000344,236.3,250.0
489.14750850002747,236.3,250.0
489.4660739999963,236.3,250.0
489.77180769998813,236.20000000000002,250.0
490.0929808000219,236.20000000000002,250.0
490.3941840000334,236.20000000000002,250.0
490.71523969998816,236.5,250.0
491.01855000003707,236.5,250.0
491.322590900003,236.5,250.0
491.656393799989,236.4,250.0
491.9624216000084,236.4,250.0
492.2780458999914,236.4,250.0
492.58327090000967,236.60000000000002,250.0
492.90278040000703,236.60000000000002,250.0
493.2072846000083,236.5,250.0
493.5285383000155,236.5,250.0
493.82832540001255,236.5,250.0
494.1523944000364,236.60000000000002,250.0
494.4687660000054,236.60000000000002,250.0
494.7708905999898,236.60000000000002,250.0
495.09194650000427,236.70000000000002,250.0
495.3953827000223,236.70000000000002,250.0
495.7157453999971,236.70000000000002,250.0
496.0193297000369,236.70000000000002,250.0
496.32490350003354,236.70000000000002,250.0
496.658614200016,236.70000000000002,250.0
496.9612408000394,236.9,250.0
497.283447600028,236.9,250.0
497.58654250000836,236.8,250.0
497.9030167000019,236.8,250.0
498.2243832999957,236.8,250.0
498.53056630003266,237.0,250.0
498.8321453999961,237.0,250.0
499.1530846999958,237.0,250.0
499.4698555000359,237.0,250.0
499.77645390003454,237.0,250.0
500.09401559998514,237.0,250.0
500.39892350003356,237.20000000000002,250.0
500.7193399000098,237.20000000000002,250.0
501.02129410003545,237.20000000000002,250.0
501.32418860000325,237.20000000000002,250.0
501.6599942999892,237.20000000000002,250.0
501.9789841999882,237.20000000000002,250.0
502.2986186000053,237.20000000000002,250.0
502.60366140003316,237.20000000000002,250.0
502.9080824999837,237.4,250.0
503.22794110001996,237.4,250.0
503.5286417999887,237.4,250.0
503.8484459000174,237.20000000000002,250.0
504.1693144000019,237.20000000000002,250.0
504.47295960003976,237.20000000000002,250.0
504.79399600002216,237.5,250.0
505.09598630003165,237.5,250.0
505.4153093000059,237.5,250.0
505.72089370002504,237.3,250.0
506.05603020003764,237.3,250.0
506.37438410002505,237.3,250.0
506.694046300021,237.60000000000002,250.0
507.01286479999544,237.60000000000002,250.0
507.31692770001246,237.5,250.0
507.63603470003,237.5,250.0
507.9417340999935,237.5,250.0
508.2593462000368,237.5,250.0
508.5641496999888,237.5,250.0
508.88330909999786,237.5,250.0
509.20275520003634,237.60000000000002,250.0
509.52177350001875,237.60000000000002,250.0
509.8246918999939,237.60000000000002,250.0
510.13131050002994,237.5,250.0
510.4480364000192,237.5,250.0
510.7687905000057,237.5,250.0
511.0706011999864,237.70000000000002,250.0
511.39127820002614,237.70000000000002,250.0
511.6929221000173,237.60000000000002,250.0
512.0131544999895,237.60000000000002,250.0
512.3193279000116,237.60000000000002,250.0
512.6209118000115,237.9,250.0
512.9397199000232,237.9,250.0
513.2592099999893,237.9,250.0
513.5625178000191,237.8,250.0
513.8824519999907,237.8,250.0
514.1894777000416,237.8,250.0
514.4896829000209,238.0,250.0
514.8256606000359,238.0,250.0
515.1290861000307,238.0,250.0
515.4347510000225,238.0,250.0
515.7700306000188,238.0,250.0
516.0712228000048,238.0,250.0
516.3922251000185,238.0,250.0
516.6978508000029,238.0,250.0
517.0138096000301,238.20000000000002,250.0
517.3190118999919,238.20000000000002,250.0
517.6246809000149,238.20000000000002,250.0
517.9409693999914,238.10000000000002,250.0
518.2464078000048,238.10000000000002,250.0
518.5676663999911,238.10000000000002,250.0
518.8872658000328,238.4,250.0
519.204237100028,238.4,250.0
519.5093878000043,238.4,250.0
519.830280299997,238.20000000000002,250.0
520.1314342000405,238.20000000000002,250.0
520.4368498999975,238.20000000000002,250.0
520.7570977000287,238.5,250.0
521.0579604000086,238.5,250.0
521.3790482000331,238.4,250.0
521.6978594000102,238.4,250.0
522.0185211999924,238.4,250.0
522.3195152000408,238.5,250.0
522.6398662999854,238.5,250.0
522.9462856000173,238.5,250.0
523.263798800006,238.60000000000002,250.0
523.5689704000251,238.60000000000002,250.0
523.869787100004,238.60000000000002,250.0
524.1903263999848,238.5,250.0
524.491974900011,238.5,250.0
524.831946499995,238.5,250.0
525.132797600003,238.8,250.0
525.4535626000143,238.8,250.0
525.7586861000163,238.8,250.0
526.0746436000336,238.70000000000002,250.0
526.3799843000015,238.70000000000002,250.0
526.7006890000193,239.0,250.0
527.0012000999996,239.0,250.0
527.3069907000172,239.0,250.0
527.6278714000364,238.9,250.0
527.9471567000146,238.9,250.0
528.2635256000212,238.9,250.0
528.5697772999993,239.20000000000002,250.0
528.890429400024,239.20000000000002,250.0
529.1919175999938,239.20000000000002,250.0
529.5126680000103,239.20000000000002,250.0
529.8141130000004,239.20000000000002,250.0
530.1346265000175,239.20000000000002,250.0
530.4398164000013,239.20000000000002,250.0
530.760297700006,239.20000000000002,250.0
531.0768579000141,239.4,250.0
531.382190400036,239.4,250.0
531.7026284000021,239.4,250.0
532.004332499986,239.20000000000002,250.0
532.3074414000148,239.20000000000002,250.0
532.6289252000279,239.20000000000002,250.0
532.929296199989,239.5,250.0
533.2647898999858,239.5,250.0
533.570975300041,239.5,250.0
533.8922190000303,239.3,250.0
534.194393599988,239.3,250.0
534.4956255999859,239.3,250.0
534.816440900031,239.60000000000002,250.0
535.1222908000345,239.60000000000002,250.0
535.4387022000155,239.5,250.0
535.7586294999928,239.5,250.0
536.080207800027,239.5,250.0
536.3813362999936,239.5,250.0
536.6872165999957,239.5,250.0
537.0078696000273,239.5,250.0
537.308405800024,239.60000000000002,250.0
537.6290146000101,239.60000000000002,250.0
537.9350175000145,239.60000000000002,250.0
538.2695836999919,239.5,250.0
538.5705332999933,239.5,250.0
538.8917789999978,239.5,250.0
539.1929848000291,239.70000000000002,250.0
539.5001896999893,239.70000000000002,250.0
539.817396700033,239.70000000000002,250.0
540.1229400000302,239.5,250.0
540.4571043000324,239.5,250.0
540.7598184000235,239.8,250.0
541.081224100024,239.8,250.0
541.3823176000151,239.8,250.0
541.6884037000127,239.70000000000002,250.0
542.0093259999994,239.70000000000002,250.0
542.3096975000226,239.70000000000002,250.0
542.6316162000294,239.8,250.0
542.9503200000036,239.8,250.0
543.2675587999984,239.8,250.0
543.5744663000223,239.8,250.0
543.8758111000061,239.8,250.0
544.1969495000085,239.8,250.0
544.4992697000271,239.9,250.0
544.8195016999962,239.9,250.0
545.1251690000063,239.9,250.0
545.4595251000137,240.0,250.0
545.7647793000215,240.0,250.0
546.0804752000258,239.9,250.0
546.3857199000195,239.9,250.0
546.6873634000076,239.9,250.0
547.0080978000187,240.20000000000002,250.0
547.3133109000046,240.20000000000002,250.0
547.6336176000186,240.20000000000002,250.0
547.9346026999992,240.0,250.0
548.2552393000224,240.0,250.0
548.5608976000221,240.0,250.0
548.8950027000392,240.3,250.0
549.1963318000198,240.3,250.0
549.5172231000033,240.3,250.0
549.8230074000312,240.20000000000002,250.0
550.1385737000383,240.20000000000002,250.0
550.4448333000182,240.3,250.0
550.7497278000228,240.3,250.0
551.0658227000386,240.3,250.0
551.37189270003,240.4,250.0
551.688479000004,240.4,250.0
552.0083401000011,240.4,250.0
552.3290231000283,240.3,250.0
552.634828899987,240.3,250.0
552.951043899986,240.3,250.0
553.2570382000413,240.5,250.0
553.5622246999992,240.5,250.0
553.8782902000239,240.5,250.0
554.1837390000001,240.4,250.0
554.5043660000083,240.4,250.0
554.824488400016,240.4,250.0
555.1407718000119,240.60000000000002,250.0
555.4464823000017,240.60000000000002,250.0
555.7671143999905,240.5,250.0
556.0680631999858,240.5,250.0
556.3886621000129,240.5,250.0
556.6941366000101,240.70000000000002,250.0
556.9956196999992,240.70000000000002,250.0
557.3162203000393,240.70000000000002,250.0
557.6357497000135,240.60000000000002,250.0
557.9564549000352,240.60000000000002,250.0
558.2584532999899,240.60000000000002,250.0
558.5788185999845,240.60000000000002,250.0
558.8798441000399,240.60000000000002,250.0
559.2012420000392,240.60000000000002,250.0
559.5064313000184,240.70000000000002,250.0
559.8081854000338,240.70000000000002,250.0
560.1430274000159,240.60000000000002,250.0
560.4490816000034,240.60000000000002,250.0
560.7655548999901,240.60000000000002,250.0
561.0708171000006,240.8,250.0
561.3915975000127,240.8,250.0
561.6927498999867,240.8,250.0
562.0136991000036,240.60000000000002,250.0
562.3190870000399,240.60000000000002,250.0
562.6201795000234,240.60000000000002,250.0
562.9407192000072,240.9,250.0
563.2614585999982,240.9,250.0
563.5776123999967,240.9,250.0
563.8840487999842,240.8,250.0
564.2046249000123,240.8,250.0
564.506194000016,240.8,250.0
564.8117340999888,240.9,250.0
565.1282088999869,240.9,250.0
565.434154800023,240.9,250.0
565.7504990000161,240.9,250.0
566.0699446999934,240.9,250.0
566.3919924999936,240.9,250.0
566.693583299988,240.9,250.0
566.9991687000147,240.9,250.0
567.3201241000206,241.0,250.0
567.6218685000204,241.0,250.0
567.9431816000142,241.0,250.0
568.2629217000213,240.9,250.0
568.5788872999838,240.9,250.0
568.884858400037,240.9,250.0
569.2059345000307,241.10000000000002,250.0
569.5064816999948,241.10000000000002,250.0
569.8122767999885,241.0,250.0
570.1286328000133,241.0,250.0
570.4340585999889,241.0,250.0
570.7545339000062,241.20000000000002,250.0
571.0743530000327,241.20000000000002,250.0
571.3905449000304,241.20000000000002,250.0
571.6961640000227,241.10000000000002,250.0
572.0166564999963,241.10000000000002,250.0
572.3175020000199,241.10000000000002,250.0
572.638432000007,241.10000000000002,250.0
572.9436108000227,241.10000000000002,250.0
573.2450949000195,241.10000000000002,250.0
573.5660178000107,241.20000000000002,250.0
573.8714026000234,241.20000000000002,250.0
574.1873468999984,241.20000000000002,250.0
574.510978700011,241.10000000000002,250.0
574.8268792000017,241.10000000000002,250.0
575.1332148000365,241.3,250.0
575.4517270000069,241.3,250.0
575.7570066000335,241.3,250.0
576.0581787999836,241.20000000000002,250.0
576.3789168000221,241.20000000000002,250.0
576.6803154000081,241.20000000000002,250.0
577.0192487000022,241.4,250.0
577.3200614000089,241.4,250.0
577.6404959000065,241.4,250.0
577.9421566000092,241.4,250.0
578.2625804999843,241.4,250.0
578.5683403000003,241.4,250.0
578.8719830000191,241.5,250.0
579.2059512000415,241.5,250.0
579.5113743999973,241.5,250.0
579.8283883000258,241.5,250.0
580.1345657000202,241.5,250.0
580.4549440999981,241.5,250.0
580.7566184999887,241.5,250.0
581.0587319000042,241.5,250.0
581.3794205000158,241.70000000000002,250.0
581.6990180999856,241.70000000000002,250.0
582.0199077000143,241.70000000000002,250.0
582.3210941000143,241.5,250.0
582.6424744999968,241.5,250.0
582.9478234000271,241.5,250.0
583.2641251999885,241.8,250.0
583.5697166000027,241.8,250.0
583.8714272000361,241.8,250.0
584.1927165000234,241.60000000000002,250.0
584.5124122000416,241.60000000000002,250.0
584.8294355000253,241.8,250.0
585.1344762000372,241.8,250.0
585.4557207000325,241.8,250.0
585.7566302000196,241.70000000000002,250.0
586.0622741000261,241.70000000000002,250.0
586.3795346000115,241.70000000000002,250.0
586.6847647000104,241.70000000000002,250.0
587.0059962000232,241.70000000000002,250.0
587.3064327000175,241.70000000000002,250.0
587.6458711000159,241.9,250.0
587.9473482000176,241.9,250.0
588.268285099999,241.9,250.0
588.5701756000053,241.70000000000002,250.0
588.8726638000226,241.70000000000002,250.0
589.1923688999959,242.0,250.0
589.4989845000091,242.0,250.0
589.8157416000031,242.0,250.0
590.1361203000415,241.8,250.0
590.4418802,241.8,250.0
590.7576638000319,241.8,250.0
591.0638326000189,242.0,250.0
591.3805091000395,242.0,250.0
591.6865751000005,242.0,250.0
592.0079582000035,241.9,250.0
592.3274985000025,241.9,250.0
592.6286250000121,241.9,250.0
592.9494658000185,242.10000000000002,250.0
593.2508262000047,242.10000000000002,250.0
593.5716251999838,242.10000000000002,250.0
593.8772570000147,242.10000000000002,250.0
594.193642200029,242.10000000000002,250.0
594.4997815000243,242.10000000000002,250.0
594.8364796999958,242.10000000000002,250.0
595.136020600039,242.10000000000002,250.0
595.4423589000362,242.20000000000002,250.0
595.7632594000315,242.20000000000002,250.0
596.0663793000276,242.20000000000002,250.0
596.382710200036,242.10000000000002,250.0
596.6881526000216,242.10000000000002,250.0
597.0090946999844,242.10000000000002,250.0
597.3280078000389,242.4,250.0
597.6300767000066,242.4,250.0
597.9509685999947,242.4,250.0
598.2519268000033,242.3,250.0
598.5723544000066,242.3,250.0
598.8782294000266,242.5,250.0
599.1954096999834,242.5,250.0
599.5010725000175,242.5,250.0
599.8210468000034,242.5,250.0
600.1378149000229,242.5,250.0
600.443446099991,242.5,250.0
600.7646968000336,242.5,250.0
601.0652610000107,242.5,250.0
601.3859266000218,242.5,250.0
601.6872665000265,242.60000000000002,250.0
602.0081842000363,242.60000000000002,250.0
602.328096400015,242.60000000000002,250.0
602.6299968000385,242.5,250.0
602.9506250999984,242.5,250.0
603.2561840999988,242.5,250.0
603.576632100041,242.70000000000002,250.0
603.8785956000211,242.70000000000002,250.0
604.1990920000244,242.60000000000002,250.0
604.4996499000117,242.60000000000002,250.0
604.8206041000085,242.60000000000002,250.0
605.1420668000355,242.8,250.0
605.4465612000204,242.8,250.0
605.7457504000049,242.8,250.0
606.0667251999839,242.8,250.0
606.3857598000322,242.8,250.0
606.690930199984,242.8,250.0
607.0081688000355,242.9,250.0
607.3307969000307,242.9,250.0
607.6357384999865,242.9,250.0
607.9545630000066,242.9,250.0
608.255075699999,242.9,250.0
608.5760104000219,242.9,250.0
608.8784245999996,242.9,250.0
609.201271900034,242.9,250.0
609.5054212000105,243.10000000000002,250.0
609.8376984000206,243.10000000000002,250.0
610.1417958000093,243.10000000000002,250.0
610.4607020000112,243.0,250.0
610.7826206000173,243.0,250.0
611.0837731999927,243.0,250.0
611.4053147000377,243.20000000000002,250.0
611.7100678000133,243.20000000000002,250.0
612.0101038999856,243.20000000000002,250.0
612.3297215999919,243.10000000000002,250.0
612.6507302999962,243.10000000000002,250.0
612.9872625999851,243.3,250.0
613.288641399995,243.3,250.0
613.6099492000067,243.3,250.0
613.9157245000242,243.20000000000002,250.0
614.2341018000152,243.20000000000002,250.0
614.5359309000196,243.20000000000002,250.0
614.8561901000212,243.20000000000002,250.0
615.159859700012,243.20000000000002,250.0
615.4804728000308,243.20000000000002,250.0
615.781604000018,243.3,250.0
616.1024934999878,243.3,250.0
616.421337799984,243.3,250.0
616.7280391000095,243.3,250.0
617.047087599989,243.3,250.0
617.3503844999941,243.3,250.0
617.6685294000199,243.5,250.0
617.9720687000081,243.5,250.0
618.2936996000353,243.4,250.0
618.5933635000256,243.4,250.0
618.9128880000208,243.4,250.0
619.2327184000169,243.60000000000002,250.0
619.5376560000004,243.60000000000002,250.0
619.8590661000344,243.60000000000002,250.0
620.1595110000344,243.5,250.0
620.4788198000169,243.5,250.0
620.8014255000162,243.5,250.0
621.1199640000123,243.70000000000002,250.0
621.4248800000059,243.70000000000002,250.0
621.744665700011,243.70000000000002,250.0
622.0470642999862,243.70000000000002,250.0
622.3667745999992,243.70000000000002,250.0
622.6861476000049,243.70000000000002,250.0
623.0064013000228,243.70000000000002,250.0
623.3087044000276,243.70000000000002,250.0
623.612932500022,243.8,250.0
623.9184140000143,243.8,250.0
624.2502941000275,243.8,250.0
624.5562372999848,243.70000000000002,250.0
624.8601842999924,243.70000000000002,250.0
625.1801540000015,243.70000000000002,250.0
625.4839546000003,243.9,250.0
625.816478600027,243.9,250.0
626.135676200036,243.9,250.0
626.4744644000311,243.70000000000002,250.0
626.7782753999927,243.70000000000002,250.0
627.0783902000403,243.9,250.0
627.4012419999926,243.9,250.0
627.7194837999996,243.9,250.0
628.0217917000409,243.8,250.0
628.328545700002,243.8,250.0
628.6628107000142,243.8,250.0
628.9644086000044,243.8,250.0
629.2712136000046,243.8,250.0
629.5894650000264,243.8,250.0
629.9102735000197,243.8,250.0
630.2126709999866,243.8,250.0
630.5161857000203,243.8,250.0
630.8521260999842,243.70000000000002,250.0
631.1727331000147,243.70000000000002,250.0
631.4762466000393,243.9,250.0
631.7918912000023,243.9,250.0
632.0956112000276,243.9,250.0
632.4191476000124,243.70000000000002,250.0
632.7360728000058,243.70000000000002,250.0
633.0402548999991,243.70000000000002,250.0
633.3587094999966,243.9,250.0
633.6641508000321,243.9,250.0
633.9670048000407,243.9,250.0
634.2853562000091,243.70000000000002,250.0
634.5913509000093,243.70000000000002,250.0
634.9093045000336,243.70000000000002,250.0
635.2295822000015,243.8,250.0
635.5506875999854,243.8,250.0
635.8516922999988,243.8,250.0
636.1731613000156,243.8,250.0
636.4743225999991,243.8,250.0
636.7950667000259,243.70000000000002,250.0
637.1003746000351,243.70000000000002,250.0
637.4014252999914,243.70000000000002,250.0
637.7218667999841,243.9,250.0
638.0269423000282,243.9,250.0
638.3478826000355,243.9,250.0
638.6668826999958,243.70000000000002,250.0
638.9831202999922,243.70000000000002,250.0
639.288281599991,243.70000000000002,250.0
639.6093860000256,243.9,250.0
639.911267700023,243.9,250.0
640.2320911000133,243.9,250.0
640.5344325000187,243.8,250.0
640.8406358000357,243.8,250.0
641.1719976000022,244.0,250.0
641.4781286999932,244.0,250.0
641.798553700035,244.0,250.0
642.0998347999994,243.9,250.0
642.4202670000377,243.9,250.0
642.7255978999892,243.9,250.0
643.027946999995,244.0,250.0
643.3624975000275,244.0,250.0
643.6691617000033,244.0,250.0
643.9861399999936,244.10000000000002,250.0
644.2913465999882,244.10000000000002,250.0
644.6083487999858,244.10000000000002,250.0
644.9139632000006,244.0,250.0
645.2153071000357,244.0,250.0
645.5356462000054,244.20000000000002,250.0
645.8413378000259,244.20000000000002,250.0
646.176540800021,244.20000000000002,250.0
646.4779267000267,244.10000000000002,250.0
646.784813300008,244.10000000000002,250.0
647.1018164000125,244.10000000000002,250.0
647.4074483999866,244.3,250.0
647.7244950000313,244.3,250.0
648.0305991999921,244.3,250.0
648.3657235000283,244.20000000000002,250.0
648.6669566000346,244.20000000000002,250.0
648.9722508999985,244.20000000000002,250.0
649.2936868999968,244.3,250.0
649.5950307000312,244.3,250.0
649.9154572000261,244.3,250.0
650.2164873000002,244.3,250.0
650.537771400006,244.3,250.0
650.8582208000007,244.3,250.0
651.1600364000187,244.3,250.0
651.4807452000096,244.3,250.0
651.7866745000356,244.4,250.0
652.1021667000023,244.4,250.0
652.4076276000123,244.4,250.0
652.7288918999839,244.3,250.0
653.030098600022,244.3,250.0
653.3519140999997,244.3,250.0
653.6707078000181,244.5,250.0
653.9729758999893,244.5,250.0
654.2952498000232,244.5,250.0
654.596151100006,244.3,250.0
654.9168290999951,244.3,250.0
655.2187798999948,244.3,250.0
655.5400129000191,244.5,250.0
655.8600754000363,244.5,250.0
656.162098700006,244.4,250.0
656.4821315000299,244.4,250.0
656.7836486999877,244.4,250.0
657.1051211000304,244.5,250.0
657.410702800029,244.5,250.0
657.7271135000046,244.5,250.0
658.033843400015,244.5,250.0
658.3534706000355,244.5,250.0
658.6706699000206,244.5,250.0
658.9768846000079,244.4,250.0
659.2945251000347,244.4,250.0
659.599902499991,244.4,250.0
659.9015952000045,244.60000000000002,250.0
660.223223500012,244.60000000000002,250.0
660.5387265000027,244.4,250.0
660.8611124000163,244.4,250.0
661.1628311999957,244.4,250.0
661.4693122000317,244.70000000000002,250.0
661.7856808000361,244.70000000000002,250.0
662.0916493000113,244.70000000000002,250.0
662.4271246999851,244.5,250.0
662.7289777999977,244.5,250.0
663.0494881999912,244.5,250.0
663.3512492000009,244.70000000000002,250.0
663.6570171000203,244.70000000000002,250.0
663.977635200019,244.70000000000002,250.0
664.2790207000216,244.70000000000002,250.0
664.5998892000061,244.70000000000002,250.0
664.9196124000009,244.70000000000002,250.0
665.240175199986,244.70000000000002,250.0
665.5410681000212,244.70000000000002,250.0
665.8621112999972,244.9,250.0
666.1679025000194,244.9,250.0
666.4687575999997,244.9,250.0
666.7902034000144,244.70000000000002,250.0
667.0915921000415,244.70000000000002,250.0
667.4134927000268,244.70000000000002,250.0
667.7329667999875,245.0,250.0
668.0496409999905,245.0,250.0
668.357164999994,245.0,250.0
668.6600433000131,244.9,250.0
668.9779123000335,244.9,250.0
669.2978897999856,244.9,250.0
669.5996083000209,245.10000000000002,250.0
669.9198707999894,245.10000000000002,250.0
670.2254057000391,245.0,250.0
670.5430109000299,245.0,250.0
670.849461500009,245.0,250.0
671.1516762000392,245.0,250.0
671.4885742000188,245.0,250.0
671.7900968000176,245.0,250.0
672.1104887000402,245.10000000000002,250.0
672.4122842000215,245.10000000000002,250.0
672.7327287000371,245.10000000000002,250.0
673.039250300033,245.0,250.0
673.3419163000071,245.0,250.0
673.6777759999968,245.0,250.0
673.9790537999943,245.20000000000002,250.0
674.28483280004,245.20000000000002,250.0
674.6012598000234,245.20000000000002,250.0
674.9080754999886,245.0,250.0
675.2248286000104,245.0,250.0
675.5447180999909,245.20000000000002,250.0
675.8664290999877,245.20000000000002,250.0
676.1679820999852,245.20000000000002,250.0
676.4741189000197,245.10000000000002,250.0
676.7903090000036,245.10000000000002,250.0
677.0968148999964,245.10000000000002,250.0
677.417332699988,245.20000000000002,250.0
677.7187745000119,245.20000000000002,250.0
678.0546119000064,245.20000000000002,250.0
678.3607222000137,245.20000000000002,250.0
678.66232090001,245.20000000000002,250.0
678.9792429000372,245.20000000000002,250.0
679.2854697000002,245.20000000000002,250.0
679.6024620000389,245.20000000000002,250.0
679.9100668000174,245.3,250.0
680.2300800000085,245.3,250.0
680.5457610000158,245.3,250.0
680.8530834999983,245.20000000000002,250.0
681.1697024999885,245.20000000000002,250.0
681.4757009000168,245.20000000000002,250.0
681.7777387000388,245.4,250.0
682.1133837000234,245.4,250.0
682.414955699991,245.4,250.0
682.7352368999855,245.20000000000002,250.0
683.0416668000398,245.20000000000002,250.0
683.3453411000082,245.20000000000002,250.0
683.6619168000179,245.4,250.0
683.9683233000105,245.4,250.0
684.2845053999918,245.4,250.0
684.6040910999873,245.4,250.0
684.9106726000318,245.4,250.0
685.2278443000396,245.5,250.0
685.5350023999927,245.5,250.0
685.8526017999975,245.5,250.0
686.1715468000039,245.5,250.0
686.4740738000255,245.5,250.0
686.7956078000134,245.5,250.0
687.0970386000117,245.4,250.0
687.4184117999976,245.4,250.0
687.7241975000361,245.4,250.0
688.0268906999845,245.70000000000002,250.0
688.34331690002,245.70000000000002,250.0
688.6627948000096,245.70000000000002,250.0
688.9832736999961,245.5,250.0
689.2888802000089,245.5,250.0
689.6094598000054,245.8,250.0
689.9106856000144,245.8,250.0
690.2324321999913,245.8,250.0
690.5338080000365,245.60000000000002,250.0
690.8365449000266,245.60000000000002,250.0
691.1754883000394,245.60000000000002,250.0
691.4770205999957,245.8,250.0
691.798003700038,245.8,250.0
692.0997220000136,245.8,250.0
692.4053884000168,245.8,250.0
692.721757900028,245.8,250.0
693.0280755999847,245.8,250.0
693.363721700036,245.8,250.0
693.6656393000158,245.8,250.0
693.9863481000066,245.9,250.0
694.2872975000064,245.9,250.0
694.5933649000362,245.9,250.0
694.9110707000364,245.8,250.0
695.2163121000049,245.8,250.0
695.5380016000126,245.8,250.0
695.85343930003,246.0,250.0
696.159944700019,246.0,250.0
696.4808856000309,246.0,250.0
696.7820046000415,245.9,250.0
697.1039187000133,245.9,250.0
697.4072651999886,245.9,250.0
697.7415569000295,246.10000000000002,250.0
698.0439126000274,246.10000000000002,250.0
698.3469731000368,246.10000000000002,250.0
698.6689201000263,246.10000000000002,250.0
698.9704194000224,246.10000000000002,250.0
699.2912219000282,246.20000000000002,250.0
699.6083941000397,246.20000000000002,250.0
699.9144340000348,246.20000000000002,250.0
700.2190768999862,246.20000000000002,250.0
700.5359454000136,246.20000000000002,250.0
700.8584989000228,246.20000000000002,250.0
701.1605895000394,246.20000000000002,250.0
701.4781763000065,246.20000000000002,250.0
701.7839539999841,246.20000000000002,250.0
702.100920900004,246.3,250.0
702.4216559000197,246.3,250.0
702.7276304000407,246.3,250.0
703.0444907000056,246.20000000000002,250.0
703.350867000001,246.20000000000002,250.0
703.6526237000362,246.20000000000002,250.0
703.9714626999921,246.4,250.0
704.292519700015,246.4,250.0
704.5944706000155,246.3,250.0
704.9171029999852,246.3,250.0
705.2185659999959,246.3,250.0
705.5399699999834,246.5,250.0
705.8565046000294,246.5,250.0
706.1628539999947,246.5,250.0
706.4803013000055,246.4,250.0
706.7857293999987,246.4,250.0
707.0885981000029,246.4,250.0
707.4087651000009,246.4,250.0
707.7291687999968,246.4,250.0
708.0495830000145,246.4,250.0
708.3519870000309,246.5,250.0
708.653450199985,246.5,250.0
708.9747760000173,246.4,250.0
709.2939289000351,246.4,250.0
709.6148169999942,246.4,250.0
709.915943,246.5,250.0
710.2228288000333,246.5,250.0
710.5398733000038,246.5,250.0
710.8434967999929,246.4,250.0
711.1648779000388,246.4,250.0
711.4819359999965,246.4,250.0
711.7845883000409,246.60000000000002,250.0
712.1058788000373,246.60000000000002,250.0
712.4082896999898,246.60000000000002,250.0
712.7150344999973,246.4,250.0
713.0498035000055,246.4,250.0
713.3507909000036,246.4,250.0
713.6726824000361,246.5,250.0
713.974105100031,246.5,250.0
714.2801948999986,246.5,250.0
714.5973923000274,246.5,250.0
714.9034878000384,246.5,250.0
715.2203156999894,246.3,250.0
715.5399840000318,246.3,250.0
715.8623020999948,246.3,250.0
716.1637818000163,246.4,250.0
716.469125100004,246.4,250.0
716.7904171000118,246.4,250.0
717.0922290000017,246.20000000000002,250.0
717.4274412000086,246.20000000000002,250.0
717.729243000038,246.20000000000002,250.0
718.0327565000043,246.4,250.0
718.3536803000025,246.4,250.0
718.6602309999871,246.3,250.0
718.9779423000291,246.3,250.0
719.2976644000155,246.3,250.0
719.6016339000198,246.4,250.0
719.9222091000411,246.4,250.0
720.2243385000038,246.4,250.0
720.525801300013,246.3,250.0
720.8477901000297,246.3,250.0
721.1677886000252,246.3,250.0
721.4845444000093,246.3,250.0
721.7915057000355,246.3,250.0
722.1083450000151,246.3,250.0
722.4149343000026,246.4,250.0
722.7177369000274,246.4,250.0
723.0538891000324,246.3,250.0
723.3553574000252,246.3,250.0
723.6619026000262,246.3,250.0
723.9791211999836,246.5,250.0
724.2818992999964,246.5,250.0
724.6031280999887,246.5,250.0
724.9237007999909,246.3,250.0
725.2276337000076,246.3,250.0
725.5303298000363,246.3,250.0
725.8485152000212,246.5,250.0
726.1683335999842,246.5,250.0
726.4717448999872,246.5,250.0
726.7945875999867,246.3,250.0
727.1103466000059,246.3,250.0
727.4163705999963,246.3,250.0
727.7190047000186,246.4,250.0
728.0367723000236,246.4,250.0
728.3565625000047,246.4,250.0
728.677042700001,246.4,250.0
728.9806704000221,246.4,250.0
729.2823152000201,246.3,250.0
729.603516400035,246.3,250.0
729.9092415000196,246.3,250.0
730.2271819000016,246.5,250.0
730.5447645999957,246.5,250.0
730.8488426000113,246.5,250.0
731.168242499989,246.4,250.0
731.4743582000374,246.4,250.0
731.7937487000017,246.4,250.0
732.0968498000293,246.60000000000002,250.0
732.4184369000141,246.60000000000002,250.0
732.7184959999868,246.60000000000002,250.0
733.0401757000363,246.5,250.0
733.3439245999907,246.5,250.0
733.663279200031,246.70000000000002,250.0
733.9844523000065,246.70000000000002,250.0
734.2841585000278,246.70000000000002,250.0
734.6050529000349,246.70000000000002,250.0
734.910506699991,246.70000000000002,250.0
735.2276161999907,246.70000000000002,250.0
735.5488546999986,246.8,250.0
735.8534102999838,246.8,250.0
736.1716945000226,246.8,250.0
736.4754802000243,246.9,250.0
736.7950365000288,246.9,250.0
737.1154383000103,246.9,250.0
737.4195880999905,246.8,250.0
737.7197950999835,246.8,250.0
738.0393417000305,247.10000000000002,250.0
738.3619193999912,247.10000000000002,250.0
738.6630665000412,247.10000000000002,250.0
738.9695482000243,247.0,250.0
739.2866720000166,247.0,250.0
739.6086942999973,247.0,250.0
739.9090976000298,247.3,250.0
740.2278086000006,247.3,250.0
740.5349818000104,247.3,250.0
740.8536106999964,247.20000000000002,250.0
741.1552054000203,247.20000000000002,250.0
741.4740903000347,247.20000000000002,250.0
741.7799872999894,247.4,250.0
742.1010151000228,247.4,250.0
742.4048405000358,247.4,250.0
742.7229394000024,247.4,250.0
743.0275060000131,247.4,250.0
743.3642203999916,247.4,250.0
743.6636542000342,247.4,250.0
743.9685727999895,247.4,250.0
744.2866893000319,247.60000000000002,250.0
744.6076812000247,247.60000000000002,250.0
744.9104869000148,247.60000000000002,250.0
745.2297484999872,247.5,250.0
745.5354867000133,247.5,250.0
745.8539965000236,247.5,250.0
746.1568666000385,247.70000000000002,250.0
746.4795249000308,247.70000000000002,250.0
746.7837992000277,247.70000000000002,250.0
747.1021842000191,247.60000000000002,250.0
747.4193036000361,247.60000000000002,250.0
747.7228778999997,247.9,250.0
748.0266814000206,247.9,250.0
748.3648396999924,247.9,250.0
748.6660634999862,247.9,250.0
748.9696949000354,247.9,250.0
749.29037230002,247.9,250.0
749.6120757000172,247.9,250.0
749.9125991000328,247.9,250.0
750.2331196999876,247.9,250.0
750.5375262000016,248.0,250.0
750.8569152000127,248.0,250.0
751.1591111000162,248.0,250.0
751.4785445000161,247.9,250.0
751.7813171999878,247.9,250.0
752.1003708000062,247.9,250.0
752.4058595999959,248.10000000000002,250.0
752.7239336000057,248.10000000000002,250.0
753.0291815000237,248.0,250.0
753.3657112999936,248.0,250.0
753.6700731000165,248.0,250.0
753.9734906000085,248.3,250.0
754.2921027999837,248.3,250.0
754.6114657000289,248.3,250.0
754.915052300028,248.20000000000002,250.0
755.2350123000215,248.20000000000002,250.0
755.5375547999865,248.20000000000002,250.0
755.859875300026,248.3,250.0
756.1630081000039,248.3,250.0
756.4636779000284,248.3,250.0
756.7846201999928,248.3,250.0
757.0898101000348,248.3,250.0
757.4248468999867,248.3,250.0
757.726991500007,248.3,250.0
758.0487407000037,248.3,250.0
758.3523709999863,248.4,250.0
758.6542762999889,248.4,250.0
758.98959870002,248.4,250.0
759.2915115000214,248.3,250.0
759.5976415000041,248.3,250.0
759.9169172000256,248.3,250.0
760.2180506000295,248.5,250.0
760.5395820999984,248.5,250.0
760.859027700033,248.5,250.0
761.1792901000008,248.4,250.0
761.4804368999903,248.4,250.0
761.7859968999983,248.4,250.0
762.1068355999887,248.60000000000002,250.0
762.4082405000227,248.60000000000002,250.0
762.7293006000109,248.5,250.0
763.0306201000349,248.5,250.0
763.3516820000368,248.5,250.0
763.6568908999907,248.5,250.0
763.9922681000317,248.5,250.0
764.2928461999982,248.5,250.0
764.598630100023,248.5,250.0
764.9195553000318,248.5,250.0
765.2218575000297,248.5,250.0
765.5433043999947,248.3,250.0
765.8438873999985,248.3,250.0
766.1661632999894,248.3,250.0
766.4862592000281,248.5,250.0
766.7879205000354,248.5,250.0
767.1094680000097,248.3,250.0
767.4107797000324,248.3,250.0
767.7312009999878,248.3,250.0
768.0327835000353,248.5,250.0
768.3381985999877,248.5,250.0
768.6588723000023,248.5,250.0
768.9752784000011,248.3,250.0
769.2968181000324,248.3,250.0
769.60235380003,248.3,250.0
769.919029599987,248.4,250.0
770.2242860000115,248.4,250.0
770.5270583000383,248.4,250.0
770.8479304999928,248.4,250.0
771.1675588000217,248.4,250.0
771.4842101000249,248.4,250.0
771.7913975000265,248.3,250.0
772.0933192000375,248.3,250.0
772.4141003999976,248.5,250.0
772.7165673000272,248.5,250.0
773.0512003999902,248.5,250.0
773.3573893000139,248.4,250.0
773.6598962999997,248.4,250.0
773.9803441000404,248.4,250.0
774.2814600000274,248.70000000000002,250.0
774.6020549000241,248.70000000000002,250.0
774.9075171999866,248.70000000000002,250.0
775.2242750999867,248.5,250.0
775.5300158000318,248.5,250.0
775.8650563000119,248.5,250.0
776.1683122999966,248.70000000000002,250.0
776.4699509000056,248.70000000000002,250.0
776.7903565000161,248.70000000000002,250.0
777.0956962000346,248.70000000000002,250.0
777.4166005000006,248.70000000000002,250.0
777.7179709000047,248.70000000000002,250.0
778.0389826000319,248.70000000000002,250.0
778.3585995000321,248.70000000000002,250.0
778.6745712999837,248.8,250.0
778.9805453000008,248.8,250.0
779.2826492000022,248.8,250.0
779.603791200032,248.70000000000002,250.0
779.9048771000234,248.70000000000002,250.0
780.2255584000377,248.70000000000002,250.0
780.531033700041,248.9,250.0
780.8517773000058,248.9,250.0
781.1676929999958,248.9,250.0
781.4742528999923,248.8,250.0
781.7905275000376,248.8,250.0
782.0957393000135,249.10000000000002,250.0
782.4168729000376,249.10000000000002,250.0
782.7181180000189,249.10000000000002,250.0
783.038804300013,249.0,250.0
783.344297600037,249.0,250.0
783.6788571000216,249.0,250.0
783.9805026000249,249.10000000000002,250.0
784.2834452000097,249.10000000000002,250.0
784.6051962000201,249.10000000000002,250.0
784.9070613000076,249.20000000000002,250.0
785.2282117999857,249.20000000000002,250.0
785.534149300016,249.20000000000002,250.0
785.8500110000023,249.20000000000002,250.0
786.155972699984,249.20000000000002,250.0
786.4765950000146,249.3,250.0
786.7962156999856,249.3,250.0
787.1123218000284,249.3,250.0
787.4179101000191,249.20000000000002,250.0
787.7194445999921,249.20000000000002,250.0
788.0397695000283,249.20000000000002,250.0
788.3459735999932,249.4,250.0
788.6617285000393,249.4,250.0
788.9672170000267,249.4,250.0
789.2880471000099,249.20000000000002,250.0
789.6073000000324,249.20000000000002,250.0
789.9240053000394,249.20000000000002,250.0
790.2296127000009,249.4,250.0
790.531199900026,249.4,250.0
790.8515897000325,249.4,250.0
791.1576929999865,249.3,250.0
791.4785013000364,249.3,250.0
791.7792607999872,249.3,250.0
792.0997091000318,249.3,250.0
792.4048906000098,249.3,250.0
792.7211599000148,249.3,250.0
793.0408160000225,249.3,250.0
793.3624718000065,249.3,250.0
793.6637867999962,249.10000000000002,250.0
793.9691824000329,249.10000000000002,250.0
794.289506400004,249.10000000000002,250.0
794.5907334000221,249.3,250.0
794.9117092000088,249.3,250.0
795.2174147000187,249.3,250.0
795.5522993000341,249.10000000000002,250.0
795.8536213000189,249.10000000000002,250.0
796.1740956000285,249.3,250.0
796.4798179999925,249.3,250.0
796.7811153000221,249.3,250.0
797.101958299987,249.20000000000002,250.0
797.4029622999951,249.20000000000002,250.0
797.7234340999858,249.20000000000002,250.0
798.0290833000327,249.4,250.0
798.3452299000346,249.4,250.0
798.6687177999993,249.4,250.0
798.9856787000317,249.4,250.0
799.2894042000407,249.4,250.0
799.6100752000348,249.4,250.0
799.9113406999968,249.4,250.0
800.2322421999997,249.4,250.0
800.5378677000408,249.4,250.0
800.8404492000118,249.5,250.0
801.1608813999919,249.5,250.0
801.4805333000259,249.4,250.0
801.7971008000313,249.4,250.0
802.1025086999871,249.4,250.0
802.4234151000273,249.60000000000002,250.0
802.7241794000147,249.60000000000002,250.0
803.0446701000328,249.60000000000002,250.0
803.3506709000212,249.5,250.0
803.6516719000065,249.5,250.0
803.9721619000193,249.5,250.0
804.2919803000404,249.70000000000002,250.0
804.6127857000101,249.70000000000002,250.0
804.9151696999907,249.70000000000002,250.0
805.2363141000387,249.5,250.0
805.5385709000402,249.5,250.0
805.8400681000203,249.5,250.0
806.1617369999876,249.5,250.0
806.4629052000237,249.5,250.0
806.8010619999841,249.5,250.0
807.1017532999977,249.5,250.0
807.4222883000039,249.5,250.0
807.7274584000115,249.4,250.0
808.0442823999911,249.4,250.0
808.3498832000187,249.4,250.0
808.6706805999856,249.60000000000002,250.0
808.9715985000366,249.60000000000002,250.0
809.276707299985,249.60000000000002,250.0
809.5980164000066,249.4,250.0
809.9174999000388,249.4,250.0
810.2341427000356,249.4,250.0
810.5399352000095,249.60000000000002,250.0
810.8602734000306,249.60000000000002,250.0
811.161663100007,249.5,250.0
811.4826665000292,249.5,250.0
811.783388699987,249.5,250.0
812.0886719999835,249.70000000000002,250.0
812.4093600999913,249.70000000000002,250.0
812.7283858000301,249.70000000000002,250.0
813.0492427999852,249.60000000000002,250.0
813.3507641000324,249.60000000000002,250.0
813.6713682999834,249.60000000000002,250.0
813.9727284000255,249.60000000000002,250.0
814.2930530000012,249.60000000000002,250.0
814.5980482000159,249.60000000000002,250.0
814.9192110000295,249.70000000000002,250.0
815.2197234000196,249.70000000000002,250.0
815.5410645999946,249.60000000000002,250.0
815.8609232000308,249.60000000000002,250.0
816.1625907000271,249.60000000000002,250.0
816.4837387999869,249.8,250.0
816.789164900023,249.8,250.0
817.1057581999921,249.8,250.0
817.4109274999937,249.60000000000002,250.0
817.7321162000299,249.60000000000002,250.0
818.0337679000222,249.60000000000002,250.0
818.3527509000269,249.8,250.0
818.6747714999947,249.8,250.0
818.9759555000346,249.8,250.0
819.2972759000259,249.70000000000002,250.0
819.598724200041,249.70000000000002,250.0
819.9194930000231,249.70000000000002,250.0
820.220451500034,249.8,250.0
820.5256432000315,249.8,250.0
820.846744599985,249.9,250.0
821.1654696000041,249.9,250.0
821.4856209999998,249.9,250.0
821.7871559000341,249.8,250.0
822.1088407000061,249.8,250.0
822.4103701999993,249.8,250.0
822.7308337999857,249.9,250.0
823.0370782000246,249.9,250.0
823.3527568000136,249.9,250.0
823.658736500016,249.70000000000002,250.0
823.9599429999944,249.70000000000002,250.0
824.2948911000276,249.70000000000002,250.0
824.6005411000224,249.9,250.0
824.9214689999935,249.9,250.0
825.2226386000402,249.70000000000002,250.0
825.5440644000191,249.70000000000002,250.0
825.8454785000067,249.70000000000002,250.0
826.1508149000001,249.9,250.0
826.4687543000327,249.9,250.0
826.7915514000342,249.9,250.0
827.107886200014,249.8,250.0
827.415020400018,249.8,250.0
827.7188403999899,249.8,250.0
828.0352869000053,249.70000000000002,250.0
828.341006600007,249.70000000000002,250.0
828.6614459999837,249.70000000000002,250.0
828.9770798000391,249.8,250.0
829.2973973000189,249.8,250.0
829.6029055000399,249.8,250.0
829.9206430999911,249.70000000000002,250.0
830.2258284999989,249.70000000000002,250.0
830.5276999000343,249.9,250.0
830.84860940004,249.9,250.0
831.1692246000166,249.9,250.0
831.4899609999848,249.70000000000002,250.0
831.7910264999955,249.70000000000002,250.0
832.1121097999858,249.70000000000002,250.0
832.4141868000152,250.0,250.0
832.7162520000129,250.0,250.0
833.039210100018,250.0,250.0
833.3593026000308,249.9,250.0
833.6605684999959,249.9,250.0
833.9814221999841,249.9,250.0
834.2828834000393,249.9,250.0
834.6051539999899,249.9,250.0
834.908012000029,250.0,250.0
835.2281262000324,250.0,250.0
835.5454175000195,250.0,250.0
835.8514641000074,249.9,250.0
836.1686704999884,249.9,250.0
836.4749057000154,249.9,250.0
836.7758255000226,250.0,250.0
837.1114233999979,250.0,250.0
837.4172407999868,250.0,250.0
837.7346833000192,249.8,250.0
838.0402193000191,249.8,250.0
838.357205200009,249.8,250.0
838.6634523000102,250.10000000000002,250.0
838.9649677000125,250.10000000000002,250.0
839.2854238,250.10000000000002,250.0
839.6048827000195,249.9,250.0
839.9232564000413,249.9,250.0
840.2294589999947,250.0,250.0
840.5502548000077,250.0,250.0
840.8539315999951,250.0,250.0
841.1544984999928,250.0,250.0
841.4753498000209,250.0,250.0
841.7763466000324,250.0,250.0
842.1159468000405,250.0,250.0
842.417723599996,250.0,250.0
842.71967890003,250.0,250.0
843.0410715999897,250.20000000000002,250.0
843.3422988000093,250.20000000000002,250.0
843.6639177000034,250.20000000000002,250.0
843.9677330999984,250.10000000000002,250.0
844.2886768000317,250.10000000000002,250.0
844.6084552000393,250.3,250.0
844.9251609999919,250.3,250.0
845.2320802999893,250.3,250.0
845.5494613000192,250.20000000000002,250.0
845.8567896999884,250.20000000000002,250.0
846.172724700009,250.20000000000002,250.0
846.4781810999848,250.4,250.0
846.7975219000364,250.4,250.0
847.1153641000274,250.4,250.0
847.4206556000281,250.3,250.0
847.7248196,250.3,250.0
848.0416057000402,250.3,250.0
848.3627723000245,250.4,250.0
848.66569970001,250.4,250.0
848.9846539000282,250.4,250.0
849.2887081000372,250.3,250.0
849.5902270000079,250.3,250.0
849.9123280000058,250.20000000000002,250.0
850.2156767999986,250.20000000000002,250.0
850.5500580000225,250.20000000000002,250.0
850.8707168000401,250.4,250.0
851.1763806000235,250.4,250.0
851.4952647000318,250.4,250.0
851.8137280000374,250.3,250.0
852.1187162999995,250.3,250.0
852.4386403000099,250.3,250.0
852.7412386999931,250.5,250.0
853.0583202000125,250.5,250.0
853.3800021000206,250.5,250.0
853.6807222000207,250.4,250.0
853.9865267000278,250.4,250.0
854.3072300000349,250.60000000000002,250.0
854.6255732999998,250.60000000000002,250.0
854.9299004999921,250.60000000000002,250.0
855.2315786000108,250.5,250.0
855.5689812999917,250.5,250.0
855.8710768999881,250.5,250.0
856.1766865000245,250.5,250.0
856.4953236000147,250.5,250.0
856.8152929000207,250.5,250.0
857.1185684000375,250.5,250.0
857.4387564000208,250.5,250.0
857.7436708000023,250.5,250.0
858.043937999988,250.3,250.0
858.3802643000381,250.3,250.0
858.6858723000041,250.4,250.0
859.0033036000095,250.4,250.0
859.306030799984,250.4,250.0
859.6096397000365,250.10000000000002,250.0
859.9322735000169,250.10000000000002,250.0
860.2340517000412,250.10000000000002,250.0
860.5534685000312,250.3,250.0
860.8595208000042,250.3,250.0
861.1937605999992,250.3,250.0
861.495178400015,250.10000000000002,250.0
861.8151547000161,250.10000000000002,250.0
862.1189341000281,250.10000000000002,250.0
862.4232601000112,250.10000000000002,250.0
862.7428692000103,250.10000000000002,250.0
863.04704580002,250.10000000000002,250.0
863.3679800000391,250.20000000000002,250.0
863.670354700007,250.20000000000002,250.0
863.9900240999996,250.10000000000002,250.0
864.3098351000226,250.10000000000002,250.0
864.6304208000074,250.10000000000002,250.0
864.9344981000177,250.3,250.0
865.2519274000078,250.3,250.0
865.5578882000409,250.3,250.0
865.8579892999842,250.20000000000002,250.0
866.1778574000346,250.20000000000002,250.0
866.4840070999926,250.20000000000002,250.0
866.8008096999838,250.4,250.0
867.1048786999891,250.4,250.0
867.4263166000019,250.4,250.0
867.7445234000334,250.20000000000002,250.0
868.0637644000235,250.20000000000002,250.0
868.3838135999977,250.3,250.0
868.7056132000289,250.3,250.0
869.0049513999838,250.3,250.0
869.3127151000081,250.20000000000002,250.0
869.6483152000001,250.20000000000002,250.0
869.9509282000363,250.20000000000002,250.0
870.270425499999,250.20000000000002,250.0
870.5571322999895,250.20000000000002,250.0
870.875400400022,250.20000000000002,250.0
871.1969574000104,250.20000000000002,250.0
871.4997529000393,250.20000000000002,250.0
871.821048200014,250.20000000000002,250.0
872.1397736000363,250.0,250.0
872.4408163999906,250.0,250.0
872.760539000039,250.0,250.0
873.0656861999887,250.20000000000002,250.0
873.385338800028,250.20000000000002,250.0
873.689157899993,250.0,250.0
874.0110638000187,250.0,250.0
874.3280406999984,250.0,250.0
874.6305557999876,250.10000000000002,250.0
874.9360269000172,250.10000000000002,250.0
875.271759300027,250.10000000000002,250.0
875.5730780999875,249.9,250.0
875.8798760999925,249.9,250.0
876.1965783000342,249.9,250.0
876.5039190000389,250.0,250.0
876.8216500999988,250.0,250.0
877.1424950000364,250.0,250.0
877.4447924999986,250.0,250.0
877.7658365000389,250.0,250.0
878.0676076000091,249.9,250.0
878.370711399999,249.9,250.0
878.6919415000011,249.9,250.0
879.0119422000134,250.0,250.0
879.3281081999885,250.0,250.0
879.6347618,250.0,250.0
879.9512560000294,249.9,250.0
880.2567273000022,249.9,250.0
880.5593049000017,249.9,250.0
880.8818461000337,250.10000000000002,250.0
881.1984003999969,250.10000000000002,250.0
881.5052142000059,250.10000000000002,250.0
881.8217803000007,250.0,250.0
882.1283543999889,250.0,250.0
882.4440881999908,250.0,250.0
882.7502058999962,250.20000000000002,250.0
883.0847121000406,250.20000000000002,250.0
883.3908203000319,250.10000000000002,250.0
883.6911505000317,250.10000000000002,250.0
884.0122897000401,250.10000000000002,250.0
884.3137403000146,250.10000000000002,250.0
884.6349717000267,250.10000000000002,250.0
884.9405379000236,250.10000000000002,250.0
885.2579416999943,250.10000000000002,250.0
885.5786071000039,250.10000000000002,250.0
885.8804545000312,250.10000000000002,250.0
886.201252800005,250.0,250.0
886.5069464000408,250.0,250.0
886.8228648999939,250.0,250.0
887.1290456000133,250.20000000000002,250.0
887.4452801999869,250.20000000000002,250.0
887.7512209000415,250.0,250.0
888.0720414000098,250.0,250.0
888.3888791000354,250.0,250.0
888.6952846000204,250.3,250.0
889.011380299984,250.3,250.0
889.3166189999902,250.3,250.0
889.6199780000024,250.10000000000002,250.0
889.9413937000209,250.10000000000002,250.0
890.2611284999875,250.10000000000002,250.0
890.5790462000296,250.20000000000002,250.0
890.8843561999965,250.20000000000002,250.0
891.2011618000106,250.20000000000002,250.0
891.5073995999992,250.10000000000002,250.0
891.8102278999868,250.10000000000002,250.0
892.1280607000226,250.10000000000002,250.0
892.44889900001,250.10000000000002,250.0
892.7504136000061,250.10000000000002,250.0
893.0715034999885,250.10000000000002,250.0
893.3771030000062,250.10000000000002,250.0
893.6976954999845,250.10000000000002,250.0
893.9989558000234,250.0,250.0
894.3200582999852,250.0,250.0
894.6381607000367,250.0,250.0
894.941804800008,250.20000000000002,250.0
895.2627119999961,250.20000000000002,250.0
895.5633283000207,250.20000000000002,250.0
895.8841128000058,250.0,250.0
896.1897689999896,250.0,250.0
896.5090046999976,250.0,250.0
896.8262547000195,250.20000000000002,250.0
897.1317013000371,250.20000000000002,250.0
897.4504287000163,250.10000000000002,250.0
897.7557204000186,250.10000000000002,250.0
898.0572469999897,250.10000000000002,250.0
898.3781760000275,250.10000000000002,250.0
898.6788844999974,250.10000000000002,250.0
899.0188185999868,250.10000000000002,250.0
899.3204213000135,250.10000000000002,250.0
899.6374796000309,250.10000000000002,250.0
899.9429358000052,250.10000000000002,250.0
900.2640562999877,249.9,250.0
900.5654392000288,249.9,250.0
900.8710999999894,249.9,250.0
901.206044599996,250.10000000000002,250.0
901.5084524999838,250.10000000000002,250.0
901.8287369000027,250.10000000000002,250.0
902.1342172999866,249.9,250.0
902.4504726000014,249.9,250.0
902.7538421000354,250.10000000000002,250.0
903.0729442000156,250.10000000000002,250.0
903.3784924999927,250.10000000000002,250.0
903.6993316999869,249.9,250.0
904.0013050000416,249.9,250.0
904.3070124000078,249.9,250.0
904.6421274000313,250.10000000000002,250.0
904.9432788999984,250.10000000000002,250.0
905.2642395999865,250.10000000000002,250.0
905.5669963000109,250.0,250.0
905.8870566000114,250.0,250.0
906.2074248000281,250.0,250.0
906.4973229999887,249.9,250.0
906.816011900024,249.9,250.0
907.1356993000372,250.0,250.0
