Time (s),Actual Temperature (C),Target Temperature (C)
0.29234180005732924,205.70000000000002,260.0
0.6309471999993548,205.70000000000002,260.0
0.9191969999810681,205.70000000000002,260.0
1.2371157000306994,206.5,260.0
1.5547425000695512,206.5,260.0
1.8617810000432655,206.5,260.0
2.182355900062248,207.3,260.0
2.498139400035143,207.3,260.0
2.8022076999768615,207.3,260.0
3.1085245000431314,207.9,260.0
3.4282094000373036,207.9,260.0
3.74690200004261,207.9,260.0
4.06651559995953,208.70000000000002,260.0
4.372678400017321,208.70000000000002,260.0
4.676645800005645,209.4,260.0
4.996041000005789,209.4,260.0
5.298257900052704,209.4,260.0
5.6160611000377685,210.20000000000002,260.0
5.939915099996142,210.20000000000002,260.0
6.242313500028104,210.20000000000002,260.0
6.545159499975853,210.9,260.0
6.865187000017613,210.9,260.0
7.183542000013404,210.9,260.0
7.490015899995342,211.60000000000002,260.0
7.807546500000171,211.60000000000002,260.0
8.126387999975123,211.60000000000002,260.0
8.41684990003705,212.3,260.0
8.736080400063656,212.3,260.0
9.056598900002427,212.3,260.0
9.373795200022869,213.0,260.0
9.67998949997127,213.0,260.0
9.981277200044133,213.70000000000002,260.0
10.30380720004905,213.70000000000002,260.0
10.624644899973646,213.70000000000002,260.0
10.9266185000306,214.3,260.0
11.245955500053242,214.3,260.0
11.565684600034729,214.3,260.0
11.88393080001697,215.0,260.0
12.188810199964792,215.0,260.0
12.509388600010425,215.0,260.0
12.82963649998419,215.60000000000002,260.0
13.131532300030813,215.60000000000002,260.0
13.437403399962932,215.60000000000002,260.0
13.754253700026311,216.3,260.0
14.078132900060154,216.3,260.0
14.39553059998434,217.0,260.0
14.700288800057024,217.0,260.0
15.021145200007595,217.0,260.0
15.341412400011905,217.70000000000002,260.0
15.658896400011145,217.70000000000002,260.0
15.949086799984798,217.70000000000002,260.0
16.26622029999271,218.3,260.0
16.585993299959227,218.3,260.0
16.908571999985725,218.3,260.0
17.22685440001078,218.9,260.0
17.52888780005742,218.9,260.0
17.848346199956723,219.60000000000002,260.0
18.168632499990053,219.60000000000002,260.0
18.489692199975252,219.60000000000002,260.0
18.775457400013693,220.20000000000002,260.0
19.097592300036922,220.20000000000002,260.0
19.41599380003754,220.20000000000002,260.0
19.718662500032224,220.8,260.0
20.041595899965614,220.8,260.0
20.34334709995892,220.8,260.0
20.66408150002826,221.4,260.0
20.965783199993894,221.4,260.0
21.286182399955578,221.4,260.0
21.589285900001414,222.10000000000002,260.0
21.911729000043124,222.10000000000002,260.0
22.231760299997404,222.10000000000002,260.0
22.53265760000795,222.60000000000002,260.0
22.852717200061306,222.60000000000002,260.0
23.15828119998332,223.20000000000002,260.0
23.477555499994196,223.20000000000002,260.0
23.78298699995503,223.20000000000002,260.0
24.10016040003393,223.8,260.0
24.423648299998604,223.8,260.0
24.741533300024457,223.8,260.0
25.02872770000249,224.4,260.0
25.34742540004663,224.4,260.0
25.667076700017788,224.4,260.0
25.97244370006956,224.9,260.0
26.291456799954176,224.9,260.0
26.614213000051677,224.9,260.0
26.916381899965927,225.5,260.0
27.220835600048304,225.5,260.0
27.54014050005935,226.0,260.0
27.859939499991015,226.0,260.0
28.17680160002783,226.0,260.0
28.50057489995379,226.60000000000002,260.0
28.802934000035748,226.60000000000002,260.0
29.12391129997559,226.60000000000002,260.0
29.439967300044373,227.10000000000002,260.0
29.76084380003158,227.10000000000002,260.0
30.083832500036806,227.10000000000002,260.0
30.37076740001794,227.70000000000002,260.0
30.69008179998491,227.70000000000002,260.0
31.009976700064726,227.70000000000002,260.0
31.330556400003843,228.20000000000002,260.0
31.633493500063196,228.20000000000002,260.0
31.934451899956912,228.70000000000002,260.0
32.25457400002051,228.70000000000002,260.0
32.576165699982084,228.70000000000002,260.0
32.88044019998051,229.20000000000002,260.0
33.19991820002906,229.20000000000002,260.0
33.51710040005855,229.20000000000002,260.0
33.80690950003918,229.70000000000002,260.0
34.12730599998031,229.70000000000002,260.0
34.447959000011906,229.70000000000002,260.0
34.766157699981704,230.20000000000002,260.0
35.05643280001823,230.20000000000002,260.0
35.37212960002944,230.20000000000002,260.0
35.694800900062546,230.70000000000002,260.0
36.01535150001291,230.70000000000002,260.0
36.3317495000083,231.20000000000002,260.0
36.637390900054015,231.20000000000002,260.0
36.95894819998648,231.20000000000002,260.0
37.27933230006602,231.70000000000002,260.0
37.598783000023104,231.70000000000002,260.0
37.89905040001031,231.70000000000002,260.0
38.20221689995378,232.20000000000002,260.0
38.522562699974515,232.20000000000002,260.0
38.845324099995196,232.20000000000002,260.0
39.14976519998163,232.70000000000002,260.0
39.45161500002723,232.70000000000002,260.0
39.770713399979286,232.70000000000002,260.0
40.08943299995735,233.20000000000002,260.0
40.39464269997552,233.20000000000002,260.0
40.71649799996521,233.70000000000002,260.0
41.03245589998551,233.70000000000002,260.0
41.324443400022574,233.70000000000002,260.0
41.64353460003622,234.20000000000002,260.0
41.961564299999736,234.20000000000002,260.0
42.26601809996646,234.20000000000002,260.0
42.58642509998754,234.70000000000002,260.0
42.88727389997803,234.70000000000002,260.0
43.21082260005642,234.70000000000002,260.0
43.52910010004416,235.20000000000002,260.0
43.850538500002585,235.20000000000002,260.0
44.13498360000085,235.20000000000002,260.0
44.454506000038236,235.60000000000002,260.0
44.778042100020684,235.60000000000002,260.0
45.07816220005043,235.60000000000002,260.0
45.3996618000092,236.10000000000002,260.0
45.719628300052136,236.10000000000002,260.0
46.03852369997185,236.60000000000002,260.0
46.328617300023325,236.60000000000002,260.0
46.64899869996589,236.60000000000002,260.0
46.966813800041564,237.0,260.0
47.26884030003566,237.0,260.0
47.5883795999689,237.0,260.0
47.90908340003807,237.5,260.0
48.211777699994855,237.5,260.0
48.534012499963865,237.5,260.0
48.83848450006917,237.9,260.0
49.14371299999766,237.9,260.0
49.45947690005414,237.9,260.0
49.778915100032464,238.4,260.0
50.08362990000751,238.4,260.0
50.40555929997936,238.9,260.0
50.71055359998718,238.9,260.0
51.02754919999279,238.9,260.0
51.345717199961655,239.3,260.0
51.636796300066635,239.3,260.0
51.957529000006616,239.3,260.0
52.275393999996595,239.70000000000002,260.0
52.596719500026666,239.70000000000002,260.0
52.91447189997416,239.70000000000002,260.0
53.219245800049976,240.20000000000002,260.0
53.54010390001349,240.20000000000002,260.0
53.85869470005855,240.20000000000002,260.0
54.16337830002885,240.60000000000002,260.0
54.463531699962914,240.60000000000002,260.0
54.786539699998684,241.10000000000002,260.0
55.1035652999999,241.10000000000002,260.0
55.42601749999449,241.10000000000002,260.0
55.72767829999793,241.5,260.0
56.031334300059825,241.5,260.0
56.3505205999827,241.5,260.0
56.65688030002639,241.9,260.0
56.97562529996503,241.9,260.0
57.29484109999612,241.9,260.0
57.601431300048716,242.3,260.0
57.91971160005778,242.3,260.0
58.24104170000646,242.3,260.0
58.543723699986,242.8,260.0
58.84791440004483,242.8,260.0
59.16559380001854,243.20000000000002,260.0
59.48728460003622,243.20000000000002,260.0
59.78822340001352,243.20000000000002,260.0
60.10963720001746,243.60000000000002,260.0
60.4129637000151,243.60000000000002,260.0
60.71751950006001,243.60000000000002,260.0
61.036148600047454,244.0,260.0
61.355173100018874,244.0,260.0
61.66128280002158,244.0,260.0
61.98060140002053,244.4,260.0
62.29983569995966,244.4,260.0
62.60495499998797,244.4,260.0
62.91025650000665,244.9,260.0
63.22797090001404,244.9,260.0
63.53253329999279,244.9,260.0
63.8519369000569,245.3,260.0
64.17340550001245,245.3,260.0
64.47357639996335,245.70000000000002,260.0
64.79671390005387,245.70000000000002,260.0
65.09933170001023,245.70000000000002,260.0
65.40345220000017,246.10000000000002,260.0
65.72154489997774,246.10000000000002,260.0
66.03987159999087,246.10000000000002,260.0
66.36266520002391,246.5,260.0
66.66670549998526,246.5,260.0
66.96879720001016,246.5,260.0
67.29131060000509,246.9,260.0
67.59139620000497,246.9,260.0
67.9128297000425,246.9,260.0
68.23333289998118,247.3,260.0
68.5368715999648,247.3,260.0
68.85762819997035,247.70000000000002,260.0
69.1620354000479,247.70000000000002,260.0
69.48183219996281,247.70000000000002,260.0
69.78249210002832,248.10000000000002,260.0
70.10355200001504,248.10000000000002,260.0
70.42132099997252,248.10000000000002,260.0
70.74111629999243,248.5,260.0
71.04675540002063,248.5,260.0
71.3671813000692,248.5,260.0
71.68589179997798,248.8,260.0
71.99102650000714,248.8,260.0
72.29394140001386,248.8,260.0
72.61255660001189,249.20000000000002,260.0
72.9342081999639,249.20000000000002,260.0
73.25211710005533,249.60000000000002,260.0
73.55768349999562,249.60000000000002,260.0
73.86008300003596,249.60000000000002,260.0
74.1800456000492,250.0,260.0
74.49999140005093,250.0,260.0
74.82202780002262,250.0,260.0
75.12239519995637,250.3,260.0
75.44561789999716,250.3,260.0
75.76327860006131,250.3,260.0
76.06816020002589,250.60000000000002,260.0
76.3873723000288,250.60000000000002,260.0
76.70487570005935,250.60000000000002,260.0
76.99488660006318,251.0,260.0
77.31307829997968,251.0,260.0
77.63235179998446,251.4,260.0
77.93821210006718,251.4,260.0
78.25696230004542,251.4,260.0
78.5760164000094,251.8,260.0
78.88144659996033,251.8,260.0
79.18613919999916,251.8,260.0
79.50408320000861,252.10000000000002,260.0
79.82575780001935,252.10000000000002,260.0
80.14450120006222,252.10000000000002,260.0
80.46445610001683,252.5,260.0
80.76909349998459,252.5,260.0
81.08561619999819,252.5,260.0
81.40910080005415,252.8,260.0
81.71260440000333,252.8,260.0
82.0148222000571,253.20000000000002,260.0
82.33444839995354,253.20000000000002,260.0
82.65390529995784,253.20000000000002,260.0
82.96000169997569,253.5,260.0
83.26441239996348,253.5,260.0
83.58260319998953,253.5,260.0
83.90409910003655,253.9,260.0
84.20663809997495,253.9,260.0
84.52672359999269,253.9,260.0
84.83084379998036,254.20000000000002,260.0
85.14930579997599,254.20000000000002,260.0
85.45552640000824,254.20000000000002,260.0
85.77450539998244,254.5,260.0
86.09121290000621,254.5,260.0
86.3990317999851,254.5,260.0
86.69887019996531,254.9,260.0
87.02147909998894,254.9,260.0
87.34118430002127,255.20000000000002,260.0
87.64303260005545,255.20000000000002,260.0
87.9634526000591,255.20000000000002,260.0
88.2842696000589,255.5,260.0
88.58564649999607,255.5,260.0
88.89185769995674,255.5,260.0
89.20923659997061,255.8,260.0
89.53011329995934,255.8,260.0
89.85184450005181,255.8,260.0
90.1537890000036,256.1,260.0
90.47424430004321,256.1,260.0
90.79284020001069,256.40000000000003,260.0
91.1130589999957,256.40000000000003,260.0
91.41833420004696,256.40000000000003,260.0
91.73604670003988,256.7,260.0
92.03885740006808,256.7,260.0
92.35875310003757,256.7,260.0
92.66644749999978,256.90000000000003,260.0
92.96732349996455,256.90000000000003,260.0
93.28723759995773,256.90000000000003,260.0
93.6065571999643,257.1,260.0
93.9252531999955,257.1,260.0
94.23203049995936,257.1,260.0
94.55197649996262,257.3,260.0
94.86921110004187,257.3,260.0
95.18925639998633,257.5,260.0
95.49623160006013,257.5,260.0
95.79601849999744,257.5,260.0
96.1157847000286,257.7,260.0
96.43688649998512,257.7,260.0
96.7578203000594,257.7,260.0
97.04361569997855,257.90000000000003,260.0
97.3672777999891,257.90000000000003,260.0
97.68656539998483,257.90000000000003,260.0
97.98676360002719,258.1,260.0
98.30765880004037,258.1,260.0
98.62679770006798,258.1,260.0
98.91647409996949,258.3,260.0
99.23761900002137,258.3,260.0
99.55335299996659,258.3,260.0
99.85774820006918,258.6,260.0
100.17834780004341,258.6,260.0
100.48438230005559,258.8,260.0
100.80238180002198,258.8,260.0
101.12355600006413,258.8,260.0
101.44385549996514,258.90000000000003,260.0
101.72846090001985,258.90000000000003,260.0
102.04943769995589,258.90000000000003,260.0
102.36877319996711,259.2,260.0
102.68949819996487,259.2,260.0
102.99488919996656,259.2,260.0
103.31263579998631,259.3,260.0
103.63284430000931,259.3,260.0
103.93607940000948,259.3,260.0
104.2558652999578,259.6,260.0
104.57656630000565,259.6,260.0
104.89782189996913,259.7,260.0
105.18550060002599,259.7,260.0
105.50354990002234,259.7,260.0
105.82241100003012,259.90000000000003,260.0
106.12870230001863,259.90000000000003,260.0
106.448668200057,259.90000000000003,260.0
106.75002440006938,260.0,260.0
107.07021609996445,260.0,260.0
107.3908457000507,260.0,260.0
107.70995519997086,260.0,260.0
108.0145720000146,260.0,260.0
108.33339479996357,260.0,260.0
108.65194809995592,260.2,260.0
108.95984020002652,260.2,260.0
109.27870979998261,260.2,260.0
109.58183250005823,260.2,260.0
109.90219789999537,260.2,260.0
110.20271219999995,260.40000000000003,260.0
110.52584380004555,260.40000000000003,260.0
110.84496200003196,260.40000000000003,260.0
111.1498886999907,260.40000000000003,260.0
111.46977129997686,260.40000000000003,260.0
111.78644799999893,260.40000000000003,260.0
112.0916326000588,260.6,260.0
112.41315599996597,260.6,260.0
112.73190360004082,260.6,260.0
113.05224940006156,260.7,260.0
113.33733280003071,260.7,260.0
113.65791559999343,260.8,260.0
113.97618070000317,260.8,260.0
114.29573460004758,260.8,260.0
114.602310199989,260.90000000000003,260.0
114.9062631999841,260.90000000000003,260.0
115.22494960005861,260.90000000000003,260.0
115.54303309996612,261.0,260.0
115.86281900003087,261.0,260.0
116.16868410003372,261.0,260.0
116.48954810004216,261.1,260.0
116.80807609995827,261.1,260.0
117.11297240003478,261.1,260.0
117.4321000999771,261.1,260.0
117.73436110001057,261.1,260.0
118.0534292999655,261.3,260.0
118.35914129996672,261.3,260.0
118.68017010006588,261.3,260.0
118.99915559997316,261.3,260.0
119.31816010002512,261.3,260.0
119.60536329995375,261.3,260.0
119.92853799997829,261.5,260.0
120.24797819997184,261.5,260.0
120.5516498000361,261.5,260.0
120.86733849998564,261.40000000000003,260.0
121.18974870000966,261.40000000000003,260.0
121.4932417999953,261.40000000000003,260.0
121.79837580001913,261.5,260.0
122.11493300006259,261.5,260.0
122.43629930005409,261.6,260.0
122.74126689997502,261.6,260.0
123.05936159996781,261.6,260.0
123.3643669000594,261.5,260.0
123.68440510006621,261.5,260.0
123.98910490004346,261.5,260.0
124.3078851000173,261.7,260.0
124.62923139997292,261.7,260.0
124.93233880004846,261.7,260.0
125.25148500001524,261.5,260.0
125.56944650004152,261.5,260.0
125.85841079999227,261.5,260.0
126.1797804000089,261.7,260.0
126.49758319999091,261.7,260.0
126.80212130001746,261.7,260.0
127.1235016999999,261.6,260.0
127.44059530005325,261.6,260.0
127.72992409998551,261.7,260.0
128.05020539998077,261.7,260.0
128.36977830005344,261.7,260.0
128.6857866999926,261.7,260.0
128.99121480004396,261.7,260.0
129.3127978000557,261.7,260.0
129.631279299967,261.7,260.0
129.917211699998,261.7,260.0
130.23737710004207,261.7,260.0
130.5569018999813,261.7,260.0
130.86125079996418,261.7,260.0
131.18193229997996,261.7,260.0
131.50322539999615,261.6,260.0
131.82314180000685,261.6,260.0
132.1239493000321,261.7,260.0
132.44678430003114,261.7,260.0
132.7659466000041,261.7,260.0
133.06717239995487,261.5,260.0
133.38835350004956,261.5,260.0
133.69361119996756,261.5,260.0
133.99865289998706,261.7,260.0
134.31453870004043,261.7,260.0
134.63794349995442,261.7,260.0
134.95710999995936,261.5,260.0
135.25865870004054,261.5,260.0
135.5628155999584,261.5,260.0
135.8814992000116,261.5,260.0
136.20456780004315,261.5,260.0
136.50834529998247,261.5,260.0
136.81122709996998,261.5,260.0
137.1307256000582,261.5,260.0
137.4480201000115,261.40000000000003,260.0
137.75609939999413,261.40000000000003,260.0
138.0759458000539,261.40000000000003,260.0
138.37982569995802,261.40000000000003,260.0
138.69981839996763,261.40000000000003,260.0
139.0024306999985,261.40000000000003,260.0
139.32111660006922,261.2,260.0
139.64076089998707,261.2,260.0
139.94705259997863,261.2,260.0
140.25073229998816,261.3,260.0
140.56822030001786,261.3,260.0
140.88609300006647,261.3,260.0
141.20641300000716,261.1,260.0
141.52709970006254,261.1,260.0
141.83312159997877,261.2,260.0
142.153242600034,261.2,260.0
142.47009239997715,261.2,260.0
142.7599224000005,261.0,260.0
143.07902319997083,261.0,260.0
143.39989380002953,261.0,260.0
143.71918859996367,261.0,260.0
144.0207390000578,261.0,260.0
144.3275122999912,261.0,260.0
144.64705520006828,260.90000000000003,260.0
144.96309029997792,260.90000000000003,260.0
145.28315959998872,260.90000000000003,260.0
145.57475220004562,260.8,260.0
145.89381210005376,260.8,260.0
146.21404420002364,260.90000000000003,260.0
146.53290540003218,260.90000000000003,260.0
146.83485870005097,260.90000000000003,260.0
147.1561204000609,260.6,260.0
147.47547549998853,260.6,260.0
147.78047940006945,260.6,260.0
148.09865860000718,260.7,260.0
148.41837139998097,260.7,260.0
148.73983330000192,260.7,260.0
149.04386740003247,260.5,260.0
149.34595260000788,260.5,260.0
149.66520070005208,260.5,260.0
149.9685446000658,260.6,260.0
150.28794379997998,260.6,260.0
150.6115883999737,260.5,260.0
150.9284565000562,260.5,260.0
151.21627179998904,260.5,260.0
151.53514479997102,260.40000000000003,260.0
151.85517220001202,260.40000000000003,260.0
152.16243240004405,260.40000000000003,260.0
152.46410370001104,260.40000000000003,260.0
152.7842897999799,260.40000000000003,260.0
153.10473520006053,260.40000000000003,260.0
153.40999459999148,260.2,260.0
153.72747519996483,260.2,260.0
154.04596230003517,260.2,260.0
154.3672474999912,260.40000000000003,260.0
154.67313670006115,260.40000000000003,260.0
154.99226480000652,260.2,260.0
155.309126200038,260.2,260.0
155.61251530004665,260.2,260.0
155.91626159998123,260.40000000000003,260.0
156.23591759998817,260.40000000000003,260.0
156.55920580006205,260.40000000000003,260.0
156.8755436000647,260.2,260.0
157.1794187000487,260.2,260.0
157.50345730001573,260.2,260.0
157.8032473999774,260.2,260.0
158.10896900005173,260.2,260.0
158.42757930001244,260.2,260.0
158.7475842999993,260.2,260.0
159.05183849995956,260.2,260.0
159.37222909997217,260.1,260.0
159.67389630002435,260.1,260.0
159.9943026000401,260.1,260.0
160.31616789998952,260.2,260.0
160.63633829995524,260.2,260.0
160.9370396999875,260.2,260.0
161.257331800065,260.0,260.0
161.57961999997497,260.0,260.0
161.89910310006235,260.0,260.0
162.20245820004493,260.2,260.0
162.52303849998862,260.2,260.0
162.84018259996083,260.2,260.0
163.1635268999962,260.0,260.0
163.44904710003175,260.0,260.0
163.77049560006708,260.1,260.0
164.08986890001688,260.1,260.0
164.4071527000051,260.1,260.0
164.7113920999691,260.0,260.0
165.0152755000163,260.0,260.0
165.33410850004293,260.0,260.0
165.63871880003717,260.0,260.0
165.95971329999156,260.0,260.0
166.27847809996456,260.0,260.0
166.58209120004904,260.1,260.0
166.9038026999915,260.1,260.0
167.20851310004946,260.1,260.0
167.508649699972,259.90000000000003,260.0
167.83075640001334,259.90000000000003,260.0
168.14999279996846,260.1,260.0
168.4535599000519,260.1,260.0
168.77249820006546,260.1,260.0
169.0793203000212,259.90000000000003,260.0
169.3956725000171,259.90000000000003,260.0
169.7176535000326,259.90000000000003,260.0
170.01920430001337,260.1,260.0
170.32545590004884,260.1,260.0
170.64282349997666,260.1,260.0
170.96602190006524,259.90000000000003,260.0
171.26850480004214,259.90000000000003,260.0
171.58994400000665,259.90000000000003,260.0
171.905618699966,260.0,260.0
172.21033120003995,260.0,260.0
172.51547740004025,260.0,260.0
172.83320680004545,259.90000000000003,260.0
173.15646430000197,259.90000000000003,260.0
173.45769079995807,259.8,260.0
173.77794669999275,259.8,260.0
174.08363750006538,259.8,260.0
174.40013850003015,260.0,260.0
174.72337430005427,260.0,260.0
175.02549729996826,260.0,260.0
175.34392600005958,259.7,260.0
175.66434630006552,259.7,260.0
175.96811080002226,259.7,260.0
176.28698109998368,260.0,260.0
176.60648950003088,260.0,260.0
176.92817640001886,260.0,260.0
177.23210480005946,259.8,260.0
177.5370728999842,259.8,260.0
177.85650670004543,259.90000000000003,260.0
178.16088850004598,259.90000000000003,260.0
178.47699760005344,259.90000000000003,260.0
178.79900860006455,259.90000000000003,260.0
179.08761339995544,259.90000000000003,260.0
179.4088391000405,259.90000000000003,260.0
179.72532910003792,259.8,260.0
180.04392049997114,259.8,260.0
180.3481921000639,259.8,260.0
180.67080059996806,259.90000000000003,260.0
180.99064960004762,259.90000000000003,260.0
181.27702360006515,259.90000000000003,260.0
181.59743880003225,259.7,260.0
181.91795729997102,259.7,260.0
182.22179199999664,259.90000000000003,260.0
182.54221860005055,259.90000000000003,260.0
182.8588970999699,259.90000000000003,260.0
183.16399629996158,259.7,260.0
183.4696721000364,259.7,260.0
183.78770960005932,259.7,260.0
184.1082198000513,260.0,260.0
184.41026300005615,260.0,260.0
184.71398510003928,260.0,260.0
185.03397840005346,259.8,260.0
185.35300820006523,259.8,260.0
185.65737330005504,259.8,260.0
185.97703660000116,259.90000000000003,260.0
186.29592890001368,259.90000000000003,260.0
186.60161290003452,259.90000000000003,260.0
186.90346910001244,259.90000000000003,260.0
187.22345050005242,259.90000000000003,260.0
187.54519289999735,259.8,260.0
187.8507469999604,259.8,260.0
188.16669820004608,259.8,260.0
188.48957390000578,260.0,260.0
188.7901096000569,260.0,260.0
189.09781030006707,260.0,260.0
189.4140170000028,259.8,260.0
189.73768659995403,259.8,260.0
190.03853040002286,259.8,260.0
190.3571232999675,260.1,260.0
190.66194420005195,260.1,260.0
190.9660792000359,260.1,260.0
191.28789250005502,259.90000000000003,260.0
191.6055064999964,259.90000000000003,260.0
191.92570819996763,260.0,260.0
192.22861180000473,260.0,260.0
192.55078960000537,260.0,260.0
192.8705617999658,260.0,260.0
193.18910570000298,260.0,260.0
193.49139570002444,260.0,260.0
193.81105410004966,260.0,260.0
194.11853320000228,260.0,260.0
194.4226121000247,260.0,260.0
194.74103350006044,260.0,260.0
195.0585807999596,260.0,260.0
195.3633131000679,260.0,260.0
195.68332850001752,259.90000000000003,260.0
195.98583090002649,259.90000000000003,260.0
196.3053246999625,260.1,260.0
196.62543350004125,260.1,260.0
196.91624549997505,260.1,260.0
197.23392110003624,259.90000000000003,260.0
197.55567470006645,259.90000000000003,260.0
197.87379830004647,259.90000000000003,260.0
198.17945779999718,260.1,260.0
198.49546600005124,260.1,260.0
198.8165453999536,260.1,260.0
199.13819029997103,260.0,260.0
199.45734149997588,260.0,260.0
199.75897690001875,260.0,260.0
200.06329590000678,260.1,260.0
200.38672589999624,260.1,260.0
200.68941500002984,260.1,260.0
201.00729199999478,260.1,260.0
201.32647970004473,260.1,260.0
201.63278260000516,259.90000000000003,260.0
201.95061369996984,259.90000000000003,260.0
202.25565870001446,259.90000000000003,260.0
202.57365959999152,260.1,260.0
202.880813100026,260.1,260.0
203.20071740006097,260.1,260.0
203.50168930005748,259.90000000000003,260.0
203.82396710000467,259.90000000000003,260.0
204.1260181000689,259.90000000000003,260.0
204.44388979999349,260.1,260.0
204.76340419996995,260.1,260.0
205.0696208999725,259.90000000000003,260.0
205.37477770005353,259.90000000000003,260.0
205.69136519997846,259.90000000000003,260.0
206.01193140004762,260.1,260.0
206.33453009999357,260.1,260.0
206.62068799999543,260.1,260.0
206.94074450002518,260.0,260.0
207.25980640004855,260.0,260.0
207.58073240006343,260.0,260.0
207.88503150001634,260.0,260.0
208.20299510005862,260.0,260.0
208.52349250006955,260.0,260.0
208.84388289996423,260.1,260.0
209.16388730006292,260.1,260.0
209.45051960006822,260.1,260.0
209.77195980004035,260.0,260.0
210.09251190000214,260.0,260.0
210.41020839998964,260.2,260.0
210.73108439997304,260.2,260.0
211.0332359999884,260.2,260.0
211.35220480000135,260.0,260.0
211.67402799997944,260.0,260.0
211.97771320003085,260.0,260.0
212.27939140005037,260.2,260.0
212.60071679996327,260.2,260.0
212.9207643000409,260.2,260.0
213.24249500001315,260.0,260.0
213.56139260006603,260.0,260.0
213.88127080001868,260.1,260.0
214.2012640000321,260.1,260.0
214.5052827000618,260.1,260.0
214.82455630006734,260.1,260.0
215.14189980004448,260.1,260.0
215.44478260003962,260.1,260.0
215.76804110000376,260.0,260.0
216.07246339996345,260.0,260.0
216.39000490005128,260.0,260.0
216.6935586000327,260.1,260.0
217.01223870005924,260.1,260.0
217.31701650004834,260.1,260.0
217.62283310003113,260.0,260.0
217.93924470001366,260.0,260.0
218.25885370001197,260.2,260.0
218.56206230004318,260.2,260.0
218.88591379998252,260.2,260.0
219.20178470003884,260.1,260.0
219.50570810004137,260.1,260.0
219.81301869999152,260.1,260.0
220.13212850003038,260.2,260.0
220.4527907000156,260.2,260.0
220.77262499998324,260.2,260.0
221.05894979997538,260.2,260.0
221.38025619997643,260.2,260.0
221.69955709995702,260.2,260.0
222.0166135999607,260.1,260.0
222.319721100037,260.1,260.0
222.626470600022,260.1,260.0
222.94366360001732,260.2,260.0
223.26426129997708,260.2,260.0
223.5857682999922,260.0,260.0
223.89107060001697,260.0,260.0
224.2063621999696,260.0,260.0
224.5292819000315,260.2,260.0
224.8335585000459,260.2,260.0
225.15220180002507,260.2,260.0
225.47158829995897,260.0,260.0
225.77631310001016,260.0,260.0
226.09551720006857,260.0,260.0
226.39972580003086,260.2,260.0
226.70202600001357,260.2,260.0
227.02125109999906,260.2,260.0
227.34058740001637,260.1,260.0
227.64535979996435,260.1,260.0
227.96452290005982,260.2,260.0
228.28749320004135,260.2,260.0
228.57473340001889,260.2,260.0
228.89358779997565,260.2,260.0
229.21374499995727,260.2,260.0
229.53393270005472,260.2,260.0
229.83671090006828,260.1,260.0
230.14265299995895,260.1,260.0
230.4606287999777,260.1,260.0
230.76559720002115,260.2,260.0
231.0830730999587,260.2,260.0
231.38573810004164,260.2,260.0
231.70579370006453,260.0,260.0
232.02877410000656,260.0,260.0
232.33068240003195,260.3,260.0
232.64909029996488,260.3,260.0
232.96871599997394,260.3,260.0
233.2748107999796,260.1,260.0
233.57956129999366,260.1,260.0
233.89868209999986,260.1,260.0
234.21802500006743,260.2,260.0
234.52228290005587,260.2,260.0
234.8422801999841,260.2,260.0
235.14695099997334,260.1,260.0
235.46623640006874,260.1,260.0
235.78416409995407,260.1,260.0
236.0703208000632,260.1,260.0
236.40937919996213,260.1,260.0
236.71374330006074,260.1,260.0
237.03086299996357,260.2,260.0
237.33660869998857,260.2,260.0
237.63829919998534,260.1,260.0
237.95748860004824,260.1,260.0
238.27724399999715,260.1,260.0
238.58174289995804,260.2,260.0
238.90233049995732,260.2,260.0
239.2236630000407,260.2,260.0
239.52476229995955,260.0,260.0
239.8458593999967,260.0,260.0
240.1662252000533,260.0,260.0
240.48739829997066,260.3,260.0
240.7894617000129,260.3,260.0
241.09253789996728,260.3,260.0
241.4119799999753,260.1,260.0
241.73174519999884,260.1,260.0
242.03406720003113,260.2,260.0
242.340757100028,260.2,260.0
242.65887799998745,260.2,260.0
242.9785171999829,260.1,260.0
243.29898840002716,260.1,260.0
243.58772499999031,260.1,260.0
243.90737430006266,260.1,260.0
244.22595550003462,260.1,260.0
244.5315597000299,260.1,260.0
244.85208059998695,260.2,260.0
245.16959469998255,260.2,260.0
245.47273370006587,260.2,260.0
245.79548209998757,260.0,260.0
246.09703730000183,260.0,260.0
246.419267600053,260.2,260.0
246.73749490000773,260.2,260.0
247.0434086000314,260.2,260.0
247.34328639996238,260.0,260.0
247.6627500000177,260.0,260.0
247.9859390000347,260.0,260.0
248.26989410002716,260.2,260.0
248.6058989999583,260.2,260.0
248.92786100006197,260.2,260.0
249.21553240006324,260.1,260.0
249.53540839999914,260.1,260.0
249.8558144000126,260.1,260.0
250.16016550001223,260.1,260.0
250.47800949995872,260.1,260.0
250.79687610000838,260.1,260.0
251.10463660000823,260.1,260.0
251.42061649996322,260.1,260.0
251.7428409999702,259.90000000000003,260.0
252.0630342999939,259.90000000000003,260.0
252.36539859999903,259.90000000000003,260.0
252.6872912000399,260.1,260.0
252.98809280002024,260.1,260.0
253.3106990000233,260.1,260.0
253.61152909998782,259.90000000000003,260.0
253.93344789999537,259.90000000000003,260.0
254.250959899975,259.90000000000003,260.0
254.5580222000135,260.2,260.0
254.86041780002415,260.2,260.0
255.17725219996646,260.2,260.0
255.49996260006446,260.0,260.0
255.81943430006504,260.0,260.0
256.1051440000301,260.1,260.0
256.42666700005066,260.1,260.0
256.7489366000518,260.1,260.0
257.0677715999773,260.0,260.0
257.38396140001714,260.0,260.0
257.6877887999872,260.0,260.0
258.00812929996755,259.90000000000003,260.0
258.32944770006,259.90000000000003,260.0
258.6333835000405,259.90000000000003,260.0
258.9393038999988,260.0,260.0
259.25638909998816,260.0,260.0
259.57468349998817,260.0,260.0
259.880723600043,259.8,260.0
260.1999270999804,259.8,260.0
260.5182860000059,260.1,260.0
260.8091828000033,260.1,260.0
261.1265051000519,260.1,260.0
261.4483161000535,259.90000000000003,260.0
261.7678431000095,259.90000000000003,260.0
262.05648430006113,259.90000000000003,260.0
262.3767638000427,260.1,260.0
262.696303899982,260.1,260.0
263.0155176999979,260.1,260.0
263.31673179997597,260.0,260.0
263.63987089996226,260.0,260.0
263.9418585000094,260.0,260.0
264.26253050006926,260.0,260.0
264.5658126999624,260.0,260.0
264.8872725999681,260.0,260.0
265.20592139998917,260.0,260.0
265.5066005999688,260.0,260.0
265.8104431000538,259.90000000000003,260.0
266.1329650999978,259.90000000000003,260.0
266.43396799999755,259.90000000000003,260.0
266.75762869999744,260.0,260.0
267.07545040000696,260.0,260.0
267.3787771000061,260.0,260.0
267.6992350000655,259.8,260.0
268.01815799996257,259.8,260.0
268.30893179995473,259.8,260.0
268.62478229997214,260.1,260.0
268.9449616000056,260.1,260.0
269.26503370003775,259.90000000000003,260.0
269.5698595000431,259.90000000000003,260.0
269.8745648000622,259.90000000000003,260.0
270.1923119999701,260.1,260.0
270.51218119997066,260.1,260.0
270.83090050006285,260.1,260.0
271.12024189997464,260.0,260.0
271.4416619000258,260.0,260.0
271.76132609997876,260.0,260.0
272.0626312000677,259.90000000000003,260.0
272.3843228999758,259.90000000000003,260.0
272.6880377000198,259.90000000000003,260.0
273.009743600036,260.0,260.0
273.3294949999545,260.0,260.0
273.6308543999912,260.0,260.0
273.95023439999204,259.8,260.0
274.2699237000197,259.8,260.0
274.57583540002815,260.0,260.0
274.896223400021,260.0,260.0
275.2149180000415,260.0,260.0
275.53484279999975,259.8,260.0
275.8365628999891,259.8,260.0
276.14191929996014,259.8,260.0
276.4594780000625,260.0,260.0
276.76678319997154,260.0,260.0
277.0858182000229,260.0,260.0
277.3901391000254,260.0,260.0
277.70733670005575,260.0,260.0
278.0298277999973,260.0,260.0
278.330130700022,260.0,260.0
278.65361040004063,260.0,260.0
278.95659910002723,260.1,260.0
279.27618529996835,260.1,260.0
279.57839779998176,260.1,260.0
279.8986862000311,259.90000000000003,260.0
280.21829920005985,259.90000000000003,260.0
280.5396508000558,259.90000000000003,260.0
280.86024389998056,260.1,260.0
281.1624581000069,260.1,260.0
281.48159199999645,260.1,260.0
281.7868131999858,259.90000000000003,260.0
282.1071832999587,259.90000000000003,260.0
282.4107840000652,259.90000000000003,260.0
282.71423769998364,260.1,260.0
283.0344329000218,260.1,260.0
283.35303530003875,259.90000000000003,260.0
283.65804390003905,259.90000000000003,260.0
283.97775590000674,259.90000000000003,260.0
284.2972127000103,260.0,260.0
284.61789790005423,260.0,260.0
284.9218787000282,260.0,260.0
285.24018980003893,260.0,260.0
285.5588209000416,260.0,260.0
285.877526700031,260.0,260.0
286.1645246000262,259.90000000000003,260.0
286.48460880003404,259.90000000000003,260.0
286.8063326999545,259.90000000000003,260.0
287.1090389000019,260.1,260.0
287.4281308000209,260.1,260.0
287.74806020001415,259.90000000000003,260.0
288.0516595999943,259.90000000000003,260.0
288.3729093000293,259.90000000000003,260.0
288.67662379995454,260.1,260.0
288.9976550999563,260.1,260.0
289.3018601000076,260.1,260.0
289.6220498000039,259.8,260.0
289.9263124000281,259.8,260.0
290.24269810004625,259.8,260.0
290.5641225000145,260.0,260.0
290.87094429996796,260.0,260.0
291.1852348999819,260.0,260.0
291.5086199999787,259.90000000000003,260.0
291.81284430006053,259.90000000000003,260.0
292.1327467999654,259.90000000000003,260.0
292.4507171000587,259.90000000000003,260.0
292.77052150003146,259.90000000000003,260.0
293.07519590004813,260.0,260.0
293.3797018000623,260.0,260.0
293.695614199969,260.0,260.0
294.00175120006315,259.90000000000003,260.0
294.32125110004563,259.90000000000003,260.0
294.64033820002805,259.90000000000003,260.0
294.94631779997144,260.1,260.0
295.2482983999653,260.1,260.0
295.5678359000012,260.1,260.0
295.8720946999965,259.90000000000003,260.0
296.19393359997775,259.90000000000003,260.0
296.5098029000219,260.1,260.0
296.81499580002856,260.1,260.0
297.1369871000061,260.1,260.0
297.43990790005773,259.90000000000003,260.0
297.7601521000033,259.90000000000003,260.0
298.07902419997845,259.90000000000003,260.0
298.3839280999964,260.1,260.0
298.70016660005786,260.1,260.0
299.02229540003464,260.1,260.0
299.3267143999692,260.0,260.0
299.6470466000028,260.0,260.0
299.96724769996945,260.0,260.0
300.2694355000276,260.0,260.0
300.5898137000622,260.0,260.0
300.91066070005763,260.1,260.0
301.2132630000124,260.1,260.0
301.53054870001506,260.1,260.0
301.83618270000443,260.0,260.0
302.1423372999998,260.0,260.0
302.4608035000274,260.0,260.0
302.7647199999774,260.2,260.0
303.0844278000295,260.2,260.0
303.4025668000104,260.2,260.0
303.72191750002094,260.0,260.0
304.02797850000206,260.0,260.0
304.33026089996565,260.0,260.0
304.65047750005033,260.2,260.0
304.95293939998373,260.2,260.0
305.27622260001954,260.2,260.0
305.5795405000681,260.0,260.0
305.89545559999533,260.0,260.0
306.21704999997746,260.1,260.0
306.5218618999934,260.1,260.0
306.8411163999699,260.1,260.0
307.1462386000203,260.1,260.0
307.46249649999663,260.1,260.0
307.7847161999671,260.1,260.0
308.0861574000446,259.90000000000003,260.0
308.39194280002266,259.90000000000003,260.0
308.7111311999615,259.90000000000003,260.0
309.0160297000548,260.1,260.0
309.3349002000177,260.1,260.0
309.6565938000567,260.1,260.0
309.9573061000556,259.90000000000003,260.0
310.2779089000542,259.90000000000003,260.0
310.6007912000641,260.1,260.0
310.888071399997,260.1,260.0
311.20790609996766,260.1,260.0
311.52626369998325,259.90000000000003,260.0
311.84769930003677,259.90000000000003,260.0
312.1487574999919,259.90000000000003,260.0
312.4551564999856,260.0,260.0
312.7741559999995,260.0,260.0
313.0946136000566,260.0,260.0
313.3959807000356,260.0,260.0
313.69907480000984,260.0,260.0
314.0219192999648,260.0,260.0
314.3261977999937,260.0,260.0
314.6452008000342,260.0,260.0
314.96341670001857,260.0,260.0
315.26839300000574,260.1,260.0
315.5867478,260.1,260.0
315.906008400023,259.90000000000003,260.0
316.227936899988,259.90000000000003,260.0
316.5298066000687,259.90000000000003,260.0
316.84861890005413,260.1,260.0
317.16946040000767,260.1,260.0
317.49187969998457,260.1,260.0
317.7770964000374,259.90000000000003,260.0
318.09709860000294,259.90000000000003,260.0
318.4171442000661,259.90000000000003,260.0
318.7360779000446,260.1,260.0
319.042295100051,260.1,260.0
319.3460014000302,260.1,260.0
319.66283759998623,260.0,260.0
319.98397850000765,260.0,260.0
320.30407389998436,260.1,260.0
320.58999390003737,260.1,260.0
320.91292240004987,260.1,260.0
321.2317710999632,260.1,260.0
321.53539540001657,260.1,260.0
321.8566800999688,260.1,260.0
322.16112119995523,259.0,260.0
322.4775149000343,259.0,260.0
322.7826517999638,257.6,260.0
323.1014158000471,257.6,260.0
323.4235863999929,257.6,260.0
323.72734940005466,256.3,260.0
324.0295293000527,256.3,260.0
324.350146300043,256.3,260.0
324.6683763000183,255.0,260.0
324.9732787000248,255.0,260.0
325.29358030005824,253.9,260.0
325.5956701000687,253.9,260.0
325.91871380002704,253.9,260.0
326.2196042999858,253.0,260.0
326.5420971000567,253.0,260.0
326.85780979995616,253.0,260.0
327.1774314000504,252.0,260.0
327.50017270003445,252.0,260.0
327.80224029999226,251.20000000000002,260.0
328.124792000046,251.20000000000002,260.0
328.44145759998355,251.20000000000002,260.0
328.74637539999094,250.4,260.0
329.0670606000349,250.4,260.0
329.3855027999962,250.4,260.0
329.6902526000049,249.60000000000002,260.0
330.0094128999626,249.60000000000002,260.0
330.31348230002914,248.9,260.0
330.63435489998665,248.9,260.0
330.95474449999165,248.9,260.0
331.27342029998545,248.20000000000002,260.0
331.56208050006535,248.20000000000002,260.0
331.88057569996454,248.20000000000002,260.0
332.2013524000067,247.4,260.0
332.5042161999736,247.4,260.0
332.8247954000253,246.70000000000002,260.0
333.14375000004657,246.70000000000002,260.0
333.44929440005217,246.70000000000002,260.0
333.7494631999871,246.10000000000002,260.0
334.0694102999987,246.10000000000002,260.0
334.38963270001113,245.3,260.0
334.6953999999678,245.3,260.0
335.0139266999904,245.3,260.0
335.3180157999741,244.70000000000002,260.0
335.6223643999547,244.70000000000002,260.0
335.94027190003544,244.70000000000002,260.0
336.2621031999588,244.0,260.0
336.5833458000561,244.0,260.0
336.8834288000362,243.3,260.0
337.1883814999601,243.3,260.0
337.5108687999891,243.3,260.0
337.8145880000666,242.60000000000002,260.0
338.1304019000381,242.60000000000002,260.0
338.45347930002026,242.60000000000002,260.0
338.77285960002337,242.0,260.0
339.05822180001996,242.0,260.0
339.3798746999819,241.3,260.0
339.70088739995845,241.3,260.0
340.00234010000713,241.3,260.0
340.3227598000085,240.70000000000002,260.0
340.62691240001004,240.70000000000002,260.0
340.9470561000053,240.70000000000002,260.0
341.26712710002903,240.10000000000002,260.0
341.5680525000207,240.10000000000002,260.0
341.88766869995743,239.4,260.0
342.1954122000607,239.4,260.0
342.4979837000137,239.4,260.0
342.81936439999845,238.8,260.0
343.1367235999787,238.8,260.0
343.4406792999944,238.8,260.0
343.74611479998566,238.20000000000002,260.0
344.0634692000458,238.20000000000002,260.0
344.3833138999762,237.5,260.0
344.7026662999997,237.5,260.0
345.00749960006215,237.5,260.0
345.3119248000439,236.9,260.0
345.6316133000655,236.9,260.0
345.9494410000043,236.9,260.0
346.27056269999593,236.3,260.0
346.59133570000995,236.3,260.0
346.8929733999539,235.60000000000002,260.0
347.2159647999797,235.60000000000002,260.0
347.53271870000754,235.60000000000002,260.0
347.81998819997534,235.10000000000002,260.0
348.14320329995826,235.10000000000002,260.0
348.4630531000439,235.10000000000002,260.0
348.7829906999832,234.5,260.0
349.08720750000793,234.5,260.0
349.38740690005943,233.9,260.0
349.70729859999847,233.9,260.0
350.02779429999646,233.9,260.0
350.33305979997385,233.3,260.0
350.6511515000602,233.3,260.0
350.9703833999811,233.3,260.0
351.2741711999988,232.8,260.0
351.57798850000836,232.8,260.0
351.89954030001536,232.20000000000002,260.0
352.20132390002254,232.20000000000002,260.0
352.52033269999083,232.20000000000002,260.0
352.8435863000341,231.60000000000002,260.0
353.1481826000381,231.60000000000002,260.0
353.4488793000346,231.60000000000002,260.0
353.76855190005153,231.10000000000002,260.0
354.0906662000343,231.10000000000002,260.0
354.39486949995626,230.5,260.0
354.71455979999155,230.5,260.0
355.0158388999989,230.5,260.0
355.3383498999756,229.9,260.0
355.63837289996445,229.9,260.0
355.95958320004866,229.4,260.0
356.26271549996454,229.4,260.0
356.5853626000462,229.4,260.0
356.90438610001,228.8,260.0
357.2068392999936,228.8,260.0
357.5265347000677,228.8,260.0
357.83268930006307,228.3,260.0
358.14972059999127,228.3,260.0
358.4535018999595,227.70000000000002,260.0
358.77236599999014,227.70000000000002,260.0
359.0766977999592,227.70000000000002,260.0
359.3964200000046,227.20000000000002,260.0
359.71984140004497,227.20000000000002,260.0
360.0204700999893,227.20000000000002,260.0
360.3420699000126,226.60000000000002,260.0
360.6616028000135,226.60000000000002,260.0
360.9488144000061,226.10000000000002,260.0
361.26894510001875,226.10000000000002,260.0
361.5865967000136,226.10000000000002,260.0
361.89324790006503,225.5,260.0
362.2113504000008,225.5,260.0
362.52944780001417,225.5,260.0
362.83431030006614,225.0,260.0
363.15300210006535,225.0,260.0
363.47650129999965,224.5,260.0
363.78003470005933,224.5,260.0
364.09837020002306,224.5,260.0
364.4171075000195,223.9,260.0
364.7211770999711,223.9,260.0
365.0399817000143,223.9,260.0
365.36222420004196,223.4,260.0
365.6659850999713,223.4,260.0
365.9852365000406,222.9,260.0
366.2902691999916,222.9,260.0
366.59237940004095,222.9,260.0
366.9118039000314,222.4,260.0
367.23325459996704,222.4,260.0
367.53833510004915,222.4,260.0
367.85443940002006,221.9,260.0
368.1749560000608,221.9,260.0
368.49530289997347,221.4,260.0
368.8011521999724,221.4,260.0
369.1215718999738,221.4,260.0
369.4374591000378,220.9,260.0
369.74249239999335,220.9,260.0
370.04744930006564,220.9,260.0
370.36478399997577,220.4,260.0
370.6872622000519,220.4,260.0
371.00734979996923,219.9,260.0
371.2920276999939,219.9,260.0
371.61247539997566,219.9,260.0
371.93303890002426,219.3,260.0
372.23949579999316,219.3,260.0
372.55765960004646,218.8,260.0
372.8771557,218.8,260.0
373.16618159995414,218.8,260.0
373.4841407999629,218.3,260.0
373.80391350004356,218.3,260.0
374.1100427999627,218.3,260.0
374.427731600008,217.70000000000002,260.0
374.74625640001614,217.70000000000002,260.0
375.0514227000531,217.20000000000002,260.0
375.3535758999642,217.20000000000002,260.0
375.6743906000629,217.20000000000002,260.0
375.9926909999922,216.70000000000002,260.0
376.2987922000466,216.70000000000002,260.0
376.61831279995386,216.70000000000002,260.0
376.9372376999818,216.20000000000002,260.0
377.2413785000099,216.20000000000002,260.0
377.55998380004894,215.70000000000002,260.0
377.86738089995924,215.70000000000002,260.0
378.1864094999619,215.70000000000002,260.0
378.49087049998343,215.20000000000002,260.0
378.81072139996104,215.20000000000002,260.0
379.1134916000301,215.20000000000002,260.0
379.4341807999881,214.70000000000002,260.0
379.73405349999666,214.70000000000002,260.0
380.05773150001187,214.20000000000002,260.0
380.35915000003297,214.20000000000002,260.0
380.6776704000076,214.20000000000002,260.0
380.9836615000386,213.8,260.0
381.30235030001495,213.8,260.0
381.62181749998126,213.8,260.0
381.94442389998585,213.3,260.0
382.2294763000682,213.3,260.0
382.5503729999764,212.8,260.0
382.8703530000057,212.8,260.0
383.188035500003,212.8,260.0
383.49366370006464,212.4,260.0
383.79895580001175,212.4,260.0
384.11817649996374,212.4,260.0
384.4363851000089,211.9,260.0
384.74276349996217,211.9,260.0
385.04396679997444,211.4,260.0
385.364857400069,211.4,260.0
385.68557680002414,211.4,260.0
386.00524550001137,211.0,260.0
386.3102345999796,211.0,260.0
386.61012159998063,211.0,260.0
386.9324382999912,210.5,260.0
387.23361190001015,210.5,260.0
387.5542713999748,210.0,260.0
387.874164900044,210.0,260.0
388.1939763999544,210.0,260.0
388.5166110000573,209.60000000000002,260.0
388.81708159996197,209.60000000000002,260.0
389.13869269995485,209.60000000000002,260.0
389.4422349999659,209.10000000000002,260.0
389.76258249999955,209.10000000000002,260.0
390.08241300005466,208.70000000000002,260.0
390.40139739995357,208.70000000000002,260.0
390.70685910002794,208.70000000000002,260.0
391.0261484000366,208.3,260.0
391.34651329996996,208.3,260.0
391.6488743000664,208.3,260.0
391.95344359998126,207.8,260.0
392.2710754000582,207.8,260.0
392.5923195000505,207.4,260.0
392.89463250001427,207.4,260.0
393.2152354000136,207.4,260.0
393.51820379996207,207.0,260.0
393.8393135999795,207.0,260.0
394.1576653000666,206.60000000000002,260.0
394.46275960002095,206.60000000000002,260.0
394.7674314000178,206.60000000000002,260.0
395.08611609996296,206.20000000000002,260.0
395.40574590000324,206.20000000000002,260.0
395.7083075999981,206.20000000000002,260.0
396.03076140000485,205.8,260.0
396.35049700003583,205.8,260.0
396.63851029996295,205.3,260.0
396.9582117999671,205.3,260.0
397.2743611000478,205.3,260.0
397.5950206000125,204.9,260.0
397.90191080002114,204.9,260.0
398.20240509998985,204.9,260.0
398.52290149999317,204.5,260.0
398.8283871000167,204.5,260.0
399.14637970004696,204.10000000000002,260.0
399.45170840003993,204.10000000000002,260.0
399.77155950001907,204.10000000000002,260.0
400.09203429997433,203.70000000000002,260.0
400.4103169000009,203.70000000000002,260.0
400.7145333000226,203.70000000000002,260.0
401.03425699996296,203.3,260.0
401.3552453999873,203.3,260.0
401.6723597999662,202.8,260.0
401.97618490003515,202.8,260.0
402.2956988000078,202.8,260.0
402.6183670000173,202.4,260.0
402.9187949000625,202.4,260.0
403.2387483000057,202.4,260.0
403.5582935999846,202.0,260.0
403.88178860000335,202.0,260.0
404.16701179998927,201.60000000000002,260.0
404.4866397000151,201.60000000000002,260.0
404.806618200033,201.60000000000002,260.0
405.1109920999734,201.20000000000002,260.0
405.43148779997136,201.20000000000002,260.0
405.7499092000071,201.20000000000002,260.0
406.0562126999721,200.8,260.0
406.3606032000389,200.8,260.0
406.6762469999958,200.4,260.0
406.9962107000174,200.4,260.0
407.30085900006816,200.4,260.0
407.6210022000596,200.0,260.0
407.9269598000683,200.0,260.0
408.24378370004706,200.0,260.0
408.54870719998144,199.60000000000002,260.0
408.8681196999969,199.60000000000002,260.0
409.17151420004666,199.20000000000002,260.0
409.4911307999864,199.20000000000002,260.0
409.79807689995505,199.20000000000002,260.0
410.11735169996973,198.8,260.0
410.43415510002524,198.8,260.0
410.7384474000428,198.8,260.0
411.0448618000373,198.4,260.0
411.3620701000327,198.4,260.0
411.6839373999974,198.0,260.0
411.9881439000601,198.0,260.0
412.3081103999866,198.0,260.0
412.6079574000323,197.60000000000002,260.0
412.92965890001506,197.60000000000002,260.0
413.2517664000625,197.20000000000002,260.0
413.5536076000426,197.20000000000002,260.0
413.8728626000229,197.20000000000002,260.0
414.1776708000107,196.8,260.0
414.4823164000409,196.8,260.0
414.80004760005977,196.8,260.0
415.12024289998226,196.4,260.0
415.4236627999926,196.4,260.0
415.7429857000243,196.0,260.0
416.0662629000144,196.0,260.0
416.3662660999689,196.0,260.0
416.6878371000057,195.60000000000002,260.0
416.98907720006537,195.60000000000002,260.0
417.29445270006545,195.60000000000002,260.0
417.61460760002956,195.20000000000002,260.0
417.93431679997593,195.20000000000002,260.0
418.238459300017,194.9,260.0
418.560438000015,194.9,260.0
418.876026700018,194.9,260.0
419.18154480005614,194.5,260.0
419.48683539999183,194.5,260.0
419.8062452999875,194.5,260.0
420.1113146999851,194.10000000000002,260.0
420.4297580999555,194.10000000000002,260.0
420.74687519995496,193.70000000000002,260.0
421.05163230001926,193.70000000000002,260.0
421.3722742999671,193.70000000000002,260.0
421.67755260004196,193.3,260.0
421.99728170002345,193.3,260.0
422.31807230005506,193.3,260.0
422.6185434999643,193.0,260.0
422.92482800001744,193.0,260.0
423.2415034000296,192.60000000000002,260.0
423.56091000000015,192.60000000000002,260.0
423.86659650004003,192.60000000000002,260.0
424.1864496000344,192.20000000000002,260.0
424.48960169998463,192.20000000000002,260.0
424.7937476000516,192.20000000000002,260.0
425.1159486999968,191.8,260.0
425.41567660006694,191.8,260.0
425.7382758000167,191.4,260.0
426.0559088999871,191.4,260.0
426.3788198999828,191.4,260.0
426.69463399995584,191.0,260.0
426.99985030002426,191.0,260.0
427.31833210005425,191.0,260.0
427.6379539000336,190.70000000000002,260.0
427.94362749997526,190.70000000000002,260.0
428.2488587000407,190.3,260.0
428.56541290006135,190.3,260.0
428.88870280003175,190.3,260.0
429.1906402000459,189.9,260.0
429.50875080004334,189.9,260.0
429.8145128999604,189.9,260.0
430.1328601000132,189.5,260.0
430.4526630999753,189.5,260.0
430.75901489995886,189.20000000000002,260.0
431.06203190004453,189.20000000000002,260.0
431.38177380000707,189.20000000000002,260.0
431.6854667000007,188.8,260.0
432.00349629996344,188.8,260.0
432.3257414000109,188.8,260.0
432.629384299973,188.4,260.0
432.9488213000586,188.4,260.0
433.268628800055,188.10000000000002,260.0
433.5564129999839,188.10000000000002,260.0
433.87614389997907,188.10000000000002,260.0
434.19379749998916,187.70000000000002,260.0
434.49810189998243,187.70000000000002,260.0
434.81821619998664,187.3,260.0
435.12341600004584,187.3,260.0
435.4444880000083,187.3,260.0
435.7631602999754,187.0,260.0
436.0661269000266,187.0,260.0
436.38731699995697,187.0,260.0
436.69062450004276,186.60000000000002,260.0
437.01152369997,186.60000000000002,260.0
437.3313873000443,186.20000000000002,260.0
437.6322633000091,186.20000000000002,260.0
437.93863410002086,186.20000000000002,260.0
438.25720310001634,185.9,260.0
438.5776801999891,185.9,260.0
438.88196919998154,185.9,260.0
439.20224730006885,185.5,260.0
439.5209791000234,185.5,260.0
439.83768350002356,185.20000000000002,260.0
440.14257899997756,185.20000000000002,260.0
440.4615525000263,185.20000000000002,260.0
440.7811484000413,184.8,260.0
441.0868238999974,184.8,260.0
441.39076690003276,184.8,260.0
441.70974409999326,184.5,260.0
442.03084110002965,184.5,260.0
442.33275709999725,184.20000000000002,260.0
442.6553927999921,184.20000000000002,260.0
442.9741715999553,184.20000000000002,260.0
443.27706910006236,183.8,260.0
443.58050879999064,183.8,260.0
443.89994909998495,183.8,260.0
444.20603010000195,183.5,260.0
444.52332529996056,183.5,260.0
444.84639459999744,183.10000000000002,260.0
445.14651820005383,183.10000000000002,260.0
445.46877370006405,183.10000000000002,260.0
445.7722329000244,182.8,260.0
446.09187280002516,182.8,260.0
446.41056980006397,182.8,260.0
446.7159141000593,182.5,260.0
447.0341088999994,182.5,260.0
447.35436650004704,182.10000000000002,260.0
447.67317419999745,182.10000000000002,260.0
447.98058640002273,182.10000000000002,260.0
448.280677700066,181.8,260.0
448.6033145999536,181.8,260.0
448.92300010006875,181.8,260.0
449.2234966000542,181.5,260.0
449.5291409000056,181.5,260.0
449.8472566000419,181.10000000000002,260.0
450.1546353000449,181.10000000000002,260.0
450.47239300003275,181.10000000000002,260.0
450.7927206000313,180.8,260.0
451.0953996999888,180.8,260.0
451.40012300002854,180.8,260.0
451.72194049996324,180.5,260.0
452.05589039996266,180.5,260.0
452.3604003000073,180.20000000000002,260.0
452.6641455000499,180.20000000000002,260.0
452.98241599998437,180.20000000000002,260.0
453.2852681999793,179.8,260.0
453.5915371000301,179.8,260.0
453.9097795999842,179.8,260.0
454.2317816000432,179.9,260.0
454.53523739997763,179.9,260.0
454.8388727999991,179.9,260.0
455.1591909000417,180.3,260.0
455.47607680002693,180.3,260.0
455.7986278999597,180.20000000000002,260.0
456.1186080999905,180.20000000000002,260.0
456.4196092999773,180.20000000000002,260.0
456.740385800018,180.3,260.0
457.04479439998977,180.3,260.0
457.3640753000509,180.3,260.0
457.6819387000287,180.10000000000002,260.0
457.98753489996307,180.10000000000002,260.0
458.30809920001775,180.10000000000002,260.0
458.626584899961,180.10000000000002,260.0
458.93176079995465,180.10000000000002,260.0
459.25098899996374,180.10000000000002,260.0
459.55471739999484,180.10000000000002,260.0
459.8730121999979,180.10000000000002,260.0
460.1797832000302,180.10000000000002,260.0
460.4826954000164,180.10000000000002,260.0
460.80001220002305,180.10000000000002,260.0
461.10382229997776,180.5,260.0
461.42689440003596,180.5,260.0
461.7452188000316,180.5,260.0
462.06476219999604,180.3,260.0
462.3699134000344,180.3,260.0
462.6885806999635,180.3,260.0
462.9906168000307,180.60000000000002,260.0
463.29672300000675,180.60000000000002,260.0
463.6149757000385,180.60000000000002,260.0
463.9350245000096,180.5,260.0
464.2407660000026,180.5,260.0
464.557496799971,180.5,260.0
464.8637275999645,180.70000000000002,260.0
465.1674014000455,180.70000000000002,260.0
465.4872521000216,180.70000000000002,260.0
465.8052196999779,180.60000000000002,260.0
466.1273680999875,180.60000000000002,260.0
466.43041829997674,180.70000000000002,260.0
466.7480596000096,180.70000000000002,260.0
467.06958170002326,180.70000000000002,260.0
467.35537340003066,181.0,260.0
467.6771178999916,181.0,260.0
467.9968591000652,181.0,260.0
468.3027326000156,180.8,260.0
468.6194209000096,180.8,260.0
468.9411287000403,180.8,260.0
469.260746999993,181.20000000000002,260.0
469.5619394000387,181.20000000000002,260.0
469.8813805000391,181.20000000000002,260.0
470.18878339999355,181.0,260.0
470.5085233000573,181.0,260.0
470.828197899973,181.3,260.0
471.13270970003214,181.3,260.0
471.45029309997335,181.3,260.0
471.7686359999934,181.20000000000002,260.0
472.07475569995586,181.20000000000002,260.0
472.37686840002425,181.20000000000002,260.0
472.6953586000018,181.3,260.0
473.01873630005866,181.3,260.0
473.32122030004393,181.3,260.0
473.6264693000121,181.5,260.0
473.9466454000212,181.5,260.0
474.2627784999786,181.5,260.0
474.58389829995576,181.4,260.0
474.8877736000577,181.4,260.0
475.1914881999837,181.4,260.0
475.51255800004583,182.70000000000002,260.0
475.814834699966,182.70000000000002,260.0
476.13450749998447,183.20000000000002,260.0
476.4555060999701,183.20000000000002,260.0
476.76085289998446,183.20000000000002,260.0
477.0801630000351,184.0,260.0
477.3806251999922,184.0,260.0
477.68615470000077,184.0,260.0
478.007893800037,184.5,260.0
478.3241762999678,184.5,260.0
478.63075680006295,184.5,260.0
478.9502529000165,184.5,260.0
479.25100369995926,184.5,260.0
479.57336949999444,184.5,260.0
479.89272320002783,184.20000000000002,260.0
480.1944015000481,184.20000000000002,260.0
480.50111579999793,184.0,260.0
480.82165199995507,184.0,260.0
481.13765930000227,184.0,260.0
481.443546500057,184.20000000000002,260.0
481.7638942999765,184.20000000000002,260.0
482.06556010001805,184.20000000000002,260.0
482.3883937000064,183.9,260.0
482.7055083999876,183.9,260.0
482.9946557000512,183.9,260.0
483.3152842000127,184.8,260.0
483.6332262000069,184.8,260.0
483.9559473999543,184.8,260.0
484.25714300002437,185.0,260.0
484.57624439999927,185.0,260.0
484.8795753000304,185.0,260.0
485.1869912999682,185.3,260.0
485.506354299956,185.3,260.0
485.82249829999637,185.4,260.0
486.1432896000333,185.4,260.0
486.43392840004526,185.4,260.0
486.7540916999569,185.3,260.0
487.07240439997986,185.3,260.0
487.39143209997565,185.3,260.0
487.69619769998826,185.20000000000002,260.0
488.0003715000348,185.20000000000002,260.0
488.32001560006756,185.20000000000002,260.0
488.6377616999671,184.9,260.0
488.94219189998694,184.9,260.0
489.2624942000257,184.9,260.0
489.5662855999544,185.5,260.0
489.87159480003174,185.5,260.0
490.18947029998526,185.4,260.0
490.50968270003796,185.4,260.0
490.82861229998525,185.4,260.0
491.131218799972,186.0,260.0
491.45356210006867,186.0,260.0
491.77379570004996,186.0,260.0
492.09224719996564,186.10000000000002,260.0
492.39838899997994,186.10000000000002,260.0
492.71640380006284,186.10000000000002,260.0
493.0175307999598,186.10000000000002,260.0
493.33777430001646,186.10000000000002,260.0
493.64234310004395,186.10000000000002,260.0
493.9608319000108,186.10000000000002,260.0
494.2820945000276,186.10000000000002,260.0
494.58883769996464,186.10000000000002,260.0
494.89204159996007,186.0,260.0
495.211064800038,186.0,260.0
495.53065660002176,186.8,260.0
495.8508983000647,186.8,260.0
496.1389109999873,186.8,260.0
496.45833150006365,186.8,260.0
496.7795938999625,186.8,260.0
497.09748480003327,186.8,260.0
497.3986831000075,187.60000000000002,260.0
497.7204565999564,187.60000000000002,260.0
498.0408399000298,187.60000000000002,260.0
498.36150030000135,187.8,260.0
498.666049499996,187.8,260.0
498.9819097999716,187.8,260.0
499.28832010005135,188.0,260.0
499.6074969000183,188.0,260.0
499.9105096999556,188.0,260.0
500.232173299999,188.0,260.0
500.5482485999819,188.0,260.0
500.8547637000447,187.9,260.0
501.156760700047,187.9,260.0
501.4779152000556,187.9,260.0
501.7985851999838,188.10000000000002,260.0
502.10311190003995,188.10000000000002,260.0
502.40626980003435,188.10000000000002,260.0
502.7270259000361,187.9,260.0
503.0462835000362,187.9,260.0
503.3667408999754,187.9,260.0
503.6524644000456,188.60000000000002,260.0
503.97357410006225,188.60000000000002,260.0
504.2904728000285,188.60000000000002,260.0
504.60970370005816,188.5,260.0
504.91580880002584,188.5,260.0
505.23649360006675,189.0,260.0
505.5554659999907,189.0,260.0
505.8739486000268,189.0,260.0
506.17994970001746,189.10000000000002,260.0
506.49990469997283,189.10000000000002,260.0
506.8193148999708,189.10000000000002,260.0
507.12386349996086,189.10000000000002,260.0
507.44034540001303,189.10000000000002,260.0
507.7628341000527,189.10000000000002,260.0
508.0633479000535,189.10000000000002,260.0
508.3839983000653,189.10000000000002,260.0
508.70276140002534,189.10000000000002,260.0
509.0090488999849,188.9,260.0
509.31423600006383,188.9,260.0
509.63212049996946,189.3,260.0
509.9370760000311,189.3,260.0
510.2574187000282,189.3,260.0
510.57740609999746,189.0,260.0
510.8794032000005,189.0,260.0
511.20036999997683,189.0,260.0
511.5049935999559,189.5,260.0
511.82158970006276,189.5,260.0
512.1253568000393,189.5,260.0
512.4477670000633,189.4,260.0
512.7651046999963,189.4,260.0
513.0706667000195,189.4,260.0
513.3751213999931,189.60000000000002,260.0
513.6922586000292,189.60000000000002,260.0
514.0133951000171,189.5,260.0
514.3349480000325,189.5,260.0
514.6218943999847,189.5,260.0
514.9416121999966,189.70000000000002,260.0
515.2600628000218,189.70000000000002,260.0
515.580371899996,189.70000000000002,260.0
515.8850741999922,190.3,260.0
516.1857865999918,190.3,260.0
516.5078009000281,190.3,260.0
516.828203800018,190.20000000000002,260.0
517.1488168999786,190.20000000000002,260.0
517.451588200056,190.20000000000002,260.0
517.7730768000474,191.0,260.0
518.0913402000442,191.0,260.0
518.3925049999962,191.0,260.0
518.7131997999968,191.0,260.0
519.0162916999543,191.0,260.0
519.3376729000593,191.3,260.0
519.6565276000183,191.3,260.0
519.977949699969,191.3,260.0
520.2966233000625,191.20000000000002,260.0
520.6011633999879,191.20000000000002,260.0
520.9068709999556,191.20000000000002,260.0
521.2265199000249,191.3,260.0
521.5427237000549,191.3,260.0
521.863891200046,191.3,260.0
522.1691132000415,191.3,260.0
522.4868574000429,191.3,260.0
522.7920163000235,191.3,260.0
523.0937673000153,191.20000000000002,260.0
523.4173355000094,191.20000000000002,260.0
523.7335787999909,191.8,260.0
524.0535911000334,191.8,260.0
524.3748717999551,191.8,260.0
524.6761871000053,191.60000000000002,260.0
524.9966600000625,191.60000000000002,260.0
525.3003698000684,191.60000000000002,260.0
525.6228563999757,192.10000000000002,260.0
525.9270505000604,192.10000000000002,260.0
526.2448766999878,192.10000000000002,260.0
526.5506461999612,191.9,260.0
526.8679623999633,191.9,260.0
527.1880781999789,191.9,260.0
527.5081977000227,192.10000000000002,260.0
527.8128849000204,192.10000000000002,260.0
528.132683300064,192.0,260.0
528.4521686000517,192.0,260.0
528.7567286000121,192.0,260.0
529.0738563999766,191.9,260.0
529.380048800027,191.9,260.0
529.6985252000159,191.9,260.0
530.0031250000466,192.20000000000002,260.0
530.3203200000571,192.20000000000002,260.0
530.6429113000631,192.20000000000002,260.0
530.946887099999,191.9,260.0
531.2491957000457,191.9,260.0
531.5675448999973,191.9,260.0
531.8726022000192,192.4,260.0
532.1935177999549,192.4,260.0
532.4982173000462,192.4,260.0
532.8184244000586,192.20000000000002,260.0
533.1380776000442,192.20000000000002,260.0
533.4545030000154,192.8,260.0
533.7592122000642,192.8,260.0
534.0617939999793,192.8,260.0
534.3831032000016,193.0,260.0
534.7036217000568,193.0,260.0
535.0076603000052,193.0,260.0
535.3099483000115,193.20000000000002,260.0
535.630581800011,193.20000000000002,260.0
535.9485349999741,193.20000000000002,260.0
536.2542303999653,193.5,260.0
536.5748624000698,193.5,260.0
536.8792728000553,193.5,260.0
537.1992351000663,193.4,260.0
537.5017249999801,193.4,260.0
537.8208546000533,193.70000000000002,260.0
538.140429000021,193.70000000000002,260.0
538.4470021000598,193.70000000000002,260.0
538.7806972999824,193.3,260.0
539.0846173999598,193.3,260.0
539.4051080000354,193.3,260.0
539.7255686999997,193.8,260.0
540.0414965000236,193.8,260.0
540.3656206000596,193.8,260.0
540.6704217999941,193.70000000000002,260.0
540.9867499000393,193.70000000000002,260.0
541.2923877000576,193.70000000000002,260.0
541.5968536,193.9,260.0
541.9159842999652,193.9,260.0
542.2330533000641,194.10000000000002,260.0
542.5546322000446,194.10000000000002,260.0
542.8428819000255,194.10000000000002,260.0
543.1633648000425,194.10000000000002,260.0
543.4670316999545,194.10000000000002,260.0
543.7853985000402,194.10000000000002,260.0
544.106463400065,194.3,260.0
544.4264380000532,194.3,260.0
544.7303940999554,194.3,260.0
545.0476321000606,194.0,260.0
545.3685249000555,194.0,260.0
545.6904324999778,194.0,260.0
545.9937438999768,194.4,260.0
546.3136027000146,194.4,260.0
546.6140143000521,194.4,260.0
546.9371973000234,194.10000000000002,260.0
547.256579900044,194.10000000000002,260.0
547.5423253000481,194.5,260.0
547.8634826999623,194.5,260.0
548.1819540000288,194.5,260.0
548.5024426999735,194.4,260.0
548.8069362000097,194.4,260.0
549.1270586999599,194.4,260.0
549.4309051999589,194.5,260.0
549.7338560000062,194.5,260.0
550.0555533999577,194.5,260.0
550.3735409000656,194.70000000000002,260.0
550.677930100006,194.70000000000002,260.0
550.9788039999548,194.70000000000002,260.0
551.3012460999889,194.5,260.0
551.6192376000108,194.5,260.0
551.9251816000324,194.8,260.0
552.2439774000086,194.8,260.0
552.5646372999763,194.8,260.0
552.8837478000205,194.4,260.0
553.1877337000333,194.4,260.0
553.5062459000619,194.4,260.0
553.8258944000117,195.10000000000002,260.0
554.1313491000328,195.10000000000002,260.0
554.4515226000221,195.10000000000002,260.0
554.7678590000141,195.3,260.0
555.0907431000378,195.3,260.0
555.3948363000527,195.3,260.0
555.7132807000307,195.70000000000002,260.0
556.0349796999944,195.70000000000002,260.0
556.3364569999976,196.0,260.0
556.6413320000283,196.0,260.0
556.9602942999918,196.0,260.0
557.263898300007,196.0,260.0
557.583142700023,196.0,260.0
557.9061714999843,196.0,260.0
558.2062147000106,196.20000000000002,260.0
558.5297682000091,196.20000000000002,260.0
558.8455353999743,196.20000000000002,260.0
559.1367962000659,195.9,260.0
559.4561213999987,195.9,260.0
559.7765950000612,195.9,260.0
560.0939843000378,196.20000000000002,260.0
560.4003259000601,196.20000000000002,260.0
560.7194430000382,196.20000000000002,260.0
561.0384960999945,196.0,260.0
561.3248306000605,196.0,260.0
561.6445460000541,196.5,260.0
561.9635426000459,196.5,260.0
562.2847011999693,196.5,260.0
562.5899660000578,196.5,260.0
562.9099516000133,196.5,260.0
563.213682700065,196.5,260.0
563.531914500054,196.70000000000002,260.0
563.8502663000254,196.70000000000002,260.0
564.15610500006,196.70000000000002,260.0
564.4738257999998,196.9,260.0
564.7945819000015,196.9,260.0
565.1150116999634,196.9,260.0
565.4193635999691,196.8,260.0
565.7365797000239,196.8,260.0
566.0444113999838,197.0,260.0
566.3466277000261,197.0,260.0
566.6670581999933,197.0,260.0
566.9712803000584,196.60000000000002,260.0
567.2885294000152,196.60000000000002,260.0
567.6104717999697,196.60000000000002,260.0
567.9135768000269,197.10000000000002,260.0
568.2171125999885,197.10000000000002,260.0
568.5389525999781,197.10000000000002,260.0
568.8414769000374,196.8,260.0
569.1605087000644,196.8,260.0
569.4823080999777,196.8,260.0
569.7833106999751,197.10000000000002,260.0
570.1037700000452,197.10000000000002,260.0
570.4082584000425,197.10000000000002,260.0
570.728108100011,197.3,260.0
571.0475051000249,197.3,260.0
571.3686254000058,197.20000000000002,260.0
571.6715171000687,197.20000000000002,260.0
571.9901676999871,197.20000000000002,260.0
572.310708999983,197.5,260.0
572.6153174999636,197.5,260.0
572.932501000003,197.5,260.0
573.2530333000468,197.20000000000002,260.0
573.5748348999768,197.20000000000002,260.0
573.8953983000247,197.20000000000002,260.0
574.2122050999897,197.9,260.0
574.5157569999574,197.9,260.0
574.8361911000684,197.9,260.0
575.1566428999649,197.9,260.0
575.4624191999901,197.9,260.0
575.7777759999735,198.4,260.0
576.0998831000179,198.4,260.0
576.4225690000458,198.4,260.0
576.7244017999619,198.60000000000002,260.0
577.0409854999743,198.60000000000002,260.0
577.3609912999673,198.60000000000002,260.0
577.6504030000651,198.70000000000002,260.0
577.9868413000368,198.70000000000002,260.0
578.3076423000311,198.70000000000002,260.0
578.6103972999845,198.8,260.0
578.9302573000314,198.8,260.0
579.2504841999616,198.8,260.0
579.5548192999559,198.60000000000002,260.0
579.8735101000639,198.60000000000002,260.0
580.175359099987,198.9,260.0
580.4801436000271,198.9,260.0
580.8001781000057,198.9,260.0
581.1196926999837,198.60000000000002,260.0
581.4254130000481,198.60000000000002,260.0
581.7453568000346,198.60000000000002,260.0
582.0648106000153,199.10000000000002,260.0
582.3684535999782,199.10000000000002,260.0
582.6701998000499,199.10000000000002,260.0
582.9888253000099,199.0,260.0
583.3115382000105,199.0,260.0
583.6292955999961,199.0,260.0
583.9354263000423,199.3,260.0
584.2399035999551,199.3,260.0
584.557676800061,199.4,260.0
584.8620965000009,199.4,260.0
585.1796378999716,199.4,260.0
585.487101900042,199.3,260.0
585.8046682999702,199.3,260.0
586.1096653999994,199.3,260.0
586.4286113999551,199.5,260.0
586.7493616000284,199.5,260.0
587.0520870999899,199.5,260.0
587.3723340999568,199.3,260.0
587.6738026000094,199.3,260.0
587.9972420999547,199.3,260.0
588.3133603000315,199.70000000000002,260.0
588.6191780000227,199.70000000000002,260.0
588.9390126999933,199.70000000000002,260.0
589.2576234999578,199.4,260.0
589.5798761000624,199.4,260.0
589.8821114000166,199.8,260.0
590.2013232000172,199.8,260.0
590.5066272000549,199.8,260.0
590.8259877000237,199.70000000000002,260.0
591.1304316000314,199.70000000000002,260.0
591.4490323000355,199.70000000000002,260.0
591.7680690999841,199.8,260.0
592.0588487000205,199.8,260.0
592.378927599988,199.8,260.0
592.6985781000694,199.9,260.0
593.014760900056,199.9,260.0
593.3361530000111,199.9,260.0
593.6418555000564,199.8,260.0
593.9611987000098,199.8,260.0
594.2813283000141,200.5,260.0
594.5824358999962,200.5,260.0
594.9033799000317,200.5,260.0
595.2083179999609,200.4,260.0
595.5282020999584,200.4,260.0
595.8307788000675,200.4,260.0
596.1504752000328,201.0,260.0
596.4697924000211,201.0,260.0
596.7757585999789,201.0,260.0
597.0762265999801,201.0,260.0
597.3987053000601,201.0,260.0
597.7151361999568,201.0,260.0
598.0344607000006,201.3,260.0
598.3389341000002,201.3,260.0
598.6585230999626,201.20000000000002,260.0
598.9788707999978,201.20000000000002,260.0
599.2984617999755,201.20000000000002,260.0
599.5891148999799,201.10000000000002,260.0
599.9056136000436,201.10000000000002,260.0
600.2262547999853,201.10000000000002,260.0
600.5458279000595,201.4,260.0
600.8519543999573,201.4,260.0
601.1522195000434,201.4,260.0
601.4746395000257,201.20000000000002,260.0
601.7932292000623,201.20000000000002,260.0
602.1141182000283,201.20000000000002,260.0
602.4162187000038,201.70000000000002,260.0
602.7397281000158,201.70000000000002,260.0
603.0549936000025,201.60000000000002,260.0
603.3588064999785,201.60000000000002,260.0
603.6787267000182,201.60000000000002,260.0
603.9997527999803,202.0,260.0
604.3030246000271,202.0,260.0
604.6249708000105,202.0,260.0
604.9439113000408,202.0,260.0
605.2620889999671,202.0,260.0
605.5657132000197,202.0,260.0
605.8692398000276,202.0,260.0
606.1904542000266,202.0,260.0
606.5105225000298,202.0,260.0
606.83131769998,202.10000000000002,260.0
607.132385200006,202.10000000000002,260.0
607.4385614000494,202.10000000000002,260.0
607.7571565000108,201.9,260.0
608.0777463000268,201.9,260.0
608.3794983000262,202.3,260.0
608.7034408999607,202.3,260.0
609.0051999000134,202.3,260.0
609.3261347999796,202.0,260.0
609.6266659999965,202.0,260.0
609.947162299999,202.0,260.0
610.2706615000498,202.4,260.0
610.5720117000164,202.4,260.0
610.8760342999594,202.4,260.0
611.1945836000377,202.3,260.0
611.5166548000416,202.3,260.0
611.8186653000303,202.3,260.0
612.1400612000143,202.5,260.0
612.4601382999681,202.5,260.0
612.7774398999754,202.60000000000002,260.0
613.0811749000568,202.60000000000002,260.0
613.387400800013,202.60000000000002,260.0
613.7081143000396,202.60000000000002,260.0
614.0250597000122,202.60000000000002,260.0
614.3437630999833,202.60000000000002,260.0
614.6346203000285,203.20000000000002,260.0
614.9529744000174,203.20000000000002,260.0
615.270877800067,203.20000000000002,260.0
615.5936182000441,203.20000000000002,260.0
615.8986329999752,203.20000000000002,260.0
616.2001728999894,203.20000000000002,260.0
616.5200068999548,203.8,260.0
616.8397229000693,203.8,260.0
617.160209499998,203.8,260.0
617.4482834000373,203.8,260.0
617.7685654000379,203.8,260.0
618.0877267000033,204.10000000000002,260.0
618.4050156000303,204.10000000000002,260.0
618.7123922000173,204.10000000000002,260.0
619.0152827999555,204.0,260.0
619.3354681000346,204.0,260.0
619.6560736000538,204.0,260.0
619.9724557000445,204.10000000000002,260.0
620.2956640999764,204.10000000000002,260.0
620.614016000065,204.10000000000002,260.0
620.9006658999715,204.20000000000002,260.0
621.2224008999765,204.20000000000002,260.0
621.538354099961,204.20000000000002,260.0
621.8585666000145,204.10000000000002,260.0
622.163937699981,204.10000000000002,260.0
622.4687371000182,204.60000000000002,260.0
622.7898602000205,204.60000000000002,260.0
623.108748300001,204.60000000000002,260.0
623.4108194999862,204.4,260.0
623.7320106000407,204.4,260.0
624.0366311999969,204.4,260.0
624.3563440999715,204.8,260.0
624.6581246999558,204.8,260.0
624.9787499000086,204.8,260.0
625.2993799999822,204.70000000000002,260.0
625.600450100028,204.70000000000002,260.0
625.9228350999765,204.70000000000002,260.0
626.2259973000037,204.9,260.0
626.5307016000152,204.9,260.0
626.8487897999585,204.9,260.0
627.1670560999773,204.8,260.0
627.4728262999561,204.8,260.0
627.793132700026,204.8,260.0
628.1108509000624,204.8,260.0
628.4018166000023,204.8,260.0
628.7179643999552,205.10000000000002,260.0
629.0405920000048,205.10000000000002,260.0
629.3579593000468,205.10000000000002,260.0
629.6637102999957,204.8,260.0
629.9651052999543,204.8,260.0
630.2882315999595,204.8,260.0
630.6081970999949,205.3,260.0
630.9271953999996,205.3,260.0
631.2314585000277,205.3,260.0
631.5323734000558,205.0,260.0
631.8559231000254,205.0,260.0
632.1579272999661,205.3,260.0
632.4779759000521,205.3,260.0
632.797235300066,205.3,260.0
633.0992368999869,205.20000000000002,260.0
633.4062412000494,205.20000000000002,260.0
633.7226776999887,205.20000000000002,260.0
634.044790099957,205.4,260.0
634.3649064999772,205.4,260.0
634.666270100046,205.4,260.0
634.9869986999547,205.9,260.0
635.3072154000401,205.9,260.0
635.6275584000396,205.9,260.0
635.9306698000291,206.0,260.0
636.2364304000512,206.0,260.0
636.5553722999757,206.0,260.0
636.8731844000285,206.60000000000002,260.0
637.1773904999718,206.60000000000002,260.0
637.4826262999559,206.5,260.0
637.802944199997,206.5,260.0
638.1224044000264,206.5,260.0
638.4433538999874,206.9,260.0
638.7448683000403,206.9,260.0
639.0632471999852,206.9,260.0
639.3850573999807,206.60000000000002,260.0
639.6886775000021,206.60000000000002,260.0
640.0083252000622,206.60000000000002,260.0
640.3278675000183,206.8,260.0
640.6328983999556,206.8,260.0
640.9375501000322,206.8,260.0
641.2557370000286,206.9,260.0
641.5739658999955,206.9,260.0
641.8947823999915,206.9,260.0
642.2163308999734,206.9,260.0
642.5189671999542,206.9,260.0
642.8398017999716,207.3,260.0
643.1421171999536,207.3,260.0
643.4626163999783,207.3,260.0
643.7821051999927,207.20000000000002,260.0
644.0841224000324,207.20000000000002,260.0
644.4068291999865,207.20000000000002,260.0
644.7237682000268,207.70000000000002,260.0
645.0474742000224,207.70000000000002,260.0
645.3495330000296,207.70000000000002,260.0
645.6697079000296,207.5,260.0
645.9744642999722,207.5,260.0
646.278240100015,207.8,260.0
646.5971468000207,207.8,260.0
646.9164374000393,207.8,260.0
647.2351629000623,207.60000000000002,260.0
647.5378772000549,207.60000000000002,260.0
647.8570959999925,207.60000000000002,260.0
648.1613622000441,207.70000000000002,260.0
648.4673838999588,207.70000000000002,260.0
648.7852587000234,207.70000000000002,260.0
649.1076385000488,207.8,260.0
649.411540000001,207.8,260.0
649.7290773000568,207.8,260.0
650.0349743000697,207.70000000000002,260.0
650.3542035999708,207.70000000000002,260.0
650.6586000999669,208.10000000000002,260.0
650.9788209999679,208.10000000000002,260.0
651.29547370004,208.10000000000002,260.0
651.6168853000272,207.9,260.0
651.9042998000514,207.9,260.0
652.2245223000646,207.9,260.0
652.5447358000092,208.20000000000002,260.0
652.8495722999796,208.20000000000002,260.0
653.1689065999817,208.20000000000002,260.0
653.4734304000158,208.0,260.0
653.7892705999548,208.0,260.0
654.0960485000396,208.0,260.0
654.412748200004,208.3,260.0
654.7341905999929,208.3,260.0
655.0544725999935,208.3,260.0
655.371846199967,208.70000000000002,260.0
655.6757941000396,208.70000000000002,260.0
655.9960449000355,208.8,260.0
656.3022531999741,208.8,260.0
656.6228876999812,208.8,260.0
656.9231289000018,209.4,260.0
657.242887099972,209.4,260.0
657.5632682000287,209.4,260.0
657.8535393000348,209.4,260.0
658.1724888000172,209.4,260.0
658.4900202000281,209.4,260.0
658.8096249999944,209.8,260.0
659.1168336999835,209.8,260.0
659.4357935000444,209.8,260.0
659.737911800039,209.5,260.0
660.0574022000656,209.5,260.0
660.363624199992,209.70000000000002,260.0
660.6836014,209.70000000000002,260.0
660.9875575000187,209.70000000000002,260.0
661.3043247000314,209.60000000000002,260.0
661.6095417999895,209.60000000000002,260.0
661.927996100043,209.60000000000002,260.0
662.2473578000208,209.70000000000002,260.0
662.5553364000516,209.70000000000002,260.0
662.8739816000452,209.70000000000002,260.0
663.1757986999582,210.0,260.0
663.4972007999895,210.0,260.0
663.800293300068,210.0,260.0
664.1203541000141,210.0,260.0
664.4259475000435,210.0,260.0
664.7432690999703,210.0,260.0
665.0490695000626,210.4,260.0
665.3681437000632,210.4,260.0
665.6852367999963,210.3,260.0
666.0046814000234,210.3,260.0
666.3084378000349,210.3,260.0
666.6323577000294,210.60000000000002,260.0
666.9519552000565,210.60000000000002,260.0
667.2531858000439,210.60000000000002,260.0
667.5717115000589,210.4,260.0
667.8949532000115,210.4,260.0
668.1961093000136,210.4,260.0
668.5016985000111,210.60000000000002,260.0
668.8187555000186,210.60000000000002,260.0
669.1242959999945,210.60000000000002,260.0
669.4439494999824,210.5,260.0
669.7630911000306,210.5,260.0
670.0698922000593,210.5,260.0
670.3880919000367,210.5,260.0
670.6920395999914,210.5,260.0
670.995890900027,210.8,260.0
671.3159432000248,210.8,260.0
671.6365011000307,210.8,260.0
671.9397633000044,210.60000000000002,260.0
672.2597161000594,210.60000000000002,260.0
672.5800598000642,210.60000000000002,260.0
672.8823863000143,211.0,260.0
673.185231899959,211.0,260.0
673.5050930000143,211.0,260.0
673.827864699997,210.70000000000002,260.0
674.1282932000468,210.70000000000002,260.0
674.4488610000117,210.70000000000002,260.0
674.7667695999844,211.20000000000002,260.0
675.0579897999996,211.20000000000002,260.0
675.3784259000095,211.4,260.0
675.6984796000179,211.4,260.0
676.0146968000336,211.4,260.0
676.3181137000211,211.5,260.0
676.624935699976,211.5,260.0
676.9445702000521,211.5,260.0
677.2614454999566,212.0,260.0
677.5681481000502,212.0,260.0
677.8692981000058,212.0,260.0
678.1922277000267,211.9,260.0
678.5094404000556,211.9,260.0
678.8330235000467,211.9,260.0
679.1335634000134,212.20000000000002,260.0
679.437210700009,212.20000000000002,260.0
679.7557499000104,211.9,260.0
680.0755343000637,211.9,260.0
680.3826392999617,211.9,260.0
680.6856265000533,212.3,260.0
681.0041412999853,212.3,260.0
681.3230822000187,212.3,260.0
681.6299478999572,212.10000000000002,260.0
681.9336383000482,212.10000000000002,260.0
682.250216400018,212.10000000000002,260.0
682.572247400065,212.3,260.0
682.8772131999722,212.3,260.0
683.195551999961,212.3,260.0
683.5161797000328,212.60000000000002,260.0
683.8328831000254,212.60000000000002,260.0
684.1385120999767,212.60000000000002,260.0
684.456722300034,212.60000000000002,260.0
684.778655400034,212.60000000000002,260.0
685.0805841999827,213.0,260.0
685.4011109999847,213.0,260.0
685.7210864999797,213.0,260.0
686.0242575999582,212.8,260.0
686.3295965000289,212.8,260.0
686.6501406000461,212.8,260.0
686.9700394000392,213.10000000000002,260.0
687.2748645000393,213.10000000000002,260.0
687.5760341000278,213.10000000000002,260.0
687.8955859000562,212.8,260.0
688.2167391000548,212.8,260.0
688.519736599992,212.8,260.0
688.8419537000591,213.10000000000002,260.0
689.1433528000489,213.10000000000002,260.0
689.4610819000518,213.0,260.0
689.7650618000189,213.0,260.0
690.0851593000116,213.0,260.0
690.4056150000542,213.10000000000002,260.0
690.7265790000092,213.10000000000002,260.0
691.0319383000024,213.10000000000002,260.0
691.3522697000299,213.3,260.0
691.6708703000331,213.3,260.0
691.9913497000234,213.3,260.0
692.3069987000199,213.20000000000002,260.0
692.613065600046,213.20000000000002,260.0
692.9339906000532,213.20000000000002,260.0
693.2390037999721,213.5,260.0
693.5542365000583,213.5,260.0
693.858896199963,213.20000000000002,260.0
694.1792864999734,213.20000000000002,260.0
694.4828080000589,213.20000000000002,260.0
694.8057140000165,213.8,260.0
695.1247882000171,213.8,260.0
695.4248938000528,213.8,260.0
695.748133599991,214.0,260.0
696.0512184000108,214.0,260.0
696.3698225000408,214.0,260.0
696.6892934000352,214.3,260.0
696.9798355000094,214.3,260.0
697.2997817000141,214.3,260.0
697.6185132999672,214.70000000000002,260.0
697.9353224000661,214.70000000000002,260.0
698.2415740999859,214.70000000000002,260.0
698.5622778000543,214.8,260.0
698.8640731000341,214.8,260.0
699.1861790999537,215.0,260.0
699.488559499965,215.0,260.0
699.8090573999798,215.0,260.0
700.1278858999722,214.8,260.0
700.4296380999731,214.8,260.0
700.7334177000448,214.8,260.0
701.0557521999581,215.10000000000002,260.0
701.3582782000303,215.10000000000002,260.0
701.6769859000342,215.10000000000002,260.0
701.9814891000278,214.8,260.0
702.3013628000626,214.8,260.0
702.6215574999806,214.8,260.0
702.9270847999724,215.20000000000002,260.0
703.245091299992,215.20000000000002,260.0
703.565586599987,215.3,260.0
703.8701124000363,215.3,260.0
704.1713754000375,215.3,260.0
704.4951214999892,215.5,260.0
704.8106605999637,215.5,260.0
705.1178106999723,215.5,260.0
705.4195776999695,215.70000000000002,260.0
705.7399662999669,215.70000000000002,260.0
706.057899300009,215.70000000000002,260.0
706.3637752999784,215.60000000000002,260.0
706.683803700027,215.60000000000002,260.0
707.0054956000531,215.60000000000002,260.0
707.3064224000555,215.9,260.0
707.6110014000442,215.9,260.0
707.9300843999954,215.9,260.0
708.2349005000433,215.60000000000002,260.0
708.5562269999646,215.60000000000002,260.0
708.8722306999844,215.9,260.0
709.179674700019,215.9,260.0
709.483243900002,215.9,260.0
709.8037237999961,215.60000000000002,260.0
710.1205646999879,215.60000000000002,260.0
710.4261559000006,215.60000000000002,260.0
710.7454966000514,215.9,260.0
711.0636344000231,215.9,260.0
711.3676664000377,215.9,260.0
711.6746057999553,216.0,260.0
711.9923675999744,216.0,260.0
712.2983922000276,216.0,260.0
712.617718399968,216.0,260.0
712.9328907000599,216.0,260.0
713.2570681000361,216.0,260.0
713.5422284000088,216.60000000000002,260.0
713.8629986000014,216.60000000000002,260.0
714.1809088999871,216.70000000000002,260.0
714.5026962000411,216.70000000000002,260.0
714.8069506000029,216.70000000000002,260.0
715.126728400006,217.20000000000002,260.0
715.4277697000653,217.20000000000002,260.0
715.7355769999558,217.20000000000002,260.0
716.05263010005,217.20000000000002,260.0
716.3739227000624,217.20000000000002,260.0
716.6953186000464,217.20000000000002,260.0
717.0111058000475,217.5,260.0
717.3153414999833,217.5,260.0
717.638464699965,217.5,260.0
717.954428600031,217.3,260.0
718.2580329000484,217.3,260.0
718.5816415000008,217.3,260.0
718.8991541999858,217.3,260.0
719.203614500002,217.3,260.0
719.5255733999657,217.5,260.0
719.8416567000095,217.5,260.0
720.1631459000055,217.5,260.0
720.4520033999579,217.4,260.0
720.768268099986,217.4,260.0
721.0887440000661,217.4,260.0
721.3935045000399,217.9,260.0
721.7116675999714,217.9,260.0
722.0341640999541,217.9,260.0
722.339561700006,217.9,260.0
722.6407628000015,217.9,260.0
722.9593311999924,218.3,260.0
723.2644625999965,218.3,260.0
723.5849375000689,218.3,260.0
723.903862599982,218.20000000000002,260.0
724.2087036999874,218.20000000000002,260.0
724.528394300025,218.20000000000002,260.0
724.8328683000291,218.4,260.0
725.1530908000423,218.4,260.0
725.457374199992,218.4,260.0
725.7751627999824,218.3,260.0
726.0773475000169,218.3,260.0
726.3988056000089,218.3,260.0
726.716287999996,218.20000000000002,260.0
727.0219388999976,218.20000000000002,260.0
727.3404777999967,218.20000000000002,260.0
727.6636565000517,218.4,260.0
727.9489189999877,218.4,260.0
728.2692013999913,218.20000000000002,260.0
728.5902151999762,218.20000000000002,260.0
728.9092459999956,218.20000000000002,260.0
729.2277993999887,218.70000000000002,260.0
729.546972900047,218.70000000000002,260.0
729.8376511000097,218.70000000000002,260.0
730.1578417000128,218.5,260.0
730.4762807000661,218.5,260.0
730.7977038000245,218.5,260.0
731.1162782000611,218.8,260.0
731.4204965999816,218.8,260.0
731.7398475999944,218.8,260.0
732.0602331999689,218.60000000000002,260.0
732.3622837000294,218.60000000000002,260.0
732.6827682000585,218.8,260.0
733.0017468000297,218.8,260.0
733.3071731000673,218.8,260.0
733.6271919000428,219.20000000000002,260.0
733.9454662000062,219.20000000000002,260.0
734.263114899979,219.20000000000002,260.0
734.5688228000654,219.20000000000002,260.0
734.890542200068,219.20000000000002,260.0
735.2066706999904,219.20000000000002,260.0
735.5109590999782,219.70000000000002,260.0
735.8328715000534,219.70000000000002,260.0
736.1532109000254,219.70000000000002,260.0
736.4730499000289,219.70000000000002,260.0
736.7752820999594,219.70000000000002,260.0
737.0811544000171,220.10000000000002,260.0
737.399301800062,220.10000000000002,260.0
737.7169096999569,220.10000000000002,260.0
738.0212216000073,220.0,260.0
738.3419803000288,220.0,260.0
738.6459559999639,220.0,260.0
738.967496199999,220.20000000000002,260.0
739.285980500048,220.20000000000002,260.0
739.6067888999823,220.20000000000002,260.0
739.9098305000225,220.10000000000002,260.0
740.2289969000267,220.10000000000002,260.0
740.5336186999921,220.10000000000002,260.0
740.8534033000469,220.10000000000002,260.0
741.1714730999665,220.10000000000002,260.0
741.4771508000558,220.4,260.0
741.7819631999591,220.4,260.0
742.0981192999752,220.4,260.0
742.42211829999,220.3,260.0
742.7250408000546,220.3,260.0
743.0439800999593,220.3,260.0
743.3475797000574,220.8,260.0
743.6682229000144,220.8,260.0
743.9704993000487,220.8,260.0
744.2908468999667,220.60000000000002,260.0
744.61266600003,220.60000000000002,260.0
744.9279093999648,220.60000000000002,260.0
745.2352958000265,220.9,260.0
745.5555470000254,220.9,260.0
745.872670999961,220.9,260.0
746.1778601000551,220.8,260.0
746.4806073000655,220.8,260.0
746.8018089999678,220.8,260.0
747.1197907000314,220.8,260.0
747.4391357999993,220.8,261.0
747.7431527000153,220.9,261.0
748.0652458999539,220.9,261.0
748.3686667999718,220.9,261.0
748.6881733000046,220.70000000000002,261.0
748.989395200042,220.70000000000002,261.0
749.309459000011,220.70000000000002,261.0
749.6166685000062,221.10000000000002,261.0
749.9361271000234,221.10000000000002,261.0
750.2534188999562,221.10000000000002,261.0
750.5601037000306,220.9,261.0
750.8790794999804,220.9,261.0
751.1981338000624,221.3,261.0
751.5170963000273,221.3,261.0
751.8060533000389,221.3,261.0
752.1270139999688,221.3,261.0
752.4471535000484,221.3,261.0
752.7468721000478,221.3,261.0
753.0707739000209,221.5,261.0
753.3905406000558,221.5,261.0
753.6923936000094,221.5,261.0
753.9974067000439,222.0,261.0
754.3157189000631,222.0,261.0
754.6349580000388,222.0,261.0
754.9552848000312,222.20000000000002,261.0
755.2595607000403,222.20000000000002,261.0
755.5618732000003,222.20000000000002,261.0
755.8841312000295,222.70000000000002,261.0
756.1873732999666,222.70000000000002,261.0
756.5074721999699,222.70000000000002,261.0
756.8283883000258,222.70000000000002,261.0
757.1298729999689,222.70000000000002,261.0
757.4339729000349,223.10000000000002,261.0
757.7516813999973,223.10000000000002,261.0
758.0552317999536,223.10000000000002,261.0
758.3761914999923,222.9,260.0
758.6959403000074,222.9,260.0
759.0030124000041,222.9,260.0
759.3227338000434,223.10000000000002,260.0
759.6249404000118,223.10000000000002,260.0
759.9433178000618,223.10000000000002,260.0
760.2472536000423,223.10000000000002,260.0
760.5697092000628,223.10000000000002,260.0
760.8718896000646,223.10000000000002,260.0
761.1915802999865,223.10000000000002,260.0
761.4969004000304,223.10000000000002,260.0
761.8147654000204,223.4,260.0
762.1191649000393,223.4,260.0
762.4366788000334,223.4,260.0
762.7399106000084,223.3,260.0
763.0635003000498,223.3,260.0
763.3831246000482,223.3,260.0
763.7038264999865,223.70000000000002,260.0
764.0056041000644,223.70000000000002,260.0
764.3257636000635,223.70000000000002,260.0
764.6290278000524,223.60000000000002,260.0
764.9346862999955,223.60000000000002,260.0
765.2531923999777,223.60000000000002,260.0
765.5725968000479,223.9,260.0
765.8941294000251,223.9,260.0
766.1967760999687,223.8,260.0
766.5004625000292,223.8,260.0
766.81921039999,223.8,260.0
772.1444372000406,0.0,260.0
772.4657966999803,0.0,260.0
772.7827431999613,0.0,260.0
773.087333500036,0.0,260.0
773.3931004999904,0.0,260.0
773.7097694000695,0.0,260.0
774.0291828999761,0.0,260.0
774.3341244000476,0.0,260.0
774.6522978000576,0.0,260.0
774.9757265000371,0.0,260.0
775.2635135999881,0.0,260.0
775.5804919999791,0.0,260.0
775.8996187000303,0.0,260.0
776.2220443000551,0.0,260.0
776.5432810999919,0.0,260.0
776.8452048000181,0.0,260.0
777.1641428000294,0.0,260.0
777.4675538999727,213.20000000000002,260.0
777.7867002000567,213.20000000000002,260.0
778.1076890999684,213.20000000000002,260.0
778.412796300021,212.5,260.0
778.7332135000033,212.5,260.0
779.0533524999628,212.5,260.0
779.3526547000511,211.9,260.0
779.6608732000459,211.9,260.0
779.9767853000667,211.3,260.0
780.2965218999889,211.3,260.0
780.6043086999562,211.3,260.0
780.9216928000096,210.70000000000002,260.0
781.2404136999976,210.70000000000002,260.0
781.5639447000576,210.70000000000002,260.0
781.8659349000081,210.10000000000002,260.0
782.1670385999605,210.10000000000002,260.0
782.4877498999704,209.5,260.0
782.8088624000084,209.5,260.0
783.1133731000591,209.5,260.0
783.433550799964,208.9,260.0
783.7382938000374,208.9,260.0
784.0558465999784,208.9,260.0
784.3606934000272,208.4,260.0
784.6804283000529,208.4,260.0
784.9975127000362,207.9,260.0
785.3017668999964,207.9,260.0
785.6073077999754,207.9,260.0
785.9265833999962,207.3,260.0
786.2444399000378,207.3,260.0
786.5637833999936,207.3,260.0
786.8712091000052,206.8,260.0
787.1722656000638,206.8,260.0
787.4949465000536,206.3,260.0
787.8151433999883,206.3,260.0
788.1152774000075,206.3,260.0
788.4212383000413,205.70000000000002,260.0
788.7385506000137,205.70000000000002,260.0
789.058930200059,205.70000000000002,260.0
789.3656046000542,205.20000000000002,260.0
789.6857522999635,205.20000000000002,260.0
789.9859720000532,204.70000000000002,260.0
790.2926959999604,204.70000000000002,260.0
790.6095097999787,204.70000000000002,260.0
790.916634800029,204.3,260.0
791.2329581000376,204.3,260.0
791.5566593999974,204.3,260.0
791.8580537000671,204.3,260.0
792.178660399979,204.3,260.0
792.4959791000001,204.3,260.0
792.8157865999965,204.10000000000002,260.0
793.1229509999976,204.10000000000002,260.0
793.4401422999799,204.10000000000002,260.0
793.7608502999647,203.9,260.0
794.0795843000524,203.9,260.0
794.384734399966,203.9,260.0
794.6868208000669,203.60000000000002,260.0
795.0093294000253,203.60000000000002,260.0
795.3301965000574,203.4,260.0
795.631783299963,203.4,260.0
795.9528464999748,203.4,260.0
796.253940399969,203.5,260.0
796.559987799963,203.5,260.0
796.8800348000368,203.5,260.0
797.2005619000411,203.20000000000002,260.0
797.5211281999946,203.20000000000002,260.0
797.8212499000365,203.20000000000002,260.0
798.125127700041,203.3,260.0
798.4461198999779,203.3,260.0
798.7514579000417,203.3,260.0
799.0697142999852,203.10000000000002,260.0
799.3899122000439,203.10000000000002,260.0
799.710852200049,203.20000000000002,260.0
799.9968760999618,203.20000000000002,260.0
800.3160871999571,203.20000000000002,260.0
800.6366588000674,203.20000000000002,260.0
800.9566810000688,203.20000000000002,260.0
801.2626075999578,203.20000000000002,260.0
801.5622361999704,203.10000000000002,260.0
801.8835923000006,203.10000000000002,260.0
802.2014910000144,203.10000000000002,260.0
802.509179500048,203.4,260.0
802.826644100016,203.4,260.0
803.1467918000417,203.4,260.0
803.4664544999832,203.10000000000002,260.0
803.7706226999871,203.10000000000002,260.0
804.0908506000414,203.60000000000002,260.0
804.4123741000658,203.60000000000002,260.0
804.6992678999668,203.60000000000002,260.0
805.0182443000376,203.5,260.0
805.3377965000691,203.5,260.0
805.6592190000229,203.5,260.0
805.9608771000057,203.70000000000002,260.0
806.2630604000296,203.70000000000002,260.0
806.5836911000079,203.70000000000002,260.0
806.9064690000378,203.8,260.0
807.2080053000245,203.8,260.0
807.5288904999616,203.8,260.0
807.8302281000651,203.70000000000002,260.0
808.1532191999722,203.70000000000002,260.0
808.4552379000233,203.70000000000002,260.0
808.774727400043,204.0,260.0
809.0970360999927,204.0,260.0
809.4171420000494,203.8,260.0
809.7198883000528,203.8,260.0
810.0407151000109,203.8,260.0
810.3567931000143,204.20000000000002,260.0
810.6609901000047,204.20000000000002,260.0
810.9830860999646,204.20000000000002,260.0
811.2876372999744,204.0,260.0
811.6042918000603,204.0,260.0
811.9242180000292,204.0,260.0
812.2115853000432,204.60000000000002,260.0
812.5305159999989,204.60000000000002,260.0
812.8535523000173,204.60000000000002,260.0
813.1747342000017,205.5,260.0
813.4770912000677,205.5,260.0
813.7821326999692,205.5,260.0
814.0983423000434,205.9,260.0
814.4202574000228,205.9,260.0
814.7409647000022,206.70000000000002,260.0
815.0281974000391,206.70000000000002,260.0
815.348826100002,206.70000000000002,260.0
815.6683856999734,206.8,260.0
815.985862600035,206.8,260.0
816.289349699975,206.8,260.0
816.6095985999564,206.9,260.0
816.9306465999689,206.9,260.0
817.2477288000518,206.9,260.0
817.5550551000051,206.5,260.0
817.8551431000233,206.5,260.0
818.1747686000308,206.5,260.0
818.4955935999751,206.60000000000002,260.0
818.818315600045,206.60000000000002,260.0
819.1041060000425,206.4,260.0
819.4255684000673,206.4,260.0
819.7419473000336,206.4,260.0
820.0622470000526,206.60000000000002,260.0
820.3696036000038,206.60000000000002,260.0
820.6863888000371,206.60000000000002,260.0
821.0072361000348,207.10000000000002,260.0
821.3278837000253,207.10000000000002,260.0
821.6326611000113,207.10000000000002,260.0
821.9325330000138,207.20000000000002,260.0
822.2560365999816,207.20000000000002,260.0
822.5758311999962,207.20000000000002,260.0
822.8943148000399,207.70000000000002,260.0
823.1980236000381,207.70000000000002,260.0
823.5177237000316,207.60000000000002,260.0
823.8378680000314,207.60000000000002,260.0
824.1574550999794,207.60000000000002,260.0
824.4605383999879,207.70000000000002,260.0
824.7795534000034,207.70000000000002,260.0
825.085656399955,207.70000000000002,260.0
825.3868757999735,207.4,260.0
825.7094777000602,207.4,260.0
826.0296490000328,207.4,260.0
826.3467367000412,207.5,260.0
826.6371488999575,207.5,260.0
826.9556090000551,207.5,260.0
827.2762159999693,207.5,260.0
827.5958213000558,207.5,260.0
827.8999588000588,207.5,260.0
828.1999109999742,207.60000000000002,260.0
828.5200622000266,207.60000000000002,260.0
828.843671199982,208.10000000000002,260.0
829.1599148999667,208.10000000000002,260.0
829.4795690999599,208.10000000000002,260.0
829.7858571000397,208.0,260.0
830.105974700069,208.0,260.0
830.4101704000495,208.0,260.0
830.7280993000604,208.5,260.0
831.0488265999593,208.5,260.0
831.3531023999676,208.5,260.0
831.6726219999837,208.3,260.0
831.9744825999951,208.3,260.0
832.2774207000621,208.3,260.0
832.5985989000183,208.8,260.0
832.9207499000477,208.8,260.0
833.2411401000572,208.9,260.0
833.5249983000103,208.9,260.0
833.8450389000354,208.9,260.0
834.1683504000539,209.20000000000002,260.0
834.4711212000111,209.20000000000002,260.0
834.7903526000446,209.20000000000002,260.0
835.1104989000596,209.60000000000002,260.0
835.4111555999843,209.60000000000002,260.0
835.716516799992,209.60000000000002,260.0
836.0376582000172,209.60000000000002,260.0
836.3568114000373,209.60000000000002,260.0
836.6583006000146,209.60000000000002,260.0
836.9816939999582,210.10000000000002,260.0
837.2819033999695,210.10000000000002,260.0
837.606007299968,209.9,260.0
837.9214587999741,209.9,260.0
838.2131135000382,209.9,260.0
838.5288933999836,210.3,260.0
838.8521361000603,210.3,260.0
839.1711782000493,210.3,260.0
839.4759634999791,210.10000000000002,260.0
839.79426590004,210.10000000000002,260.0
840.0978673000354,210.10000000000002,260.0
840.3994875999633,210.3,260.0
840.7222768999636,210.3,260.0
841.043323699967,210.3,260.0
841.3627635999583,210.5,260.0
841.6789901000448,210.5,260.0
841.9832685999572,210.5,260.0
842.3033273000037,210.5,260.0
842.6224248000653,210.5,260.0
842.929200100014,210.9,260.0
843.2487796000205,210.9,260.0
843.565793500049,210.9,260.0
843.8863410999766,210.70000000000002,260.0
844.1922312000534,210.70000000000002,260.0
844.5115757000167,210.70000000000002,260.0
844.8289247000357,211.10000000000002,260.0
845.1367189000593,211.10000000000002,260.0
845.4393030999927,211.10000000000002,260.0
845.7579336999916,210.8,260.0
846.0769719000673,210.8,260.0
846.3826954000397,210.8,260.0
846.6833286000183,211.10000000000002,260.0
847.0039844999555,211.10000000000002,260.0
847.3251724999864,211.0,260.0
847.6448286999948,211.0,260.0
847.9318442000076,211.0,260.0
848.2514313999563,211.0,260.0
848.5721275999676,211.0,260.0
848.8747592000291,211.0,260.0
849.1939697000198,211.3,260.0
849.5161718999734,211.3,260.0
849.835831000004,211.3,260.0
850.1374461000087,211.20000000000002,260.0
850.4608478000155,211.20000000000002,260.0
850.7647893000394,211.20000000000002,260.0
851.0837624999695,211.5,260.0
851.4018567999592,211.5,260.0
851.720281100017,211.3,260.0
852.0265710999956,211.3,260.0
852.328343500034,211.3,260.0
852.6512741000624,211.9,260.0
852.9543980000308,211.9,260.0
853.2716846000403,211.9,260.0
853.5907734000357,211.9,260.0
853.8975573000498,211.9,260.0
854.1999874999747,211.9,260.0
854.5196462000022,212.20000000000002,260.0
854.8418286000378,212.20000000000002,260.0
855.1431768999901,212.20000000000002,260.0
855.4633775000693,212.4,260.0
855.7847774999682,212.4,260.0
856.1041876999661,212.4,260.0
856.406829399988,212.4,260.0
856.7266487999586,212.4,260.0
857.046564099961,212.70000000000002,260.0
857.3656770000234,212.70000000000002,260.0
857.6713903000345,212.70000000000002,260.0
857.9886311000446,212.4,260.0
858.3090205000481,212.4,260.0
858.6278810000513,212.4,260.0
858.9343132000649,212.8,260.0
859.2511825000402,212.8,260.0
859.5743244000478,212.8,260.0
859.8783800000092,212.5,260.0
860.1964922000188,212.5,260.0
860.5183984000469,212.5,260.0
860.8205780000426,212.9,260.0
861.1238931999542,212.9,260.0
861.4432864000555,212.9,260.0
861.7489701999584,212.9,260.0
862.0660870999563,212.9,260.0
862.3861382000614,213.0,260.0
862.7080183000071,213.0,260.0
863.0091244999785,213.0,260.0
863.314380900003,213.20000000000002,260.0
863.6342507000081,213.20000000000002,260.0
863.9372395999962,213.20000000000002,260.0
864.2565205000574,213.10000000000002,260.0
864.5789601999568,213.10000000000002,260.0
864.8984565000283,213.10000000000002,260.0
865.1996031999588,213.4,260.0
865.5198634000262,213.4,260.0
865.8420110000297,213.10000000000002,260.0
866.1613531999756,213.10000000000002,260.0
866.4645844000624,213.10000000000002,260.0
866.7859371000668,213.4,260.0
867.1024582000682,213.4,260.0
867.4058538000099,213.4,260.0
867.7275933000492,213.20000000000002,260.0
868.0468406999717,213.20000000000002,260.0
868.3668615999632,213.20000000000002,260.0
868.6720672000665,213.5,260.0
868.991089600022,213.5,260.0
869.3077640000265,213.5,260.0
869.613086599973,213.5,260.0
869.9353487000335,213.5,260.0
870.2390642999671,213.60000000000002,260.0
870.5560670000268,213.60000000000002,260.0
870.8621976999566,213.60000000000002,260.0
871.1824178000679,214.0,260.0
871.5013875999721,214.0,260.0
871.8050162000582,214.0,260.0
872.1083780999761,213.9,260.0
872.4268691999605,213.9,260.0
872.7501509999856,213.9,260.0
873.0515668999869,214.4,260.0
873.3705278000562,214.4,260.0
873.6896598000312,214.4,260.0
873.9787816000171,214.20000000000002,260.0
874.2965533999959,214.20000000000002,260.0
874.620782300015,214.20000000000002,260.0
874.9391890000552,214.4,260.0
875.2428235000698,214.4,260.0
875.5466098999605,214.20000000000002,260.0
875.8655831000069,214.20000000000002,260.0
876.1866660000524,214.20000000000002,260.0
876.4897895000177,214.3,260.0
876.8091435000533,214.3,260.0
877.1267736000009,214.3,260.0
877.4313312000595,214.5,260.0
877.7382684999611,214.5,260.0
878.057218400063,214.5,260.0
878.3781268000603,214.3,260.0
878.6807807000587,214.3,260.0
878.9837191000115,214.3,260.0
879.3043319999706,214.8,260.0
879.6057497999864,214.8,260.0
879.9294688999653,214.60000000000002,260.0
880.2446066000266,214.60000000000002,260.0
880.5493495999835,214.60000000000002,260.0
880.8729194999905,215.0,260.0
881.1720361000625,215.0,260.0
881.4952739999862,215.0,260.0
881.800139500061,214.70000000000002,260.0
882.1198696000502,214.70000000000002,260.0
882.4197378000244,214.70000000000002,260.0
882.7404768000124,215.0,260.0
883.0606704000384,215.0,260.0
883.3663995000534,215.0,260.0
883.6670052000554,214.9,260.0
883.9887303999858,214.9,260.0
884.3077756999992,214.9,260.0
884.630394399981,214.8,260.0
884.930614199955,214.8,260.0
885.2377139000455,215.0,260.0
885.5557984999614,215.0,260.0
885.8767353000585,215.0,260.0
886.1780725000426,214.8,260.0
886.481076200027,214.8,260.0
886.8024351999629,214.8,260.0
887.1211287999758,215.20000000000002,260.0
887.4416923000244,215.20000000000002,260.0
887.7476147999987,215.20000000000002,260.0
888.0644492000574,214.9,260.0
888.3876528999535,214.9,260.0
888.7051828000695,214.9,260.0
889.007423400064,215.20000000000002,260.0
889.3148577000247,215.20000000000002,260.0
889.6321014000569,215.0,260.0
889.9520958999638,215.0,260.0
890.2733266999712,215.0,260.0
890.5940227999818,215.10000000000002,260.0
890.9120849999599,215.10000000000002,260.0
891.2172838000115,215.10000000000002,260.0
891.5349550000392,215.4,260.0
891.8543983000563,215.4,260.0
892.1586038999958,215.4,260.0
892.478297600057,215.3,260.0
892.7979342000326,215.3,260.0
893.1045865999768,215.3,260.0
893.4078821999719,215.8,260.0
893.7242797999643,215.8,260.0
894.0461998999817,215.60000000000002,260.0
894.3507784999674,215.60000000000002,260.0
894.6693863000255,215.60000000000002,260.0
894.9715022000019,216.0,260.0
895.2913116000127,216.0,260.0
895.5976752999704,216.0,260.0
895.9148821999552,215.8,260.0
896.2198219000129,215.8,260.0
896.5398751000175,215.8,260.0
896.8600884999614,216.0,260.0
897.1628724000184,216.0,260.0
897.4810798000544,216.0,260.0
897.8041505999863,216.0,260.0
898.0921571999788,216.0,260.0
898.4095727000386,216.0,260.0
898.7320243000286,216.0,260.0
899.0337368999608,216.0,260.0
899.3524415000575,216.3,260.0
899.6722467000363,216.3,260.0
899.9783716000384,216.3,260.0
900.2986041000113,216.20000000000002,260.0
900.6188702000072,216.20000000000002,260.0
900.9230332999723,216.20000000000002,260.0
901.2389922000002,216.60000000000002,260.0
901.5594755000202,216.60000000000002,260.0
901.8644248000346,216.60000000000002,260.0
902.1843980000122,216.3,260.0
902.4885518000228,216.3,260.0
902.8066149000078,216.3,260.0
903.1278879999882,216.60000000000002,260.0
903.4158853000263,216.60000000000002,260.0
903.7373438000213,216.5,260.0
904.0570397999836,216.5,260.0
904.373406299972,216.5,260.0
904.6796126000118,216.60000000000002,260.0
904.9990597000578,216.60000000000002,260.0
905.3168916000286,216.60000000000002,260.0
905.6232334000524,216.60000000000002,260.0
905.9411859000102,216.60000000000002,260.0
906.2609044000274,216.60000000000002,260.0
906.5798513999907,216.5,260.0
906.8853487999877,216.5,260.0
907.1888509000419,216.5,260.0
907.5075705000199,216.9,260.0
907.8266070999671,216.9,260.0
908.1330481000477,216.60000000000002,260.0
908.4380433000624,216.60000000000002,260.0
908.7543453000253,216.60000000000002,260.0
909.0740796000464,217.0,260.0
909.3808971999679,217.0,260.0
909.7006018999964,217.0,260.0
910.0018279000651,216.8,260.0
910.3220549999969,216.8,260.0
910.6422037000302,216.8,260.0
910.9475248999661,217.10000000000002,260.0
911.2677127000643,217.10000000000002,260.0
911.583898199955,217.10000000000002,260.0
911.9078577000182,217.3,260.0
912.2089352000039,217.3,260.0
912.5152834999608,217.3,260.0
912.8341760999756,217.4,260.0
913.1505845000502,217.4,260.0
913.4733088000212,217.70000000000002,260.0
913.7785862999735,217.70000000000002,260.0
914.0967319000047,217.70000000000002,260.0
914.3991956000682,217.60000000000002,260.0
914.7059042999754,217.60000000000002,260.0
915.0253880000673,217.60000000000002,260.0
915.3452267000685,218.0,260.0
915.6466751999687,218.0,260.0
915.9518268000102,218.0,260.0
916.2709115999751,217.70000000000002,260.0
916.5912634000415,217.70000000000002,260.0
916.9120815000497,217.70000000000002,260.0
917.1980824000202,218.0,260.0
917.5198027000297,218.0,260.0
917.8400752999587,217.9,260.0
918.1561652000528,217.9,260.0
918.4612336000428,217.9,260.0
918.7633688000496,218.0,260.0
919.0872624999611,218.0,260.0
919.4040999000426,218.0,260.0
919.7061116000405,218.20000000000002,260.0
920.0116207000101,218.20000000000002,260.0
920.3308512000367,218.20000000000002,260.0
920.634404100012,218.10000000000002,260.0
920.9567423999542,218.10000000000002,260.0
921.2753079000395,218.10000000000002,260.0
921.5950822000159,218.4,260.0
921.9153921999969,218.4,260.0
922.234776700032,218.4,260.0
922.5556987000164,218.20000000000002,260.0
922.8592038999777,218.20000000000002,260.0
923.1792274999898,218.5,260.0
923.4988327999599,218.5,260.0
923.8192704999819,218.5,260.0
924.1239013000159,218.20000000000002,260.0
924.4248991999775,218.20000000000002,260.0
924.7434129000176,218.20000000000002,260.0
925.0631475000409,218.4,260.0
925.3687575999647,218.4,260.0
925.6731902000029,218.4,260.0
925.9925761000486,218.4,260.0
926.3117772999685,218.4,260.0
926.6161934999982,218.4,260.0
926.9175940999994,218.3,260.0
927.2371389999753,218.3,260.0
927.5585616000462,218.5,260.0
927.8639436999802,218.5,260.0
928.1824031999568,218.5,260.0
928.5016443000641,218.3,260.0
928.8073541000485,218.3,260.0
929.1119493000442,218.3,260.0
929.4278348999796,218.70000000000002,260.0
929.750957399956,218.70000000000002,260.0
930.0514789000154,218.70000000000002,260.0
930.3581164999632,218.4,260.0
930.6776649999665,218.4,260.0
930.996371199959,218.4,260.0
931.3183913000394,218.8,260.0
931.6034575999947,218.8,260.0
931.9229495000327,218.8,260.0
932.2438079999993,218.9,260.0
932.5646217999747,218.9,260.0
932.8666921000695,219.10000000000002,260.0
933.1729698999552,219.10000000000002,260.0
933.4935130999656,219.10000000000002,260.0
933.8090813000454,219.3,260.0
934.1158243999816,219.3,260.0
934.4210653000046,219.3,260.0
934.7403820999898,219.3,260.0
935.0588749999879,219.3,260.0
935.3783786999993,219.3,260.0
935.6841123000486,219.60000000000002,260.0
935.9841601999942,219.60000000000002,260.0
936.3057023000438,219.60000000000002,260.0
936.611376099987,219.3,260.0
936.9271393000381,219.3,260.0
937.2473018000601,219.70000000000002,260.0
937.5508621999761,219.70000000000002,260.0
937.8586693999823,219.70000000000002,260.0
938.1749902999727,219.5,260.0
938.494526800001,219.5,260.0
938.8158215000294,219.5,260.0
939.1372877999675,219.70000000000002,260.0
939.4564818000654,219.70000000000002,260.0
939.7573426000308,219.70000000000002,260.0
940.063135900069,219.8,260.0
940.384957900038,219.8,260.0
940.703669999959,219.8,260.0
941.0043329000473,219.9,260.0
941.3081224999623,219.9,260.0
941.6323140000459,219.9,260.0
941.9483157000504,220.10000000000002,260.0
942.2550376000581,220.10000000000002,260.0
942.5719934999943,219.9,260.0
942.8784029000672,219.9,260.0
943.1950077000074,219.9,260.0
943.5165523999603,220.20000000000002,260.0
943.8218842999777,220.20000000000002,260.0
944.1236044999678,220.20000000000002,260.0
944.441726500052,219.9,260.0
944.7629506000085,219.9,260.0
945.0683064999757,219.9,260.0
945.3885864999611,220.20000000000002,260.0
945.6929668000666,220.20000000000002,260.0
945.9970224000281,220.20000000000002,260.0
946.31472080003,220.10000000000002,260.0
946.6344128999626,220.10000000000002,260.0
946.9560324000195,220.20000000000002,260.0
947.2559922999935,220.20000000000002,260.0
947.5617321999744,220.20000000000002,260.0
947.8810653999681,220.3,260.0
948.1866293000057,220.3,260.0
948.5045249999966,220.3,260.0
948.8265682000201,220.20000000000002,260.0
949.1310104000149,220.20000000000002,260.0
949.447154100053,220.20000000000002,260.0
949.7516855000285,220.5,260.0
950.0730799000012,220.5,260.0
950.3903257000493,220.5,260.0
950.6964297000086,220.3,260.0
951.0015391999623,220.3,260.0
951.321565899998,220.3,260.0
951.6391316000372,220.8,260.0
951.9421133999713,220.8,260.0
952.2617307000328,220.8,260.0
952.581795200007,220.8,260.0
952.9028459000401,220.8,260.0
953.207190599991,221.20000000000002,260.0
953.5243621000554,221.20000000000002,260.0
953.8281187000684,221.20000000000002,260.0
954.1486186999828,221.3,260.0
954.4693732999731,221.3,260.0
954.7743895000312,221.3,260.0
955.0941778999986,221.3,260.0
955.3985950000351,221.3,260.0
955.7175891000079,221.3,260.0
956.034484700067,221.60000000000002,260.0
956.3576689000474,221.60000000000002,260.0
956.6618587999837,221.3,260.0
956.9806704999646,221.3,260.0
957.297241399996,221.3,260.0
957.6044483999722,221.60000000000002,260.0
957.9063544999808,221.60000000000002,260.0
958.2288517999696,221.60000000000002,260.0
958.5457721999846,221.3,260.0
958.8508151000133,221.3,260.0
959.1559282999951,221.3,260.0
959.4758161000209,221.70000000000002,260.0
959.7937809999567,221.70000000000002,260.0
960.1134232999757,221.70000000000002,260.0
960.4187744000228,221.70000000000002,260.0
960.7377546000062,221.70000000000002,260.0
961.0587812999729,221.8,260.0
961.3592564000282,221.8,260.0
961.6808051000116,221.8,260.0
962.0016130000586,222.0,260.0
962.3203918000218,222.0,260.0
962.6217600000091,222.0,260.0
962.9437231000047,221.9,260.0
963.2453138000565,221.9,260.0
963.5680453999666,221.9,260.0
963.888172200066,222.20000000000002,260.0
964.190274600056,222.20000000000002,260.0
964.5104659000644,222.20000000000002,260.0
964.8165547000244,221.9,260.0
965.1350399999646,221.9,260.0
965.4549824000569,222.3,260.0
965.759799499996,222.3,260.0
966.0637902000453,222.3,260.0
966.3829326999839,222.0,260.0
966.7031515999697,222.0,260.0
967.0042812000029,222.0,260.0
967.3242044000654,222.20000000000002,260.0
967.6423208999913,222.20000000000002,260.0
967.9479545999784,222.20000000000002,260.0
968.2665316000348,222.20000000000002,260.0
968.5899522000691,222.20000000000002,260.0
968.9085166000295,222.20000000000002,260.0
969.2102532000281,222.20000000000002,260.0
969.532620599959,222.20000000000002,260.0
969.8371986000566,222.20000000000002,260.0
970.1396718999604,222.4,260.0
970.4590546999825,222.4,260.0
970.7792735999683,222.3,260.0
971.0991058000363,222.3,260.0
971.4032881000312,222.3,260.0
971.7229710000101,222.8,260.0
972.0279019000009,222.8,260.0
972.346016000025,222.8,260.0
972.647340000025,222.70000000000002,260.0
972.9708976000547,222.70000000000002,260.0
973.2738765999675,222.70000000000002,260.0
973.5779216999654,223.10000000000002,260.0
973.8946084000636,223.10000000000002,260.0
974.2160517000593,223.10000000000002,260.0
974.5353668000316,223.10000000000002,260.0
974.8377396999858,223.10000000000002,260.0
975.1575542000355,223.20000000000002,260.0
975.4794391000178,223.20000000000002,260.0
975.7982337999856,223.20000000000002,260.0
976.1021214000648,223.4,260.0
976.4058541000122,223.4,260.0
976.727570499992,223.4,260.0
977.0439219999826,223.3,260.0
977.34935090004,223.3,260.0
977.6683396999724,223.3,260.0
977.9910959999543,223.60000000000002,260.0
978.2767001000466,223.60000000000002,260.0
978.5968290000455,223.60000000000002,260.0
978.9170508000534,223.4,260.0
979.2196315999608,223.4,260.0
979.5402192999609,223.4,260.0
979.8617264999775,223.8,260.0
980.1653052000329,223.8,260.0
980.4835452999687,223.70000000000002,260.0
980.8014862999553,223.70000000000002,260.0
981.1071442000102,223.70000000000002,260.0
981.4285529999761,223.9,260.0
981.7487407999579,223.9,260.0
982.0649877999676,223.9,260.0
982.3729406000348,223.9,260.0
982.676610799972,223.9,260.0
982.9947316000471,223.9,260.0
983.2983058000682,223.9,260.0
983.6164983999915,223.9,260.0
983.9198072999716,223.9,260.0
984.2429609000683,224.10000000000002,260.0
984.5468065000605,224.10000000000002,260.0
984.8631386000197,223.9,260.0
985.1834589999635,223.9,260.0
985.4900771999964,223.9,260.0
985.8100011000643,224.20000000000002,260.0
986.1269240999827,224.20000000000002,260.0
986.4175212000264,224.20000000000002,260.0
986.7356430999935,223.9,260.0
987.0534707000479,223.9,260.0
987.3730645000469,223.9,260.0
987.6801206000382,224.20000000000002,260.0
987.9829108000267,224.20000000000002,260.0
988.3011368999723,224.20000000000002,260.0
988.6208137000212,224.10000000000002,260.0
988.9239811999723,224.10000000000002,260.0
989.2475229999982,224.20000000000002,260.0
989.5678870000411,224.20000000000002,260.0
989.8675785000669,224.20000000000002,260.0
990.1752146000508,224.3,260.0
990.4911017999984,224.3,260.0
990.8115339999786,224.3,260.0
991.1176523000468,224.20000000000002,260.0
991.4228907000506,224.20000000000002,260.0
991.738309300039,224.20000000000002,260.0
992.0597645000089,224.70000000000002,260.0
992.3793517999584,224.70000000000002,260.0
992.6686853000429,224.70000000000002,260.0
992.9887373000383,224.60000000000002,260.0
993.3083331000526,224.60000000000002,260.0
993.6121137000155,224.60000000000002,260.0
993.932004100061,225.10000000000002,260.0
994.2497575000161,225.10000000000002,260.0
994.5549646000145,225.10000000000002,260.0
994.8603981999913,225.10000000000002,260.0
995.17778430006,225.10000000000002,260.0
995.4976970000425,225.3,260.0
995.8172718000133,225.3,260.0
996.1058791000396,225.3,260.0
996.4232668000041,225.3,260.0
996.7453735000454,225.3,260.0
997.0632277000695,225.3,260.0
997.3538854999933,225.20000000000002,260.0
997.6730959999841,225.20000000000002,260.0
997.9921145000262,225.20000000000002,260.0
998.3129994999617,225.4,260.0
998.613351500011,225.4,260.0
998.9362102999585,225.4,260.0
999.2372559000505,225.20000000000002,260.0
999.5432258000365,225.20000000000002,260.0
999.8651812999742,225.60000000000002,260.0
1000.1822971999645,225.60000000000002,260.0
1000.5018134999555,225.60000000000002,260.0
1000.7918127999874,225.5,260.0
1001.1120797999902,225.5,260.0
1001.4290248999605,225.5,260.0
1001.7502597999992,225.8,260.0
1002.0545310999732,225.8,260.0
1002.3725353999762,225.8,260.0
1002.6764614999993,225.8,260.0
1002.9963038000278,225.8,260.0
1003.3015300000552,225.8,260.0
1003.6021803000476,225.9,260.0
1003.9406293999637,225.9,260.0
1004.225995899993,225.9,260.0
1004.5493044999894,225.9,260.0
1004.8675524999853,225.9,260.0
1005.1887986999936,225.8,260.0
1005.4892581000458,225.8,260.0
1005.8130109000485,225.8,260.0
1006.1295519999694,226.10000000000002,260.0
1006.4363551000133,226.10000000000002,260.0
1006.7565812000539,226.10000000000002,260.0
1007.0763111000415,225.8,260.0
1007.3931237000506,225.8,260.0
1007.6835903000319,225.8,260.0
1007.9999943999574,226.20000000000002,260.0
1008.3231113000074,226.20000000000002,260.0
1008.6390769999707,226.20000000000002,260.0
1008.945447599981,226.0,260.0
1009.2465135999955,226.0,260.0
1009.5695323999971,226.20000000000002,260.0
1009.8895954999607,226.20000000000002,260.0
1010.1910105999559,226.20000000000002,260.0
1010.5125152000692,226.10000000000002,260.0
1010.816379899974,226.10000000000002,260.0
1011.1332300000358,226.10000000000002,260.0
1011.4557538999943,226.10000000000002,260.0
1011.7573976999847,226.10000000000002,260.0
1012.0640018000267,226.10000000000002,260.0
1012.3832845999859,226.5,260.0
1012.7019350000191,226.5,260.0
1013.0069144000299,226.5,260.0
1013.3265452999622,226.5,260.0
1013.6317145000212,226.5,260.0
1013.9479969000677,226.9,260.0
1014.2714503000025,226.9,260.0
1014.5580582000548,226.9,260.0
1014.8757031999994,226.8,260.0
1015.1975647000363,226.8,260.0
1015.515622499981,226.8,260.0
1015.8367733999621,227.10000000000002,260.0
1016.1397655999754,227.10000000000002,260.0
1016.4595621000044,227.10000000000002,260.0
1016.7793197999708,227.0,260.0
1017.0849223999539,227.0,260.0
1017.4047796999803,227.0,260.0
1017.7233743000543,227.10000000000002,260.0
1018.0115542999702,227.10000000000002,260.0
1018.3285402000183,227.10000000000002,260.0
1018.6522780000232,227.20000000000002,260.0
1018.9692563000135,227.20000000000002,260.0
1019.2752840999747,227.10000000000002,260.0
1019.5761834000004,227.10000000000002,260.0
1019.8983195000328,227.10000000000002,260.0
1020.2154895999702,227.4,260.0
1020.5230017000576,227.4,260.0
1020.8236416999716,227.4,260.0
1021.1436020999681,227.20000000000002,260.0
1021.4646124000428,227.20000000000002,260.0
1021.782747899997,227.20000000000002,260.0
1022.0867905999767,227.60000000000002,260.0
1022.3919076999882,227.60000000000002,260.0
1022.7108759999974,227.60000000000002,260.0
1023.0145233999938,227.5,260.0
1023.3343746999744,227.5,260.0
1023.6546725999797,227.70000000000002,260.0
1023.9733129000524,227.70000000000002,260.0
1024.2947493999964,227.70000000000002,260.0
1024.6004649000242,227.60000000000002,260.0
1024.9170417999849,227.60000000000002,260.0
1025.223642900004,227.60000000000002,260.0
1025.543270300026,227.60000000000002,260.0
1025.8593316000188,227.60000000000002,260.0
1026.1511178000364,227.60000000000002,260.0
1026.4669877999695,227.70000000000002,260.0
1026.7887585000135,227.70000000000002,260.0
1027.1106530000689,227.70000000000002,260.0
1027.4304505999899,227.5,260.0
1027.7320533000166,227.5,260.0
1028.0529064000584,227.9,260.0
1028.3717674000654,227.9,260.0
1028.6769974000053,227.9,260.0
1028.9975116000278,227.60000000000002,260.0
1029.3152198999887,227.60000000000002,260.0
1029.619712900021,227.60000000000002,260.0
1029.9364592999918,228.0,260.0
1030.2602684999583,228.0,260.0
1030.5762744999956,228.0,260.0
1030.8802298000082,227.8,260.0
1031.18381149997,227.8,260.0
1031.5040077000158,227.8,260.0
1031.824370300048,228.0,260.0
1032.1435491000302,228.0,260.0
1032.4348278000252,228.0,260.0
1032.7543392999796,228.3,260.0
1033.0719725000672,228.3,260.0
1033.3925318999682,228.3,260.0
1033.6970987999812,228.3,260.0
1034.0151000999613,228.3,260.0
1034.3207887000171,228.8,260.0
1034.6245141000254,228.8,260.0
1034.9423317000037,228.8,260.0
1035.2614436000586,228.60000000000002,260.0
1035.582021499984,228.60000000000002,260.0
1035.886950999964,228.60000000000002,260.0
1036.2045518000377,229.0,260.0
1036.510060600005,229.0,260.0
1036.8138271999778,229.0,260.0
1037.134284400032,228.70000000000002,260.0
1037.4549568999792,228.70000000000002,260.0
1037.757090899977,228.9,260.0
1038.0756628999952,228.9,260.0
1038.395359499962,228.9,260.0
1038.719025600003,228.9,260.0
1039.020846700063,228.9,260.0
1039.3423239999684,228.9,260.0
1039.6582852000138,228.9,260.0
1039.9793595999945,228.9,260.0
1040.2856549000135,228.9,260.0
1040.6023691999726,229.20000000000002,260.0
1040.907014299999,229.20000000000002,260.0
1041.2288205999648,229.20000000000002,260.0
1041.5480986000039,229.0,260.0
1041.8503578000236,229.0,260.0
1042.1562838000245,229.4,260.0
1042.472343500005,229.4,260.0
1042.7930843000067,229.4,260.0
1043.0980476000113,229.20000000000002,260.0
1043.4178394000046,229.20000000000002,260.0
1043.7209202999948,229.20000000000002,260.0
1044.0427696000552,229.5,260.0
1044.343361999956,229.5,260.0
1044.6645310999593,229.5,260.0
1044.9840576000279,229.4,260.0
1045.2866803000215,229.4,260.0
1045.608629400027,229.4,260.0
1045.9114152999828,229.5,260.0
1046.2318870000308,229.5,260.0
1046.5514080000576,229.5,260.0
1046.8536778000416,229.5,260.0
1047.1773548000492,229.5,260.0
1047.4958835999714,229.4,260.0
1047.7984634999884,229.4,260.0
1048.1170058000134,229.4,260.0
1048.4214952000184,229.70000000000002,260.0
1048.7425447000423,229.70000000000002,260.0
1049.0465925000608,229.70000000000002,260.0
1049.3666663999902,229.5,260.0
1049.6853150000097,229.5,260.0
1050.0051330999704,229.5,260.0
1050.3097379000392,230.0,260.0
1050.628204699955,230.0,260.0
1050.9503158000298,230.0,260.0
1051.2536639999598,230.0,260.0
1051.5705946000526,230.0,260.0
1051.874450800009,230.3,260.0
1052.1964568999829,230.3,260.0
1052.5175986000104,230.3,260.0
1052.8180522000184,230.4,260.0
1053.1386249000207,230.4,260.0
1053.4434002999915,230.4,260.0
1053.764655899955,230.5,260.0
1054.0647898999741,230.5,260.0
1054.3858122000238,230.5,260.0
1054.7071652000304,230.60000000000002,260.0
1055.0239216999616,230.60000000000002,260.0
1055.3309503999772,230.60000000000002,260.0
1055.6515536999796,230.4,260.0
1055.9549045000458,230.4,260.0
1056.2713702999754,230.70000000000002,260.0
1056.59397539997,230.70000000000002,260.0
1056.898140800069,230.70000000000002,260.0
1057.2186457000207,230.4,260.0
1057.5208508999785,230.4,260.0
1057.841856300016,230.4,260.0
1058.1431440999731,230.8,260.0
1058.4659615999553,230.8,260.0
1058.7836543000303,230.8,260.0
1059.087652200018,230.8,260.0
1059.4066569999559,230.8,260.0
1059.7275058999658,230.8,260.0
1060.0445394000271,231.0,260.0
1060.3511971000116,231.0,260.0
1060.670118900016,231.10000000000002,260.0
1060.9747249999782,231.10000000000002,260.0
1061.2953891999787,231.10000000000002,260.0
1061.599171699956,231.10000000000002,260.0
1061.902125600027,231.10000000000002,260.0
1062.2191654000198,231.10000000000002,260.0
1062.541374500026,231.3,260.0
1062.8614349999698,231.3,260.0
1063.1659674999537,231.3,260.0
1063.4662573999958,231.0,260.0
1063.790128099965,231.0,260.0
1064.1060901000164,231.0,260.0
1064.4118431999814,231.4,260.0
1064.7315271999687,231.4,260.0
1065.0329333000118,231.4,260.0
1065.3544668999966,231.10000000000002,260.0
1065.6739087000024,231.10000000000002,260.0
1065.9800189000089,231.4,260.0
1066.2974200999597,231.4,260.0
1066.6014446000336,231.4,260.0
1066.924273599987,231.4,260.0
1067.2239475999959,231.4,260.0
1067.5468440999975,231.4,260.0
1067.8505758000538,231.4,260.0
1068.1701791000087,231.4,260.0
1068.489759100019,231.4,260.0
1068.7927851000568,231.60000000000002,260.0
1069.096212000004,231.60000000000002,260.0
1069.416265900014,231.60000000000002,260.0
1069.7381778999697,231.4,260.0
1070.0387349000666,231.4,260.0
1070.3424375000177,231.4,260.0
1070.6648230999708,231.9,260.0
1070.9822414000519,231.9,260.0
1071.2884107000427,231.9,260.0
1071.5897506000474,231.9,260.0
1071.9087035000557,231.9,260.0
1072.232052300009,232.3,260.0
1072.5492446999997,232.3,260.0
1072.8357841999969,232.3,260.0
1073.1587952000555,232.4,260.0
1073.4792781999568,232.4,260.0
1073.799440599978,232.4,260.0
1074.101233100053,232.5,260.0
1074.4209803000558,232.5,260.0
1074.74266670004,232.5,260.0
1075.0619806000032,232.60000000000002,260.0
1075.3627490999643,232.60000000000002,260.0
1075.683855799958,232.5,260.0
1076.0024346000282,232.5,260.0
1076.309324300033,232.5,260.0
1076.6105092000216,232.8,260.0
1076.9319932999788,232.8,260.0
1077.2506872999948,232.8,260.0
1077.5553614000091,232.5,260.0
1077.860289299977,232.5,260.0
1078.1797128999606,232.5,260.0
1078.5000355000375,232.9,260.0
1078.8167104000458,232.9,260.0
1079.1379884000635,232.9,260.0
1079.4437010000693,232.8,260.0
1079.7607075000415,232.8,260.0
1080.0831526999827,233.0,260.0
1080.3828562999843,233.0,260.0
1080.705868900055,233.0,260.0
1081.0071928000543,233.10000000000002,260.0
1081.3144130000146,233.10000000000002,260.0
1081.6328844999662,233.10000000000002,260.0
1081.9519490000093,233.10000000000002,260.0
1082.2739699999802,233.10000000000002,260.0
1082.592014200054,233.10000000000002,260.0
1082.8969436000334,233.20000000000002,260.0
1083.2161531000165,233.20000000000002,260.0
1083.5344860999612,233.20000000000002,260.0
1083.8557099000318,233.0,260.0
1084.1604952999623,233.0,260.0
1084.476510999957,233.20000000000002,260.0
1084.7998667999636,233.20000000000002,260.0
1085.0998901999556,233.20000000000002,260.0
1085.4234443999594,233.0,260.0
1085.7243119999766,233.0,260.0
1086.0430441000499,233.0,260.0
1086.3667301000096,233.3,260.0
1086.6664385000477,233.3,260.0
1086.9741931000026,233.3,260.0
1087.29411779996,233.20000000000002,260.0
1087.613007200067,233.20000000000002,260.0
1087.9329339000396,233.20000000000002,260.0
1088.2355944999726,233.3,260.0
1088.5556648999918,233.3,260.0
1088.8752626000205,233.3,260.0
1089.1798756000353,233.3,260.0
1089.4818157999543,233.3,260.0
1089.8039959999733,233.20000000000002,260.0
1090.1041274999734,233.20000000000002,260.0
1090.4249765999848,233.20000000000002,260.0
1090.747471000068,233.60000000000002,260.0
1091.0661908000475,233.60000000000002,260.0
1091.3710871000076,233.60000000000002,260.0
1091.6727686000522,233.60000000000002,260.0
1091.9952261999715,233.60000000000002,260.0
1092.295135900029,233.60000000000002,260.0
1092.6176802000264,234.0,260.0
1092.937430900056,234.0,260.0
1093.24227050005,234.0,260.0
1093.544699799968,234.0,260.0
1093.8651581000304,234.0,260.0
1094.185510499985,234.20000000000002,260.0
1094.4858570999932,234.20000000000002,260.0
1094.8059262000024,234.20000000000002,260.0
1095.1253257000353,234.20000000000002,260.0
1095.43070659996,234.20000000000002,260.0
1095.7329925000668,234.20000000000002,260.0
1096.0524018000579,234.20000000000002,260.0
1096.357951199985,234.20000000000002,260.0
1096.6780678000068,234.20000000000002,260.0
1096.9960897000274,234.3,260.0
1097.300916200038,234.3,260.0
1097.6227132000495,234.3,260.0
1097.9242904999992,234.10000000000002,260.0
1098.2430590000004,234.10000000000002,260.0
1098.5507286000066,234.10000000000002,260.0
1098.866225900012,234.5,260.0
1099.1878353999928,234.5,260.0
1099.491726999986,234.3,260.0
1099.8097379000392,234.3,260.0
1100.1165861999616,234.3,260.0
1100.4209144000197,234.70000000000002,260.0
1100.7367967000464,234.70000000000002,260.0
1101.0410454999655,234.70000000000002,260.0
1101.3638484000694,234.70000000000002,260.0
1101.684609799995,234.70000000000002,260.0
1102.0008245999925,234.70000000000002,260.0
1102.304549499997,234.8,260.0
1102.6083859000355,234.8,260.0
1102.930099099991,234.8,260.0
1103.249274300062,234.9,260.0
1103.552933100029,234.9,260.0
1103.8713856000686,234.8,260.0
1104.1947306999937,234.8,260.0
1104.4805918000638,234.8,260.0
1104.8021956000011,235.0,260.0
1105.12124030001,235.0,260.0
1105.4218816000503,235.0,260.0
1105.74579299998,234.8,260.0
1106.0642038000515,234.8,260.0
1106.36680660001,234.8,260.0
1106.6855103999842,235.10000000000002,260.0
1106.992370699998,235.10000000000002,260.0
1107.3105697999708,235.10000000000002,260.0
1107.6129901000531,235.0,260.0
1107.9359606000362,235.0,260.0
1108.239232599968,235.0,260.0
1108.5581786000403,235.20000000000002,260.0
1108.8604400999611,235.20000000000002,260.0
1109.182674700045,235.20000000000002,260.0
1109.487225000048,235.20000000000002,260.0
1109.805939999991,235.20000000000002,260.0
1110.1102531000506,235.20000000000002,260.0
1110.4286548000528,235.20000000000002,260.0
1110.7471105000004,235.20000000000002,260.0
1111.052256199997,235.60000000000002,260.0
1111.3695031000534,235.60000000000002,260.0
1111.6903771000216,235.60000000000002,260.0
1111.9941206000512,235.5,260.0
1112.3158601999748,235.5,260.0
1112.635020900052,235.5,260.0
1112.938939900021,235.9,260.0
1113.2580538999755,235.9,260.0
1113.5801152000204,235.9,260.0
1113.8807303999783,235.9,260.0
1114.2038480000338,235.9,260.0
1114.5238070000196,236.20000000000002,260.0
1114.8239542000229,236.20000000000002,260.0
1115.146780100069,236.20000000000002,260.0
1115.4670162000693,236.10000000000002,260.0
1115.7669603000395,236.10000000000002,260.0
1116.0872920000693,236.10000000000002,260.0
1116.4080673999852,236.20000000000002,260.0
1116.714593200013,236.20000000000002,260.0
1117.0300369999604,236.20000000000002,260.0
1117.3337420000462,236.20000000000002,260.0
1117.6573381000198,236.20000000000002,260.0
1117.9591367000248,236.20000000000002,260.0
1118.2769426000305,236.10000000000002,260.0
1118.5846915000584,236.10000000000002,260.0
1118.9038849000353,236.4,260.0
1119.2238740000175,236.4,260.0
1119.5279120999621,236.4,260.0
1119.8316353999544,236.3,260.0
1120.1503991000354,236.3,260.0
1120.452983999974,236.3,260.0
1120.7725552000338,236.60000000000002,260.0
1121.0915333000012,236.60000000000002,260.0
1121.3967913000379,236.60000000000002,260.0
1121.7012204000494,236.5,260.0
1122.0225453999592,236.5,260.0
1122.341512199957,236.5,260.0
1122.6450813000556,236.70000000000002,260.0
1122.9628182000015,236.70000000000002,260.0
1123.2819801999722,236.60000000000002,260.0
1123.5719681000337,236.60000000000002,260.0
1123.8910547000123,236.60000000000002,260.0
1124.212778300047,236.60000000000002,260.0
1124.5168288999703,236.60000000000002,260.0
1124.834578400012,236.60000000000002,260.0
1125.1523068000097,236.8,260.0
1125.4747295000125,236.8,260.0
1125.778768899967,236.8,260.0
1126.0832730999682,236.60000000000002,260.0
1126.4040266000666,236.60000000000002,260.0
1126.704670200008,236.60000000000002,260.0
1127.0255001999903,236.9,260.0
1127.3459138000617,236.9,260.0
1127.649903099984,236.9,260.0
1127.9526340999873,236.70000000000002,260.0
1128.2717132000253,236.70000000000002,260.0
1128.5935478999745,237.10000000000002,260.0
1128.8959924000083,237.10000000000002,260.0
1129.215430399985,237.10000000000002,260.0
1129.519686399959,236.9,260.0
1129.8409694000147,236.9,260.0
1130.1425350999925,236.9,260.0
1130.461231000023,237.20000000000002,260.0
1130.784018700011,237.20000000000002,260.0
1131.0871592999902,237.20000000000002,260.0
1131.391584899975,237.4,260.0
1131.7075678999536,237.4,260.0
1132.0315970999654,237.4,260.0
1132.333299400052,237.5,260.0
1132.6543943999568,237.5,260.0
1132.959062900045,237.9,260.0
1133.2632259000093,237.9,260.0
1133.5796270000283,237.9,260.0
1133.9026654000627,237.8,260.0
1134.2193953000242,237.8,260.0
1134.5262912999606,237.8,260.0
1134.8292981999693,238.10000000000002,260.0
1135.1461187000386,238.10000000000002,260.0
1135.4529037000611,238.10000000000002,260.0
1135.7700712999795,237.9,260.0
1136.0903479000553,237.9,260.0
1136.395928599988,237.9,260.0
1136.7157875000266,238.20000000000002,260.0
1137.0165947000496,238.20000000000002,260.0
1137.3401765000308,238.20000000000002,260.0
1137.6586693000281,238.10000000000002,260.0
1137.963092399994,238.10000000000002,260.0
1138.264875199995,238.10000000000002,260.0
1138.5854513000231,238.10000000000002,260.0
1138.902987999958,238.10000000000002,260.0
1139.210783699993,238.4,260.0
1139.528488400043,238.4,260.0
1139.8322069999995,238.4,260.0
1140.1515599000268,238.20000000000002,260.0
1140.4732065000571,238.20000000000002,260.0
1140.7743618000532,238.20000000000002,260.0
1141.0801652000519,238.60000000000002,260.0
1141.3978516999632,238.60000000000002,260.0
1141.7216249000048,238.60000000000002,260.0
1142.0231370000402,238.5,260.0
1142.3247563999612,238.5,260.0
1142.6486393000232,238.5,260.0
1142.9671706999652,238.8,260.0
1143.2880989999976,238.8,260.0
1143.5893685000483,238.60000000000002,260.0
1143.9085213000653,238.60000000000002,260.0
1144.2278604999883,238.60000000000002,260.0
1144.533188499976,238.70000000000002,260.0
1144.8520427000476,238.70000000000002,260.0
1145.1722615000326,238.70000000000002,260.0
1145.4784213000676,238.70000000000002,260.0
1145.7816842000466,238.70000000000002,260.0
1146.1010233999696,238.70000000000002,260.0
1146.420148300007,238.60000000000002,260.0
1146.741739399964,238.60000000000002,260.0
1147.0300807000604,238.60000000000002,260.0
1147.3464350999566,238.8,260.0
1147.66745790001,238.8,260.0
1147.986953399959,238.60000000000002,260.0
1148.2928297000472,238.60000000000002,260.0
1148.5960457000183,238.60000000000002,260.0
1148.9134523000102,239.0,260.0
1149.2328812000342,239.0,260.0
1149.5525018000044,239.0,260.0
1149.8587332000025,238.8,260.0
1150.1775527000427,238.8,260.0
1150.4976513000438,238.8,260.0
1150.8150461000623,239.10000000000002,260.0
1151.1195461000316,239.10000000000002,260.0
1151.4408518000273,239.10000000000002,260.0
1151.7620784000028,239.20000000000002,260.0
1152.078599200002,239.20000000000002,260.0
1152.382725900039,239.4,260.0
1152.6885778000578,239.4,260.0
1153.0073291000444,239.4,260.0
1153.3295008999994,239.70000000000002,260.0
1153.6486149999546,239.70000000000002,260.0
1153.9507595000323,239.70000000000002,260.0
1154.2711537999567,239.70000000000002,260.0
1154.589136100025,239.70000000000002,260.0
1154.895595900016,239.70000000000002,260.0
1155.2156445999863,240.0,260.0
1155.517916199984,240.0,260.0
1155.8372315999586,240.0,260.0
1156.1583787000272,239.8,260.0
1156.46160280006,239.8,260.0
1156.765960699995,240.10000000000002,260.0
1157.0866514999652,240.10000000000002,260.0
1157.4059703999665,240.10000000000002,260.0
1157.7095517000416,239.9,260.0
1158.0109415999614,239.9,260.0
1158.3302139999578,239.9,260.0
1158.6509806000395,240.0,260.0
1158.9705253000138,240.0,260.0
1159.2770422999747,240.0,260.0
1159.5792662999593,240.20000000000002,260.0
1159.9012409000425,240.20000000000002,260.0
1160.2210630000336,240.20000000000002,260.0
1160.525047400035,240.10000000000002,260.0
1160.827817399986,240.10000000000002,260.0
1161.1469206999755,240.10000000000002,260.0
1161.448637100053,240.4,260.0
1161.770075700013,240.4,260.0
1162.0904470999958,240.3,260.0
1162.4101736999582,240.3,260.0
1162.7137119000545,240.3,260.0
1163.0342037000228,240.60000000000002,260.0
1163.3526534000412,240.60000000000002,260.0
1163.6741376999998,240.60000000000002,260.0
1163.9743545000674,240.4,260.0
1164.2980618999572,240.4,260.0
1164.6002581999637,240.4,260.0
1164.902019500034,240.60000000000002,260.0
1165.223426099983,240.60000000000002,260.0
1165.541508299997,240.60000000000002,260.0
1165.8477998999879,240.5,260.0
1166.1664304999867,240.5,260.0
1166.487657999969,240.60000000000002,260.0
1166.7898415999953,240.60000000000002,260.0
1167.0944177999627,240.60000000000002,260.0
1167.4139872000087,240.70000000000002,260.0
1167.733863200061,240.70000000000002,260.0
1168.0364588999655,240.70000000000002,260.0
1168.3577856000047,240.60000000000002,260.0
1168.6619619999547,240.60000000000002,260.0
1168.9821508000605,240.60000000000002,260.0
1169.3020544999745,240.9,260.0
1169.6040571000194,240.9,260.0
1169.906696400023,240.9,260.0
1170.2267710999586,240.70000000000002,260.0
1170.54723190004,240.70000000000002,260.0
1170.8525033000624,240.70000000000002,260.0
1171.156677699997,241.10000000000002,260.0
1171.4756402999628,241.10000000000002,260.0
1171.7943471999606,241.20000000000002,260.0
1172.1006185000297,241.20000000000002,260.0
1172.4010063000023,241.20000000000002,260.0
1172.7234195000492,241.4,260.0
1173.043356899987,241.4,260.0
1173.3627488999628,241.4,260.0
1173.66575689998,241.60000000000002,260.0
1173.9715701000532,241.60000000000002,260.0
1174.2890511000296,241.60000000000002,260.0
1174.6075219999766,241.60000000000002,260.0
1174.914160400047,241.60000000000002,260.0
1175.21576739999,241.60000000000002,260.0
1175.5361269999994,241.8,260.0
1175.8546331999823,241.8,260.0
1176.1756642999826,241.60000000000002,260.0
1176.4966831000056,241.60000000000002,260.0
1176.8005906000035,241.60000000000002,260.0
1177.1202354000416,241.9,260.0
1177.43958450004,241.9,260.0
1177.7444542000303,241.9,260.0
1178.0627881999826,241.70000000000002,260.0
1178.383903500042,241.70000000000002,260.0
1178.702890799963,241.70000000000002,260.0
1179.0222457000054,242.0,260.0
1179.3115126000484,242.0,260.0
1179.631768799969,242.0,260.0
1179.9518760000356,242.0,260.0
1180.2709761000006,242.0,260.0
1180.5737383000087,242.10000000000002,260.0
1180.8751465000678,242.10000000000002,260.0
1181.1952691000188,242.10000000000002,260.0
1181.5165559999878,242.3,260.0
1181.822272200021,242.3,260.0
1182.1226974000456,242.3,260.0
1182.443479300011,242.20000000000002,260.0
1182.764334000065,242.20000000000002,260.0
1183.0681395999854,242.20000000000002,260.0
1183.386187599972,242.5,260.0
1183.6923730999697,242.5,260.0
1184.0129753999645,242.5,260.0
1184.3141536000185,242.3,260.0
1184.6351977000013,242.3,260.0
1184.9569727999624,242.3,260.0
1185.2584261000156,242.5,260.0
1185.5637223999947,242.5,260.0
1185.8841546999756,242.4,260.0
1186.2030165999895,242.4,260.0
1186.5230611000443,242.4,260.0
1186.8089122000383,242.5,260.0
1187.1290712000336,242.5,260.0
1187.4477312000236,242.5,260.0
1187.7685232000658,242.5,260.0
1188.0565494999755,242.5,260.0
1188.3769806000637,242.5,260.0
1188.6964978000615,242.5,260.0
1189.0150205000537,242.5,260.0
1189.320214999956,242.5,260.0
1189.6409995000577,242.70000000000002,260.0
1189.960978899966,242.70000000000002,260.0
1190.2633152999915,242.5,260.0
1190.583112900029,242.5,260.0
1190.9030299000442,242.5,260.0
1191.2077609000262,243.0,260.0
1191.5246387000661,243.0,260.0
1191.832153400057,243.0,260.0
1192.1506504999707,242.9,260.0
1192.471300699981,242.9,260.0
1192.7738525000168,242.9,260.0
1193.077379000024,243.20000000000002,260.0
1193.3983508000383,243.20000000000002,260.0
1193.717859199969,243.20000000000002,260.0
1194.0385551999789,243.4,260.0
1194.3254530000268,243.4,260.0
1194.6448765000096,243.4,260.0
1194.962892599986,243.4,260.0
1195.2674161000177,243.4,260.0
1195.5876282000681,243.60000000000002,260.0
1195.9055987000465,243.60000000000002,260.0
1196.2278487000149,243.60000000000002,260.0
1196.529273699969,243.5,260.0
1196.8488813999575,243.5,260.0
1197.1696631000377,243.5,260.0
1197.4886179000605,243.70000000000002,260.0
1197.8081810000585,243.70000000000002,260.0
1198.1317425000016,243.70000000000002,260.0
1198.4170952000422,243.5,260.0
1198.73699330003,243.5,260.0
1199.0564534000587,243.5,260.0
1199.361600000062,243.8,260.0
1199.6827911,243.8,260.0
1199.9838086999953,243.70000000000002,260.0
1200.3023900999688,243.70000000000002,260.0
1200.6258054999635,243.70000000000002,260.0
1200.9272553999908,243.9,260.0
1201.2480892000021,243.9,260.0
1201.5536640000064,243.9,260.0
1201.8690821999917,244.0,260.0
1202.175137400045,244.0,260.0
1202.4942476999713,244.0,260.0
1202.7971100000432,244.0,260.0
1203.1202900999924,244.0,260.0
1203.4236912999768,244.0,260.0
1203.7434946000576,244.20000000000002,260.0
1204.0603358000517,244.20000000000002,260.0
1204.3665493000299,244.20000000000002,260.0
1204.6853288999991,244.0,260.0
1204.990586400032,244.0,260.0
1205.3069614999695,244.3,260.0
1205.6136444000294,244.3,260.0
1205.9343062000116,244.3,260.0
1206.2384681999683,244.0,260.0
1206.5580787999788,244.0,260.0
1206.8597805000609,244.0,260.0
1207.1789665999822,244.3,260.0
1207.5011323000072,244.3,260.0
1207.8016408999683,244.3,260.0
1208.1246222000336,244.20000000000002,260.0
1208.4439800999826,244.20000000000002,260.0
1208.7305849000113,244.20000000000002,260.0
1209.0496741000097,244.3,260.0
1209.3701597000472,244.3,260.0
1209.6733632000396,244.4,260.0
1209.9920706000412,244.4,260.0
1210.3120606000302,244.4,260.0
1210.615334299975,244.20000000000002,260.0
1210.935001200065,244.20000000000002,260.0
1211.25709920004,244.20000000000002,260.0
1211.5752741000615,244.70000000000002,260.0
1211.8798272999702,244.70000000000002,260.0
1212.199439899996,244.70000000000002,260.0
1212.521373399999,244.60000000000002,260.0
1212.8252225000178,244.60000000000002,260.0
1213.1258594000246,244.60000000000002,260.0
1213.4450049999868,245.0,260.0
1213.7671409000177,245.0,260.0
1214.0715611999622,245.0,260.0
1214.3752838000655,245.0,260.0
1214.695399499964,245.0,260.0
1215.012859600014,245.20000000000002,260.0
1215.3337558000349,245.20000000000002,260.0
1215.6396632000105,245.20000000000002,260.0
1215.955530300038,245.20000000000002,260.0
1216.244052199996,245.20000000000002,260.0
1216.5640088999644,245.20000000000002,260.0
1216.8865194000537,245.10000000000002,260.0
1217.1897972000297,245.10000000000002,260.0
1217.5083968000254,245.10000000000002,260.0
1217.8306178000057,245.3,260.0
1218.1331981000258,245.3,260.0
1218.4524868000299,245.3,260.0
1218.7570940000005,245.10000000000002,260.0
1219.0741413000505,245.10000000000002,260.0
1219.3975686000194,245.4,260.0
1219.7010045000352,245.4,260.0
1220.0018337999936,245.4,260.0
1220.3228446999565,245.3,260.0
1220.6405601999722,245.3,260.0
1220.9608720999677,245.3,260.0
1221.2654275000095,245.60000000000002,260.0
1221.5846138000488,245.60000000000002,260.0
1221.9032867000205,245.60000000000002,260.0
1222.2112251999788,245.60000000000002,260.0
1222.527991799987,245.60000000000002,260.0
1222.847627100069,245.60000000000002,260.0
1223.1533432999859,245.60000000000002,260.0
1223.4720174999675,245.60000000000002,260.0
1223.791395300068,245.70000000000002,260.0
1224.0967989000492,245.70000000000002,260.0
1224.4153399000643,245.70000000000002,260.0
1224.7344301999547,245.60000000000002,260.0
1225.0540390000679,245.60000000000002,260.0
1225.3427043999545,245.60000000000002,260.0
1225.664391700062,245.8,260.0
1225.9834341000533,245.8,260.0
1226.2861802000552,245.8,260.0
1226.607552099973,245.60000000000002,260.0
1226.9119262000313,245.60000000000002,260.0
1227.2319927000208,245.60000000000002,260.0
1227.5320827000542,245.9,260.0
1227.8557143000653,245.9,260.0
1228.159718299983,245.9,260.0
1228.4788878000109,245.8,260.0
1228.7990197000327,245.8,260.0
1229.1013033000054,245.9,260.0
1229.406030299957,245.9,260.0
1229.7255486999638,245.9,260.0
1230.0460509000113,246.20000000000002,260.0
1230.3503640999552,246.20000000000002,260.0
1230.665941299987,246.20000000000002,260.0
1230.9895831999602,246.3,260.0
1231.275540200062,246.3,260.0
1231.595134000061,246.3,260.0
1231.9147434000624,246.70000000000002,260.0
1232.218866799958,246.70000000000002,260.0
1232.537475500023,246.70000000000002,260.0
1232.8601791000692,246.70000000000002,260.0
1233.161945000058,246.70000000000002,260.0
1233.4811458999757,247.0,260.0
1233.7860208000056,247.0,260.0
1234.1061379000312,247.0,260.0
1234.4112185999984,246.8,260.0
1234.7311794999987,246.8,260.0
1235.0491821999894,246.8,260.0
1235.3537141999695,247.0,260.0
1235.6557870999677,247.0,260.0
1235.9773613000289,247.0,260.0
1236.2941164000658,246.9,260.0
1236.6011418000562,246.9,260.0
1236.9029638000065,246.9,260.0
1237.225775500061,247.0,260.0
1237.544240899966,247.0,260.0
1237.846293700044,247.0,260.0
1238.1673350000056,247.20000000000002,260.0
1238.485716199968,247.20000000000002,260.0
1238.7910235000309,247.10000000000002,260.0
1239.1088509999681,247.10000000000002,260.0
1239.4291606000625,247.10000000000002,260.0
1239.7491348000476,247.4,260.0
1240.05345570005,247.4,260.0
1240.3584505000617,247.4,260.0
1240.67467940005,247.3,260.0
1240.9969520999584,247.3,260.0
1241.3006573000457,247.3,260.0
1241.6221407999983,247.60000000000002,260.0
1241.941361400066,247.60000000000002,260.0
1242.2439849000657,247.60000000000002,260.0
1242.5647663000273,247.5,260.0
1242.8819095999934,247.5,260.0
1243.2022950999672,247.60000000000002,260.0
1243.5247399000218,247.60000000000002,260.0
1243.8273876999738,247.60000000000002,260.0
1244.1477253000485,247.60000000000002,260.0
1244.4643021000084,247.60000000000002,260.0
1244.784218500019,247.60000000000002,260.0
1245.1072395000374,247.5,260.0
1245.411725700018,247.5,260.0
1245.7298538000323,247.5,260.0
1246.0509785000468,247.70000000000002,260.0
1246.3529124000343,247.70000000000002,260.0
1246.6581377000548,247.70000000000002,260.0
1246.9763709000545,247.60000000000002,260.0
1247.2971732000588,247.60000000000002,260.0
1247.5988273000112,247.9,260.0
1247.91925669997,247.9,260.0
1248.2393389999634,247.9,260.0
1248.5440863000695,247.70000000000002,260.0
1248.862828399986,247.70000000000002,260.0
1249.1849367000395,247.70000000000002,260.0
1249.503374599968,248.0,260.0
1249.8044871999882,248.0,260.0
1250.1095073999604,248.0,260.0
1250.428372399998,248.20000000000002,260.0
1250.7364154000534,248.20000000000002,260.0
1251.0558828000212,248.20000000000002,260.0
1251.3755141999573,248.3,260.0
1251.678632700001,248.3,260.0
1251.99751929997,248.60000000000002,260.0
1252.3189966999926,248.60000000000002,260.0
1252.6041609999957,248.60000000000002,260.0
1252.925411000033,248.60000000000002,260.0
1253.2432374999626,248.60000000000002,260.0
1253.5464056000346,248.60000000000002,260.0
1253.8698823000304,248.8,260.0
1254.187519900035,248.8,260.0
1254.4923752000323,248.8,260.0
1254.7960549000418,248.70000000000002,260.0
1255.1170653000008,248.70000000000002,260.0
1255.4349419999635,248.70000000000002,260.0
1255.7377754000481,248.9,260.0
1256.0592257999815,248.9,260.0
1256.3600746999728,248.9,260.0
1256.6844467000337,248.8,260.0
1256.987125899992,248.8,260.0
1257.3053277999861,248.9,260.0
1257.6100138999755,248.9,260.0
1257.9297269000672,248.9,260.0
1258.2493832999608,249.0,260.0
1258.5541578000411,249.0,260.0
1258.8733108000597,249.0,260.0
1259.1928985000122,249.0,260.0
1259.4786589000141,249.0,260.0
1259.8019981000107,249.0,260.0
1260.121641100035,249.3,260.0
1260.4258748999564,249.3,260.0
1260.744661099976,249.3,260.0
1261.0649660000345,249.20000000000002,260.0
1261.3691971000517,249.20000000000002,260.0
1261.6874488999601,249.5,260.0
1261.9899049999658,249.5,260.0
1262.293031499954,249.5,260.0
1262.6132570999907,249.4,260.0
1262.9328663999913,249.4,260.0
1263.2525781999575,249.4,260.0
1263.5422105999896,249.60000000000002,260.0
1263.8616008000681,249.60000000000002,260.0
1264.1812823000364,249.60000000000002,260.0
1264.4848852000432,249.5,260.0
1264.8052634999622,249.5,260.0
1265.1230778000318,249.5,260.0
1265.4457988999784,249.60000000000002,260.0
1265.7343691999558,249.60000000000002,260.0
1266.050402599969,249.60000000000002,260.0
1266.370505400002,249.70000000000002,260.0
1266.6755806000438,249.70000000000002,260.0
1266.9968370000133,249.60000000000002,260.0
1267.2978483999614,249.60000000000002,260.0
1267.6209355000174,249.60000000000002,260.0
1267.9246679999633,249.9,260.0
1268.2434269000078,249.9,260.0
1268.5628902000608,249.9,260.0
1268.867639000062,249.70000000000002,260.0
1269.1683556999778,249.70000000000002,260.0
1269.4909640999977,249.70000000000002,260.0
1269.8094192000572,250.10000000000002,260.0
1270.1127407000167,250.10000000000002,260.0
1270.4329203000525,250.10000000000002,260.0
1270.7537734999787,250.20000000000002,260.0
1271.0738366000587,250.20000000000002,260.0
1271.3768030999927,250.4,260.0
1271.6945513000246,250.4,260.0
1272.017492700019,250.4,260.0
1272.3176812999882,250.60000000000002,260.0
1272.6224878999637,250.60000000000002,260.0
1272.940985299996,250.60000000000002,260.0
1273.264359200024,250.70000000000002,260.0
1273.5684253000654,250.70000000000002,260.0
1273.8848615000024,250.70000000000002,260.0
1274.2051504000556,250.9,260.0
1274.5247010999592,250.9,260.0
1274.8454224000452,250.9,260.0
1275.1488484999863,250.70000000000002,260.0
1275.4699196000583,250.70000000000002,260.0
1275.7745103000198,250.70000000000002,260.0
1276.0759946999606,251.0,260.0
1276.395247300039,251.0,260.0
1276.714894899982,250.9,260.0
1277.0204920000397,250.9,260.0
1277.340012700064,250.9,260.0
1277.6597654999932,251.10000000000002,260.0
1277.9788769000443,251.10000000000002,260.0
1278.2993551000254,251.10000000000002,260.0
1278.60220329999,251.10000000000002,260.0
1278.9254753000569,251.10000000000002,260.0
1279.2268145000562,251.10000000000002,260.0
1279.5447185999947,251.3,260.0
1279.8500209000194,251.3,260.0
1280.1723940999946,251.3,260.0
1280.4765998000512,251.4,260.0
1280.7929296999937,251.4,260.0
1281.1153438000474,251.3,260.0
1281.4159548999742,251.3,260.0
1281.7354820000473,251.3,260.0
1282.0579199000495,251.60000000000002,260.0
1282.3592312000692,251.60000000000002,260.0
1282.679952800041,251.60000000000002,260.0
1282.9986020000651,251.4,260.0
1283.3196306000464,251.4,260.0
1283.6262923000613,251.4,260.0
1283.9457319000503,251.60000000000002,260.0
1284.2642879000632,251.60000000000002,260.0
1284.5837137000635,251.60000000000002,260.0
1284.8704621000215,251.4,260.0
1285.192103600013,251.4,260.0
1285.5119842999848,251.60000000000002,260.0
1285.8162389000645,251.60000000000002,260.0
1286.1352109999862,251.60000000000002,260.0
1286.4523996000644,251.60000000000002,260.0
1286.7571539999917,251.60000000000002,260.0
1287.0800193999894,251.60000000000002,260.0
1287.3799179999623,251.5,260.0
1287.684995800024,251.5,260.0
1288.0048803000245,251.5,260.0
1288.3235359999817,251.70000000000002,260.0
1288.6470169000095,251.70000000000002,260.0
1288.9333515999606,251.70000000000002,260.0
1289.2512150000548,251.5,260.0
1289.5709015000612,251.5,260.0
1289.892993699992,251.5,260.0
1290.1959166000597,251.9,260.0
1290.4998366000364,251.9,260.0
1290.8205236999784,251.9,260.0
1291.1248240000568,251.9,260.0
1291.4439610999543,251.9,260.0
1291.7622224000515,252.20000000000002,260.0
1292.0818052999675,252.20000000000002,260.0
1292.4035861999728,252.20000000000002,260.0
1292.7047141999938,252.3,260.0
1293.0253590999637,252.3,260.0
1293.3439439999638,252.3,260.0
1293.6506804999663,252.4,260.0
1293.9515926999738,252.4,260.0
1294.2729055000236,252.4,260.0
1294.5930293999845,252.5,260.0
1294.8990513000172,252.5,260.0
1295.216225799988,252.4,260.0
1295.520126300049,252.4,260.0
1295.8245405000634,252.4,260.0
1296.1442282999633,252.70000000000002,260.0
1296.4614716999931,252.70000000000002,260.0
1296.784461000003,252.70000000000002,260.0
1297.103477000026,252.5,260.0
1297.4091873000143,252.5,260.0
1297.7276917999843,252.5,260.0
1298.0445292000659,252.8,260.0
1298.352227400057,252.8,260.0
1298.6524684999604,252.8,260.0
1298.97235679999,252.70000000000002,260.0
1299.2945924999658,252.70000000000002,260.0
1299.5971692999592,252.9,260.0
1299.9151447999757,252.9,260.0
1300.221413500025,252.9,260.0
1300.5420927000232,253.0,260.0
1300.8599994999822,253.0,260.0
1301.150753300055,253.0,260.0
1301.469996800064,253.0,260.0
1301.7898193000583,253.0,260.0
1302.1061041000066,253.0,260.0
1302.413232699968,253.20000000000002,260.0
1302.7175542999757,253.20000000000002,260.0
1303.0351628999924,253.20000000000002,260.0
1303.3537948000012,253.10000000000002,260.0
1303.6592710000696,253.10000000000002,260.0
1303.9763496000087,253.10000000000002,260.0
1304.299777599983,253.3,260.0
1304.6008081999607,253.3,260.0
1304.9061420999933,253.10000000000002,260.0
1305.2246793999802,253.10000000000002,260.0
1305.5459573999979,253.10000000000002,260.0
1305.847499800031,253.3,260.0
1306.15337309998,253.3,260.0
1306.473717099987,253.3,260.0
1306.7927868000697,253.3,260.0
1307.0976735999575,253.3,260.0
1307.4179045000346,253.3,260.0
1307.734948700061,253.3,260.0
1308.0418422999792,253.3,260.0
1308.3445634000236,253.3,260.0
1308.6639881000156,253.4,260.0
1308.9851329000667,253.4,260.0
1309.285608700011,253.4,260.0
1309.6051063999766,253.4,260.0
1309.9282608999638,253.4,260.0
1310.216047200025,253.8,260.0
1310.5362894999562,253.8,260.0
1310.8555000000633,253.8,260.0
1311.173627799959,253.8,260.0
1311.4771294000093,253.8,260.0
1311.7978861000156,253.8,260.0
1312.1019329000264,254.20000000000002,260.0
1312.4053393000504,254.20000000000002,260.0
1312.7258575999876,254.20000000000002,260.0
1313.0459581000032,254.20000000000002,260.0
1313.3656968000578,254.20000000000002,260.0
1313.6519734000321,254.20000000000002,260.0
1313.971779400017,254.4,260.0
1314.2899695000378,254.4,260.0
1314.5955915000523,254.4,260.0
1314.915599900065,254.4,260.0
1315.237085300032,254.4,260.0
1315.537538500037,254.4,260.0
1315.842387199984,254.4,260.0
1316.1611791000469,254.4,260.0
1316.4829626999563,254.5,260.0
1316.7876738000195,254.5,260.0
1317.1068867000286,254.5,260.0
1317.4280281000538,254.4,260.0
1317.7115840000333,254.4,260.0
1318.0311549999751,254.4,260.0
1318.3530852999538,254.70000000000002,260.0
1318.6725595999742,254.70000000000002,260.0
1318.9938176999567,254.70000000000002,260.0
1319.2986450999742,254.60000000000002,260.0
1319.6168439000612,254.60000000000002,260.0
1319.9211154000368,254.9,260.0
1320.2399747000309,254.9,260.0
1320.559130599955,254.9,260.0
1320.878882799996,254.9,260.0
1321.1810326999985,254.9,260.0
1321.4856550999684,254.9,260.0
1321.805632899981,255.0,260.0
1322.110776699963,255.0,260.0
1322.4295487999916,255.0,260.0
1322.75113400002,255.10000000000002,260.0
1323.054261000012,255.10000000000002,260.0
1323.372751899995,255.10000000000002,260.0
1323.6957852999913,255.0,260.0
1324.0142491000006,255.0,260.0
1324.333169599995,255.20000000000002,260.0
1324.6387616000138,255.20000000000002,260.0
1324.9583138000453,255.20000000000002,260.0
1325.2782001000596,255.0,260.0
1325.5967038000235,255.0,260.0
1325.9021122000413,255.0,260.0
1326.2197976000607,255.3,260.0
1326.5213651000522,255.3,260.0
1326.825223300024,255.3,260.0
1327.1477970000124,255.10000000000002,260.0
1327.4529433000134,255.10000000000002,260.0
1327.772415000014,255.10000000000002,260.0
1328.0884478000225,255.3,260.0
1328.412341700052,255.3,260.0
1328.6984888999723,255.3,260.0
1329.0153503000038,255.3,260.0
1329.3386527999537,255.3,260.0
1329.6587335000513,255.3,260.0
1329.9629975999705,255.3,260.0
1330.2828482000623,255.3,260.0
1330.5833657999756,255.70000000000002,260.0
1330.9044092999538,255.70000000000002,260.0
1331.2087878000457,255.70000000000002,260.0
1331.5297015999677,255.70000000000002,260.0
1331.8321703000693,255.70000000000002,260.0
1332.1495899000438,255.70000000000002,260.0
1332.4695456000045,256.1,260.0
1332.7739668999566,256.1,260.0
1333.0795049000299,256.1,260.0
1333.3973009999609,256.1,260.0
1333.7189620999852,256.1,260.0
1334.0249271000503,256.3,260.0
1334.3426937999902,256.3,260.0
1334.6631438999902,256.3,260.0
1334.966174500063,256.2,260.0
1335.2711451000068,256.2,260.0
1335.591193499975,256.2,260.0
1335.8924298000056,256.2,260.0
1336.2131389999995,256.2,260.0
1336.5324646000518,256.2,260.0
1336.8225033000344,256.3,260.0
1337.1396978000412,256.3,260.0
1337.4625328000402,256.3,260.0
1337.762256499962,256.2,260.0
1338.0834360000445,256.2,260.0
1338.4017137000337,256.40000000000003,260.0
1338.7255087000085,256.40000000000003,260.0
1339.0129255000502,256.40000000000003,260.0
1339.3289022999816,256.3,260.0
1339.6498508000514,256.3,260.0
1339.9704137999797,256.3,260.0
1340.2761298000114,256.6,260.0
1340.5801505000563,256.6,260.0
1340.8961064000614,256.6,260.0
1341.2188916000305,256.6,260.0
1341.522657900001,256.6,260.0
1341.839779800037,256.6,260.0
1342.1607702999609,256.7,260.0
1342.4666218999773,256.7,260.0
1342.767891000025,256.7,260.0
1343.087494699983,256.7,260.0
1343.393112199963,256.7,260.0
1343.71084840002,256.7,260.0
1344.0334020999726,256.7,260.0
1344.3370163000654,256.7,260.0
1344.6567375999875,256.8,260.0
1344.9614281000104,256.8,260.0
1345.262218900025,256.8,260.0
1345.5811356999911,256.7,260.0
1345.9046893999912,256.7,260.0
1346.2063554000342,256.7,260.0
1346.5288617999759,256.90000000000003,260.0
1346.8446210999973,256.90000000000003,260.0
1347.1352845999645,256.90000000000003,260.0
1347.4552839000244,256.8,260.0
1347.7732724000234,256.8,260.0
1348.078512200038,256.8,260.0
1348.3971332999645,257.0,260.0
1348.7172651999863,257.0,260.0
1349.0220496000256,256.90000000000003,260.0
1349.340121999965,256.90000000000003,260.0
1349.6441560999956,256.90000000000003,260.0
1349.9640056999633,257.0,260.0
1350.2823552000336,257.0,260.0
1350.5727406999795,257.0,260.0
1350.8895822999766,257.3,260.0
1351.2121608000016,257.3,260.0
1351.531342000002,257.3,260.0
1351.8357458000537,257.3,260.0
1352.13642720005,257.3,260.0
1352.4605262000114,257.3,260.0
1352.7791368999751,257.7,260.0
1353.0807256000116,257.7,260.0
1353.403237099992,257.7,260.0
1353.7209850000218,257.7,260.0
1354.026155999978,257.7,260.0
1354.3291204000125,258.0,260.0
1354.6476896000095,258.0,260.0
1354.9530753999716,258.0,260.0
1355.2741018000524,257.90000000000003,260.0
1355.5920854000142,257.90000000000003,260.0
1355.8976182000479,257.90000000000003,260.0
1356.2156093000667,258.0,260.0
1356.5366704000626,258.0,260.0
1356.8407932999544,258.0,260.0
1357.1579137999797,258.0,260.0
1357.44489360007,258.0,260.0
1357.7666941999923,258.0,260.0
1358.086662500049,257.90000000000003,260.0
1358.408126699971,257.90000000000003,260.0
1358.7103863999946,258.1,260.0
1359.014708200004,258.1,260.0
1359.336122800014,258.1,260.0
1359.6518266999628,258.1,260.0
1359.9559490999673,258.1,260.0
1360.2758673999924,258.1,260.0
1360.5981147000566,258.40000000000003,260.0
1360.916884400067,258.40000000000003,260.0
1361.2382226999616,258.40000000000003,260.0
1361.5404636999592,258.3,260.0
1361.8423305000179,258.3,260.0
1362.1640552000608,258.3,260.0
1362.4814091000007,258.6,260.0
1362.787017500028,258.6,260.0
1363.0891554000555,258.5,260.0
1363.411969000008,258.5,260.0
1363.7295311000198,258.5,260.0
1364.0486000999808,258.6,260.0
1364.3554275999777,258.6,260.0
1364.6588582999539,258.6,260.0
1364.978359800065,258.6,260.0
1365.2795061999932,258.6,260.0
1365.6000140999677,258.6,260.0
1365.9033962000394,258.5,260.0
1366.2273614000296,258.5,260.0
1366.5455980000552,258.5,260.0
1366.8663778000046,258.8,260.0
1367.152512300061,258.8,260.0
1367.4746520000044,258.8,260.0
1367.7909831999568,258.6,260.0
1368.110368099995,258.6,260.0
1368.4012805999955,258.8,260.0
1368.718203800032,258.8,260.0
1369.0370858999668,258.8,260.0
1369.3588208999718,258.7,260.0
1369.6642084000632,258.7,260.0
1369.965114200022,258.7,260.0
1370.2885159000289,258.90000000000003,260.0
1370.6042684999993,258.90000000000003,260.0
1370.9102711000014,258.90000000000003,260.0
1371.2306380000664,259.1,260.0
1371.5325676000211,259.1,260.0
1371.8529829999898,259.1,260.0
1372.1743737000506,259.2,260.0
1372.476612700033,259.2,260.0
1372.79563529999,259.6,260.0
1373.115948999999,259.6,260.0
1373.4372291000327,259.6,260.0
1373.7380796000361,259.6,260.0
1374.0578834000044,259.6,260.0
1374.3785004999954,259.6,260.0
1374.6686418000609,259.90000000000003,260.0
1374.989103800035,259.90000000000003,260.0
1375.3093040999956,259.90000000000003,260.0
1375.6264842000091,259.90000000000003,260.0
1375.92965559999,259.90000000000003,260.0
1376.2356799000409,259.90000000000003,260.0
1376.5552795999683,260.1,260.0
1376.8730349000543,260.1,260.0
1377.194041299983,260.1,260.0
1377.4811414000578,260.0,260.0
1377.8009012000402,260.0,260.0
1378.1218960999977,260.1,260.0
1378.4234425000614,260.1,260.0
1378.7425695999991,260.1,260.0
1379.0479666000465,260.2,260.0
1379.367751999991,260.2,260.0
1379.688695800025,260.2,260.0
1379.991841500043,260.2,260.0
1380.3129341000458,260.2,260.0
1380.6316795999883,260.2,260.0
1380.9517025999958,260.5,260.0
1381.272219800041,260.5,260.0
1381.5579618000193,260.5,260.0
1381.8796175000025,260.5,260.0
1382.2005411999999,260.5,260.0
1382.500923100044,260.8,260.0
1382.8210277999751,260.8,260.0
1383.124505899963,260.8,260.0
1383.4468407999957,260.7,260.0
1383.7665300000226,260.7,260.0
1384.0681974999607,260.7,260.0
1384.3881483000005,260.8,260.0
1384.6928719000425,260.8,260.0
1385.012928799959,260.8,260.0
1385.315875899978,260.8,260.0
1385.6371067999862,260.8,260.0
1385.938414299977,260.8,260.0
1386.2594817000208,260.8,260.0
1386.5812234999612,260.8,260.0
1386.8842355000088,260.90000000000003,260.0
1387.1880110000493,260.90000000000003,260.0
1387.5063364000525,260.90000000000003,260.0
1387.8282924999949,260.8,260.0
1388.1285626000026,260.8,260.0
1388.4505221999716,260.8,260.0
1388.7551543000154,261.1,260.0
1389.0757262000116,261.1,260.0
1389.376786799985,261.1,260.0
1389.6971808000235,260.90000000000003,260.0
1390.0163038000464,260.90000000000003,260.0
1390.3029452000046,260.90000000000003,260.0
1390.6249136000406,261.1,260.0
1390.946677800035,261.1,260.0
1391.263265699963,261.1,260.0
1391.5683060999727,261.0,260.0
1391.886400199961,261.0,260.0
1392.191831800039,261.1,260.0
1392.5111254999647,261.1,260.0
1392.8164265999803,261.1,260.0
1393.133500099997,261.1,260.0
1393.4397478000028,261.1,260.0
1393.7565762000158,261.1,260.0
1394.063580899965,260.90000000000003,260.0
1394.3836477999575,260.90000000000003,260.0
1394.7039551000344,260.90000000000003,260.0
1395.0056558999931,261.1,260.0
1395.3113825999899,261.1,260.0
1395.6289270999841,261.1,260.0
1395.9484317000024,260.90000000000003,260.0
1396.2530053000664,260.90000000000003,260.0
1396.5737596000545,261.1,260.0
1396.8771219999762,261.1,260.0
1397.197822200018,261.1,260.0
1397.5147317000665,260.90000000000003,260.0
1397.8364077999722,260.90000000000003,260.0
1398.138858200051,260.90000000000003,260.0
1398.4612065000692,261.0,260.0
1398.7811731999973,261.0,260.0
1399.1003321000608,261.0,260.0
1399.3848431999795,260.90000000000003,260.0
1399.7053033000557,260.90000000000003,260.0
1400.028767199954,260.90000000000003,260.0
1400.328795599984,260.90000000000003,260.0
1400.648151100031,260.90000000000003,260.0
1400.9531183000654,260.90000000000003,260.0
1401.2732624000637,260.90000000000003,260.0
1401.5912676999578,260.90000000000003,260.0
1401.899447200005,260.7,260.0
1402.2021726999665,260.7,260.0
1402.5191045000684,260.7,260.0
1402.838436500053,260.90000000000003,260.0
1403.1583223000634,260.90000000000003,260.0
1403.4651328000473,260.90000000000003,260.0
1403.7662289000582,260.7,260.0
1404.0896884000394,260.7,260.0
1404.4061337000458,260.7,260.0
1404.72674860002,260.90000000000003,260.0
1405.0297385000158,260.90000000000003,260.0
1405.350408300059,260.90000000000003,260.0
1405.6709264999954,260.7,260.0
1405.9737802000018,260.7,260.0
1406.2955335000297,260.8,260.0
1406.5967720999615,260.8,260.0
1406.9186288999626,260.8,260.0
1407.2380960000446,260.7,260.0
1407.5420846999623,260.7,260.0
1407.8632434000028,260.7,260.0
1408.1796070999699,260.6,260.0
1408.5000641000224,260.6,260.0
1408.806220700033,260.6,260.0
1409.1103846000042,260.7,260.0
1409.4265517999884,260.7,260.0
1409.7473733000224,260.7,260.0
1410.0536610999843,260.5,260.0
1410.3700737999752,260.5,260.0
1410.6910578999668,260.7,260.0
1411.0100536000682,260.7,260.0
1411.3151044000406,260.7,260.0
1411.6367276000092,260.40000000000003,260.0
1411.9541144999675,260.40000000000003,260.0
1412.2604476000415,260.40000000000003,260.0
1412.5617701000301,260.5,260.0
1412.8806625000434,260.5,260.0
1413.2012262999779,260.5,260.0
1413.507060999982,260.40000000000003,260.0
1413.8275235999608,260.40000000000003,260.0
1414.1465076999739,260.40000000000003,260.0
1414.4658021000214,260.3,260.0
1414.7829152999911,260.3,260.0
1415.0876787999878,260.40000000000003,260.0
1415.3905962000135,260.40000000000003,260.0
1415.7145876999712,260.40000000000003,260.0
1416.0340184000088,260.2,260.0
1416.3351482000435,260.2,260.0
1416.6537290000124,260.2,260.0
1416.9596017999575,260.40000000000003,260.0
1417.2807459000032,260.40000000000003,260.0
1417.583634300041,260.40000000000003,260.0
1417.9032612000592,260.1,260.0
1418.2213377000298,260.1,260.0
1418.5090493999887,260.1,260.0
1418.8298705000198,260.3,260.0
1419.1513062999584,260.3,260.0
1419.453021800029,260.1,260.0
1419.772545099957,260.1,260.0
1420.0761423000367,260.1,260.0
1420.4138036000077,260.2,260.0
1420.718950200011,260.2,260.0
1421.0211904000025,260.2,260.0
1421.3414080999792,260.1,260.0
1421.6455489000073,260.1,260.0
1421.9625458000228,260.1,260.0
1422.267702299985,260.0,260.0
1422.5882328000152,260.0,260.0
1422.9092481000116,260.0,260.0
1423.2107833999908,260.1,260.0
1423.5170022000093,260.1,260.0
1423.8372025999706,259.90000000000003,260.0
1424.1528267000103,259.90000000000003,260.0
1424.4728000999894,259.90000000000003,260.0
1424.7802683999762,260.2,260.0
1425.0988322000485,260.2,260.0
1425.4186727000633,260.2,260.0
1425.722965999972,260.0,260.0
1426.042625800008,260.0,260.0
1426.3436538999667,260.0,260.0
1426.6658037999878,260.1,260.0
1426.970435300027,260.1,260.0
1427.2900605000323,260.1,260.0
1427.6091424999759,260.0,260.0
1427.929175300058,260.0,260.0
1428.2145883999765,260.0,260.0
1428.5358772999607,260.0,260.0
1428.8554181000218,260.0,260.0
1429.1606097000185,260.0,260.0
1429.477651000023,260.0,260.0
1429.7844852999551,260.0,260.0
1430.1034152000211,259.90000000000003,260.0
1430.4079743999755,259.90000000000003,260.0
1430.7240389999934,259.90000000000003,260.0
1431.0453221000498,260.0,260.0
1431.3490406000055,260.0,260.0
1431.6538112000562,260.0,260.0
1431.9749117000028,259.8,260.0
1432.2955372000579,259.8,260.0
1432.6144185999874,259.8,260.0
1432.9021130000474,260.0,260.0
1433.2200722000562,260.0,260.0
1433.5397447999567,259.90000000000003,260.0
1433.8601434000302,259.90000000000003,260.0
1434.1650289000245,259.90000000000003,260.0
1434.4819779000245,260.0,260.0
1434.7866236000555,260.0,260.0
1435.1068049999885,260.0,260.0
1435.413451100001,259.90000000000003,260.0
1435.7319699999643,259.90000000000003,260.0
1436.035961400019,259.90000000000003,260.0
1436.3543380000629,259.8,260.0
1436.673082399997,259.8,260.0
1436.979376400006,259.8,260.0
1437.2809647000395,260.0,260.0
1437.6004591999808,260.0,260.0
1437.923122300068,259.8,260.0
1438.2239951000083,259.8,260.0
1438.5293091000058,259.8,260.0
1438.8474090000382,260.0,260.0
1439.1707588999998,260.0,260.0
1439.4713114000624,260.0,260.0
1439.7944689999567,259.8,260.0
1440.1140247000149,259.8,260.0
1440.417401200044,259.8,260.0
1440.738123600022,260.0,260.0
1441.056908700033,260.0,260.0
1441.3765398999676,260.0,260.0
1441.680396300042,259.90000000000003,260.0
1442.000215100008,259.90000000000003,260.0
1442.3049935000017,259.90000000000003,260.0
1442.6216228000121,259.90000000000003,260.0
1442.9242276999867,259.90000000000003,260.0
1443.2448250000598,260.0,260.0
1443.5502336999634,260.0,260.0
1443.868441300001,260.0,260.0
1444.1892273999983,259.90000000000003,260.0
1444.4953232000116,259.90000000000003,260.0
1444.7969024999766,259.90000000000003,260.0
1445.1179354999913,260.1,260.0
1445.435873499955,260.1,260.0
1445.7552290000021,260.1,260.0
1446.0423922999762,259.8,260.0
1446.3643001000164,259.8,260.0
1446.6831637000432,259.8,260.0
1447.0046401000582,260.0,260.0
1447.3056681000162,260.0,260.0
1447.6278890999965,259.8,260.0
1447.9165659999708,259.8,260.0
1448.2369365000632,259.8,260.0
1448.5538546000607,260.0,260.0
1448.8745015000459,260.0,260.0
1449.194650899968,260.0,260.0
1449.4830681000603,259.90000000000003,260.0
1449.8034011999844,259.90000000000003,260.0
1450.1235083000502,259.90000000000003,260.0
1450.4260955000063,259.90000000000003,260.0
1450.7458882000064,259.90000000000003,260.0
1451.0633816999616,259.90000000000003,260.0
1451.3693128000014,260.0,260.0
1451.672678800067,260.0,260.0
1451.990810999996,259.8,260.0
1452.3105919000227,259.8,260.0
1452.6166412000312,259.8,260.0
1452.9172770000296,260.1,260.0
1453.2405424000463,260.1,260.0
1453.5604412000393,260.1,260.0
1453.8808771000477,259.8,260.0
1454.1815562000265,259.8,260.0
1454.5003806999885,259.8,260.0
1454.8205865999917,260.0,260.0
1455.125756900059,260.0,260.0
1455.4454810000025,260.0,260.0
1455.7649587000487,259.90000000000003,260.0
1456.069918400026,259.90000000000003,260.0
1456.371444700053,259.90000000000003,260.0
1456.692363900016,259.90000000000003,260.0
1457.0119939000579,259.90000000000003,260.0
1457.3185953999637,260.0,260.0
1457.636753699975,260.0,260.0
1457.9558227000525,260.0,260.0
1458.2609691000544,259.8,260.0
1458.56158400001,259.8,260.0
1458.884274299955,259.8,260.0
1459.1877919000108,260.0,260.0
1459.5073269000277,260.0,260.0
1459.825212100055,260.0,260.0
1460.1293197000632,259.8,260.0
1460.4342602000106,259.8,260.0
1460.7518875000533,259.8,260.0
1461.0734005999984,260.0,260.0
1461.3930190000683,260.0,260.0
1461.6967482999898,259.8,260.0
1462.0023016000632,259.8,260.0
1462.3196559000062,259.8,260.0
1462.6250141999917,260.0,260.0
1462.9450502999825,260.0,260.0
1463.2641674999613,260.0,260.0
1463.569028900005,259.90000000000003,260.0
1463.8740195999853,259.90000000000003,260.0
1464.19353639998,259.90000000000003,260.0
1464.5118803000078,259.90000000000003,260.0
1464.816816000035,259.90000000000003,260.0
1465.1371884000255,259.90000000000003,260.0
1465.4560554999625,260.0,260.0
1465.7595073999837,260.0,260.0
1466.0630072000204,259.8,260.0
1466.3841301000211,259.8,260.0
1466.70101780002,259.8,260.0
1467.0070522000315,260.1,260.0
1467.3265609999653,260.1,260.0
1467.6476617000299,260.1,260.0
1467.9671020000242,259.90000000000003,260.0
1468.267978799995,259.90000000000003,260.0
1468.5868591000326,259.90000000000003,260.0
1468.9103906999808,260.1,260.0
1469.213283100049,260.1,260.0
1469.5325152999721,260.1,260.0
1469.853410599986,259.90000000000003,260.0
1470.1739790999563,259.90000000000003,260.0
1470.4771052000578,260.0,260.0
1470.7966472000116,260.0,260.0
1471.1164306000574,260.0,260.0
1471.4046027000295,260.1,260.0
1471.7230760999955,260.1,260.0
1472.0447081000311,260.1,260.0
1472.3623630000511,259.90000000000003,260.0
1472.6667309000622,259.90000000000003,260.0
1472.9692461000523,259.90000000000003,260.0
1473.2881014000159,260.1,260.0
1473.610054400051,260.1,260.0
1473.9144662000472,260.1,260.0
1474.2327389999991,259.90000000000003,260.0
1474.5694534999784,259.90000000000003,260.0
1474.8558817000594,260.2,260.0
1475.1750178000657,260.2,260.0
1475.497860500007,260.2,260.0
1475.7996864999877,260.0,260.0
1476.1197665999644,260.0,260.0
1476.439342000056,260.0,260.0
1476.7430860999739,260.1,260.0
1477.0489472000627,260.1,260.0
1477.3689649000298,260.1,260.0
1477.688661399996,260.1,260.0
1477.9921818999574,260.1,260.0
1478.3097910999786,260.1,260.0
1478.6154095999664,260.0,260.0
1478.9349644000176,260.0,260.0
1479.2370314999716,260.1,260.0
1479.556977499975,260.1,260.0
1479.8792190999957,260.1,260.0
1480.1807178000454,259.90000000000003,260.0
1480.4833642999874,259.90000000000003,260.0
1480.8029635000275,259.90000000000003,260.0
1481.1096767999697,260.2,260.0
1481.4289165000664,260.2,260.0
1481.7493863999844,260.2,260.0
1482.0675150000025,259.90000000000003,260.0
1482.3560330000473,259.90000000000003,260.0
1482.6761444000294,259.90000000000003,260.0
1482.9963607999962,260.1,260.0
1483.3165104000363,260.1,260.0
1483.6202725999756,260.1,260.0
1483.9384812000208,260.0,260.0
1484.2567135000136,260.0,260.0
1484.579189699958,260.0,260.0
1484.8987676000688,260.0,260.0
1485.2010393000674,260.0,260.0
1485.5193807999603,260.0,260.0
1485.8405617000535,260.0,260.0
1486.1627958000172,260.0,260.0
1486.463709200034,259.8,260.0
1486.7832762000617,259.8,260.0
1487.102791500045,259.8,260.0
1487.4263801999623,260.1,260.0
1487.7130652000196,260.1,260.0
1488.03217520006,260.1,260.0
1488.3514331000624,259.8,260.0
1488.6571400000248,259.8,260.0
1488.9761636999901,260.1,260.0
1489.2966883999761,260.1,260.0
1489.5990068999818,260.1,260.0
1489.9191868000198,259.90000000000003,260.0
1490.2210443000076,259.90000000000003,260.0
1490.540289800032,259.90000000000003,260.0
1490.8602663000347,260.1,260.0
1491.165176999988,260.1,260.0
1491.4704982000403,260.1,260.0
1491.7898047000635,260.0,260.0
1492.0945021000225,260.0,260.0
1492.4140405000653,260.0,260.0
1492.732296000002,259.90000000000003,260.0
1493.0366983000422,259.90000000000003,260.0
1493.3569464000175,260.1,260.0
1493.6598859999795,260.1,260.0
1493.9800181000028,260.1,260.0
1494.298849600018,259.90000000000003,260.0
1494.6024619999807,259.90000000000003,260.0
1494.9073741000611,259.90000000000003,260.0
1495.2290412000148,260.1,260.0
1495.544954800047,260.1,260.0
1495.8497618000256,260.1,260.0
1496.173021399998,260.0,260.0
1496.4732603000011,260.0,260.0
1496.7776885000058,260.0,260.0
1497.099061200046,260.2,260.0
1497.4155655000359,260.2,260.0
1497.7376254999544,260.1,260.0
1498.0421555000357,260.1,260.0
1498.3445593999932,260.1,260.0
1498.664756800048,260.1,260.0
1498.9851321000606,260.1,260.0
1499.2858215000015,260.1,260.0
1499.608977900003,260.2,260.0
1499.927227200009,260.2,260.0
1500.2473326000618,260.2,260.0
1500.5493958999868,260.1,260.0
1500.8707548000384,260.1,260.0
1501.1908194000134,260.1,260.0
1501.512257699971,260.2,260.0
1501.8324187999824,260.2,260.0
1502.134632100002,260.0,260.0
1502.4403729999904,260.0,260.0
1502.7560456000501,260.0,260.0
1503.0761029999703,260.2,260.0
1503.3828684999608,260.2,260.0
1503.6861939000664,260.2,260.0
1504.003020400065,260.0,260.0
1504.325673699961,260.0,260.0
1504.6462176999776,260.0,260.0
1504.948806600063,260.2,260.0
1505.2700315000257,260.2,260.0
1505.5892097000033,260.2,260.0
1505.8943464000477,260.1,260.0
1506.2098290000577,260.1,260.0
1506.514774600044,260.1,260.0
1506.8355699999956,260.1,260.0
1507.154757100041,260.1,260.0
1507.4614454000257,260.2,260.0
1507.7793200999731,260.2,260.0
1508.1001189000672,260.2,260.0
1508.3885181000223,260.1,260.0
1508.7067757999757,260.1,260.0
1509.0253160999855,260.1,260.0
1509.3293657000177,260.3,260.0
1509.6518889999716,260.3,260.0
1509.9686142000137,260.3,260.0
1510.2892947000219,260.1,260.0
1510.5950856000418,260.1,260.0
1510.9129012000049,260.3,260.0
1511.233924100059,260.3,260.0
1511.5376439000247,260.3,260.0
1511.8583485999843,260.2,260.0
1512.1780726000434,260.2,260.0
1512.4972524000332,260.2,260.0
1512.8164055000525,260.2,260.0
1513.1184627000475,260.2,260.0
1513.4223003999796,260.2,260.0
1513.7430423999904,260.3,260.0
1514.0445520000067,260.3,260.0
1514.3678479000228,260.3,260.0
1514.6841043999884,260.2,260.0
1514.9897832999704,260.2,260.0
1515.3115591000533,260.3,260.0
1515.6114552000072,260.3,260.0
1515.9354910000693,260.3,260.0
1516.2362344999565,260.1,260.0
1516.55553839996,260.1,260.0
1516.8744543000357,260.1,260.0
1517.1790446999948,260.3,260.0
1517.4848258000566,260.3,260.0
1517.8050071999896,260.3,260.0
1518.1259780999972,260.1,260.0
1518.4287516999757,260.1,260.0
1518.7488218999933,260.1,260.0
1519.069157000049,260.3,260.0
1519.3857232000446,260.3,260.0
1519.7083317000652,260.1,260.0
1520.0091219999595,260.1,260.0
1520.3127587999916,260.1,260.0
1520.632276599994,260.1,260.0
1520.9393467999762,260.1,260.0
1521.2598813000368,260.1,260.0
1521.5794659999665,260.2,260.0
1521.8826761000091,260.2,260.0
1522.2013450000668,260.2,260.0
1522.5067561999895,260.0,260.0
1522.809312300058,260.0,260.0
1523.12778910005,260.0,260.0
1523.4502567000454,260.2,260.0
1523.7543360999553,260.2,260.0
1524.0748435000423,260.2,260.0
1524.3752285999944,259.90000000000003,260.0
1524.6941746000666,259.90000000000003,260.0
1525.0164969000034,260.2,260.0
1525.3336266999831,260.2,260.0
1525.6398523000535,260.2,260.0
1525.9605675999774,260.0,260.0
1526.2791648999555,260.0,260.0
1526.583049000008,260.0,260.0
1526.9036569000455,260.1,260.0
1527.2051011000294,260.1,260.0
1527.527003300027,260.1,260.0
1527.8448730000528,260.1,260.0
1528.1502891000127,260.1,260.0
1528.4552350000013,260.1,260.0
1528.7707362000365,260.0,260.0
1529.0906432999764,260.0,260.0
1529.3965977999615,260.1,260.0
1529.7178789000027,260.1,260.0
1530.0344648000319,260.1,260.0
1530.3572560000466,259.90000000000003,260.0
1530.6599898999557,259.90000000000003,260.0
1530.979973700014,259.90000000000003,260.0
1531.2985657000681,260.2,260.0
1531.5885803999845,260.2,260.0
1531.9069125000387,260.2,260.0
1532.226531399996,259.90000000000003,260.0
1532.5470217000693,259.90000000000003,260.0
1532.8508021000307,259.90000000000003,260.0
1533.1550595000153,260.1,260.0
1533.4727063999744,260.1,260.0
1533.7919669999974,260.0,260.0
1534.0974839000264,260.0,260.0
1534.4168659000425,260.0,260.0
1534.7383590000682,260.0,260.0
1535.0586645000149,260.0,260.0
1535.3581534000114,260.0,260.0
1535.6782788999844,260.1,260.0
1535.9846931999782,260.1,260.0
1536.3030345999869,260.1,260.0
1536.6077666999772,260.0,260.0
1536.9259023000486,260.0,260.0
1537.2480439000065,260.0,260.0
1537.5525750999805,260.2,260.0
1537.8691413999768,260.2,260.0
1538.1738302999875,260.0,260.0
1538.4958628000459,260.0,260.0
1538.8167657000013,260.0,260.0
1539.10044379998,260.2,260.0
1539.4209098999854,260.2,260.0
1539.7393864999758,260.2,260.0
1540.060535900062,260.0,260.0
1540.3821300000418,260.0,260.0
1540.669115100056,260.0,260.0
1540.9890718000242,260.1,260.0
1541.3097991000395,260.1,260.0
1541.6113514000317,260.1,260.0
1541.9163885000162,260.0,260.0
1542.237189700012,260.0,260.0
1542.5558370000217,259.90000000000003,260.0
1542.877655499964,259.90000000000003,260.0
1543.178613999975,259.90000000000003,260.0
1543.4852268999675,260.1,260.0
1543.8015793999657,260.1,260.0
1544.1205950999865,260.1,260.0
1544.4402202999918,259.8,260.0
1544.7304162000073,259.8,260.0
1545.052203600062,259.8,260.0
1545.3678289999953,260.1,260.0
1545.6876694000093,260.1,260.0
1545.9924914999865,260.1,260.0
1546.296520599979,259.8,260.0
1546.6162941000657,259.8,260.0
1546.9217027999694,259.8,260.0
1547.2392925999593,260.0,260.0
1547.562537000049,260.0,260.0
1547.882040400058,259.90000000000003,260.0
1548.1661076999735,259.90000000000003,260.0
1548.4855728000402,259.90000000000003,260.0
1548.8066231999546,259.8,260.0
1549.113569600042,259.8,260.0
1549.4329950000392,259.8,260.0
1549.7520360000199,259.90000000000003,260.0
1550.0562626000028,259.90000000000003,260.0
1550.3579253000207,259.90000000000003,260.0
1550.6802427000366,259.7,260.0
1550.996725999983,259.7,260.0
1551.300098799984,259.7,260.0
1551.608058999991,259.90000000000003,260.0
1551.9267422000412,259.90000000000003,260.0
1552.2477168999612,259.7,260.0
1552.5644208999583,259.7,260.0
1552.8698641000083,259.7,260.0
1553.1727245000657,259.90000000000003,260.0
1553.4923107000068,259.90000000000003,260.0
1553.8131290000165,259.90000000000003,260.0
1554.1177683999995,259.7,260.0
1554.4186637999956,259.7,260.0
1554.7412973999744,259.7,260.0
1555.0418659000425,259.8,260.0
1555.362245199969,259.8,260.0
1555.6851824000478,259.8,260.0
1556.005188900046,259.8,260.0
1556.3043490999844,259.8,260.0
1556.6094939999748,259.8,260.0
1556.9285750000272,259.7,260.0
1557.2361373000313,259.7,260.0
1557.5551716999616,259.8,260.0
1557.873501199996,259.8,260.0
1558.211122400011,259.8,260.0
1558.5131856000517,259.6,260.0
1558.8340192000614,259.6,260.0
1559.1548049000558,259.6,260.0
1559.4702830000315,259.90000000000003,260.0
1559.7625732000452,259.90000000000003,260.0
1560.0823074000655,259.90000000000003,260.0
1560.4007193000289,259.7,260.0
1560.7192432000302,259.7,260.0
1561.0392271999735,259.90000000000003,260.0
1561.3429639000678,259.90000000000003,260.0
1561.6626816999633,259.90000000000003,260.0
1561.9814328000648,259.8,260.0
1562.303887099959,259.8,260.0
1562.5904468999943,259.8,260.0
1562.9117350999732,259.8,260.0
1563.2316829999909,259.8,260.0
1563.5349745999556,259.8,260.0
1563.8530575999757,259.90000000000003,260.0
1564.1730847000144,259.90000000000003,260.0
1564.478585600038,259.90000000000003,260.0
1564.7799211000092,259.7,260.0
1565.1004503000295,259.7,260.0
1565.4199227000354,260.0,260.0
1565.7231002000626,260.0,260.0
1566.0274339000462,260.0,260.0
1566.348873800016,259.8,260.0
1566.669812600012,259.8,260.0
1566.985293500009,259.8,260.0
1567.2903535000514,260.0,260.0
1567.593610699987,260.0,260.0
1567.9140044000233,260.0,260.0
1568.2359318999806,259.90000000000003,260.0
1568.5377829000354,259.90000000000003,260.0
1568.8571449000156,259.90000000000003,260.0
1569.1617940999568,260.0,260.0
1569.482972900034,260.0,260.0
1569.7859417999862,260.0,260.0
1570.1053926000604,260.0,260.0
1570.4110730000539,260.0,260.0
1570.7306558999699,259.90000000000003,260.0
1571.0509418000001,259.90000000000003,260.0
1571.3693458000198,259.90000000000003,260.0
1571.688908800017,260.1,260.0
1571.9921400999883,260.1,260.0
1572.297152700019,260.1,260.0
1572.6148185000056,259.90000000000003,260.0
1572.9337860000087,259.90000000000003,260.0
1573.2382845999673,259.90000000000003,260.0
1573.5579546999652,260.1,260.0
1573.8767975000665,260.1,260.0
1574.182226600009,260.1,260.0
1574.4877107000211,259.90000000000003,260.0
1574.8054459999548,259.90000000000003,260.0
1575.1099687999813,260.1,260.0
1575.4315466999542,260.1,260.0
1575.7492005999666,260.1,260.0
1576.068969200016,260.0,260.0
1576.3573468000395,260.0,260.0
1576.679241099977,260.0,260.0
1576.9967887999956,260.0,260.0
1577.3166685999604,260.0,260.0
1577.6039100000635,260.0,260.0
1577.9251456999918,260.1,260.0
1578.2441388999578,260.1,260.0
1578.5655576999998,260.1,260.0
1578.8667449000059,259.90000000000003,260.0
1579.1888498000335,259.90000000000003,260.0
1579.48915509996,260.2,260.0
1579.7957410999807,260.2,260.0
1580.1138758000452,260.2,260.0
1580.4339598000515,259.90000000000003,260.0
1580.7397000000346,259.90000000000003,260.0
1581.0590739999898,259.90000000000003,260.0
1581.3643137000035,260.2,260.0
1581.6827767000068,260.2,260.0
1582.0028170000296,260.2,260.0
1582.3037350999657,260.0,260.0
1582.626682000002,260.0,260.0
1582.927842300036,260.0,260.0
1583.2308733999962,260.1,260.0
1583.5515300000552,260.1,260.0
1583.8729929999681,260.1,260.0
1584.1926273000427,260.1,260.0
1584.4796099000378,260.1,260.0
1584.7985485000536,260.0,260.0
1585.11949740001,260.0,260.0
1585.4391054000007,260.0,260.0
1585.7444533000235,260.2,260.0
1586.0459642000496,260.2,260.0
1586.3688228999963,260.2,260.0
1586.684372800053,260.0,260.0
1586.990634100046,260.0,260.0
1587.308214699966,260.0,260.0
1587.6147890000138,260.2,260.0
1587.9321874000598,260.2,260.0
1588.237890999997,260.2,260.0
1588.555461000069,260.0,260.0
1588.876139100059,260.0,260.0
1589.1801375000505,260.2,260.0
1589.4855639999732,260.2,260.0
1589.8032955999952,260.2,260.0
1590.12211570004,260.1,260.0
1590.4275185000151,260.1,260.0
1590.7336859999923,260.1,260.0
1591.0503359000431,260.1,260.0
1591.3712427000282,260.1,260.0
1591.6760212000227,260.1,260.0
1591.9969179000473,260.1,260.0
1592.314198100008,260.1,260.0
1592.619340699981,260.1,260.0
1592.922003100044,260.0,260.0
1593.2435598999728,260.0,260.0
1593.5626552000176,260.2,260.0
1593.8644352999981,260.2,260.0
1594.1705130999908,260.2,260.0
1594.4908951000543,260.0,260.0
1594.8099890999729,260.0,260.0
1595.1104665000457,260.0,260.0
1595.4348476000596,260.2,260.0
1595.7520829000277,260.2,260.0
1596.0541632999666,260.2,260.0
1596.3752377000637,260.0,260.0
1596.6803063000552,260.0,260.0
1597.0011956000235,260.0,260.0
1597.3207002000418,260.2,260.0
1597.6245774000417,260.2,260.0
1597.941494800034,260.2,260.0
1598.2609793000156,260.2,260.0
1598.5835510999896,260.2,260.0
1598.8689655000344,260.1,260.0
1599.1875860999571,260.1,260.0
1599.5095207999693,260.1,260.0
1599.8313631999772,260.2,260.0
1600.1359851000598,260.2,260.0
1600.453737600008,260.2,260.0
1600.7565255999798,260.0,260.0
1601.0766239999793,260.0,260.0
1601.3792063000146,260.0,260.0
1601.7005235999823,260.2,260.0
1602.0048286999809,260.2,260.0
1602.324071799987,260.2,260.0
1602.6297058999771,260.0,260.0
1602.9479425000027,260.0,260.0
1603.2674448000034,260.2,260.0
1603.5704071000218,260.2,260.0
1603.8753473999677,260.2,260.0
1604.196681200061,260.1,260.0
1604.5144882999593,260.1,260.0
1604.8183496999554,260.1,260.0
1605.136244500056,260.1,260.0
1605.4407764000352,260.1,260.0
1605.7444029999897,260.1,260.0
1606.066320199985,260.2,260.0
1606.3841626000358,260.2,260.0
1606.7039737000596,260.2,260.0
1606.9942479999736,260.0,260.0
1607.311283600051,260.0,260.0
1607.6332185000647,260.2,260.0
1607.953363000066,260.2,260.0
1608.253763100016,260.2,260.0
1608.5738197000464,260.0,260.0
1608.8971281000413,260.0,260.0
1609.1825203000335,260.0,260.0
1609.5034408000065,260.2,260.0
1609.8229068999644,260.2,260.0
1610.1245958000654,260.2,260.0
1610.44648579997,260.0,260.0
1610.7507640999975,260.0,260.0
1611.070450500003,260.0,260.0
1611.3905830000294,260.2,260.0
1611.6944800000638,260.2,260.0
1612.0126633000327,260.2,260.0
1612.3189983000048,260.1,260.0
1612.6222696000477,260.1,260.0
1612.9424837999977,260.0,260.0
1613.262501399964,260.0,260.0
1613.5794615000486,260.0,260.0
1613.8852315000258,260.2,260.0
1614.189678600058,260.2,260.0
1614.5100701999618,260.2,260.0
1614.8271339000203,260.0,260.0
1615.148722199956,260.0,260.0
1615.4504971000133,260.0,260.0
1615.7731986000435,260.2,260.0
1616.089142999961,260.2,260.0
1616.4083539999556,260.2,260.0
1616.7004093000432,260.0,260.0
1617.0159430999774,260.0,260.0
1617.3360926000169,260.2,260.0
1617.6568172000116,260.2,260.0
1617.9624882000498,260.2,260.0
1618.2671087000053,260.1,260.0
1618.5859722000314,260.1,260.0
1618.9045179999666,260.1,260.0
1619.21037840005,260.1,260.0
1619.530549100018,260.1,260.0
1619.8472584000556,260.1,260.0
1620.166938600014,260.1,260.0
1620.487621700042,260.1,260.0
1620.7931823000545,260.1,260.0
1621.094211800024,260.0,260.0
1621.4135343000526,260.0,260.0
1621.7182505000383,260.2,260.0
1622.0382831000024,260.2,260.0
1622.3578720999649,260.2,260.0
1622.6792756000068,259.90000000000003,260.0
1622.9644723000238,259.90000000000003,260.0
1623.2874895000132,259.90000000000003,260.0
1623.588187700021,260.2,260.0
1623.9096366000595,260.2,260.0
1624.2295070000691,260.2,260.0
1624.5352804999566,260.0,260.0
1624.8552076000487,260.0,260.0
1625.1554224999854,260.0,260.0
1625.4769626000198,260.1,260.0
1625.7975419999566,260.1,260.0
1626.099134100019,260.1,260.0
1626.4186366000213,260.1,260.0
1626.7382290000096,260.1,260.0
1627.0611052999739,260.0,260.0
1627.36451460002,260.0,260.0
1627.682769899955,260.0,260.0
1628.0039936000248,260.1,260.0
1628.324039899977,260.1,260.0
1628.627859900007,260.1,260.0
1628.9458880999591,259.90000000000003,260.0
1629.2639752000105,259.90000000000003,260.0
1629.5708254000638,259.90000000000003,260.0
1629.8717418999877,260.2,260.0
1630.1915728000458,260.2,260.0
1630.5112627999624,259.90000000000003,260.0
1630.8173873999622,259.90000000000003,260.0
1631.1381593999686,259.90000000000003,260.0
1631.4427689999575,260.1,260.0
1631.758983500069,260.1,260.0
1632.079184000031,260.1,260.0
1632.3856982999714,260.0,260.0
1632.6884709000587,260.0,260.0
1633.0055834000232,260.0,260.0
1633.327414700063,260.0,260.0
1633.6335058000404,260.0,260.0
1633.9489180999808,260.0,260.0
1634.254680300015,260.0,260.0
1634.572563600028,260.0,260.0
1634.8942906999728,259.8,260.0
1635.215616100002,259.8,260.0
1635.5350274000084,259.8,260.0
1635.8233985999832,260.0,260.0
1636.1414192999946,260.0,260.0
1636.4612193000503,260.0,260.0
1636.779879000038,259.8,260.0
1637.0997119999956,259.8,260.0
1637.406240100041,259.8,260.0
1637.722870000056,260.0,260.0
1638.0435550999828,260.0,260.0
1638.3488587000174,260.0,260.0
1638.6504673999734,259.8,260.0
1638.969448299962,259.8,260.0
1639.2929471000098,259.90000000000003,260.0
1639.6119953000452,259.90000000000003,260.0
1639.9139566000085,259.90000000000003,260.0
1640.2206333000213,259.90000000000003,260.0
1640.5395335999783,259.90000000000003,260.0
1640.8595098999795,259.90000000000003,260.0
1641.1794690999668,259.8,260.0
1641.4813090000534,259.8,260.0
1641.7852621000493,259.8,260.0
1642.107072600047,259.90000000000003,260.0
1642.4074335000478,259.90000000000003,260.0
1642.7285338999936,259.90000000000003,260.0
1643.0337774000363,259.7,260.0
1643.3535027999897,259.7,260.0
1643.670947000035,259.7,260.0
1643.9922985000303,260.0,260.0
1644.3101088999538,260.0,260.0
1644.6175383999944,259.7,260.0
1644.9361372999847,259.7,260.0
1645.2419418999925,259.7,260.0
1645.5439989999868,259.90000000000003,260.0
1645.861399800051,259.90000000000003,260.0
1646.180877899984,259.90000000000003,260.0
1646.504602000001,259.8,260.0
1646.8071148999734,259.8,260.0
1647.108610299998,259.8,260.0
1647.4298935000552,259.90000000000003,260.0
1647.7490266000386,259.90000000000003,260.0
1648.0688778000185,259.90000000000003,260.0
1648.3730601000134,259.90000000000003,260.0
1648.692237899988,259.90000000000003,260.0
1649.0124467000132,259.8,260.0
1649.314606799977,259.8,260.0
1649.6200628000079,259.8,260.0
1649.940978000057,260.0,260.0
1650.2606951000635,260.0,260.0
1650.5817104000598,260.0,260.0
1650.8836816999828,259.7,260.0
1651.2018044999568,259.7,260.0
1651.521152200061,259.7,260.0
1651.8263301000698,260.0,260.0
1652.1462642999832,260.0,260.0
1652.4658332000254,260.0,260.0
1652.772758899955,259.8,260.0
1653.07281719998,259.8,260.0
1653.3939199000597,260.0,260.0
1653.712132500019,260.0,260.0
1654.0352138000308,260.0,260.0
1654.3393195000244,259.90000000000003,260.0
1654.6412586000515,259.90000000000003,260.0
1654.9593698000535,259.90000000000003,260.0
1655.2659233000595,259.8,260.0
1655.5842471000506,259.8,260.0
1655.9049856000347,259.8,260.0
1656.2066969999578,260.0,260.0
1656.5121845999965,260.0,260.0
1656.833136399975,260.0,260.0
1657.151644299971,259.8,260.0
1657.4529503000667,259.8,260.0
1657.7744081000565,260.0,260.0
1658.0809825999895,260.0,260.0
1658.4004263000097,260.0,260.0
1658.716688400018,259.8,260.0
1659.0226988999639,259.8,260.0
1659.3240483000409,259.8,260.0
1659.647145200055,260.0,260.0
1659.9655210999772,260.0,260.0
1660.2707763999933,260.0,260.0
1660.5912988999626,259.90000000000003,260.0
1660.909686799976,259.90000000000003,260.0
1661.230438800063,259.90000000000003,260.0
1661.5323437000625,259.90000000000003,260.0
1661.8530202000402,259.90000000000003,260.0
1662.1730054999935,259.90000000000003,260.0
1662.475311200018,259.90000000000003,260.0
1662.7979538000654,259.90000000000003,260.0
1663.0994445000542,259.8,260.0
1663.41902999999,259.8,260.0
1663.7240490999538,259.8,260.0
1664.044485499966,260.0,260.0
1664.345757400035,260.0,260.0
1664.6669582000468,260.0,260.0
1664.9870796999894,259.8,260.0
1665.2896512000589,259.8,260.0
1665.5956541000633,259.8,260.0
1665.91216060007,260.1,260.0
1666.2342972999904,260.1,260.0
1666.5550286000362,259.90000000000003,260.0
1666.8563121999614,259.90000000000003,260.0
1667.1749711000593,259.90000000000003,260.0
1667.4951945999637,260.0,260.0
1667.800800899975,260.0,260.0
1668.1214786999626,260.0,260.0
1668.4402646999806,260.0,260.0
1668.7425512999762,260.0,260.0
1669.0488228000468,260.0,260.0
1669.3694664000068,259.90000000000003,260.0
1669.6875011000084,259.90000000000003,260.0
1669.9909244000446,259.90000000000003,260.0
1670.310184800066,260.1,260.0
1670.6284329000628,260.1,260.0
1670.9192688000621,260.1,260.0
1671.238176999963,259.90000000000003,260.0
1671.556134399958,259.90000000000003,260.0
1671.8760121000232,260.2,260.0
1672.1668701999588,260.2,260.0
1672.4829578000354,260.2,260.0
1672.8045935999835,259.90000000000003,260.0
1673.1222949000075,259.90000000000003,260.0
1673.4271739000687,259.90000000000003,260.0
1673.7486018000636,260.2,260.0
1674.0687673999928,260.2,260.0
1674.372628299985,260.2,260.0
1674.6892028000439,260.0,260.0
1675.0134034999646,260.0,260.0
1675.3156480999896,260.0,260.0
1675.6372510000365,260.1,260.0
1675.9557830999838,260.1,260.0
1676.2565537999617,260.1,260.0
1676.5641945999814,260.1,260.0
1676.8819913000334,260.1,260.0
1677.2034575999714,260.0,260.0
1677.5040898000589,260.0,260.0
1677.8105294000125,260.0,260.0
1678.130168100004,260.1,260.0
1678.4479813000653,260.1,260.0
1678.7695302000502,260.1,260.0
1679.0749882999808,259.90000000000003,260.0
1679.390436799964,259.90000000000003,260.0
1679.6986500000348,259.90000000000003,260.0
1680.0005497999955,260.2,260.0
1680.3186317000072,260.2,260.0
1680.6387062000576,260.0,260.0
1680.9429316000314,260.0,260.0
1681.2492001999635,260.0,260.0
1681.5687870000256,260.1,260.0
1681.8872969000367,260.1,260.0
1682.207189299981,260.1,260.0
1682.508558899979,260.1,260.0
1682.814843500033,260.1,260.0
1683.1355886000674,260.1,260.0
1683.4557255000109,260.1,260.0
1683.7560250000097,260.1,260.0
1684.075732700061,260.1,260.0
1684.3981554000638,260.2,260.0
1684.6844289000146,260.2,260.0
1685.0058394999942,260.0,260.0
1685.324228500016,260.0,260.0
1685.6273631000658,260.0,260.0
1685.9480789999943,260.2,260.0
1686.2522862000624,260.2,260.0
1686.5702043999918,260.2,260.0
1686.877427999978,260.0,260.0
1687.1960218000459,260.0,260.0
1687.5155988000333,260.0,260.0
1687.8200037999777,260.3,260.0
1688.1408792999573,260.3,260.0
1688.4565746999579,260.3,260.0
1688.7764507000102,260.1,260.0
1689.0826482999837,260.1,260.0
1689.400861900067,260.2,260.0
1689.7202207000228,260.2,260.0
1690.039206800051,260.2,260.0
1690.3605291000567,260.2,260.0
1690.6651457999833,260.2,260.0
1690.9679218999809,260.2,260.0
1691.2899944999954,260.1,260.0
1691.6100255000638,260.1,260.0
1691.9127513000276,260.1,260.0
1692.2328845000593,260.2,260.0
1692.533736399957,260.2,260.0
1692.8530500000343,260.2,260.0
1693.1752633999567,260.0,260.0
1693.4793860999634,260.0,260.0
1693.7987245999975,260.0,260.0
1694.1041293999879,260.3,260.0
1694.4085244999733,260.3,260.0
1694.7242165000644,260.1,260.0
1695.0482466999674,260.1,260.0
1695.3636121000163,260.1,260.0
1695.6681197000435,260.2,260.0
1695.9885476999916,260.2,260.0
1696.3077036000323,260.2,260.0
1696.6116864000214,260.1,260.0
1696.9314462000038,260.1,260.0
1697.2521544999909,260.1,260.0
1697.5551924000029,260.1,260.0
1697.8746065000305,260.1,260.0
1698.1797574000666,260.1,260.0
1698.4847493000561,260.2,260.0
1698.8030109000392,260.2,260.0
1699.1249032999622,260.1,260.0
1699.4283602000214,260.1,260.0
1699.744813999976,260.1,260.0
1700.050306100049,260.3,260.0
1700.3716763999546,260.3,260.0
1700.6764522000449,260.3,260.0
1700.9917545999633,260.0,260.0
1701.297341000056,260.0,260.0
1701.6164309000596,260.0,260.0
1701.9367224000162,260.2,260.0
1702.258296099957,260.2,260.0
1702.55880540004,260.2,260.0
1702.8805616999744,260.0,260.0
1703.2001553999726,260.0,260.0
1703.5198642000323,260.1,260.0
1703.8216814000625,260.1,260.0
1704.145973799983,260.1,260.0
1704.4492627000436,260.0,260.0
1704.7652046000585,260.0,260.0
1705.088152899989,260.0,260.0
1705.406382199959,260.0,260.0
1705.7121573999757,260.0,260.0
1706.0137113999808,260.0,260.0
1706.3363642999902,260.1,260.0
1706.6518426999683,260.1,260.0
1706.9586127999937,260.1,260.0
1707.263425400015,259.90000000000003,260.0
1707.5827935000416,259.90000000000003,260.0
1707.9011970000574,260.1,260.0
1708.2200899999589,260.1,260.0
1708.526911700028,260.1,260.0
1708.8453179000644,259.90000000000003,260.0
1709.1473000000697,259.90000000000003,260.0
1709.4693128999788,259.90000000000003,260.0
1709.7713513000635,260.1,260.0
1710.0896977999946,260.1,260.0
1710.4131923000095,260.1,260.0
1710.698106899974,260.0,260.0
1711.0182573000202,260.0,260.0
1711.3410240999656,260.0,260.0
1711.6567647999618,260.0,260.0
1711.9632513000397,260.0,260.0
1712.2829833000433,260.0,260.0
1712.6027882000199,260.0,260.0
1712.9236241000472,260.0,260.0
1713.2261136999587,259.90000000000003,260.0
1713.544636100065,259.90000000000003,260.0
1713.850236600032,259.90000000000003,260.0
1714.1705434999894,260.1,260.0
1714.4718231000006,260.1,260.0
1714.792188200052,260.1,260.0
1715.0946652999846,259.8,260.0
1715.417799100047,259.8,260.0
1715.7366334999679,259.8,260.0
1716.040478000068,260.1,260.0
1716.3615394000662,260.1,260.0
1716.6655532000586,260.1,260.0
1716.9650947999908,259.90000000000003,260.0
1717.2847320999717,259.90000000000003,260.0
1717.6058510000585,260.0,260.0
1717.9125612999778,260.0,260.0
1718.2303391000023,260.0,260.0
1718.5325478999875,260.0,260.0
1718.855849500047,260.0,260.0
1719.158496499993,260.0,260.0
1719.474922399968,259.90000000000003,260.0
1719.7836465999717,259.90000000000003,260.0
1720.1006953000324,259.90000000000003,260.0
1720.4226206999738,260.1,260.0
1720.7249886000063,260.1,260.0
1721.0293580000289,260.1,260.0
1721.3501295000315,259.90000000000003,260.0
1721.6690013000043,259.90000000000003,260.0
1721.9891868999694,260.2,260.0
1722.2905552999582,260.2,260.0
1722.5956426999765,260.2,260.0
1722.91571760003,259.90000000000003,260.0
1723.2333155999659,259.90000000000003,260.0
1723.540165000013,259.90000000000003,260.0
1723.8580729999812,260.2,260.0
1724.1609814000549,260.2,260.0
1724.4816459000576,260.2,260.0
1724.7862044000067,260.0,260.0
1725.105535699986,260.0,260.0
1725.423678799998,260.0,260.0
1725.7301086999942,260.0,260.0
1726.0353218000382,260.0,260.0
1726.354497799999,260.1,260.0
1726.6744201000547,260.1,260.0
1726.9754439999815,260.1,260.0
1727.295394500019,260.0,260.0
1727.617750299978,260.0,260.0
1727.935681700008,260.0,260.0
1728.2577091000276,260.2,260.0
1728.5429345000302,260.2,260.0
1728.864047299954,260.2,260.0
1729.1840581999859,259.90000000000003,260.0
1729.5049788999604,259.90000000000003,260.0
1729.7928535999963,259.90000000000003,260.0
1730.108277500025,260.2,260.0
1730.4323282999685,260.2,260.0
1730.7501527999993,260.0,260.0
1731.0543646999868,260.0,260.0
1731.3589214000385,260.0,260.0
1731.676249400014,260.1,260.0
1731.9954189000418,260.1,260.0
1732.315642700065,260.1,260.0
1732.6193763000192,260.1,260.0
1732.942617499968,260.1,260.0
1733.2598483000183,260.1,260.0
1733.5786359000485,260.0,260.0
1733.8843118000077,260.0,260.0
1734.1891569000436,260.0,260.0
1734.505468599964,260.2,260.0
1734.8254443999613,260.2,260.0
1735.1317094999831,260.0,260.0
1735.4331788000418,260.0,260.0
1735.7568797999993,260.0,260.0
1736.076860900037,260.2,260.0
1736.3936814999906,260.2,260.0
1736.683075100067,260.2,260.0
1737.0035092000617,260.0,260.0
1737.322028900031,260.0,260.0
1737.643724799971,260.0,260.0
1737.9619460999966,260.2,260.0
1738.2634894000366,260.2,260.0
1738.5835902000545,260.2,260.0
1738.9036016999744,260.1,260.0
1739.208926500054,260.1,260.0
1739.5297655999893,260.1,260.0
1739.8323041000403,260.1,260.0
1740.151038400014,260.1,260.0
1740.4712351000635,260.1,260.0
1740.7778175000567,260.1,260.0
1741.0787015999667,260.1,260.0
1741.3998111999827,260.0,260.0
1741.7016306000296,260.0,260.0
1742.0228060999652,260.0,260.0
1742.3410692999605,260.2,260.0
1742.6465367999626,260.2,260.0
1742.9655469000572,260.2,260.0
1743.2677583000623,260.0,260.0
1743.5886638000375,260.0,260.0
1743.9098271999974,260.0,260.0
1744.2278437999776,260.2,260.0
1744.5490110999672,260.2,260.0
1744.8540838999907,260.0,260.0
1745.1736028000014,260.0,260.0
1745.475681800046,260.0,260.0
1745.7818118999712,260.2,260.0
1746.101744399988,260.2,260.0
1746.41816380003,260.2,260.0
1746.7242909000488,260.1,260.0
1747.0446546999738,260.1,260.0
1747.3482917000074,260.1,260.0
1747.667038399959,260.0,260.0
1747.9850054000271,260.0,260.0
1748.3058855000418,260.0,260.0
1748.6261286999797,260.2,260.0
1748.9291714000283,260.2,260.0
1749.2354785000207,260.0,260.0
1749.552442300017,260.0,260.0
1749.8735784000019,260.0,260.0
1750.1765713000204,260.2,260.0
1750.495579999988,260.2,260.0
1750.802369000041,260.2,260.0
1751.1180466000224,260.0,260.0
1751.4254478999646,260.0,260.0
1751.742010200047,260.0,260.0
1752.0630158999702,260.2,260.0
1752.3687149999896,260.2,260.0
1752.67235420004,260.2,260.0
1752.993005800061,260.0,260.0
1753.309371200041,260.0,260.0
1753.6288946999703,260.1,260.0
1753.9329216000624,260.1,260.0
1754.2522286999738,260.1,260.0
1754.5746675999835,260.1,260.0
1754.878976500011,260.1,260.0
1755.182044700021,260.1,260.0
1755.5025848000078,259.90000000000003,260.0
1755.8205573000014,259.90000000000003,260.0
1756.124880700023,259.90000000000003,260.0
1756.4458644000115,260.1,260.0
1756.762236300041,260.1,260.0
1757.0706493000034,260.1,260.0
1757.3731097000418,259.8,260.0
1757.692170400056,259.8,260.0
1758.012283100048,260.1,260.0
1758.3328430000693,260.1,260.0
1758.6358292000368,260.1,260.0
1758.9415670000017,259.8,260.0
1759.259911500034,259.8,260.0
1759.5768555999966,259.8,260.0
1759.8996335000265,260.0,260.0
1760.2016281000106,260.0,260.0
1760.5205577999586,260.0,260.0
1760.8420473999577,259.90000000000003,260.0
1761.146867500036,259.90000000000003,260.0
1761.4665058000246,259.90000000000003,260.0
1761.7708268000279,259.8,260.0
1762.0896855000174,259.8,260.0
1762.3918318999931,260.0,260.0
1762.7105590000283,260.0,260.0
1763.0310057000024,260.0,260.0
1763.336742799962,259.8,260.0
1763.6379924999783,259.8,260.0
1763.9621368000517,259.8,260.0
1764.2817883000243,260.0,260.0
1764.6009967999998,260.0,260.0
1764.887421600055,260.0,260.0
1765.2091486999998,259.7,260.0
1765.5291367999744,259.7,260.0
1765.8457526999991,259.7,260.0
1766.1502922000363,259.90000000000003,260.0
1766.4718517999863,259.90000000000003,260.0
1766.7906097000232,259.90000000000003,260.0
1767.107464700006,259.8,260.0
1767.4152492999565,259.8,260.0
1767.7189678000286,259.8,260.0
1768.0384161999682,259.8,260.0
1768.3565333000151,259.8,260.0
1768.6780061000027,259.90000000000003,260.0
1768.964746600017,259.90000000000003,260.0
1769.2822253999766,259.90000000000003,260.0
1769.6050072000362,259.8,260.0
1769.9074904000154,259.8,260.0
1770.226012500003,259.8,260.0
1770.5329189000186,259.90000000000003,260.0
1770.8512704999885,259.90000000000003,260.0
1771.1696111999918,259.90000000000003,260.0
1771.4754357000347,259.7,260.0
1771.7925519000273,259.7,260.0
1772.0995646000374,259.90000000000003,260.0
1772.4165563000133,259.90000000000003,260.0
1772.73636910005,259.90000000000003,260.0
1773.0283731999807,259.7,260.0
1773.3616680999985,259.7,260.0
1773.6675970000215,259.7,260.0
1773.9868972999975,259.90000000000003,260.0
1774.2881339000305,259.90000000000003,260.0
1774.6107457999606,259.90000000000003,260.0
1774.9139844999881,259.8,260.0
1775.2323613000335,259.8,260.0
1775.5366384000517,259.8,260.0
1775.8572054000106,259.8,260.0
1776.1613656999543,259.8,260.0
1776.4819157000165,259.90000000000003,260.0
1776.7834424000466,259.90000000000003,260.0
1777.102695700014,259.90000000000003,260.0
1777.4063525999663,259.7,260.0
1777.7249592000153,259.7,260.0
1778.046555500012,259.7,260.0
1778.352587100002,260.0,260.0
1778.655727299978,260.0,260.0
1778.9722329999786,260.0,260.0
1779.2931753000012,259.8,260.0
1779.5989699000493,259.8,260.0
1779.9187528999755,259.8,260.0
1780.219693699968,260.0,260.0
1780.523194600013,260.0,260.0
1780.8463467999827,260.0,260.0
1781.1668107999722,259.8,260.0
1781.4836155000376,259.8,260.0
1781.788719400065,259.8,260.0
1782.1066078000003,259.8,260.0
1782.4135966000613,259.8,260.0
1782.733333799988,259.90000000000003,260.0
1783.0337302000262,259.90000000000003,260.0
1783.355643899995,259.90000000000003,260.0
1783.6735428000102,259.7,260.0
1783.9802242000587,259.7,260.0
1784.2819743000437,259.7,260.0
1784.6036931000417,260.0,260.0
1784.9074194000568,260.0,260.0
1785.2236393999774,260.0,260.0
1785.5432412000373,259.7,260.0
1785.848966200021,259.7,260.0
1786.1681523000589,260.0,260.0
1786.4887112999568,260.0,260.0
1786.807763400022,260.0,260.0
1787.1144935999764,259.8,260.0
1787.4335019000573,259.8,260.0
1787.752873999998,259.8,260.0
1788.0580682000145,259.90000000000003,260.0
1788.3604242999572,259.90000000000003,260.0
1788.6796612000326,259.90000000000003,260.0
1788.9974040000234,259.90000000000003,260.0
1789.3051590999821,259.90000000000003,260.0
1789.6233583999565,259.90000000000003,260.0
1789.9273987000342,259.8,260.0
1790.2465211000526,259.8,260.0
1790.5522652000654,259.90000000000003,260.0
1790.8711969000287,259.90000000000003,260.0
1791.1877093999647,259.90000000000003,260.0
1791.4946028999984,259.7,260.0
1791.8138341000304,259.7,260.0
1792.1190616000677,259.7,260.0
1792.4212850000476,260.0,260.0
1792.740357600036,260.0,260.0
1793.060720999958,260.0,260.0
1793.38077040005,259.8,260.0
1793.6857662999537,259.8,260.0
1794.0043210999575,259.8,260.0
1794.309739700053,260.0,260.0
1794.6265961000463,260.0,260.0
1794.94767959998,259.8,260.0
1795.2690219000215,259.8,260.0
1795.5730890999548,259.8,260.0
1795.8764541000128,259.90000000000003,260.0
1796.1927796000382,259.90000000000003,260.0
1796.5120896999724,259.90000000000003,260.0
1796.818211600068,259.90000000000003,260.0
1797.1379124000669,259.90000000000003,260.0
1797.4438766000094,259.90000000000003,260.0
1797.7631487000035,259.7,260.0
1798.0639052999904,259.7,260.0
1798.3850914000068,259.7,260.0
1798.7030693000415,259.90000000000003,260.0
1799.0091394999763,259.90000000000003,260.0
1799.314007799956,259.90000000000003,260.0
1799.6310123000294,259.6,260.0
1799.9539805999957,259.6,260.0
1800.2547602000413,259.90000000000003,260.0
1800.574747400009,259.90000000000003,260.0
1800.8787987000542,259.90000000000003,260.0
1801.184836499975,259.7,260.0
1801.5047206999734,259.7,260.0
1801.821165499976,259.7,260.0
1802.1438707000343,259.90000000000003,260.0
1802.445452200016,259.90000000000003,260.0
1802.7523219999857,259.90000000000003,260.0
1803.070083700004,259.90000000000003,260.0
1803.3908864000114,259.90000000000003,260.0
1803.6935586000327,259.90000000000003,260.0
1804.013338000048,259.8,260.0
1804.3161163000623,259.8,260.0
1804.6223060999764,259.90000000000003,260.0
1804.9404833000153,259.90000000000003,260.0
1805.2596393000567,259.90000000000003,260.0
1805.580201899982,259.7,260.0
1805.8834192999639,259.7,260.0
1806.188662200002,259.7,260.0
1806.5067978999577,260.0,260.0
1806.829157100059,260.0,260.0
1807.1296050000237,260.0,260.0
1807.4510984000517,259.8,260.0
1807.7560114000225,259.8,260.0
1808.0761717000278,259.8,260.0
1808.3770582999568,260.0,260.0
1808.6980453999713,260.0,260.0
1809.0170609999914,259.8,260.0
1809.3199360000435,259.8,260.0
1809.6236351999687,259.8,260.0
1809.9449335000245,259.90000000000003,260.0
1810.2635934000136,259.90000000000003,260.0
1810.5668806000613,259.90000000000003,260.0
1810.890209699981,259.90000000000003,260.0
1811.1924826999893,259.90000000000003,260.0
1811.4967930000275,259.90000000000003,260.0
1811.8164838000666,259.8,260.0
1812.1375564000336,259.8,260.0
1812.4418655000627,259.8,260.0
1812.75722280005,260.0,260.0
1813.079802299966,260.0,260.0
1813.3836464000633,260.0,260.0
1813.701622499968,259.8,260.0
1814.0075603000587,259.8,260.0
1814.3284945000196,260.1,260.0
1814.6322905999841,260.1,260.0
1814.9492986999685,260.1,260.0
1815.2535691000521,259.90000000000003,260.0
1815.5729411999928,259.90000000000003,260.0
1815.8781412000535,259.90000000000003,260.0
1816.1977560999803,260.1,260.0
1816.5183127999771,260.1,260.0
1816.802424399997,260.1,260.0
1817.1229246000294,260.0,260.0
1817.4440995999612,260.0,260.0
1817.7634009000612,260.0,260.0
1818.084098799969,260.0,260.0
1818.370423699962,260.0,260.0
1818.6925787000218,260.1,260.0
1819.0117481000489,260.1,260.0
1819.3323679000605,260.1,260.0
1819.6343144000275,259.90000000000003,260.0
1819.9408845000435,259.90000000000003,260.0
1820.2564114000415,259.90000000000003,260.0
1820.5632636999944,260.2,260.0
1820.883810600033,260.2,260.0
1821.2025734999916,260.2,260.0
1821.5040444000624,260.0,260.0
1821.8088424999733,260.0,260.0
1822.127586000017,260.0,260.0
1822.4506106000626,260.2,260.0
1822.7544965000125,260.2,260.0
1823.0727527999552,260.1,260.0
1823.3936480999691,260.1,260.0
1823.694793200004,260.1,260.0
1824.0004900000058,260.2,260.0
1824.3220422000159,260.2,260.0
1824.6371623000596,260.2,260.0
1824.9609947999706,260.2,260.0
1825.2620214000344,260.2,260.0
1825.5847184000304,260.2,260.0
1825.9048866999801,260.1,260.0
1826.2060540000675,260.1,260.0
1826.528530600015,260.1,260.0
1826.8449695999734,260.2,260.0
1827.149497400038,260.2,260.0
1827.4545346000232,260.2,260.0
1827.7728962000692,260.0,260.0
1828.0786480000243,260.0,260.0
1828.398264599964,260.3,260.0
1828.7150133000687,260.3,260.0
1829.0212121000513,260.3,260.0
1829.3412128000055,260.0,260.0
1829.6425627999706,260.0,260.0
1829.9620640999638,260.0,260.0
1830.265858400031,260.2,260.0
1830.585456000059,260.2,260.0
1830.9087952000555,260.2,260.0
1831.2103825999657,260.1,260.0
1831.5300571999978,260.1,260.0
1831.8357787999557,260.1,260.0
1832.1528405999998,260.1,260.0
1832.4761537000304,260.1,260.0
1832.7598154000007,260.2,260.0
1833.082924199989,260.2,260.0
1833.4017589000287,260.2,260.0
1833.7201982999686,260.0,260.0
1834.0259891999885,260.0,260.0
1834.327331700013,260.0,260.0
1834.650870100013,260.2,260.0
1834.9662891000044,260.2,260.0
1835.2746216000523,260.2,260.0
1835.5908963000402,260.0,260.0
1835.9137457000325,260.0,260.0
1836.2018129000207,260.0,260.0
1836.5180741000222,260.2,260.0
1836.8384611000074,260.2,260.0
1837.1440427000634,260.0,260.0
1837.4631288000382,260.0,260.0
1837.7804291000357,260.0,260.0
1838.1020798999816,260.1,260.0
1838.4070111999754,260.1,260.0
1838.7277590000303,260.1,260.0
1839.0464781000046,260.1,260.0
1839.350485800067,260.1,260.0
1839.6695065000094,260.1,260.0
1839.991013300023,260.0,260.0
1840.2942186000291,260.0,260.0
1840.5991452999879,260.0,260.0
1840.9181372000603,260.2,260.0
1841.219525399967,260.2,260.0
1841.5401777999941,260.0,260.0
1841.8590186999645,260.0,260.0
1842.1629540000577,260.0,260.0
1842.481971799978,260.2,260.0
1842.7870510000503,260.2,260.0
1843.0923600000096,260.2,260.0
1843.4121899000602,260.0,260.0
1843.7317002000054,260.0,260.0
1844.0346872999799,260.0,260.0
1844.354116100003,260.2,260.0
1844.6736377000343,260.2,260.0
1844.9605862000026,260.2,260.0
1845.283174799988,260.1,260.0
1845.6021957000485,260.1,260.0
1845.9198075999739,260.1,260.0
1846.2258535999572,260.1,260.0
1846.526918199961,260.1,260.0
1846.8485088000307,260.2,260.0
1847.1686378000304,260.2,260.0
1847.4724672000157,260.2,260.0
1847.7911647000583,260.0,260.0
1848.1113063000375,260.0,260.0
1848.416930000065,260.0,260.0
1848.7210017000325,260.2,260.0
1849.0372381999623,260.2,260.0
1849.360907400027,260.2,260.0
1849.664358100039,260.0,260.0
1849.964148500003,260.0,260.0
1850.2867350999732,260.0,260.0
1850.6065151999937,260.2,260.0
1850.9083725999808,260.2,260.0
1851.2288688999834,260.0,260.0
1851.5476635000668,260.0,260.0
1851.839254999999,260.0,260.0
1852.1585119999945,260.1,260.0
1852.4791198000312,260.1,260.0
1852.7953048000345,260.1,260.0
1853.1012009000406,260.1,260.0
1853.4201715000672,260.1,260.0
1853.7242959999712,260.1,260.0
1854.0301920999773,259.90000000000003,260.0
1854.3465879999567,259.90000000000003,260.0
1854.666262499988,259.90000000000003,260.0
1854.9869395999704,260.1,260.0
1855.2922150000231,260.1,260.0
1855.5967310999986,260.1,260.0
1855.9136954999994,259.90000000000003,260.0
1856.2367142000003,259.90000000000003,260.0
1856.5404629000695,260.1,260.0
1856.8405446000397,260.1,260.0
1857.1641058999812,260.1,260.0
1857.480591700063,259.90000000000003,260.0
1857.7874247999862,259.90000000000003,260.0
1858.0887673000107,259.90000000000003,260.0
1858.408472500043,260.1,260.0
1858.730238600052,260.1,260.0
1859.0333354000468,260.1,260.0
1859.354281899985,260.0,260.0
1859.673761400045,260.0,260.0
1859.9745177000295,260.0,260.0
1860.2809004000155,260.0,260.0
1860.5979975999799,260.0,260.0
1860.9198274000082,260.0,260.0
1861.2405055999989,260.0,260.0
1861.5257788000163,260.0,260.0
1861.8481515999883,259.90000000000003,260.0
1862.1657220000634,259.90000000000003,260.0
1862.469911399996,259.90000000000003,260.0
1862.7903535000514,260.1,260.0
1863.111516600009,260.1,260.0
1863.4127965000225,260.1,260.0
1863.7198483999819,259.90000000000003,260.0
1864.0369786999654,259.90000000000003,260.0
1864.3566938999575,259.90000000000003,260.0
1864.6604504999705,260.1,260.0
1864.965477299993,260.1,260.0
1865.2867050999776,260.0,260.0
1865.6051980999764,260.0,260.0
1865.9255977000576,260.0,260.0
1866.2279109000228,260.1,260.0
1866.5331650000298,260.1,260.0
1866.853302399977,260.1,260.0
1867.1710595999612,260.0,260.0
1867.4761218000203,260.0,260.0
1867.796160900034,260.0,260.0
1868.09999779996,260.0,260.0
1868.4198620000388,260.0,260.0
1868.7204329000087,260.0,260.0
1869.0407791000325,260.1,260.0
1869.3464121000143,260.1,260.0
1869.6652087999973,260.1,260.0
1869.9845601000125,259.90000000000003,260.0
1870.2896170000313,259.90000000000003,260.0
1870.5932211000472,260.2,260.0
1870.9125102000544,260.2,260.0
1871.2319575999863,260.2,260.0
1871.5348564999877,259.90000000000003,260.0
1871.8576124999672,259.90000000000003,260.0
1872.1577701000497,259.90000000000003,260.0
1872.4820106000407,260.2,260.0
1872.7994249999756,260.2,260.0
1873.1053535999963,260.2,260.0
1873.406395600061,260.1,260.0
1873.7268115000334,260.1,260.0
1874.0483058000682,260.1,260.0
1874.3487659000093,260.1,260.0
1874.6707591000013,260.1,260.0
1874.9893567999825,260.1,260.0
1875.2952436000342,260.1,260.0
1875.6124119999586,260.1,260.0
1875.93523860001,260.0,260.0
1876.2379809999838,260.0,260.0
1876.558782499982,260.0,260.0
1876.8607367000077,260.2,260.0
1877.180607700022,260.2,260.0
1877.5026317000156,260.2,260.0
1877.8058951999992,260.0,260.0
1878.1259165999945,260.0,260.0
1878.4272815999575,260.0,260.0
1878.7498654000228,260.2,260.0
1879.0693894999567,260.2,260.0
1879.354476599954,260.0,260.0
1879.6759765000315,260.0,260.0
1879.9943519000662,260.0,260.0
1880.2975833000382,260.1,260.0
1880.6186123000225,260.1,260.0
1880.9395763999783,260.1,260.0
1881.2408556999872,260.1,260.0
1881.5471747999545,260.1,260.0
1881.8676469000056,260.1,260.0
1882.1831011000322,260.0,260.0
1882.4898455999792,260.0,260.0
1882.7905677000526,260.0,260.0
1883.110327100032,260.2,260.0
1883.4172051000642,260.2,260.0
1883.7376902999822,260.2,261.0
1884.057843000046,260.0,263.0
1884.357977500069,260.0,265.0
1884.7118367999792,260.2,268.0
1884.999655200052,260.2,270.0
1885.3054237000179,260.2,272.0
1885.6047274000011,260.0,274.0
1885.9275269999634,260.0,276.0
1886.229187799967,260.0,278.0
1886.5499034000095,260.40000000000003,279.0
1886.8527641000692,260.40000000000003,279.0
1887.1757776000304,260.40000000000003,280.0
1887.4782735999906,261.3,280.0
1887.798143299995,261.3,280.0
1888.117792300065,261.3,280.0
1888.4390454000095,262.0,280.0
1888.740758900065,262.0,280.0
1889.0630335999886,262.6,280.0
1889.3784084999934,262.6,280.0
1889.7009097000118,262.6,280.0
1890.0027053999947,263.2,280.0
1890.3230630999897,263.2,280.0
1890.628956599976,263.2,280.0
1890.9488303000107,263.8,280.0
1891.2690983000211,263.8,280.0
1891.58788440004,263.8,281.0
1891.9055789000122,264.3,283.0
1892.2116499999538,264.3,285.0
1892.5156767000444,264.3,287.0
1892.8659359000158,264.7,290.0
1893.1359865999548,264.7,292.0
1893.455633000005,265.1,292.0
1893.761045100051,265.1,291.0
1894.082823200035,265.1,290.0
1894.4030191999627,265.5,290.0
1894.7194366999902,265.5,290.0
1895.0257260999642,265.5,290.0
1895.346939299954,265.90000000000003,290.0
1895.6641521999845,265.90000000000003,290.0
1895.9670347999781,265.90000000000003,290.0
1896.288602399989,266.3,290.0
1896.6081751000602,266.3,290.0
1896.9097603999544,266.3,290.0
1897.2318002000684,266.7,290.0
1897.5534867000533,266.7,290.0
1897.852666300023,267.1,290.0
1898.1585335000418,267.1,290.0
1898.4779609000543,267.1,290.0
1898.7821969999932,267.40000000000003,290.0
1899.1004911999917,267.40000000000003,290.0
1899.419599100016,267.40000000000003,290.0
1899.7257767999545,267.8,290.0
1900.0313311000355,267.8,290.0
1900.3483146000654,267.8,290.0
1900.6695657999953,268.2,290.0
1900.9904118999839,268.2,290.0
1901.29442140006,268.2,290.0
1901.6110355999554,268.5,290.0
1901.9334108000621,268.5,290.0
1902.2533268999541,268.90000000000003,290.0
1902.5581710999832,268.90000000000003,290.0
1902.8771302000387,268.90000000000003,290.0
1903.1777775000082,269.2,290.0
1903.4836992999772,269.2,290.0
1903.802621699986,269.2,290.0
1904.1239435999887,269.6,290.0
1904.4254329999676,269.6,290.0
1904.744186899974,269.6,290.0
1905.0641494999873,269.90000000000003,290.0
1905.3679395000217,269.90000000000003,290.0
1905.67558010004,269.90000000000003,290.0
1905.9932937000412,270.2,290.0
1906.312489700038,270.2,290.0
1906.6178647000343,270.5,290.0
1906.9226695999969,270.5,290.0
1907.242556400015,270.5,290.0
1907.5604076000163,270.90000000000003,290.0
1907.8795816999627,270.90000000000003,290.0
1908.199703500024,270.90000000000003,290.0
1908.5016477999743,271.1,290.0
1908.8230955000035,271.1,290.0
1909.1254883999936,271.1,290.0
1909.4479303000262,271.5,290.0
1909.7692566000624,271.5,290.0
1910.0708645000122,271.5,290.0
1910.3728576999856,271.8,290.0
1910.6926422000397,271.8,290.0
1911.0123487999663,272.1,290.0
1911.3346853000112,272.1,290.0
1911.6208596000215,272.1,290.0
1911.9427530000685,272.40000000000003,290.0
1912.2627894000616,272.40000000000003,290.0
1912.5824477999704,272.40000000000003,290.0
1912.8850562999723,272.7,290.0
1913.190944400034,272.7,290.0
1913.506541299983,272.7,290.0
1913.8100791999605,273.0,290.0
1914.1297021000646,273.0,290.0
1914.450890099979,273.0,290.0
1914.75600579998,273.3,290.0
1915.0761048999848,273.3,290.0
1915.3813562999712,273.3,290.0
1915.69700559997,273.6,290.0
1916.0172852000687,273.6,290.0
1916.3084229000378,273.90000000000003,290.0
1916.6252350000432,273.90000000000003,290.0
1916.9447612999938,273.90000000000003,290.0
1917.2641550999833,274.1,290.0
1917.5713953999802,274.1,290.0
1917.8737838000525,274.1,290.0
1918.1933061999734,274.40000000000003,290.0
1918.5138104000362,274.40000000000003,290.0
1918.834304900025,274.40000000000003,290.0
1919.1223204999696,274.6,290.0
1919.4387772000628,274.6,290.0
1919.7601110000396,274.6,290.0
1920.0813848000253,274.90000000000003,290.0
1920.401910400018,274.90000000000003,290.0
1920.7218113000272,275.2,290.0
1921.0212531000143,275.2,290.0
1921.3417396000586,275.2,290.0
1921.6473621999612,275.40000000000003,290.0
1921.964323900058,275.40000000000003,290.0
1922.2727888000663,275.40000000000003,290.0
1922.5898042999906,275.7,290.0
1922.908830499975,275.7,290.0
1923.2137251000386,275.7,290.0
1923.5191149000311,275.90000000000003,290.0
1923.8395704999566,275.90000000000003,290.0
1924.154926600051,275.90000000000003,290.0
1924.4755572000286,276.2,290.0
1924.7811159000266,276.2,290.0
1925.100544200046,276.40000000000003,290.0
1925.4216592999874,276.40000000000003,290.0
1925.7407556000398,276.40000000000003,290.0
1926.0458447999554,276.7,290.0
1926.3623474000487,276.7,290.0
1926.683408300043,276.7,290.0
1926.9854278999846,276.90000000000003,290.0
1927.3062447999837,276.90000000000003,290.0
1927.6101272000233,276.90000000000003,290.0
1927.9305994999595,277.2,290.0
1928.2354719999712,277.2,290.0
1928.5538732999703,277.2,290.0
1928.8581595000578,277.40000000000003,290.0
1929.1766539000673,277.40000000000003,290.0
1929.4981688000262,277.7,290.0
1929.8186499000294,277.7,290.0
1930.1234368999721,277.7,290.0
1930.423392000026,278.0,290.0
1930.7434201999567,278.0,290.0
1931.0644362999592,278.0,290.0
1931.3664482999593,278.2,290.0
1931.6872837999836,278.2,290.0
1932.0063877999783,278.2,290.0
1932.3126275000395,278.5,290.0
1932.6314607000677,278.5,290.0
1932.9500462999567,278.5,290.0
1933.2548212000402,278.7,290.0
1933.5761761000613,278.7,290.0
1933.8775931999553,278.90000000000003,290.0
1934.1995381000452,278.90000000000003,290.0
1934.5001875000307,278.90000000000003,290.0
1934.8213231000118,279.2,290.0
1935.1274273999734,279.2,290.0
1935.4468097999925,279.2,290.0
1935.7628959000576,279.40000000000003,290.0
1936.0708887999645,279.40000000000003,290.0
1936.3749652999686,279.40000000000003,290.0
1936.6947056000354,279.7,290.0
1937.0109532000497,279.7,290.0
1937.3314026000444,279.7,290.0
1937.6519183999626,279.90000000000003,290.0
1937.9561103000306,279.90000000000003,290.0
1938.2764608999714,280.1,290.0
1938.5959864000324,280.1,290.0
1938.8987692999654,280.1,290.0
1939.2015221000183,280.40000000000003,290.0
1939.523352200049,280.40000000000003,290.0
1939.8247832000488,280.40000000000003,290.0
1940.1446481000166,280.6,290.0
1940.4648990000132,280.6,290.0
1940.7877150999848,280.6,290.0
1941.074248000048,280.8,290.0
1941.3954354999587,280.8,290.0
1941.7120401000138,280.8,290.0
1942.0340334000066,281.0,290.0
1942.3349109999835,281.0,290.0
1942.6400606000097,281.0,290.0
1942.959874000051,281.2,290.0
1943.264700000058,281.2,290.0
1943.5842041999567,281.40000000000003,290.0
1943.9037182000466,281.40000000000003,290.0
1944.2074053999968,281.40000000000003,290.0
1944.5285939000314,281.6,290.0
1944.8306914999848,281.6,290.0
1945.1513138000155,281.6,290.0
1945.4702547000488,281.8,290.0
1945.7757136999862,281.8,290.0
1946.092331700027,281.8,290.0
1946.4123872000491,282.1,290.0
1946.7353532999987,282.1,290.0
1947.0364165999927,282.3,290.0
1947.3559132000664,282.3,290.0
1947.6774659999646,282.3,290.0
1947.9949150000466,282.5,290.0
1948.2985413999995,282.5,290.0
1948.62268400006,282.5,290.0
1948.941224399954,282.6,290.0
1949.2448031000094,282.6,290.0
1949.5488544000546,282.6,290.0
1949.8681602999568,282.8,290.0
1950.1855099999812,282.8,290.0
1950.4909780999878,282.8,290.0
1950.7960777999833,283.0,290.0
1951.1150847000536,283.0,290.0
1951.4350840999978,283.0,290.0
1951.7561738999793,283.2,290.0
1952.0606709000422,283.2,290.0
1952.3622966000112,283.40000000000003,290.0
1952.681761899963,283.40000000000003,290.0
1953.0027357999934,283.40000000000003,290.0
1953.3061322000576,283.6,290.0
1953.6097041000612,283.6,290.0
1953.9314462000038,283.6,290.0
1954.250312600052,283.8,290.0
1954.5517765000695,283.8,290.0
1954.8734417000087,283.8,290.0
1955.175572999986,284.0,290.0
1955.4961275999667,284.0,290.0
1955.8004973999923,284.0,290.0
1956.1192138000624,284.2,290.0
1956.4402353999903,284.2,290.0
1956.744347400032,284.40000000000003,290.0
1957.0643274000613,284.40000000000003,290.0
1957.3679970999947,284.40000000000003,290.0
1957.6708872000454,284.6,290.0
1957.9894959999947,284.6,290.0
1958.3111031999579,284.6,290.0
1958.6317831999622,284.8,290.0
1958.9338130999822,284.8,290.0
1959.2363087000558,284.8,290.0
1959.5565352999838,285.0,290.0
1959.8756431000074,285.0,290.0
1960.1800234999973,285.0,290.0
1960.4838337000692,285.2,290.0
1960.8035515999654,285.2,290.0
1961.1258741000202,285.40000000000003,290.0
1961.428380700061,285.40000000000003,290.0
1961.7300241000485,285.40000000000003,290.0
1962.0494638000382,285.6,290.0
1962.370154300006,285.6,290.0
1962.6752901000436,285.6,290.0
1962.9969059999567,285.7,290.0
1963.2963542999933,285.7,290.0
1963.6178539000684,285.7,290.0
1963.923827099963,285.90000000000003,290.0
1964.2409825000213,285.90000000000003,290.0
1964.5609925000463,285.90000000000003,290.0
1964.8668617999647,286.0,290.0
1965.1838366000447,286.0,290.0
1965.490362499957,286.0,290.0
1965.7915575000225,286.2,290.0
1966.1146827000193,286.2,290.0
1966.4337120000273,286.40000000000003,290.0
1966.7384064999642,286.40000000000003,290.0
1967.0573583999649,286.40000000000003,290.0
1967.3744051000103,286.5,290.0
1967.696997000021,286.5,290.0
1968.0018527000211,286.5,290.0
1968.3172055999748,286.7,290.0
1968.6373349999776,286.7,290.0
1968.9589188999962,286.7,290.0
1969.2632975999732,286.8,290.0
1969.5667553000385,286.8,290.0
1969.887758100056,286.8,290.0
1970.1891606999561,287.0,290.0
1970.5097173000686,287.0,290.0
1970.8289241000311,287.2,290.0
1971.1338546000188,287.2,290.0
1971.4387974999845,287.2,290.0
1971.7555240000365,287.3,290.0
1972.0782862000633,287.3,290.0
1972.379801300005,287.3,290.0
1972.6860247000586,287.5,290.0
1973.0060176000698,287.5,290.0
1973.3220905000344,287.5,290.0
1973.6460812999867,287.7,290.0
1973.9460322000086,287.7,290.0
1974.2504829000682,287.7,290.0
1974.568963299971,287.90000000000003,290.0
1974.8924640000332,287.90000000000003,290.0
1975.1948057999834,288.0,290.0
1975.4992935999762,288.0,290.0
1975.8183972999686,288.0,290.0
1976.136109999963,288.2,290.0
1976.4556388000492,288.2,290.0
1976.7599816999864,288.2,290.0
1977.0818575000158,288.40000000000003,290.0
1977.4010523000034,288.40000000000003,290.0
1977.7223863999825,288.40000000000003,290.0
1978.0234884000383,288.6,290.0
1978.327555499971,288.6,290.0
1978.6472517000511,288.6,290.0
1978.9532068000408,288.7,290.0
1979.2707661000313,288.7,290.0
1979.590309399995,288.90000000000003,290.0
1979.894834900042,288.90000000000003,290.0
1980.2160737999948,288.90000000000003,290.0
1980.520522100036,289.0,290.0
1980.8394758000504,289.0,290.0
1981.159143100027,289.0,290.0
1981.4802371000405,289.2,290.0
1981.7992388999555,289.2,290.0
1982.1034537999658,289.2,290.0
1982.4083547999617,289.3,290.0
1982.7236933000386,289.3,290.0
1983.0437467000447,289.3,290.0
1983.3512015000451,289.5,290.0
1983.6554880000185,289.5,290.0
1983.974777400028,289.6,290.0
1984.2939053999726,289.6,290.0
1984.595181999961,289.6,290.0
1984.9187007000437,289.8,290.0
1985.2381662999978,289.8,290.0
1985.5378511999734,289.8,290.0
1985.86174209998,289.90000000000003,290.0
1986.1627731999615,289.90000000000003,290.0
1986.4675492000533,289.90000000000003,290.0
1986.7875716000563,290.0,290.0
1987.1074955000076,290.0,290.0
1987.4128164000576,290.0,290.0
1987.732407500036,290.2,290.0
1988.0349050000077,290.2,290.0
1988.3541538000572,290.2,290.0
1988.6556558000157,290.3,290.0
1988.9759628999745,290.3,290.0
1989.2955297000008,290.40000000000003,290.0
1989.601070099976,290.40000000000003,290.0
1989.9191751000471,290.40000000000003,290.0
1990.2238663999597,290.6,290.0
1990.5267295000376,290.6,290.0
1990.8486953000538,290.6,290.0
1991.1666431999765,290.7,290.0
1991.4864142000442,290.7,290.0
1991.7929974000435,290.7,290.0
1992.0981387000065,290.8,290.0
1992.4157719999785,290.8,290.0
1992.7369942000369,290.8,290.0
1993.037069199956,291.0,290.0
1993.3435470999684,291.0,290.0
1993.6630302000558,291.1,290.0
1993.982913600048,291.1,290.0
1994.303174200002,291.1,290.0
1994.5883429000387,291.2,290.0
1994.9090607999824,291.2,290.0
1995.2289366000332,291.2,290.0
1995.5506787999766,291.3,290.0
1995.85216400004,291.3,290.0
1996.1549726000521,291.3,290.0
1996.477921599988,291.3,290.0
1996.7809364000568,291.3,290.0
1997.1010386999696,291.3,290.0
1997.4219845000189,291.40000000000003,290.0
1997.7228122999659,291.40000000000003,290.0
1998.0432028999785,291.40000000000003,290.0
1998.3458092999645,291.40000000000003,290.0
1998.6661441000178,291.40000000000003,290.0
1998.9862159000477,291.5,290.0
1999.2919244000223,291.5,290.0
1999.5937862000428,291.5,290.0
1999.916524100001,291.6,290.0
2000.2351833999855,291.6,290.0
2000.5399642999982,291.6,290.0
2000.8594220000086,291.6,290.0
2001.1611056999536,291.6,290.0
2001.4834018000402,291.6,290.0
2001.8037561000092,291.7,290.0
2002.1073605000274,291.7,290.0
2002.409860100015,291.7,290.0
2002.7268084000098,291.6,290.0
2003.0305820000358,291.6,290.0
2003.3518292000517,291.7,290.0
2003.6729478000198,291.7,290.0
2003.9735663000029,291.7,290.0
2004.278082099976,291.6,290.0
2004.6013514000224,291.6,290.0
2004.9179791000206,291.6,290.0
2005.2234417999862,291.6,290.0
2005.541488399962,291.6,290.0
2005.861163499998,291.6,290.0
2006.1508826999925,291.6,290.0
2006.4718566000229,291.6,290.0
2006.7879554000683,291.6,290.0
2007.1113458999898,291.6,290.0
2007.4118124999804,291.6,290.0
2007.7322381000267,291.6,290.0
2008.0376214999706,291.6,290.0
2008.3582397999708,291.6,290.0
2008.6609786000336,291.5,290.0
2008.9823156000348,291.5,290.0
2009.2858832000056,291.5,290.0
2009.602478899993,291.6,290.0
2009.9054284000304,291.6,290.0
2010.228066300042,291.6,290.0
2010.5494781000307,291.5,290.0
2010.8489081000444,291.5,290.0
2011.1558784999652,291.5,290.0
2011.474422600004,291.6,290.0
2011.793735699961,291.6,290.0
2012.0975882000057,291.6,290.0
2012.4028373999754,291.5,290.0
2012.7213150999742,291.5,290.0
2013.0417058999883,291.5,290.0
2013.3619745000033,291.5,290.0
2013.6642917999998,291.5,290.0
2013.9696106000338,291.5,290.0
2014.2898737000069,291.5,290.0
2014.6094936999725,291.5,290.0
2014.9295555000426,291.40000000000003,290.0
2015.2154790000059,291.40000000000003,290.0
2015.5351961000124,291.40000000000003,290.0
2015.8547254999867,291.40000000000003,290.0
2016.1595104000298,291.40000000000003,290.0
2016.4783218000084,291.40000000000003,290.0
2016.7993419000413,291.3,290.0
2017.1007889000466,291.3,290.0
2017.4056649999693,291.40000000000003,290.0
2017.725243599969,291.40000000000003,290.0
2018.0478076,291.40000000000003,290.0
2018.349896300002,291.2,290.0
2018.670648499974,291.2,290.0
2018.9901246000081,291.2,290.0
2019.295211300021,291.3,290.0
2019.614932400058,291.3,290.0
2019.9348893000279,291.3,290.0
2020.236233600066,291.2,290.0
2020.5580831000116,291.2,290.0
2020.8769604000263,291.2,290.0
2021.1659999999683,291.2,290.0
2021.4858113999944,291.2,290.0
2021.8043567000423,291.1,290.0
2022.1244088000385,291.1,290.0
2022.4419138999656,291.1,290.0
2022.729076000047,291.0,290.0
2023.0507451000158,291.0,290.0
2023.3694671000121,291.0,290.0
2023.673076899955,291.0,290.0
2023.9922566000605,291.0,290.0
2024.2959650000557,291.0,290.0
2024.6179603000637,290.8,290.0
2024.9396174000576,290.8,290.0
2025.2436794000678,290.8,290.0
2025.54698990006,290.90000000000003,290.0
2025.8660799000645,290.90000000000003,290.0
2026.1849956000224,290.8,290.0
2026.5065894,290.8,290.0
2026.7916351000313,290.8,290.0
2027.1101255000103,290.8,290.0
2027.4311158000492,290.8,290.0
2027.7516228000168,290.8,290.0
2028.0555647000438,290.7,290.0
2028.3610733000096,290.7,290.0
2028.6786169999978,290.7,290.0
2028.998130199965,290.6,290.0
2029.3037652999628,290.6,290.0
2029.6048550000414,290.6,290.0
2029.9245357000036,290.6,290.0
2030.2441689999541,290.6,290.0
2030.5642852999736,290.6,290.0
2030.8697409000015,290.40000000000003,290.0
2031.1738827000372,290.40000000000003,290.0
2031.493287899997,290.5,290.0
2031.8115632999688,290.5,290.0
2032.134484600043,290.5,290.0
2032.4360263999552,290.3,290.0
2032.7564512999961,290.3,290.0
2033.0757999999914,290.3,290.0
2033.397234700038,290.40000000000003,290.0
2033.6846361999633,290.40000000000003,290.0
2034.0037228000583,290.40000000000003,290.0
2034.3235033999663,290.3,290.0
2034.6440873000538,290.3,290.0
2034.945882000029,290.3,290.0
2035.250497500063,290.2,290.0
2035.572580200038,290.2,290.0
2035.88955610001,290.2,290.0
2036.1949876999715,290.2,290.0
2036.512496600044,290.2,290.0
2036.818789400044,290.1,290.0
2037.1356506999582,290.1,290.0
2037.4423151999945,290.1,290.0
2037.7614339999855,290.1,290.0
2038.0631332000485,290.1,290.0
2038.3833219000371,290.1,290.0
2038.69044939999,290.0,290.0
2039.010550100007,290.0,290.0
2039.3262757000048,290.0,290.0
2039.6299277000362,290.1,290.0
2039.9341005999595,290.1,290.0
2040.2546635000035,290.0,290.0
2040.5747016000096,290.0,290.0
2040.8809747999767,290.0,290.0
2041.1825266999658,290.0,290.0
2041.5041135000065,290.0,290.0
2041.8234807000263,290.0,290.0
2042.1415710999863,289.90000000000003,290.0
2042.4459036999615,289.90000000000003,290.0
2042.752105099964,289.90000000000003,290.0
2043.0673354000319,289.90000000000003,290.0
2043.3904518999625,289.90000000000003,290.0
2043.706911199959,289.90000000000003,290.0
2044.0124234000687,289.8,290.0
2044.3346188999712,289.8,290.0
2044.6541879000142,289.7,290.0
2044.9567923999857,289.7,290.0
2045.2773064000066,289.7,290.0
2045.5971246999688,289.8,290.0
2045.902413600008,289.8,290.0
2046.2049983000616,289.8,290.0
2046.5251472999807,289.6,290.0
2046.8409673999995,289.6,290.0
2047.1461685000686,289.6,290.0
2047.4528852000367,289.7,290.0
2047.7686190999812,289.7,290.0
2048.0898885000497,289.7,290.0
2048.4119721000316,289.6,290.0
2048.713609199971,289.6,290.0
2049.0195480999537,289.6,290.0
2049.339212300023,289.6,290.0
2049.6554800999584,289.6,290.0
2049.961183800013,289.6,290.0
2050.263120400021,289.6,290.0
2050.5846161000663,289.6,290.0
2050.9055464999983,289.6,290.0
2051.2221976000583,289.6,290.0
2051.5279966000235,289.6,290.0
2051.8493123999797,289.7,290.0
2052.1684166999767,289.7,290.0
2052.4874455999816,289.7,290.0
2052.7933408999816,289.5,290.0
2053.109048299957,289.5,290.0
2053.430409100023,289.7,290.0
2053.7524490000214,289.7,290.0
2054.053925300017,289.7,290.0
2054.358088499983,289.6,290.0
2054.6771904999623,289.6,290.0
2054.9968121000566,289.6,290.0
2055.3019347999943,289.6,290.0
2055.6233561000554,289.6,290.0
2055.9234075000277,289.6,290.0
2056.242627699976,289.6,290.0
2056.5479891999858,289.6,290.0
2056.8683208000148,289.6,290.0
2057.188513500034,289.5,290.0
2057.4931705000345,289.5,290.0
2057.8130540000275,289.5,290.0
2058.117722099996,289.6,290.0
2058.436838499969,289.6,290.0
2058.7379358999897,289.5,290.0
2059.0584735999582,289.5,290.0
2059.360422400059,289.5,290.0
2059.684724400053,289.7,290.0
2060.0041875999887,289.7,290.0
2060.2914108000696,289.7,290.0
2060.60771640006,289.6,290.0
2060.9303355000447,289.6,290.0
2061.2509834000375,289.6,290.0
2061.5536316999933,289.7,290.0
2061.8741315000225,289.7,290.0
2062.194942699978,289.7,290.0
2062.51056840003,289.7,290.0
2062.81796200003,289.7,290.0
2063.137996300007,289.7,290.0
2063.4395839000354,289.7,290.0
2063.758591199992,289.7,290.0
2064.0642417999916,289.7,290.0
2064.38338080002,289.7,290.0
2064.703252700041,289.7,290.0
2065.0244921999983,289.6,290.0
2065.3287170999683,289.6,290.0
2065.64413400006,289.6,290.0
2065.9677335000597,289.8,290.0
2066.288418799988,289.8,290.0
2066.5736408999655,289.8,290.0
2066.8933491000207,289.7,290.0
2067.2137235000264,289.7,290.0
2067.5331391000655,289.8,290.0
2067.835086300038,289.8,290.0
2068.154794799979,289.8,290.0
2068.4773490000516,289.7,290.0
2068.7979202000424,289.7,290.0
2069.100255700061,289.7,290.0
2069.4197058000136,289.8,290.0
2069.7378085000673,289.8,290.0
2070.0597408000613,289.8,290.0
2070.363923500059,289.8,290.0
2070.6813811999746,289.8,290.0
2071.0020601999713,289.8,290.0
2071.3062777000014,289.7,290.0
2071.609542799997,289.7,290.0
2071.9286593999714,289.8,290.0
2072.2332329000346,289.8,290.0
2072.5540834000567,289.8,290.0
2072.8742695000255,289.7,290.0
2073.194390999968,289.7,290.0
2073.498711399967,289.7,290.0
2073.800881300005,289.8,290.0
2074.1198683000403,289.8,290.0
2074.4259092999855,289.8,290.0
2074.7464578000363,289.7,290.0
2075.065630099969,289.7,290.0
2075.3854353000643,289.7,290.0
2075.704206799972,289.8,290.0
2076.0067309000297,289.8,290.0
2076.3262518000556,289.8,290.0
2076.6305926999776,289.8,290.0
2076.952477899962,289.8,290.0
2077.2541304000188,289.8,290.0
2077.574303600006,289.8,290.0
2077.876500000013,289.8,290.0
2078.196756700054,289.8,290.0
2078.5180722000077,289.8,290.0
2078.8071539000375,289.8,290.0
2079.1259017999982,289.8,290.0
2079.4463859000243,289.8,290.0
2079.766115700011,289.8,290.0
2080.0708685000427,289.90000000000003,290.0
2080.3895178000676,289.90000000000003,290.0
2080.6932635999983,289.8,290.0
2081.012443899992,289.8,290.0
2081.334382100031,289.8,290.0
2081.6196156999795,289.90000000000003,290.0
2081.938227500068,289.90000000000003,290.0
2082.258497199975,289.90000000000003,290.0
2082.5646613000426,289.8,290.0
2082.885089299991,289.8,290.0
2083.202209800016,289.8,290.0
2083.5062548000133,289.90000000000003,290.0
2083.8264061000664,289.90000000000003,290.0
2084.1299002000596,289.90000000000003,290.0
2084.4522287000436,289.90000000000003,290.0
2084.7547360999743,289.90000000000003,290.0
2085.072934100055,289.8,290.0
2085.3932481000666,289.8,290.0
2085.7146116000367,289.8,290.0
2086.032660000026,289.90000000000003,290.0
2086.335481700022,289.90000000000003,290.0
2086.6586950999917,289.90000000000003,290.0
2086.9624317999696,289.8,290.0
2087.277980700019,289.8,290.0
2087.6005456000566,289.8,290.0
2087.88751270005,290.0,290.0
2088.2062931000255,290.0,290.0
2088.5261208000593,290.0,290.0
2088.8322654999793,289.90000000000003,290.0
2089.148763300036,289.90000000000003,290.0
2089.4554388000397,289.90000000000003,290.0
2089.775847999961,290.0,290.0
2090.07994700002,290.0,290.0
2090.3993600000395,289.90000000000003,290.0
2090.7200466999784,289.90000000000003,290.0
2091.0209347000346,289.90000000000003,290.0
2091.3261441000504,290.0,290.0
2091.6431386000477,290.0,290.0
2091.9652517000213,290.0,290.0
2092.2688531000167,290.0,290.0
2092.5733575000195,290.0,290.0
2092.891342099989,290.0,290.0
2093.21057190001,290.0,290.0
2093.5180496000685,290.0,290.0
2093.8360066000605,290.0,290.0
2094.1552971999627,290.0,290.0
2094.4601002000272,290.0,290.0
2094.780083599966,290.0,290.0
2095.1003621000564,290.0,290.0
2095.4167602000525,290.0,290.0
2095.7239976000274,290.1,290.0
2096.0265213999664,290.1,290.0
2096.3475784000475,290.1,290.0
2096.667215500027,290.0,290.0
2096.987000299967,290.0,290.0
2097.291314900038,290.0,290.0
2097.608775599976,290.1,290.0
2097.9121545000235,290.1,290.0
2098.231461200048,290.1,290.0
2098.5379289999837,290.1,290.0
2098.857557200012,290.1,290.0
2099.161493199994,290.1,290.0
2099.4785182999913,290.1,290.0
2099.7848799000494,290.1,290.0
2100.1019136999967,290.1,290.0
2100.4229824000504,290.1,290.0
2100.7266577000264,290.1,290.0
2101.0330573000247,290.0,290.0
2101.351276900037,290.0,290.0
2101.6716323000146,290.0,290.0
2101.974802199984,290.2,290.0
2102.293462899979,290.2,290.0
2102.5965948000085,290.2,290.0
2102.9171940999804,290.1,290.0
2103.236399000045,290.1,290.0
2103.542119299993,290.1,290.0
2103.843391100061,290.2,290.0
2104.1630176999606,290.2,290.0
2104.4859541000333,290.1,290.0
2104.790708799963,290.1,290.0
2105.0922978000017,290.1,290.0
2105.410975100007,290.1,290.0
2105.717604300007,290.1,290.0
2106.0345686000073,290.1,290.0
2106.356627500034,290.1,290.0
2106.6574775000336,290.1,290.0
2106.9794608000666,290.1,290.0
2107.29829419998,290.1,290.0
2107.6036741000134,290.1,290.0
2107.904948499985,290.1,290.0
2108.2266035999637,290.2,290.0
2108.547540000058,290.2,290.0
2108.849852300016,290.0,290.0
2109.1714931000024,290.0,290.0
2109.4728391000535,290.0,290.0
2109.7924450000282,290.2,290.0
2110.0950164999813,290.2,290.0
2110.4186246000463,290.2,290.0
2110.718448700034,290.1,290.0
2111.040848099976,290.1,290.0
2111.342424600036,290.1,290.0
2111.6624974999577,290.1,290.0
2111.9824380000355,290.1,290.0
2112.2878272000235,290.1,290.0
2112.6070123000536,290.1,290.0
2112.912452999968,290.1,290.0
2113.232514800038,290.1,290.0
2113.549800800043,290.1,290.0
2113.84078269999,290.1,290.0
2114.160170200048,290.1,290.0
2114.479395600036,290.1,290.0
2114.799683399964,290.1,290.0
2115.101714699995,290.0,290.0
2115.4197825000156,290.0,290.0
2115.725517099956,290.0,290.0
2116.031309199985,290.1,290.0
2116.350264000008,290.1,290.0
2116.6685147000244,290.1,290.0
2116.974160199985,290.0,290.0
2117.2939271000214,290.0,290.0
2117.598134399974,290.0,290.0
2117.9155886999797,290.1,290.0
2118.2213668000186,290.1,290.0
2118.539122599992,290.0,290.0
2118.8569071000675,290.0,290.0
2119.1646641000407,290.0,290.0
2119.466582700028,290.0,290.0
2119.785446700058,290.0,290.0
2120.1052184000146,290.0,290.0
2120.410742499982,290.0,290.0
2120.730262099998,290.0,290.0
2121.052133399993,290.0,290.0
2121.352180500049,289.90000000000003,290.0
2121.6582487999694,289.90000000000003,290.0
2121.9766618000576,289.90000000000003,290.0
2122.279822099954,290.0,290.0
2122.5997046000557,290.0,290.0
2122.9054121000227,289.90000000000003,290.0
2123.2223547999747,289.90000000000003,290.0
2123.5428964999737,289.90000000000003,290.0
2123.848668199964,290.0,290.0
2124.1692524000537,290.0,290.0
2124.473347299965,290.0,290.0
2124.7891998999985,289.90000000000003,290.0
2125.09448780003,289.90000000000003,290.0
2125.4160313999746,289.90000000000003,290.0
2125.7363394000567,290.0,290.0
2126.0380480999593,290.0,290.0
2126.356982800062,290.0,290.0
2126.6599247000413,289.90000000000003,290.0
2126.967176300008,289.90000000000003,290.0
2127.2840138999745,289.90000000000003,290.0
2127.605804700055,289.90000000000003,290.0
2127.9097909999546,289.90000000000003,290.0
2128.2304607999977,289.90000000000003,290.0
2128.5465804999694,289.90000000000003,290.0
2128.8502906999784,289.90000000000003,290.0
2129.173809100059,289.8,290.0
2129.493276700028,289.8,290.0
2129.8138532000594,289.8,290.0
2130.1150860000635,289.90000000000003,290.0
2130.4209028000478,289.90000000000003,290.0
2130.7392898000544,289.90000000000003,290.0
2131.059641800006,289.8,290.0
2131.3773204999743,289.8,290.0
2131.667401200044,289.8,290.0
2131.986036999966,289.90000000000003,290.0
2132.3051422999706,289.90000000000003,290.0
2132.610137699987,289.90000000000003,290.0
2132.9275564999552,289.90000000000003,290.0
2133.2481626999797,289.90000000000003,290.0
2133.551914199954,289.90000000000003,290.0
2133.8734721000073,289.90000000000003,290.0
2134.1927653000457,289.90000000000003,290.0
2134.494966999977,289.90000000000003,290.0
2134.8175465000095,289.90000000000003,290.0
2135.1192798999837,289.90000000000003,290.0
2135.441617400036,289.90000000000003,290.0
2135.7580752000213,289.90000000000003,290.0
2136.080612199963,289.90000000000003,290.0
2136.382624699967,289.90000000000003,290.0
2136.688663500012,289.90000000000003,290.0
2137.0061579999747,289.8,290.0
2137.324628600036,289.8,290.0
2137.6318732000655,289.8,290.0
2137.9510022000177,289.90000000000003,290.0
2138.252026100061,289.90000000000003,290.0
2138.574895399972,289.90000000000003,290.0
2138.8768454999663,289.8,290.0
2139.1994563000044,289.8,290.0
2139.515659000026,289.8,290.0
2139.8218519999646,289.90000000000003,290.0
2140.123258800013,289.90000000000003,290.0
2140.4432925999863,289.90000000000003,290.0
2140.763543799985,289.90000000000003,290.0
2141.0834395999555,289.90000000000003,290.0
2141.389443699969,289.90000000000003,290.0
2141.705778200063,289.90000000000003,290.0
2142.026408100035,289.90000000000003,290.0
2142.332642400055,290.0,290.0
2142.653175399988,290.0,290.0
2142.9560898999916,290.0,290.0
2143.2763585000066,289.90000000000003,290.0
2143.595409600064,289.90000000000003,290.0
2143.89901449997,289.90000000000003,290.0
2144.2043781999964,290.0,290.0
2144.5197142000543,290.0,290.0
2144.839694299968,290.0,290.0
2145.14338699996,289.90000000000003,290.0
2145.448531800066,289.90000000000003,290.0
2145.7676039000507,290.1,290.0
2146.087714400026,290.1,290.0
2146.409536899999,290.1,290.0
2146.712039200007,290.0,290.0
2147.016594500048,290.0,290.0
2147.334363800008,290.0,290.0
2147.6401195999933,290.1,290.0
2147.958914299961,290.1,290.0
2148.281233899994,290.1,290.0
2148.5845198000316,290.0,290.0
2148.8849833999993,290.0,290.0
2149.2091376000317,290.0,290.0
2149.5260016999673,290.0,290.0
2149.844387399964,290.0,290.0
2150.1518862000667,290.1,290.0
2150.456158600049,290.1,290.0
2150.772336299997,290.1,290.0
2151.0923519000644,290.0,290.0
2151.3971002000617,290.0,290.0
2151.7150130000664,290.0,290.0
2152.0364741999656,290.1,290.0
2152.3230308999773,290.1,290.0
2152.643881900003,290.1,290.0
2152.9624842000194,290.0,290.0
2153.2686031999765,290.0,290.0
2153.590302800061,290.0,290.0
2153.909317099955,290.1,290.0
2154.1938982000574,290.1,290.0
2154.5149781999644,290.1,290.0
2154.8347378000617,290.1,290.0
2155.1562524000183,290.1,290.0
2155.475884299958,290.0,290.0
2155.778933900059,290.0,290.0
2156.0833419000264,290.0,290.0
2156.3876774000237,290.1,290.0
2156.707626300049,290.1,290.0
2157.0263542999746,290.1,290.0
2157.3471661000513,290.0,290.0
2157.6658793999813,290.0,290.0
2157.9845849999692,290.0,290.0
2158.2909789000405,290.1,290.0
2158.6065578999696,290.1,290.0
2158.9265525999945,290.1,290.0
2159.2314129000297,290.0,290.0
2159.551379399956,290.0,290.0
2159.8380786000052,290.2,290.0
2160.161720199976,290.2,290.0
2160.4809252000414,290.2,290.0
2160.799498999957,290.1,290.0
2161.1021795000415,290.1,290.0
2161.4061321000336,290.1,290.0
2161.727804300026,290.2,290.0
2162.0282551000128,290.2,290.0
2162.348600200028,290.2,290.0
2162.667611300014,290.2,290.0
2162.9739887999604,290.2,290.0
2163.293344100006,290.2,290.0
2163.5978644000133,290.1,290.0
2163.9152031999547,290.1,290.0
2164.220738600008,290.2,290.0
2164.5386350000044,290.2,290.0
2164.8435632999754,290.2,290.0
2165.16479239997,290.1,290.0
2165.4837067000335,290.1,290.0
2165.7880062999902,290.1,290.0
2166.1086893000174,290.2,290.0
2166.4119192999788,290.2,290.0
2166.7323221999686,290.2,290.0
2167.0371507999953,290.1,290.0
2167.3546786999796,290.1,290.0
2167.6563082999783,290.1,290.0
2167.977057800046,290.2,290.0
2168.2821797999786,290.2,290.0
2168.599855800043,290.2,290.0
2168.9209310000297,290.1,290.0
2169.2255887000356,290.1,290.0
2169.5282483999617,290.2,290.0
2169.850591400056,290.2,290.0
2170.1685802000575,290.2,290.0
2170.4882728999946,290.2,290.0
2170.8092257999815,290.2,290.0
2171.110870399978,290.2,290.0
2171.4318654000526,290.1,290.0
2171.7505995000247,290.1,290.0
2172.053894700017,290.1,290.0
2172.3598826000234,290.2,290.0
2172.680965100066,290.2,290.0
2172.9988763000583,290.2,290.0
2173.304096100037,290.1,290.0
2173.623051200062,290.1,290.0
2173.9439776999643,290.3,290.0
2174.2460764000425,290.3,290.0
2174.5495054000057,290.3,290.0
2174.8706363000674,290.2,290.0
2175.1753362000454,290.2,290.0
2175.493423499982,290.2,290.0
2175.813115900033,290.3,290.0
2176.0986255999887,290.3,290.0
2176.421521099983,290.3,290.0
2176.7406671000645,290.2,290.0
2177.060365900048,290.2,290.0
2177.3809330000076,290.2,290.0
2177.68421820004,290.2,290.0
2177.9891642000293,290.2,290.0
2178.308469300042,290.3,290.0
2178.6247198999627,290.3,290.0
2178.9288728999672,290.3,290.0
2179.2511810000287,290.2,290.0
2179.5530773999635,290.2,290.0
2179.875314999954,290.2,290.0
2180.1770879999967,290.3,290.0
2180.5000529000536,290.3,290.0
2180.8014562999597,290.3,290.0
2181.1075035000686,290.2,290.0
2181.4248505999567,290.2,290.0
2181.745731299976,290.2,290.0
2182.063283500029,290.3,290.0
2182.3690623999573,290.3,290.0
2182.6892207000637,290.2,290.0
2183.0102159000235,290.2,290.0
2183.3260364000453,290.2,290.0
2183.6314886000473,290.3,290.0
2183.949714999995,290.3,290.0
2184.2694203000283,290.3,290.0
2184.574115299969,290.3,290.0
2184.894450300024,290.3,290.0
2185.2166096,290.3,290.0
2185.5178337000543,290.2,290.0
2185.838951200014,290.2,290.0
2186.141992900055,290.2,290.0
2186.4605812999653,290.3,290.0
2186.7661629000213,290.3,290.0
2187.08688670001,290.2,290.0
2187.4049009999726,290.2,290.0
2187.710754300002,290.2,290.0
2188.0105528000277,290.3,290.0
2188.3319883999648,290.3,290.0
2188.650717900018,290.3,290.0
2188.9719653000357,290.2,290.0
2189.275031300029,290.2,290.0
2189.5797699000686,290.2,290.0
2189.8973670999985,290.2,290.0
2190.2046630000696,290.2,290.0
2190.525194799993,290.2,290.0
2190.8438511999557,290.2,290.0
2191.1449676000047,290.2,290.0
2191.450734299957,290.2,290.0
2191.770891100052,290.2,290.0
2192.091303699999,290.2,290.0
2192.411350999959,290.2,290.0
2192.715315700043,290.2,290.0
2193.032726400066,290.2,290.0
2193.3381560000125,290.1,290.0
2193.6396632000105,290.1,290.0
2193.9607935000677,290.1,290.0
2194.2789620000403,290.2,290.0
2194.5842165000504,290.2,290.0
2194.905697099981,290.2,290.0
2195.22606060002,290.1,290.0
2195.542310400051,290.1,290.0
2195.847967199981,290.1,290.0
2196.1672492000507,290.1,290.0
2196.486158899963,290.1,290.0
2196.791365199955,290.0,290.0
2197.0922046999913,290.0,290.0
2197.412762199994,290.0,290.0
2197.735840199981,290.0,290.0
2198.036402800004,290.0,290.0
2198.35657850001,290.0,290.0
2198.663605300011,290.1,290.0
2198.963219700032,290.1,290.0
2199.2867688999977,290.1,290.0
2199.6031138000544,290.0,290.0
2199.907377299969,290.0,290.0
2200.226832299959,290.0,290.0
2200.5462455999805,290.1,290.0
2200.8528249000665,290.1,290.0
2201.1573101000395,290.0,290.0
2201.4738736000145,290.0,290.0
2201.7932688000146,290.0,290.0
2202.099446200067,290.1,290.0
2202.4194737999933,290.1,290.0
2202.7236201000633,290.1,290.0
2203.043021199992,290.0,290.0
2203.3446898000548,290.0,290.0
2203.6672969000647,290.0,290.0
2203.9853376999963,290.1,290.0
2204.275895399973,290.1,290.0
2204.5919067000505,290.1,290.0
2204.9119322999613,290.0,290.0
2205.232941000024,290.0,290.0
2205.5376407000003,290.0,290.0
2205.859239500016,290.0,290.0
2206.177284799982,290.0,290.0
2206.4982571,290.0,290.0
2206.7979081000667,290.0,290.0
2207.119756900007,290.0,290.0
2207.4238390000537,289.90000000000003,290.0
2207.7450587999774,289.90000000000003,290.0
2208.0641029999824,289.90000000000003,290.0
2208.3686839999864,290.0,290.0
2208.6697353000054,290.0,290.0
2208.992302800063,290.0,290.0
2209.3098694999935,289.90000000000003,290.0
2209.616059800028,289.90000000000003,290.0
2209.9341942999745,289.90000000000003,290.0
2210.2550823000493,290.1,290.0
2210.555178600014,290.1,290.0
2210.8597986999666,290.0,290.0
2211.182925299974,290.0,290.0
2211.4997251000023,290.0,290.0
2211.804482400068,290.0,290.0
2212.106464399956,290.0,290.0
2212.430120200035,290.0,290.0
2212.7472646000097,290.0,290.0
2213.054022800061,290.0,290.0
2213.3720469999826,290.0,290.0
2213.691299100057,290.0,290.0
2214.010721800034,290.0,290.0
2214.3305041999556,290.0,290.0
2214.6366853000363,290.0,290.0
2214.9564659000607,290.0,290.0
2215.2739903000183,289.90000000000003,290.0
2215.579826100031,289.90000000000003,290.0
2215.8970773000037,289.90000000000003,290.0
2216.216868999996,290.0,290.0
2216.5232386999996,290.0,290.0
2216.843031700002,290.0,290.0
2217.1446725999704,289.90000000000003,290.0
2217.465771600022,289.90000000000003,290.0
2217.782900799997,289.90000000000003,290.0
2218.0875081999693,289.90000000000003,290.0
2218.424387700041,289.90000000000003,290.0
2218.710353099974,289.90000000000003,290.0
2219.0301370000234,289.90000000000003,290.0
2219.353309900034,289.90000000000003,290.0
2219.6559481000295,289.90000000000003,290.0
2219.977127799997,289.90000000000003,290.0
2220.2946032000473,289.90000000000003,290.0
2220.5964264000067,290.0,291.0
2220.9046944000293,290.0,293.0
2221.222117700032,290.0,294.0
2221.526390200015,289.90000000000003,296.0
2221.8453026000643,289.90000000000003,299.0
2222.1645130000543,289.90000000000003,301.0
2222.4859727000585,290.0,304.0
2222.7881663000444,290.0,306.0
2223.1086156000383,290.0,309.0
2223.4143731000368,289.90000000000003,311.0
2223.764995299978,289.90000000000003,314.0
2224.0365552000003,290.1,316.0
2224.3881240000483,290.1,319.0
2224.709433199954,290.1,320.0
2224.9795696999645,290.6,320.0
2225.281747400062,290.6,320.0
2225.588371400023,290.6,320.0
2225.907979300013,291.0,320.0
2226.225076999981,291.0,320.0
2226.5293628000654,291.0,320.0
2226.850706700003,291.3,320.0
2227.1702621000586,291.3,320.0
2227.4920712000458,291.3,320.0
2227.8092976000626,291.6,320.0
2228.1151982999872,291.6,320.0
2228.435846599983,291.90000000000003,320.0
2228.7371034000535,291.90000000000003,320.0
2229.0556134000653,291.90000000000003,320.0
2229.360753100016,292.2,320.0
2229.6802714000223,292.2,320.0
