Time (s),Actual Temperature (C),Target Temperature (C)
0.31533639994449914,232.3,210.0
0.637658099993132,231.60000000000002,210.0
0.9421820999123156,231.60000000000002,210.0
1.243311999947764,231.60000000000002,210.0
1.5631322999252006,231.0,210.0
1.8850148998899385,231.0,210.0
2.2041521999053657,231.0,210.0
2.5054898998932913,230.4,210.0
2.827695499989204,230.4,210.0
3.147337899892591,230.4,210.0
3.464266399969347,229.70000000000002,210.0
3.7712811999954283,229.70000000000002,210.0
4.091533099999651,229.70000000000002,210.0
4.40810869995039,229.20000000000002,210.0
4.729221499990672,229.20000000000002,210.0
5.0346494999248534,228.60000000000002,210.0
5.3358973999274895,228.60000000000002,210.0
5.657363599981181,228.60000000000002,210.0
5.974673899938352,228.0,210.0
6.28084989998024,228.0,210.0
6.599205499980599,228.0,210.0
6.919974199961871,227.4,210.0
7.220972399925813,227.4,210.0
7.527365799993277,227.4,210.0
7.847135699936189,226.8,210.0
8.165264799958095,226.8,210.0
8.472257099929266,226.8,210.0
8.790172299952246,226.20000000000002,210.0
9.095921500003897,226.20000000000002,210.0
9.413585399976,225.70000000000002,210.0
9.732185299973935,225.70000000000002,210.0
10.038959899917245,225.70000000000002,210.0
10.338821599958465,225.10000000000002,210.0
10.645051899948157,225.10000000000002,210.0
10.96197919989936,225.10000000000002,210.0
11.285136999911629,224.60000000000002,210.0
11.587784899980761,224.60000000000002,210.0
11.906341599998996,224.60000000000002,210.0
12.226064099930227,224.0,210.0
12.530808999901637,224.0,210.0
12.849470699904487,224.0,210.0
13.172942299977876,223.4,210.0
13.474144599982537,223.4,210.0
13.795937199960463,223.4,210.0
14.112313899910077,222.9,210.0
14.432335399906151,222.9,210.0
14.738294499926269,222.4,210.0
15.040446099941619,222.4,210.0
15.360915299970657,222.4,210.0
15.678830799995922,221.8,210.0
15.982871999964118,221.8,210.0
16.289623099961318,221.8,210.0
16.60904499993194,221.3,210.0
16.926858599996194,221.3,210.0
17.22899829992093,221.3,210.0
17.548953099991195,220.70000000000002,210.0
17.868160599959083,220.70000000000002,210.0
18.173476899974048,220.70000000000002,210.0
18.493229499901645,220.20000000000002,210.0
18.798357099993154,220.20000000000002,210.0
19.11962319992017,219.60000000000002,210.0
19.420774600002915,219.60000000000002,210.0
19.741147199994884,219.60000000000002,210.0
20.043488399940543,219.10000000000002,210.0
20.363557299948297,219.10000000000002,210.0
20.685261099948548,219.10000000000002,210.0
20.987218700000085,218.60000000000002,210.0
21.29194219992496,218.60000000000002,210.0
21.61099849990569,218.60000000000002,210.0
21.91773469990585,218.0,210.0
22.233135899994522,218.0,210.0
22.55698609992396,218.0,210.0
22.874039899907075,217.5,210.0
23.162493499927223,217.5,210.0
23.482564099947922,216.9,210.0
23.79976359999273,216.9,210.0
24.120071499957703,216.9,210.0
24.42451769998297,216.4,210.0
24.729990299907513,216.4,210.0
25.048335499945097,216.4,210.0
25.35328959999606,215.9,210.0
25.67092219996266,215.9,210.0
25.993683899985626,215.9,210.0
26.31405119993724,215.4,210.0
26.62991839996539,215.4,210.0
26.936327699921094,215.4,210.0
27.254418600001372,214.9,210.0
27.572767399949953,214.9,210.0
27.877638199948706,214.5,210.0
28.198562199948356,214.5,210.0
28.517578899976797,214.5,210.0
28.819654199993238,214.10000000000002,210.0
29.143829499953426,214.10000000000002,210.0
29.46278009994421,214.10000000000002,210.0
29.78218769992236,213.8,210.0
30.083190299919806,213.8,210.0
30.40251379995607,213.8,210.0
30.72303639992606,213.3,210.0
31.045982499956153,213.3,210.0
31.362103599938564,213.3,210.0
31.66776270000264,213.0,210.0
31.98562849999871,213.0,210.0
32.30652999994345,212.60000000000002,210.0
32.62620389997028,212.60000000000002,210.0
32.91512589994818,212.60000000000002,210.0
33.23516969999764,212.4,210.0
33.55363799992483,212.4,210.0
33.859281999990344,212.4,210.0
34.17848739994224,212.3,210.0
34.48010559997056,212.3,210.0
34.80176729999948,212.3,210.0
35.122809699969366,211.9,210.0
35.42663489992265,211.9,210.0
35.72676130000036,211.9,210.0
36.048167199944146,211.8,210.0
36.353433599928394,211.8,210.0
36.673290099948645,211.8,210.0
36.99243270000443,211.4,210.0
37.29486929997802,211.4,210.0
37.61567319999449,211.20000000000002,210.0
37.919843199895695,211.20000000000002,210.0
38.22065379994456,211.20000000000002,210.0
38.539990499964915,210.9,210.0
38.86123019992374,210.9,210.0
39.18045119999442,210.9,210.0
39.485902399988845,210.70000000000002,210.0
39.79105639993213,210.70000000000002,210.0
40.10769929992966,210.70000000000002,210.0
40.4288359999191,210.60000000000002,210.0
40.74609999998938,210.60000000000002,210.0
41.052129599964246,210.60000000000002,210.0
41.37059149995912,210.3,210.0
41.68978009989951,210.3,210.0
42.009339299984276,210.3,210.0
42.33085339993704,210.3,210.0
42.634114599903114,210.3,210.0
42.95553699997254,209.9,210.0
43.27505139994901,209.9,210.0
43.57758299994748,209.9,210.0
43.879708699998446,209.9,210.0
44.20027289993595,209.9,210.0
44.5202020999277,209.9,210.0
44.83984439994674,209.5,210.0
45.14566769998055,209.5,210.0
45.450062999967486,209.5,210.0
45.77014729997609,209.5,210.0
46.086586299934424,209.5,210.0
46.39049629995134,209.4,210.0
46.7116424998967,209.4,210.0
47.02953369996976,209.4,210.0
47.351941199973226,209.10000000000002,210.0
47.66924919991288,209.10000000000002,210.0
47.98925759992562,209.10000000000002,210.0
48.31014899990987,209.20000000000002,210.0
48.6149737999076,209.20000000000002,210.0
48.933203499997035,209.20000000000002,210.0
49.25280029990245,208.8,210.0
49.57409499993082,208.8,210.0
49.87653789995238,208.9,210.0
50.1816563999746,208.9,210.0
50.50281479989644,208.9,210.0
50.81877769995481,208.60000000000002,210.0
51.12381649995223,208.60000000000002,210.0
51.44507839996368,208.60000000000002,210.0
51.76425149990246,208.60000000000002,210.0
52.08271549991332,208.60000000000002,210.0
52.38887529994827,208.60000000000002,210.0
52.70905999990646,208.4,210.0
53.02858349995222,208.4,210.0
53.33248069998808,208.4,210.0
53.651485099922866,208.4,210.0
53.971152799902484,208.4,210.0
54.28999560000375,208.4,210.0
54.593028599978425,208.4,210.0
54.914017299888656,208.4,210.0
55.21595629991498,208.20000000000002,210.0
55.5222603000002,208.20000000000002,210.0
55.854957899893634,208.20000000000002,210.0
56.142526599927805,208.4,210.0
56.46333229995798,208.4,210.0
56.782777999993414,208.4,210.0
57.08793749997858,208.0,210.0
57.40583099995274,208.0,210.0
57.70961299992632,208.0,210.0
58.02985189994797,208.20000000000002,210.0
58.350460799993016,208.20000000000002,210.0
58.654481199919246,208.20000000000002,210.0
58.974356499966234,208.0,210.0
59.29394909995608,208.0,210.0
59.59966839989647,208.20000000000002,210.0
59.91735159989912,208.20000000000002,210.0
60.22204299992882,208.20000000000002,210.0
60.5252169999294,208.3,210.0
60.84616969991475,208.3,210.0
61.16478619992267,208.3,210.0
61.468305699992925,208.10000000000002,210.0
61.78879149991553,208.10000000000002,210.0
62.092120999936014,208.10000000000002,210.0
62.40913839999121,208.4,210.0
62.71483689988963,208.4,210.0
63.03377419989556,208.4,210.0
63.35420379997231,208.10000000000002,210.0
63.65665879996959,208.10000000000002,210.0
63.96171809989028,208.4,210.0
64.28646689991001,208.4,210.0
64.59971179999411,208.4,210.0
64.90441419999115,208.20000000000002,210.0
65.22588339995127,208.20000000000002,210.0
65.54595519998111,208.20000000000002,210.0
65.86518609989434,208.3,210.0
66.16821769997478,208.3,210.0
66.49004429997876,208.3,210.0
66.7912608999759,208.4,210.0
67.11085249995813,208.4,210.0
67.41757239995059,208.4,210.0
67.7332331999205,208.3,210.0
68.05589729989879,208.3,210.0
68.37304829992354,208.60000000000002,210.0
68.69519979995675,208.60000000000002,210.0
68.9965873999754,208.60000000000002,210.0
69.31788869993761,208.4,210.0
69.63874909991864,208.4,210.0
69.95696199999657,208.4,210.0
70.27728079992812,208.70000000000002,210.0
70.57943019992672,208.70000000000002,210.0
70.88381059991661,208.70000000000002,210.0
71.20503089996055,208.4,210.0
71.52637429989409,208.4,210.0
71.8284343999112,208.4,210.0
72.14670459995978,208.70000000000002,210.0
72.44960639998317,208.70000000000002,210.0
72.77016449999064,208.70000000000002,210.0
73.07400859997142,208.70000000000002,210.0
73.39584779995494,208.70000000000002,210.0
73.69724889995996,208.8,210.0
74.01932429999579,208.8,210.0
74.33661219989881,208.8,210.0
74.63952609989792,209.0,210.0
74.94362969999202,209.0,210.0
75.26621939998586,209.0,210.0
75.5830091999378,208.9,210.0
75.90329779998865,208.9,210.0
76.19477339996956,208.9,210.0
76.51003089989536,209.20000000000002,210.0
76.83157699997537,209.20000000000002,210.0
77.15206359990407,209.0,210.0
77.45738689997233,209.0,210.0
77.77682999998797,209.0,210.0
78.09318759990856,209.3,210.0
78.41441239998676,209.3,210.0
78.71673649991862,209.3,210.0
79.02317659999244,209.20000000000002,210.0
79.34114419994876,209.20000000000002,210.0
79.66329349996522,209.20000000000002,210.0
79.96338309999555,209.3,210.0
80.28604179993272,209.3,210.0
80.60306399990804,209.3,210.0
80.90987339999992,209.5,210.0
81.21105659997556,209.5,210.0
81.53311299998313,209.4,210.0
81.85122729989234,209.4,210.0
82.15746379992925,209.4,210.0
82.47586399991997,209.70000000000002,210.0
82.79361429996789,209.70000000000002,210.0
83.10007049993146,209.70000000000002,210.0
83.41958220000379,209.4,210.0
83.70886909996625,209.4,210.0
84.02735039999243,209.4,210.0
84.34620259993244,209.8,210.0
84.66769349994138,209.8,210.0
84.96821109997109,209.8,210.0
85.29059109999798,209.5,210.0
85.59373839991167,209.5,210.0
85.91342169989366,209.5,210.0
86.21613819990307,209.8,210.0
86.5367631999543,209.8,210.0
86.85383439995348,209.8,210.0
87.160306799924,209.8,210.0
87.46591839997564,209.8,210.0
87.78503609995823,209.8,210.0
88.10236179991625,209.8,210.0
88.40456679998897,209.8,210.0
88.72842589998618,210.0,210.0
89.03128569992259,210.0,210.0
89.35243239998817,210.0,210.0
89.65380039997399,209.9,210.0
89.97584099997766,209.9,210.0
90.29368479992263,209.9,210.0
90.59615439991467,210.20000000000002,210.0
90.91744799993467,210.20000000000002,210.0
91.21928339998703,209.9,210.0
91.5387739998987,209.9,210.0
91.85824929992668,209.9,210.0
92.1785293999128,210.10000000000002,210.0
92.50052769994363,210.10000000000002,210.0
92.78733209997881,210.10000000000002,210.0
93.10759749996942,209.9,210.0
93.42713209998328,209.9,210.0
93.72903479996603,209.9,210.0
94.0502818999812,210.10000000000002,210.0
94.35622639989015,210.10000000000002,210.0
94.67393049993552,210.10000000000002,210.0
94.99382659990806,210.10000000000002,210.0
95.31404189998284,210.10000000000002,210.0
95.6021673999494,210.0,210.0
95.92270399990957,210.0,210.0
96.2416795999743,210.0,210.0
96.54364039993379,210.20000000000002,210.0
96.86503149999771,210.20000000000002,210.0
97.18413179996423,210.20000000000002,210.0
97.48583889997099,209.9,210.0
97.79353029991034,209.9,210.0
98.11202519992366,209.9,210.0
98.42908389994409,210.20000000000002,210.0
98.73388259997591,210.20000000000002,210.0
99.05637389991898,210.20000000000002,210.0
99.35934689990245,209.9,210.0
99.66113459994085,209.9,210.0
99.98305359994993,209.9,210.0
100.30044109991286,210.20000000000002,210.0
100.62347299989779,210.20000000000002,210.0
100.94184079999104,210.20000000000002,210.0
101.25966300000437,210.20000000000002,210.0
101.56250179989729,210.20000000000002,210.0
101.88492449990008,210.20000000000002,210.0
102.1876837000018,210.20000000000002,210.0
102.49341189989354,210.20000000000002,210.0
102.81150640000124,210.3,210.0
103.13318459992297,210.3,210.0
103.44966479996219,210.3,210.0
103.75358189991675,210.10000000000002,210.0
104.07700569997542,210.10000000000002,210.0
104.37806279992219,210.10000000000002,210.0
104.68331879994366,210.4,210.0
105.00055509991944,210.4,210.0
105.32142229995225,210.10000000000002,210.0
105.62421949999407,210.10000000000002,210.0
105.9453799999319,210.10000000000002,210.0
106.24950929998886,210.3,210.0
106.55131439992692,210.3,210.0
106.87475689989515,210.3,210.0
107.19104099995457,210.10000000000002,210.0
107.5129195000045,210.10000000000002,210.0
107.81470479990821,210.10000000000002,210.0
108.13604609994218,210.3,210.0
108.4374771999428,210.3,210.0
108.75795219989959,210.3,210.0
109.06068609992508,210.3,210.0
109.36792669992428,210.3,210.0
109.68838319997303,210.20000000000002,210.0
110.00566409993917,210.20000000000002,210.0
110.32422179996502,210.20000000000002,210.0
110.63110379991122,210.4,210.0
110.93463729997166,210.4,210.0
111.25073609990068,210.4,210.0
111.57140189991333,210.10000000000002,210.0
111.89055499993265,210.10000000000002,210.0
112.19823619991075,210.10000000000002,210.0
112.5181234999327,210.3,210.0
112.83789959992282,210.3,210.0
113.15531179995742,210.3,210.0
113.47477799991611,210.0,210.0
113.77750450000167,210.0,210.0
114.09773289994337,210.20000000000002,210.0
114.42039649991784,210.20000000000002,210.0
114.7226093999343,210.20000000000002,210.0
115.02396289992612,210.10000000000002,210.0
115.34371499996632,210.10000000000002,210.0
115.6644704999635,210.10000000000002,210.0
115.96964869997464,210.20000000000002,210.0
116.28780239995103,210.20000000000002,210.0
116.59334379993379,210.20000000000002,210.0
116.91416069993284,210.3,210.0
117.21729079994839,210.3,210.0
117.5370402999688,210.3,210.0
117.85726619989146,210.10000000000002,210.0
118.15787120000459,210.10000000000002,210.0
118.46519139991142,210.3,210.0
118.78204929991625,210.3,210.0
119.10300829994958,210.3,210.0
119.42130559997167,210.0,210.0
119.74118889996316,210.0,210.0
120.046578999958,210.0,210.0
120.36780299991369,210.3,210.0
120.66967139998451,210.3,210.0
120.9873355999589,210.3,210.0
121.29101179994177,210.10000000000002,210.0
121.61206309997942,210.10000000000002,210.0
121.93403959996067,210.10000000000002,210.0
122.23445249989163,210.20000000000002,210.0
122.54126379999798,210.20000000000002,210.0
122.85817699995823,210.20000000000002,210.0
123.17979809991084,210.20000000000002,210.0
123.48166059993673,210.20000000000002,210.0
123.80263349995948,210.10000000000002,210.0
124.10590319999028,210.10000000000002,210.0
124.42695130000357,210.10000000000002,210.0
124.74789499992039,210.20000000000002,210.0
125.05235459993128,210.20000000000002,210.0
125.35442729992792,210.20000000000002,210.0
125.6715595999267,210.0,210.0
125.9922464999836,210.0,210.0
126.29713219997939,210.0,210.0
126.61922169988975,210.20000000000002,210.0
126.92082909995224,210.20000000000002,210.0
127.24222619994543,210.20000000000002,210.0
127.54226729995571,209.9,210.0
127.8640638999641,209.9,210.0
128.1686082999222,210.20000000000002,210.0
128.4886951999506,210.20000000000002,210.0
128.805543399998,210.20000000000002,210.0
129.10978269996122,210.0,210.0
129.43000509997364,210.0,210.0
129.73210629995447,210.0,210.0
130.03577679989394,210.10000000000002,210.0
130.35657279996667,210.10000000000002,210.0
130.6779182999162,210.10000000000002,210.0
130.99950389994774,210.20000000000002,210.0
131.31868579995353,210.20000000000002,210.0
131.62278129998595,210.20000000000002,210.0
131.94015679997392,210.0,210.0
132.24642609991133,210.0,210.0
132.56428349995986,210.20000000000002,210.0
132.8841381999664,210.20000000000002,210.0
133.18889829993714,210.20000000000002,210.0
133.50826119992416,209.9,210.0
133.81025829992723,209.9,210.0
134.13125579990447,209.9,210.0
134.45124639989808,210.20000000000002,210.0
134.75346879998688,210.20000000000002,210.0
135.07284169993363,210.20000000000002,210.0
135.39469539991114,209.9,210.0
135.7119337999029,209.9,210.0
136.0184455999406,209.9,210.0
136.31996869994327,210.10000000000002,210.0
136.6418943000026,210.10000000000002,210.0
136.96017879992723,210.10000000000002,210.0
137.28008219995536,210.10000000000002,210.0
137.60115949995816,210.10000000000002,210.0
137.90238339989446,209.9,210.0
138.22464829997625,209.9,210.0
138.52960619993974,209.9,210.0
138.8467806999106,210.10000000000002,210.0
139.16907379997429,210.10000000000002,210.0
139.46914019994438,210.10000000000002,210.0
139.77661739999894,209.9,210.0
140.0942006999394,209.9,210.0
140.41219889989588,209.9,210.0
140.73367859993596,210.20000000000002,210.0
141.05549639998935,210.20000000000002,210.0
141.3555413999129,209.9,210.0
141.67796869995072,209.9,210.0
141.98113129998092,209.9,210.0
142.2995703999186,210.10000000000002,210.0
142.6187485998962,210.10000000000002,210.0
142.92167689988855,210.10000000000002,210.0
143.22576790000312,210.0,210.0
143.5636750999838,210.0,210.0
143.87064159999136,210.0,210.0
144.18463919998612,210.0,210.0
144.5069648999488,210.0,210.0
144.82773889997043,210.0,210.0
145.11625249998178,210.10000000000002,210.0
145.43208840000443,210.10000000000002,210.0
145.75419189990498,209.9,210.0
146.07445559999906,209.9,210.0
146.377509099897,209.9,210.0
146.69460259994958,210.20000000000002,210.0
147.0020754999714,210.20000000000002,210.0
147.31929169991054,210.20000000000002,210.0
147.64075859996956,209.8,210.0
147.95769559999462,209.8,210.0
148.27792029990815,209.8,210.0
148.58441759995185,210.10000000000002,210.0
148.88761399989016,210.10000000000002,210.0
149.2079517999664,210.10000000000002,210.0
149.5247460999526,209.8,210.0
149.83226439997088,209.8,210.0
150.14894489990547,210.0,210.0
150.47107599989977,210.0,210.0
150.75764189998154,210.0,210.0
151.07872150000185,209.9,210.0
151.39711529994383,209.9,210.0
151.69900559994858,209.9,210.0
152.01970389997587,209.9,210.0
152.32529589999467,209.9,210.0
152.6455800998956,209.9,210.0
152.94651989999693,210.10000000000002,210.0
153.26534959999844,210.10000000000002,210.0
153.58634379995055,210.10000000000002,210.0
153.90464109997265,209.8,210.0
154.19392409990542,209.8,210.0
154.5126327999169,210.10000000000002,210.0
154.83441839995794,210.10000000000002,210.0
155.15172189997975,210.10000000000002,210.0
155.45840469992254,209.8,210.0
155.76128789992072,209.8,210.0
156.08064489997923,209.8,210.0
156.4032003999455,210.10000000000002,210.0
156.70513069990557,210.10000000000002,210.0
157.02655349997804,210.10000000000002,210.0
157.32814429991413,209.9,210.0
157.63411230000202,209.9,210.0
157.95250359992497,209.9,210.0
158.26966160000302,209.9,210.0
158.58937549998518,209.9,210.0
158.89353549992666,209.9,210.0
159.21689109993167,210.0,210.0
159.53560829989146,210.0,210.0
159.85271229990758,209.8,210.0
160.15924489998724,209.8,210.0
160.46103119989857,209.8,210.0
160.78331319999415,210.10000000000002,210.0
161.1036117998883,210.10000000000002,210.0
161.40479039994534,210.10000000000002,210.0
161.72353449999355,209.70000000000002,210.0
162.0461370999692,209.70000000000002,210.0
162.34853089996614,209.70000000000002,210.0
162.65179689996876,210.0,210.0
162.97305239993148,210.0,210.0
163.2913648999529,210.0,210.0
163.61359749990515,209.8,210.0
163.93320089997724,209.8,210.0
164.25257709994912,209.9,210.0
164.55459389998578,209.9,210.0
164.87593359989114,209.9,210.0
165.19451539998408,209.9,210.0
165.49971499992535,209.9,210.0
165.81655049999245,209.9,210.0
166.13775090000127,209.8,210.0
166.4414074999513,209.8,210.0
166.74312040000223,209.8,210.0
167.06665860000066,210.0,210.0
167.38220049999654,210.0,210.0
167.68806739989668,210.0,210.0
168.00619889993686,209.70000000000002,210.0
168.3284605999943,209.70000000000002,210.0
168.63346049992833,210.0,210.0
168.9353369999444,210.0,210.0
169.25294029992074,210.0,210.0
169.5746538999956,209.70000000000002,210.0
169.88036099995952,209.70000000000002,210.0
170.197703099926,209.70000000000002,210.0
170.50309919996653,210.0,210.0
170.8047257999424,210.0,210.0
171.12654029997066,210.0,210.0
171.4437546998961,209.8,210.0
171.75063389993738,209.8,210.0
172.0681005999213,209.8,210.0
172.38762959989253,209.9,210.0
172.690667299903,209.9,210.0
173.01244669989683,210.0,210.0
173.33130459999666,210.0,210.0
173.63529459992424,210.0,210.0
173.95734589989297,209.8,210.0
174.27553669991903,209.8,210.0
174.5936963999411,209.8,210.0
174.91213539999444,210.0,210.0
175.21861449989956,210.0,210.0
175.53554089996032,210.0,210.0
175.85794119990896,209.70000000000002,210.0
176.14580009994097,209.70000000000002,210.0
176.46344359999057,209.70000000000002,210.0
176.7869015999604,210.0,210.0
177.08817529992666,210.0,210.0
177.40997529996093,209.8,210.0
177.7276074999245,209.8,210.0
178.04879179992713,209.8,210.0
178.3368678999832,209.9,210.0
178.65507629991043,209.9,210.0
178.97326469991822,209.9,210.0
179.295712799998,209.8,210.0
179.6149600999197,209.8,210.0
179.93526349996682,209.8,210.0
180.2391124999849,209.8,210.0
180.55577019997872,209.8,210.0
180.86402439989615,209.8,210.0
181.16464619990438,209.9,210.0
181.48336989991367,209.9,210.0
181.8040201999247,209.70000000000002,210.0
182.12429669999983,209.70000000000002,210.0
182.42626469989773,209.70000000000002,210.0
182.74783689994365,210.0,210.0
183.06921249988955,210.0,210.0
183.36918179993518,210.0,210.0
183.69023139995988,209.70000000000002,210.0
183.99607959995046,209.70000000000002,210.0
184.31395280000288,209.70000000000002,210.0
184.63340589997824,210.0,210.0
184.95520029996987,210.0,210.0
185.24174759991,210.0,210.0
185.56155270000454,209.8,210.0
185.87946879991796,209.8,210.0
186.200386099983,209.9,210.0
186.50384089990985,209.9,210.0
186.82380569993984,209.9,210.0
187.14247429999523,210.0,210.0
187.46528729994316,210.0,210.0
187.7665307999123,210.0,210.0
188.07235399994534,209.8,210.0
188.39167739998084,209.8,210.0
188.70950999995694,209.8,210.0
189.03288529999554,210.0,210.0
189.3354367999127,210.0,210.0
189.6372948999051,210.0,210.0
189.95967499993276,209.70000000000002,210.0
190.27921619999688,209.70000000000002,210.0
190.5994367999956,210.0,210.0
190.91566689999308,210.0,210.0
191.22130299999844,210.0,210.0
191.5427184998989,209.70000000000002,210.0
191.84642889990937,209.70000000000002,210.0
192.16262570000254,209.70000000000002,210.0
192.48403949989006,209.9,210.0
192.80294359999243,209.9,210.0
193.12774719996378,209.9,210.0
193.42809909989592,209.9,210.0
193.74950729997363,209.9,210.0
194.06606270000339,209.9,210.0
194.38642899994738,209.8,210.0
194.69158069998957,209.8,210.0
194.99420739989728,210.10000000000002,210.0
195.31398889992852,210.10000000000002,210.0
195.6359036999056,210.10000000000002,210.0
195.95192979997955,209.8,210.0
196.2587169999024,209.8,210.0
196.57761729997583,209.8,210.0
196.8989292999031,210.10000000000002,210.0
197.21608519996516,210.10000000000002,210.0
197.5211795999203,210.10000000000002,210.0
197.8239488999825,209.8,210.0
198.14466899994295,209.8,210.0
198.46326579991728,209.8,210.0
198.7829523999244,210.0,210.0
199.10488719993737,210.0,210.0
199.40646119997837,209.9,210.0
199.72659049998038,209.9,210.0
200.04683779994957,209.9,210.0
200.36462699994445,210.0,210.0
200.68717489996925,210.0,210.0
200.98923119995743,210.0,210.0
201.307933999924,210.0,210.0
201.63042349996977,210.0,210.0
201.94986779999454,210.0,210.0
202.25486549991183,209.9,210.0
202.55702409998048,209.9,210.0
202.8758814999601,210.20000000000002,210.0
203.19562039989978,210.20000000000002,210.0
203.49924029991962,210.20000000000002,210.0
203.81755719997454,209.8,210.0
204.12389299995266,209.8,210.0
204.44473409990314,209.8,210.0
204.74568189994898,210.10000000000002,210.0
205.0682630999945,210.10000000000002,210.0
205.38628269999754,210.10000000000002,210.0
205.70714459999,209.8,210.0
205.99370039999485,209.8,210.0
206.31448639999144,209.8,210.0
206.63173989998177,210.0,210.0
206.95294559991453,210.0,210.0
207.27463369991165,209.9,210.0
207.57603439991362,209.9,210.0
207.8966824999079,209.9,210.0
208.19775989989284,209.9,210.0
208.51797559997067,209.9,210.0
208.84015740000177,209.9,210.0
209.14191099989694,210.10000000000002,210.0
209.46234949992504,210.10000000000002,210.0
209.78296669991687,210.10000000000002,210.0
210.1045059999451,209.8,210.0
210.4059226999525,209.8,210.0
210.72948719991837,209.8,210.0
211.04640749993268,210.20000000000002,210.0
211.36547389999032,210.20000000000002,210.0
211.68368619994726,209.9,210.0
211.97515159996692,209.9,210.0
212.29247769992799,209.9,210.0
212.6144436999457,210.10000000000002,210.0
212.93064639996737,210.10000000000002,210.0
213.2372581999516,210.10000000000002,210.0
213.55366819992196,209.9,210.0
213.8613933000015,209.9,210.0
214.16354129998945,209.9,210.0
214.4849930999335,210.0,210.0
214.80375510000158,210.0,210.0
215.12086079991423,210.0,210.0
215.44224419991951,210.0,210.0
215.76040269993246,210.0,210.0
216.06687139999121,209.9,210.0
216.38566769997124,209.9,210.0
216.70461949997116,209.9,210.0
217.00966689991765,210.10000000000002,210.0
217.3296322999522,210.10000000000002,210.0
217.64658569998574,210.10000000000002,210.0
217.95213979994878,209.8,210.0
218.27273549989332,209.8,210.0
218.57486439996865,209.8,210.0
218.89395909989253,210.10000000000002,210.0
219.21686209994368,210.10000000000002,210.0
219.533613699954,210.10000000000002,210.0
219.83955929998774,209.8,210.0
220.15943509992212,209.8,210.0
220.47706639999524,210.0,210.0
220.78440819995012,210.0,210.0
221.10335609992035,210.0,210.0
221.4218441999983,209.9,210.0
221.73942359990906,209.9,210.0
222.0459189999383,209.9,210.0
222.34924709994812,209.9,210.0
222.67104609997477,209.9,210.0
222.98816979990806,209.9,210.0
223.30957749998197,210.10000000000002,210.0
223.626651700004,210.10000000000002,210.0
223.94990959996358,210.10000000000002,210.0
224.25287989992648,209.8,210.0
224.5544633999234,209.8,210.0
224.87528879998717,210.10000000000002,210.0
225.19285599992145,210.10000000000002,210.0
225.51265669998247,210.10000000000002,210.0
225.81984589993954,209.8,210.0
226.1360708998982,209.8,210.0
226.4584779998986,209.8,210.0
226.77812659996562,210.10000000000002,210.0
227.09792849991936,210.10000000000002,210.0
227.4032137999311,210.10000000000002,210.0
227.7199196999427,209.8,210.0
228.0427024998935,209.8,210.0
228.34620199992787,209.8,210.0
228.66306089994032,209.9,210.0
228.98387029999867,209.9,210.0
229.2853967999108,210.0,210.0
229.60859759990126,210.0,210.0
229.92876629997045,210.0,210.0
230.23143990000244,209.9,210.0
230.5529614998959,209.9,210.0
230.86806259991135,209.9,210.0
231.19154329993762,210.10000000000002,210.0
231.49444269994274,210.10000000000002,210.0
231.8158804998966,210.10000000000002,210.0
232.13436349993572,209.8,210.0
232.4514336999273,209.8,210.0
232.75808589998633,209.8,210.0
233.07797529990785,210.10000000000002,210.0
233.39408459991682,210.10000000000002,210.0
233.71767699997872,209.8,210.0
234.02139959996566,209.8,210.0
234.32373639999423,209.8,210.0
234.64540889998898,210.0,210.0
234.96319419995416,210.0,210.0
235.28423479991034,210.0,210.0
235.60474499990232,209.9,210.0
235.9201983999228,209.9,210.0
236.24440739990678,209.9,210.0
236.54596959997434,209.9,210.0
236.86616799992044,209.9,210.0
237.18576269992627,210.10000000000002,210.0
237.5058111998951,210.10000000000002,210.0
237.8074120999081,210.10000000000002,210.0
238.12758469989058,209.8,210.0
238.4474849998951,209.8,210.0
238.75358039990533,209.8,210.0
239.05695449991617,210.10000000000002,210.0
239.3767499999376,210.10000000000002,210.0
239.6941522998968,210.10000000000002,210.0
240.01479669997934,209.8,210.0
240.33682119997684,209.8,210.0
240.637886099983,209.8,210.0
240.95862769999076,210.0,210.0
241.27912799990736,210.0,210.0
241.59696379990783,209.8,210.0
241.9174305999186,209.8,210.0
242.21934259997215,209.8,210.0
242.54088849993423,209.9,210.0
242.85962989996187,209.9,210.0
243.18131759995595,209.9,210.0
243.4984636999434,210.0,210.0
243.81982739991508,210.0,210.0
244.12602049997076,210.0,210.0
244.44259009999223,209.8,210.0
244.74938999989536,209.8,210.0
245.06893029995263,209.8,210.0
245.37324589991476,210.0,210.0
245.68848749995232,210.0,210.0
245.99519059993327,209.70000000000002,210.0
246.3152768999571,209.70000000000002,210.0
246.63576749991626,209.70000000000002,210.0
246.9532995999325,210.0,210.0
247.24057989998255,210.0,210.0
247.56012139993254,210.0,210.0
247.88165139988996,209.70000000000002,210.0
248.20212859997991,209.70000000000002,210.0
248.52018279989716,209.70000000000002,210.0
248.82216089998838,209.9,210.0
249.14398149994668,209.9,210.0
249.46546009997837,209.9,210.0
249.78392979991622,209.9,210.0
250.07216099998914,209.9,210.0
250.39287349989172,209.9,210.0
250.7109247999033,209.9,210.0
251.0128579000011,209.9,210.0
251.3347594999941,210.10000000000002,210.0
251.65265229996294,210.10000000000002,210.0
251.95864789991174,210.10000000000002,210.0
252.2613269999856,209.8,210.0
252.57906379993074,209.8,210.0
252.89945289993193,209.8,210.0
253.2047673999332,210.10000000000002,210.0
253.51046639995184,210.10000000000002,210.0
253.83012559998315,210.10000000000002,210.0
254.14863219996914,209.8,210.0
254.44979089999106,209.8,210.0
254.77360879990738,210.10000000000002,210.0
255.07584409997799,210.10000000000002,210.0
255.39704209996853,210.10000000000002,210.0
255.69968309998512,209.9,210.0
256.0171863998985,209.9,210.0
256.3384264999768,209.9,210.0
256.65930749999825,210.0,210.0
256.96168589999434,210.0,210.0
257.28157089999877,210.0,210.0
257.60327409999445,210.0,210.0
257.90259539999533,210.0,210.0
258.2225250999909,210.0,210.0
258.52833789994475,209.9,210.0
258.8498476999812,209.9,210.0
259.15194699994754,210.10000000000002,210.0
259.4724639999913,210.10000000000002,210.0
259.79327549994923,210.10000000000002,210.0
260.0935326999752,209.8,210.0
260.4126107998891,209.8,210.0
260.73445609991904,209.8,210.0
261.0528248999035,210.10000000000002,210.0
261.37619409989566,210.10000000000002,210.0
261.67665019992273,210.10000000000002,210.0
261.9972577999579,209.8,210.0
262.31550469994545,209.8,210.0
262.63636849995237,209.8,210.0
262.94229219993576,210.10000000000002,210.0
263.2425154999364,210.10000000000002,210.0
263.56398929993156,210.0,210.0
263.88520759996027,210.0,210.0
264.20248300000094,210.0,210.0
264.525746799889,210.0,210.0
264.82700019993354,210.0,210.0
265.14802439999767,210.0,210.0
265.4508959999075,210.20000000000002,210.0
265.7698915998917,210.20000000000002,210.0
266.09047779999673,210.20000000000002,210.0
266.39307959994767,209.9,210.0
266.7155815999722,209.9,210.0
267.0177643999923,209.9,210.0
267.3231649999507,210.20000000000002,210.0
267.6410382000031,210.20000000000002,210.0
267.961124299909,209.9,210.0
268.27926509990357,209.9,210.0
268.58589519991074,209.9,210.0
268.9055052999174,210.20000000000002,210.0
269.2234680999536,210.20000000000002,210.0
269.54481819993816,210.20000000000002,210.0
269.8477609999245,210.0,210.0
270.16584059991874,210.0,210.0
270.47141139989253,210.0,210.0
270.77335509995464,210.10000000000002,210.0
271.09577959997114,210.10000000000002,210.0
271.4129330998985,210.10000000000002,210.0
271.73265509994235,210.10000000000002,210.0
272.05255779996514,210.10000000000002,210.0
272.3733937999932,210.0,210.0
272.67702579998877,210.0,210.0
272.9794431999326,210.0,210.0
273.3005250999704,210.20000000000002,210.0
273.6222367999144,210.20000000000002,210.0
273.92356589995325,210.20000000000002,210.0
274.2448386999313,209.9,210.0
274.5476565998979,209.9,210.0
274.84982499992475,209.9,210.0
275.1701388999354,210.10000000000002,210.0
275.4915127999848,210.10000000000002,210.0
275.80933309998363,210.10000000000002,210.0
276.1149717998924,209.8,210.0
276.431807499961,209.8,210.0
276.7520047998987,210.10000000000002,210.0
277.071357699926,210.10000000000002,210.0
277.3770901999669,210.10000000000002,210.0
277.695039199898,210.0,210.0
278.0177653999999,210.0,210.0
278.30455689993687,210.0,210.0
278.6258873998886,210.0,210.0
278.94337629992515,210.0,210.0
279.2646213999251,210.0,210.0
279.5831951999571,210.20000000000002,210.0
279.905129199964,210.20000000000002,210.0
280.19219779991545,210.20000000000002,210.0
280.50940659991466,209.9,210.0
280.8323227999499,209.9,210.0
281.1356829999713,210.20000000000002,210.0
281.45222649991047,210.20000000000002,210.0
281.77424609998707,210.20000000000002,210.0
282.0954903999809,209.8,210.0
282.3981525999261,209.8,210.0
282.7018494999502,209.8,210.0
283.02025059994776,210.10000000000002,210.0
283.3431411999045,210.10000000000002,210.0
283.6606281999266,210.10000000000002,210.0
283.98191619990394,209.9,210.0
284.29762669990305,209.9,210.0
284.6203954999801,209.9,210.0
284.92401299998164,210.0,210.0
285.2292474999558,210.0,210.0
285.5467563999118,210.0,210.0
285.86635479994584,210.0,210.0
286.1848917999305,210.0,210.0
286.49068699998315,209.9,210.0
286.7945790999802,209.9,210.0
287.11461039993446,209.9,210.0
287.434594499995,210.10000000000002,210.0
287.750743099954,210.10000000000002,210.0
288.05496759992093,210.10000000000002,210.0
288.3743709999835,209.8,210.0
288.6949833999388,209.8,210.0
289.00015589990653,209.8,210.0
289.31915739993565,210.10000000000002,210.0
289.63804849993903,210.10000000000002,210.0
289.9451135999989,209.8,210.0
290.24560949997976,209.8,210.0
290.5657453999156,209.8,210.0
290.8881784999976,210.0,210.0
291.1909476999426,210.0,210.0
291.51208679995034,210.0,210.0
291.8155925999163,209.9,210.0
292.13407989998814,209.9,210.0
292.45452479994856,209.9,210.0
292.77398019994143,209.9,210.0
293.0775575999869,209.9,210.0
293.39830929995514,209.9,210.0
293.7153588999063,210.10000000000002,210.0
294.0343872999074,210.10000000000002,210.0
294.355433599907,209.8,210.0
294.65965829999186,209.8,210.0
294.9796383999055,209.8,210.0
295.2847373998957,210.10000000000002,210.0
295.60088109993376,210.10000000000002,210.0
295.9205425999826,210.10000000000002,210.0
296.22738799999934,209.8,210.0
296.5481872999808,209.8,210.0
296.86976689996663,209.8,210.0
297.186651899945,210.10000000000002,210.0
297.4915142999962,210.10000000000002,210.0
297.7921192999929,210.10000000000002,210.0
298.1117031999165,209.9,210.0
298.4309944999404,209.9,210.0
298.752011799952,210.0,210.0
299.03903029998764,210.0,210.0
299.36081979994196,210.0,210.0
299.68019109999295,210.0,210.0
299.98297699994873,210.0,210.0
300.2881470998982,210.0,210.0
300.6065969999181,209.9,210.0
300.9262828999199,209.9,210.0
301.2466312999604,209.9,210.0
301.5489118999103,210.10000000000002,210.0
301.8708758999128,210.10000000000002,210.0
302.1906835999107,210.10000000000002,210.0
302.50804059999064,209.8,210.0
302.8139774999581,209.8,210.0
303.13365479989443,210.10000000000002,210.0
303.4367920999648,210.10000000000002,210.0
303.75559459999204,210.10000000000002,210.0
304.0778424999444,209.9,210.0
304.3645870999899,209.9,210.0
304.6854925999651,209.9,210.0
305.0044859999325,210.10000000000002,210.0
305.3250587999355,210.10000000000002,210.0
305.62824689992703,210.10000000000002,210.0
305.9464361999417,210.0,210.0
306.2642357998993,210.0,210.0
306.5867173000006,210.0,210.0
306.88897909992374,210.0,210.0
307.21169209992513,210.0,210.0
307.5277415999444,210.10000000000002,210.0
307.8482114999788,210.10000000000002,210.0
308.1678762999363,210.10000000000002,210.0
308.4707733999239,209.9,210.0
308.78968459996395,209.9,210.0
309.11426559998654,209.9,210.0
309.4152437999146,210.10000000000002,210.0
309.73493969999254,210.10000000000002,210.0
310.0545873999363,210.10000000000002,210.0
310.37660469999537,209.8,210.0
310.67994969990104,209.8,210.0
310.99929379997775,209.8,210.0
311.3195189998951,210.10000000000002,210.0
311.6399403999094,210.10000000000002,210.0
311.92744309990667,209.8,210.0
312.24364239990246,209.8,210.0
312.56563849991653,209.8,210.0
312.88680549990386,210.0,210.0
313.2072200999828,210.0,210.0
313.5099665999878,210.0,210.0
313.82715959998313,210.0,210.0
314.1484348999802,210.0,210.0
314.45007909997366,210.0,210.0
314.7740361999022,209.8,210.0
315.0893358999165,209.8,210.0
315.39616469992325,209.8,210.0
315.69674929999746,210.0,210.0
316.01939239993226,210.0,210.0
316.3396390998969,209.70000000000002,210.0
316.6561940999236,209.70000000000002,210.0
316.9775412000017,209.70000000000002,210.0
317.2837836999679,210.10000000000002,210.0
317.5852300999686,210.10000000000002,210.0
317.9075027999934,210.10000000000002,210.0
318.22535999992397,209.8,210.0
318.5307511999272,209.8,210.0
318.8475598999066,209.8,210.0
319.16976649989374,210.0,210.0
319.4698852999136,210.0,210.0
319.79196039994713,210.0,210.0
320.109918299946,210.0,210.0
320.43262489989866,210.0,210.0
320.7333677998977,210.0,210.0
321.05279809993226,210.0,210.0
321.36053579999134,210.0,210.0
321.6803373999428,210.10000000000002,210.0
321.9965886999853,210.10000000000002,210.0
322.317879499984,210.10000000000002,210.0
322.63851179997437,209.9,210.0
322.9408206999069,209.9,210.0
323.2460261998931,209.9,210.0
323.5661585999187,210.20000000000002,210.0
323.883724299958,210.20000000000002,210.0
324.18955929996446,210.20000000000002,210.0
324.4911162999924,209.8,210.0
324.81394379993435,209.8,210.0
325.13022429996636,210.10000000000002,210.0
325.43635709991213,210.10000000000002,210.0
325.7547328999499,210.10000000000002,210.0
326.0752000999637,209.9,210.0
326.37818499992136,209.9,210.0
326.6842445998918,209.9,210.0
326.99989739991724,210.0,210.0
327.3207196999574,210.0,210.0
327.64151379989926,210.0,210.0
327.94671459996607,210.0,210.0
328.2669834999833,210.0,210.0
328.587209399906,210.0,210.0
328.88903500000015,209.9,210.0
329.2076841999078,209.9,210.0
329.52738059998956,210.10000000000002,210.0
329.8141715999227,210.10000000000002,210.0
330.13480020000134,210.10000000000002,210.0
330.4542759999167,209.8,210.0
330.77528099995106,209.8,210.0
331.0770378999878,209.8,210.0
331.38504490000196,210.10000000000002,210.0
331.7005888998974,210.10000000000002,210.0
332.0212136999471,210.10000000000002,210.0
332.3241125999484,209.8,210.0
332.64589509996586,209.8,210.0
332.964752699947,209.8,210.0
333.26896239991765,210.10000000000002,210.0
333.5897781999083,210.10000000000002,210.0
333.91012009989936,210.0,210.0
334.2305692998925,210.0,210.0
334.53158749989234,210.0,210.0
334.8522861999227,210.0,210.0
335.15788009995595,210.0,210.0
335.4755450999364,210.0,210.0
335.79758699995,210.10000000000002,210.0
336.0835801999783,210.10000000000002,210.0
336.4013491999358,210.10000000000002,210.0
336.723917299998,209.9,210.0
337.04417999996804,209.9,210.0
337.3455278999172,209.9,210.0
337.6639069999801,210.20000000000002,210.0
337.9713788999943,210.20000000000002,210.0
338.27333029999863,209.8,210.0
338.5937879999401,209.8,210.0
338.91124479996506,209.8,210.0
339.2327997999964,210.10000000000002,210.0
339.55062839994207,210.10000000000002,210.0
339.8581673000008,210.10000000000002,210.0
340.1758846999146,209.9,210.0
340.4781124999281,209.9,210.0
340.79932059999555,209.9,210.0
341.12138029991183,210.0,210.0
341.4248153999215,210.0,210.0
341.7425278999144,210.0,210.0
342.0639014999615,210.0,210.0
342.3668158999644,210.0,210.0
342.67184839991387,210.0,210.0
342.9740947999526,210.0,210.0
343.2913632999407,210.0,210.0
343.61315199988894,210.20000000000002,210.0
343.91529829998035,210.20000000000002,210.0
344.2362685999833,210.20000000000002,210.0
344.55437119991984,209.9,210.0
344.8658079999732,209.9,210.0
345.1638932999922,209.9,210.0
345.48336139996536,210.20000000000002,210.0
345.80512689996976,210.20000000000002,210.0
346.1076301999856,210.20000000000002,210.0
346.42507659993134,209.9,210.0
346.74798589991406,209.9,210.0
347.050692299963,209.9,210.0
347.3565157999983,210.10000000000002,210.0
347.67414469993673,210.10000000000002,210.0
347.9801665999694,210.0,210.0
348.29764169990085,210.0,210.0
348.61879219999537,210.0,210.0
348.9200905999169,210.0,210.0
349.2425560998963,210.0,210.0
349.54647099995054,210.0,210.0
349.86316259996966,210.10000000000002,210.0
350.16966249991674,210.10000000000002,210.0
350.4883117999416,210.10000000000002,210.0
350.80612819991075,209.9,210.0
351.11302989989053,209.9,210.0
351.4326237998903,209.9,210.0
351.73690779996105,210.20000000000002,210.0
352.03951669996604,210.20000000000002,210.0
352.3575749999145,209.9,210.0
352.676231999998,209.9,210.0
352.9814644999569,209.9,210.0
353.3027037999127,210.20000000000002,210.0
353.62033059995156,210.20000000000002,210.0
353.94209069991484,210.20000000000002,210.0
354.245857300004,209.9,210.0
354.56262199999765,209.9,210.0
354.8841029999312,209.9,210.0
355.20221329992637,210.0,210.0
355.52363299997523,210.0,210.0
355.8424635999836,210.0,210.0
356.16180699993856,210.0,210.0
356.46757759992033,210.0,210.0
356.7852902999148,209.9,210.0
357.0887106999289,209.9,210.0
357.40983609994873,209.9,210.0
357.7323154999176,210.10000000000002,210.0
358.035031999927,210.10000000000002,210.0
358.3534126000013,210.10000000000002,210.0
358.6718876999803,209.9,210.0
358.9787629999919,209.9,210.0
359.2977161000017,209.9,210.0
359.61847220000345,210.20000000000002,210.0
359.9355742998887,210.20000000000002,210.0
360.2554125000024,210.20000000000002,210.0
360.55835139995907,209.9,210.0
360.8792521998985,209.9,210.0
361.18408259993885,210.10000000000002,210.0
361.50140449998435,210.10000000000002,210.0
361.82390629989095,210.10000000000002,210.0
362.12628189998213,209.9,210.0
362.4443849999225,209.9,210.0
362.7667677999707,209.9,210.0
363.07033999997657,210.0,210.0
363.37507459998596,210.0,210.0
363.6770020999247,210.0,210.0
363.99931189999916,210.0,210.0
364.31798769999295,210.0,210.0
364.638556699967,210.0,210.0
364.9404442999512,209.9,210.0
365.2581186000025,209.9,210.0
365.56557759991847,210.20000000000002,210.0
365.8708259999985,210.20000000000002,210.0
366.1865449999459,210.20000000000002,210.0
366.49364189989865,209.8,210.0
366.81126989994664,209.8,210.0
367.1322667999193,209.8,210.0
367.4497095999541,210.10000000000002,210.0
367.75301499990746,210.10000000000002,210.0
368.0594100999879,210.10000000000002,210.0
368.37603699998,209.9,210.0
368.69670069997665,209.9,210.0
369.0025850998936,209.9,210.0
369.3199253999628,210.0,210.0
369.63831179996487,210.0,210.0
369.9437385998899,210.0,210.0
370.2469218999613,210.0,210.0
370.56668940000236,210.0,210.0
370.88716079993173,209.9,210.0
371.2080159999896,209.9,210.0
371.5266453999793,209.9,210.0
371.82938089990057,210.10000000000002,210.0
372.13257149991114,210.10000000000002,210.0
372.45483039994724,210.10000000000002,210.0
372.75723499991,209.9,210.0
373.0790812999476,209.9,210.0
373.39697529992554,209.9,210.0
373.70279729994945,210.20000000000002,210.0
374.0188331999816,210.20000000000002,210.0
374.3257135999156,209.9,210.0
374.64353239990305,209.9,210.0
374.9658488999121,209.9,210.0
375.2691598999081,210.10000000000002,210.0
375.5880268999608,210.10000000000002,210.0
375.90778249991126,210.10000000000002,210.0
376.22756179992575,209.9,210.0
376.5292000999907,209.9,210.0
376.85211629990954,209.9,210.0
377.15347629995085,210.0,210.0
377.47410989995115,210.0,210.0
377.79345529992133,210.0,210.0
378.0981648999732,210.0,210.0
378.41540099994745,210.0,210.0
378.7355061999988,209.9,210.0
379.05736159998924,209.9,210.0
379.3623847999843,209.9,210.0
379.6804560999153,210.10000000000002,210.0
379.98321629990824,210.10000000000002,210.0
380.3059512999607,210.10000000000002,210.0
380.6225373999914,209.8,210.0
380.9456653998932,209.8,210.0
381.2633272999665,209.8,210.0
381.5667456999654,210.10000000000002,210.0
381.8886557999067,210.10000000000002,210.0
382.1914799999213,210.10000000000002,210.0
382.49334359995555,209.8,210.0
382.81553129991516,209.8,210.0
383.1330647999421,210.0,210.0
383.43547329993453,210.0,210.0
383.75830029998906,210.0,210.0
384.0750209999969,209.9,210.0
384.3961318999063,209.9,210.0
384.7028053998947,209.9,210.0
385.0188929999713,209.8,210.0
385.34070179995615,209.8,210.0
385.6612702999264,209.8,210.0
385.96265549992677,210.10000000000002,210.0
386.2849972998956,210.10000000000002,210.0
386.6026672999142,210.10000000000002,210.0
386.9092313000001,209.8,210.0
387.2266974999802,209.8,210.0
387.548616199987,210.20000000000002,210.0
387.85142809990793,210.20000000000002,210.0
388.1520569999702,210.20000000000002,210.0
388.4749005999183,209.9,210.0
388.7768725999631,209.9,210.0
389.09511669992935,209.9,210.0
389.41760039993096,210.10000000000002,210.0
389.7204205999151,210.10000000000002,210.0
390.0386280999519,210.10000000000002,210.0
390.36106869997457,209.9,210.0
390.6457709999522,209.9,210.0
390.96992059994955,209.9,210.0
391.2882686998928,210.0,210.0
391.59359259996563,210.0,210.0
391.91149319999386,210.0,210.0
392.23028669995256,210.0,210.0
392.53263089992106,210.0,210.0
392.85618219990283,209.9,210.0
393.15859799995087,209.9,210.0
393.46142399997916,209.9,210.0
393.7807070999406,210.10000000000002,210.0
394.1018829999957,210.10000000000002,210.0
394.42245179996826,210.10000000000002,210.0
394.70970349991694,209.8,210.0
395.02894099999685,209.8,210.0
395.34594359993935,209.8,210.0
395.6694415999809,210.10000000000002,210.0
395.972810999956,210.10000000000002,210.0
396.28959249996115,210.10000000000002,210.0
396.59362049994525,209.8,210.0
396.91393059992697,209.8,210.0
397.21800939994864,210.0,210.0
397.5375219999114,210.0,210.0
397.85773819999304,210.0,210.0
398.1790113999741,210.0,210.0
398.49769999994896,210.0,210.0
398.80216659989674,210.0,210.0
399.1214903999353,210.0,210.0
399.42266629997175,210.0,210.0
399.7270014999667,210.0,210.0
400.0494049999397,210.20000000000002,210.0
400.37044400000013,210.20000000000002,210.0
400.6726617999375,210.20000000000002,210.0
400.99056750000454,209.9,210.0
401.29624199995305,209.9,210.0
401.6133637999883,210.20000000000002,210.0
401.92069939989597,210.20000000000002,210.0
402.23878899996635,210.20000000000002,210.0
402.5599219999276,209.9,210.0
402.86535739991814,209.9,210.0
403.1836878999602,209.9,210.0
403.50249549990986,210.20000000000002,210.0
403.80568389990367,210.20000000000002,210.0
404.1099479999393,210.20000000000002,210.0
404.4112193000037,209.9,210.0
404.73237179999705,209.9,210.0
405.0538867999567,209.9,210.0
405.37113709992263,210.0,210.0
405.67400729993824,210.0,210.0
405.99598409992177,210.10000000000002,210.0
406.31461879995186,210.10000000000002,210.0
406.60315219999757,210.10000000000002,210.0
406.9246477999259,209.9,210.0
407.2422821999062,209.9,210.0
407.5461517999647,209.9,210.0
407.86698559997603,210.20000000000002,210.0
408.1679728999734,210.20000000000002,210.0
408.48981800000183,210.20000000000002,210.0
408.792544499971,209.9,210.0
409.11383609997574,209.9,210.0
409.4162271999521,209.9,210.0
409.7348774999846,210.20000000000002,210.0
410.05748550000135,210.20000000000002,210.0
410.3596416999353,210.20000000000002,210.0
410.6821627999889,209.9,210.0
410.9992354999995,209.9,210.0
411.287668999983,210.0,210.0
411.608985299943,210.0,210.0
411.92578269995283,210.0,210.0
412.24774869997054,210.0,210.0
412.56829480000306,210.0,210.0
412.8865714999847,210.0,210.0
413.19032900000457,210.0,210.0
413.49310809990857,210.0,210.0
413.81190859992057,210.0,210.0
414.1343495999463,210.10000000000002,210.0
414.45340070000384,210.10000000000002,210.0
414.7719469999429,209.9,210.0
415.07733569992706,209.9,210.0
415.39607849996537,209.9,210.0
415.71805589995347,210.20000000000002,210.0
416.02126739989035,210.20000000000002,210.0
416.32438309991267,210.20000000000002,210.0
416.64176889997907,209.9,210.0
416.94455059990287,209.9,210.0
417.2659258999629,209.9,210.0
417.58424739993643,210.10000000000002,210.0
417.8885424999753,210.10000000000002,210.0
418.2110954999225,210.10000000000002,210.0
418.51435529999435,209.9,210.0
418.83157989999745,209.9,210.0
419.13788729999214,209.9,210.0
419.4560558999656,210.10000000000002,210.0
419.7780914999312,210.10000000000002,210.0
420.08167849993333,210.10000000000002,210.0
420.39970539999194,210.10000000000002,210.0
420.7215255999472,210.10000000000002,210.0
421.02536719990894,209.9,210.0
421.34192819998134,209.9,210.0
421.6648336999351,209.9,210.0
421.9655684999889,210.20000000000002,210.0
422.2882689998951,210.20000000000002,210.0
422.60485849995166,210.20000000000002,210.0
422.9122818999458,209.9,210.0
423.2155047999695,209.9,210.0
423.5348791999277,209.9,210.0
423.83547989989165,210.10000000000002,210.0
424.15709589992184,210.10000000000002,210.0
424.4749528999673,209.8,210.0
424.78164419997483,209.8,210.0
425.101347799995,209.8,210.0
425.40418129996397,210.0,210.0
425.7263375999173,210.0,210.0
426.02899839996826,210.0,210.0
426.34753989998717,210.0,210.0
426.6663025999442,210.0,210.0
426.98807699989993,210.0,210.0
427.29113609995693,209.9,210.0
427.611256999895,209.9,210.0
427.92923899996094,209.9,210.0
428.2511760999914,210.10000000000002,210.0
428.56791599991266,210.10000000000002,210.0
428.8883326998912,209.9,210.0
429.2101337999338,209.9,210.0
429.51384709996637,209.9,210.0
429.8311908999458,210.20000000000002,210.0
430.1384167999495,210.20000000000002,210.0
430.4544320999412,210.20000000000002,210.0
430.7761788999196,209.8,210.0
431.09523159998935,209.8,210.0
431.39875849999953,209.8,210.0
431.71897289995104,210.10000000000002,210.0
432.0412352998974,210.10000000000002,210.0
432.345040999935,210.10000000000002,210.0
432.66288469999563,209.9,210.0
432.9810865999898,209.9,210.0
433.301531999954,210.0,210.0
433.6057868999196,210.0,210.0
433.92436299996916,210.0,210.0
434.2312523999717,210.0,210.0
434.54941729991697,210.0,210.0
434.86660700000357,210.0,210.0
435.17364559997804,209.9,210.0
435.49108129995875,209.9,210.0
435.8135081999935,209.9,210.0
436.1017587999813,210.10000000000002,210.0
436.4195414999267,210.10000000000002,210.0
436.73826999997254,210.10000000000002,210.0
437.0409474999178,209.8,210.0
437.3643241999671,209.8,210.0
437.66601859999355,210.10000000000002,210.0
437.984153999947,210.10000000000002,210.0
438.3058706999291,210.10000000000002,210.0
438.6085695999209,209.8,210.0
438.9278163999552,209.8,210.0
439.23108129994944,209.8,210.0
439.53865279990714,210.0,210.0
439.8568785999669,210.0,210.0
440.175007199985,210.0,210.0
440.48077489994466,210.0,210.0
440.7984925999772,210.0,210.0
441.1198466999922,210.0,210.0
441.4250547999982,209.9,210.0
441.7285919999704,209.9,210.0
442.04486119991634,210.10000000000002,210.0
442.3678723999765,210.10000000000002,210.0
442.6701926999958,210.10000000000002,210.0
442.9884143999079,209.9,210.0
443.31132889993023,209.9,210.0
443.63114949990995,209.9,210.0
443.9482877999544,210.20000000000002,210.0
444.2546450999798,210.20000000000002,210.0
444.55540069995914,210.20000000000002,210.0
444.8938695999095,209.8,210.0
445.1809451999143,209.8,210.0
445.49921879998874,209.8,210.0
445.82151149993297,210.10000000000002,210.0
446.1381598999724,210.10000000000002,210.0
446.4606295999838,209.9,210.0
446.7787884999998,209.9,210.0
447.08168569998816,209.9,210.0
447.4044109999668,210.0,210.0
447.7065541999182,210.0,210.0
448.0114687999012,210.0,210.0
448.3302004999714,210.0,210.0
448.63188119989354,210.0,210.0
448.9553499999456,210.0,210.0
449.2729163999902,209.9,210.0
449.57871629996225,209.9,210.0
449.89898039994296,209.9,210.0
450.2186265999917,210.10000000000002,210.0
450.51836609991733,210.10000000000002,210.0
450.84186349995434,209.8,210.0
451.1590589999687,209.8,210.0
451.46143149991985,209.8,210.0
451.784515599953,210.10000000000002,210.0
452.1020550999092,210.10000000000002,210.0
452.40811349998694,210.10000000000002,210.0
452.72443770000245,209.8,210.0
453.03138049994595,209.8,210.0
453.333929699962,209.8,210.0
453.65590419992805,210.10000000000002,210.0
453.97258159995545,210.10000000000002,210.0
454.29327809996903,210.10000000000002,210.0
454.5950807998888,210.0,210.0
454.9181665999349,210.0,210.0
455.2215519999154,210.0,210.0
455.5244808999123,210.0,210.0
455.84636559989303,210.0,210.0
456.16398549999576,210.10000000000002,210.0
456.4657298999373,210.10000000000002,210.0
456.7886360998964,210.10000000000002,210.0
457.1071640999289,209.8,210.0
457.4090196999023,209.8,210.0
457.71285789995454,209.8,210.0
458.02013699989766,210.10000000000002,210.0
458.3375027999282,210.10000000000002,210.0
458.65582349989563,210.10000000000002,210.0
458.9777841999894,209.8,210.0
459.29607819998637,209.8,210.0
459.6185157999862,210.10000000000002,210.0
459.93476259999443,210.10000000000002,210.0
460.2419969999464,210.10000000000002,210.0
460.5445112999296,209.9,210.0
460.8658505999483,209.9,210.0
461.1663355999626,209.9,210.0
461.4878734999802,210.0,210.0
461.809044900001,210.0,210.0
462.11036809999496,210.0,210.0
462.41705379995983,210.0,210.0
462.7325040999567,210.0,210.0
463.0537136999192,210.0,210.0
463.3603009999497,209.9,210.0
463.6765236998908,209.9,210.0
463.99865289998706,209.9,210.0
464.3019394999137,210.10000000000002,210.0
464.62240689992905,210.10000000000002,210.0
464.92478759994265,209.8,210.0
465.24282739998307,209.8,210.0
465.548165999935,209.8,210.0
465.86611259996425,210.10000000000002,210.0
466.1880101999268,210.10000000000002,210.0
466.5075409999117,210.10000000000002,210.0
466.8295554999495,209.8,210.0
467.1316297999583,209.8,210.0
467.45268579991534,209.8,210.0
467.7726806999417,210.0,210.0
468.0893008999992,210.0,210.0
468.3949356999947,210.0,210.0
468.716208799975,210.0,210.0
469.0323347999947,210.0,210.0
469.35262909997255,210.0,210.0
469.6588416999439,210.0,210.0
469.95998419995885,210.0,210.0
470.28074169997126,210.10000000000002,210.0
470.5982333999127,210.10000000000002,210.0
470.922095399932,210.10000000000002,210.0
471.2238033999456,209.9,210.0
471.545578799909,209.9,210.0
471.8623349999543,209.9,210.0
472.18417129991576,210.20000000000002,210.0
472.50081149989273,210.20000000000002,210.0
472.82250739994925,209.8,210.0
473.1244826999027,209.8,210.0
473.43061829998624,209.8,210.0
473.747935899999,210.10000000000002,210.0
474.07042309991084,210.10000000000002,210.0
474.3757562999381,210.10000000000002,210.0
474.6951222999487,209.9,210.0
474.9968351999996,209.9,210.0
475.31888549996074,209.9,210.0
475.637664699927,210.0,210.0
475.9414041999262,210.0,210.0
476.2607949998928,210.0,210.0
476.5638675999362,210.0,210.0
476.8823653999716,210.0,210.0
477.2036788999103,209.9,210.0
477.52496119996067,209.9,210.0
477.84496199991554,209.9,210.0
478.1466737999581,210.10000000000002,210.0
478.46486039995216,210.10000000000002,210.0
478.7844723999733,210.10000000000002,210.0
479.1077517999802,209.8,210.0
479.4075655998895,209.8,210.0
479.7121686999453,209.8,210.0
480.03276939992793,210.10000000000002,210.0
480.3539535999298,210.10000000000002,210.0
480.65681289997883,210.10000000000002,210.0
480.9781331999693,209.9,210.0
481.2964505999116,209.9,210.0
481.6174373999238,210.10000000000002,210.0
481.93424839992076,210.10000000000002,210.0
482.22519759996794,210.10000000000002,210.0
482.5420701999683,210.0,210.0
482.8647712999955,210.0,210.0
483.18218429991975,210.0,210.0
483.4851664999733,210.0,210.0
483.80733509990387,210.0,210.0
484.1092297999421,210.0,210.0
484.43007359991316,210.10000000000002,210.0
484.7354137999937,210.10000000000002,210.0
485.05219249997754,210.10000000000002,210.0
485.37311579997186,209.9,210.0
485.67648979998194,209.9,210.0
485.9985624999972,210.20000000000002,210.0
486.3185700000031,210.20000000000002,210.0
486.6355226999149,210.20000000000002,210.0
486.9409924999345,209.8,210.0
487.2442880999297,209.8,210.0
487.56348849995993,209.8,210.0
487.88103779999074,210.10000000000002,210.0
488.201033399906,210.10000000000002,210.0
488.5069880998926,210.10000000000002,210.0
488.81128249992616,209.8,210.0
489.1321801999584,209.8,210.0
489.4324901999207,209.8,210.0
489.75599689991213,210.0,210.0
490.05772659997456,210.0,210.0
490.37594859988894,210.0,210.0
490.69732239993755,209.9,210.0
491.01843619998544,209.9,210.0
491.3187950999709,209.9,210.0
491.6391944999341,209.9,210.0
491.96033059991896,209.9,210.0
492.2811334999278,210.10000000000002,210.0
492.5848982000025,210.10000000000002,210.0
492.90164509997703,210.10000000000002,210.0
493.221357399947,209.8,210.0
493.52779899991583,209.8,210.0
493.8480100999586,209.8,210.0
494.1640357999131,210.10000000000002,210.0
494.4683845998952,210.10000000000002,210.0
494.773814199958,210.10000000000002,210.0
495.0926397999283,209.8,210.0
495.41208279994316,209.8,210.0
495.7348595999647,210.10000000000002,210.0
496.0357696999563,210.10000000000002,210.0
496.3573669999605,210.10000000000002,210.0
496.67748399998527,210.0,210.0
496.9778211999219,210.0,210.0
497.299988499959,210.0,210.0
497.62125889991876,210.0,210.0
497.93913499999326,210.0,210.0
498.2417434999952,210.0,210.0
498.5618523999583,210.10000000000002,210.0
498.88399369991384,210.10000000000002,210.0
499.188611999969,209.9,210.0
499.5044450999703,209.9,210.0
499.82722529990133,209.9,210.0
500.1442163999891,210.10000000000002,210.0
500.4640918999212,210.10000000000002,210.0
500.76950009993743,210.10000000000002,210.0
501.07466389995534,209.8,210.0
501.39166359999217,209.8,210.0
501.7136403999757,209.8,210.0
502.01433869998436,210.10000000000002,210.0
502.3369436999783,210.10000000000002,210.0
502.6392578999512,210.10000000000002,210.0
502.9599773999071,209.9,210.0
503.2812494999962,209.9,210.0
503.5979123999132,210.0,210.0
503.9044026999036,210.0,210.0
504.22106339992024,210.0,210.0
504.54102889995556,210.0,210.0
504.8642353999894,210.0,210.0
505.16484369989485,210.0,210.0
505.48555379989557,209.9,210.0
505.80468909989577,209.9,210.0
506.1071214999538,209.9,210.0
506.43080629990436,210.10000000000002,210.0
506.7500053999247,210.10000000000002,210.0
507.0665394999087,210.10000000000002,210.0
507.37313339998946,209.8,210.0
507.6894570000004,209.8,210.0
508.00956129992846,210.10000000000002,210.0
508.3302149999654,210.10000000000002,210.0
508.6506211999804,210.10000000000002,210.0
508.95268059999216,209.8,210.0
509.2731346999062,209.8,210.0
509.5957164999563,209.8,210.0
509.89819079998415,210.10000000000002,210.0
510.2187824998982,210.10000000000002,210.0
510.5349877999397,210.10000000000002,210.0
510.85551339993253,209.9,210.0
511.16212469991297,209.9,210.0
511.48170219990425,209.9,210.0
511.80093869997654,209.9,210.0
512.1017779998947,209.9,210.0
512.4239925999427,210.0,210.0
512.7438039999688,210.0,210.0
513.0482061998919,210.0,210.0
513.3509720999282,209.8,210.0
513.6698315999238,209.8,210.0
513.9925060999813,209.8,210.0
514.308618699899,210.10000000000002,210.0
514.6126466999995,210.10000000000002,210.0
514.9163673999719,210.10000000000002,210.0
515.239560399903,209.8,210.0
515.5410205998924,209.8,210.0
515.8657314999728,209.8,210.0
516.1825104999589,210.10000000000002,210.0
516.4847906999057,210.10000000000002,210.0
516.7861629999243,209.9,210.0
517.1058934999164,209.9,210.0
517.4292286999989,209.9,210.0
517.7469364999561,210.0,210.0
518.0509294999065,210.0,210.0
518.3554889999796,210.0,210.0
518.6729867999675,210.0,210.0
518.9930568999844,210.0,210.0
519.2996003999142,210.0,210.0
519.6191879999824,209.9,210.0
519.9371422999538,209.9,210.0
520.2598978999304,209.9,210.0
520.5771612999961,210.10000000000002,210.0
520.898624299909,210.10000000000002,210.0
521.199133999995,209.9,210.0
521.535846499959,209.9,210.0
521.8391071999213,209.9,210.0
522.1613516999641,210.20000000000002,210.0
522.4811725999461,210.20000000000002,210.0
522.7835626999149,210.20000000000002,210.0
523.1049667999614,209.9,210.0
523.409230499994,209.9,210.0
523.7098764999537,209.9,210.0
524.0317019999493,210.10000000000002,210.0
524.3511597999604,210.10000000000002,210.0
524.6686310999794,210.10000000000002,210.0
524.9758724999847,210.0,210.0
525.2946294998983,210.0,210.0
525.583768399898,210.10000000000002,210.0
525.9013019999256,210.10000000000002,210.0
526.2223461999092,210.10000000000002,210.0
526.5387189999456,210.10000000000002,210.0
526.8462904999033,210.10000000000002,210.0
527.1635562999872,210.10000000000002,210.0
527.4860925999237,209.9,210.0
527.7735395999625,209.9,210.0
528.0936539999675,209.9,210.0
528.4102034999523,210.20000000000002,210.0
528.7322194000008,210.20000000000002,210.0
529.0497175999917,210.20000000000002,210.0
529.3709412999451,209.9,210.0
529.6740284999833,209.9,210.0
529.9770359999966,210.10000000000002,210.0
530.298655099934,210.10000000000002,210.0
530.6167825999437,210.10000000000002,210.0
530.9195041999919,209.8,210.0
531.2419071999611,209.8,210.0
531.5595607999712,209.8,210.0
531.8663352999138,210.0,210.0
532.1695697999094,210.0,210.0
532.4865332999034,210.0,210.0
532.789755399921,210.0,210.0
533.1117322999053,210.0,210.0
533.429941499955,210.0,210.0
533.7370508000022,209.9,210.0
534.053485399927,209.9,210.0
534.3752865999704,210.10000000000002,210.0
534.6625600999687,210.10000000000002,210.0
534.9842495999765,210.10000000000002,210.0
535.3025179998949,209.9,210.0
535.622715299949,209.9,210.0
535.9251884999685,209.9,210.0
536.2430149998982,210.20000000000002,210.0
536.5657445999095,210.20000000000002,210.0
536.8699184999568,210.20000000000002,210.0
537.1888289999915,209.9,210.0
537.4915338999126,209.9,210.0
537.8134870999493,209.9,210.0
538.1315462999046,210.10000000000002,210.0
538.4341656999895,210.10000000000002,210.0
538.7572210999206,209.9,210.0
539.0737991998903,209.9,210.0
539.3769574000034,209.9,210.0
539.6983207999729,210.0,210.0
540.0173730999231,210.0,210.0
540.3050536999945,210.0,210.0
540.6238078000024,210.0,210.0
540.9449229999445,210.0,210.0
541.2471608999185,210.0,210.0
541.5697658999125,209.9,210.0
541.8879165999824,209.9,210.0
542.1904021999799,209.9,210.0
542.5144689999288,210.20000000000002,210.0
542.8326129999477,210.20000000000002,210.0
543.1356964999577,210.20000000000002,210.0
543.4533858998911,209.9,210.0
543.7612700999016,209.9,210.0
544.0796061999863,210.10000000000002,210.0
544.3984619999537,210.10000000000002,210.0
544.7042707999935,210.10000000000002,210.0
545.0223717999179,209.8,210.0
545.3399477999192,209.8,210.0
545.6472159998957,209.8,210.0
545.9499722999753,210.0,210.0
546.2684991999995,210.0,210.0
546.5717334999936,210.0,210.0
546.8936421999242,209.9,210.0
547.2115513999015,209.9,210.0
547.5138496999862,209.9,210.0
547.836765499902,209.9,210.0
548.1409231999423,209.9,210.0
548.4606157999951,210.10000000000002,210.0
548.7780332999537,210.10000000000002,210.0
549.0808898999821,210.10000000000002,210.0
549.4037082999712,209.9,210.0
549.705371899996,209.9,210.0
550.0089384999592,209.9,210.0
550.3277403999818,210.20000000000002,210.0
550.6486452999525,210.20000000000002,210.0
550.9550325999735,210.20000000000002,210.0
551.2731481998926,209.9,210.0
551.5785160999512,209.9,210.0
551.8956905999221,209.9,210.0
552.2181666999822,210.10000000000002,210.0
552.5187142998911,210.10000000000002,210.0
552.8386490999255,210.0,210.0
553.159446299891,210.0,210.0
553.4810206999537,210.0,210.0
553.7827048999025,210.0,210.0
554.1044308999553,210.0,210.0
554.4216873999685,210.0,210.0
554.7404213999398,210.10000000000002,210.0
555.047230499913,210.10000000000002,210.0
555.366427199915,210.10000000000002,210.0
555.672070599976,209.9,210.0
555.9875698999967,209.9,210.0
556.2920495999279,209.9,210.0
556.6117183999158,210.20000000000002,210.0
556.9171807999955,210.20000000000002,210.0
557.2387608999852,209.9,210.0
557.5564158998895,209.9,210.0
557.8777008999605,209.9,210.0
558.1822252999991,210.10000000000002,210.0
558.4983155999798,210.10000000000002,210.0
558.8201938999118,210.10000000000002,210.0
559.1402209999505,209.9,210.0
559.4587913999567,209.9,210.0
559.7645269999048,209.9,210.0
560.0840278998949,210.0,210.0
560.3876334999222,210.0,210.0
560.6877777999034,210.0,210.0
561.0118859999347,210.0,210.0
561.3272090998944,210.0,210.0
561.6486162999645,209.9,210.0
561.9691013999982,209.9,210.0
562.2568243999267,209.9,210.0
562.5761210999917,210.10000000000002,210.0
562.8984619999537,210.10000000000002,210.0
563.2014932999155,210.10000000000002,210.0
563.5214950999944,209.8,210.0
563.8390163999284,209.8,210.0
564.1442268999526,209.8,210.0
564.4634858999634,210.10000000000002,210.0
564.7809319999069,210.10000000000002,210.0
565.1025646999478,210.10000000000002,210.0
565.4055665999185,209.8,210.0
565.727095899987,209.8,210.0
566.0282474999549,210.10000000000002,210.0
566.3482535999501,210.10000000000002,210.0
566.6525293999584,210.10000000000002,210.0
566.9722524998942,209.9,210.0
567.2912612999789,209.9,210.0
567.5989842999261,209.9,210.0
567.9019928999478,210.0,210.0
568.2182206999278,210.0,210.0
568.5248776999069,210.0,210.0
568.8432059999323,210.0,210.0
569.1651178000029,210.0,210.0
569.4692376999883,210.0,210.0
569.7857226999477,209.9,210.0
570.0924082999118,209.9,210.0
570.3950814999407,209.9,210.0
570.7168426999124,210.10000000000002,210.0
571.0335334999254,210.10000000000002,210.0
571.3540510999737,209.8,210.0
571.6745373999001,209.8,210.0
571.9601869999897,209.8,210.0
572.2795750999358,210.10000000000002,210.0
572.6030666999286,210.10000000000002,210.0
572.9045735999243,210.10000000000002,210.0
573.2256031999132,209.8,210.0
573.5458476999775,209.8,210.0
573.8659716999391,209.8,210.0
574.1830258999253,210.0,210.0
574.4889870999614,210.0,210.0
574.8053608000046,210.0,210.0
575.1247797999531,210.0,210.0
575.4314672999317,210.0,210.0
575.751574599999,209.9,210.0
576.0681585998973,209.9,210.0
576.3880676999688,209.9,210.0
576.7088619999122,210.10000000000002,210.0
577.0154286999023,210.10000000000002,210.0
577.3313160999678,210.10000000000002,210.0
577.6522707999684,209.9,210.0
577.9575866999803,209.9,210.0
578.2774243999738,209.9,210.0
578.5981889999239,210.20000000000002,210.0
578.9175003999844,210.20000000000002,210.0
579.2177380999783,209.8,210.0
579.5407574999845,209.8,210.0
579.8440804999555,209.8,210.0
580.1457351999125,210.10000000000002,210.0
580.467345199897,210.10000000000002,210.0
580.788118199911,210.10000000000002,210.0
581.0926474999869,209.9,210.0
581.3926425999962,209.9,210.0
581.7300440999679,209.9,210.0
582.0340190998977,210.0,210.0
582.3397164999042,210.0,210.0
582.658067899989,210.0,210.0
582.9753562998958,210.10000000000002,210.0
583.2803843999282,210.10000000000002,210.0
583.5847922998946,209.9,210.0
583.9023061998887,209.9,210.0
584.2221266999841,209.9,210.0
584.5262889999431,210.10000000000002,210.0
584.8498219999019,210.10000000000002,210.0
585.1525181999896,210.10000000000002,210.0
585.4728581999661,209.8,210.0
585.7922860999824,209.8,210.0
586.0939059999073,209.8,210.0
586.4129560999572,210.10000000000002,210.0
586.736041600001,210.10000000000002,210.0
587.038566299947,210.10000000000002,210.0
587.343260900001,209.8,210.0
587.6609591000015,209.8,210.0
587.9666273999028,209.8,210.0
588.2859848999651,210.0,210.0
588.5885951999808,210.0,210.0
588.906304199947,210.10000000000002,210.0
589.2294092999073,210.10000000000002,210.0
589.549542499939,210.10000000000002,210.0
589.8542242998956,210.0,210.0
590.1699584999587,210.0,210.0
590.4929784999695,210.0,210.0
590.7958500999957,210.20000000000002,210.0
591.1143891999964,210.20000000000002,210.0
591.416734999977,210.20000000000002,210.0
591.7387825999176,210.0,210.0
592.0594516999554,210.0,210.0
592.3622091999277,210.0,210.0
592.6634013999719,210.3,210.0
592.9863190999022,210.3,210.0
593.3041844998952,209.9,210.0
593.610617499915,209.9,210.0
593.927939999965,209.9,210.0
594.2499706998933,210.20000000000002,210.0
594.5523530999199,210.20000000000002,210.0
594.854509799974,210.20000000000002,210.0
595.17534289998,210.0,210.0
595.4965305998921,210.0,210.0
595.7976429999107,210.0,210.0
596.1196713999379,210.10000000000002,210.0
596.4233700999757,210.10000000000002,210.0
596.7406102999812,210.10000000000002,210.0
597.0626099999063,210.20000000000002,210.0
597.3797202999704,210.20000000000002,210.0
597.7016695999773,210.0,210.0
598.0201558999252,210.0,210.0
598.3415189998923,210.0,210.0
598.645053199958,210.3,210.0
598.949484199984,210.3,210.0
599.2671529999934,210.3,210.0
599.574144299957,209.9,210.0
599.8917158999247,209.9,210.0
600.2129473999375,209.9,210.0
600.515876899939,210.20000000000002,210.0
600.8342081999872,210.20000000000002,210.0
601.1549532999052,210.20000000000002,210.0
601.4588395999745,209.9,210.0
601.7626951999264,209.9,210.0
602.0830995999277,210.20000000000002,210.0
602.4000454999041,210.20000000000002,210.0
602.7214226999786,210.20000000000002,210.0
603.0425068999175,210.10000000000002,210.0
603.3453271999024,210.10000000000002,210.0
603.6506242000032,210.10000000000002,210.0
603.9679208999733,210.0,210.0
604.2706614999333,210.0,210.0
604.5934059999418,210.0,210.0
604.913568399963,210.20000000000002,210.0
605.231075199903,210.20000000000002,210.0
605.5333224999486,210.20000000000002,210.0
605.8557646999834,209.9,210.0
606.1608726999257,209.9,210.0
606.4625939999241,210.20000000000002,210.0
606.7801127999555,210.20000000000002,210.0
607.1015715999529,210.20000000000002,210.0
607.4216610000003,209.8,210.0
607.7410322999349,209.8,210.0
608.0450249999994,209.8,210.0
608.3668726999313,210.10000000000002,210.0
608.6682816999964,210.10000000000002,210.0
608.9885499998927,210.10000000000002,210.0
609.3064221999375,209.9,210.0
609.6134132998995,209.9,210.0
609.9313705998939,209.9,210.0
610.2347914999118,210.0,210.0
610.5409155999077,210.0,210.0
610.860094799893,210.10000000000002,210.0
611.17826649989,210.10000000000002,210.0
611.4813628999982,210.10000000000002,210.0
611.8031215999508,209.9,210.0
612.12400229997,209.9,210.0
612.426114599919,209.9,210.0
612.7294641999761,210.10000000000002,210.0
613.0482742999448,210.10000000000002,210.0
613.3546485999832,210.10000000000002,210.0
613.672820399981,209.8,210.0
613.9915896999883,209.8,210.0
614.2974144999171,209.8,210.0
614.6157874999335,210.10000000000002,210.0
614.937095399946,210.10000000000002,210.0
615.2552502999315,209.8,210.0
615.5584921999834,209.8,210.0
615.8796264999546,209.8,210.0
616.1815389998956,210.10000000000002,210.0
616.5042767999694,210.10000000000002,210.0
616.822761499905,210.10000000000002,210.0
617.125034699915,210.0,210.0
617.4471976999193,210.0,210.0
617.7651650999906,210.0,210.0
618.0674957999727,210.0,210.0
618.387681299937,210.0,210.0
618.7104259999469,210.0,210.0
619.0296071999473,210.10000000000002,210.0
619.3476709999377,210.10000000000002,210.0
619.6685485999333,209.9,210.0
619.9720537998946,209.9,210.0
620.2733224999392,209.9,210.0
620.5956896999851,210.10000000000002,210.0
620.9168947999133,210.10000000000002,210.0
621.2179141999222,210.10000000000002,210.0
621.5396750998916,209.8,210.0
621.8428120999597,209.8,210.0
622.1639244999969,209.8,210.0
622.4651952999411,210.10000000000002,210.0
622.7874826999614,210.10000000000002,210.0
623.1049757999135,210.10000000000002,210.0
623.4089459999232,209.9,210.0
623.7265315999975,209.9,210.0
624.0338509998983,210.0,210.0
624.3368710998911,210.0,210.0
624.6555109999608,210.0,210.0
624.9761865999317,210.0,210.0
625.2965042999713,210.0,210.0
625.6135499998927,210.0,210.0
625.9372693999903,209.9,210.0
626.2407709999243,209.9,210.0
626.5590039999224,209.9,210.0
626.8664082000032,210.10000000000002,210.0
627.167902899906,210.10000000000002,210.0
627.4857251999201,210.10000000000002,210.0
627.8041384998942,209.8,210.0
628.1108154999092,209.8,210.0
628.4300818999764,209.8,210.0
628.7480214999523,210.10000000000002,210.0
629.0548043999588,210.10000000000002,210.0
629.3742211998906,209.9,210.0
629.6774004999315,209.9,210.0
629.9811797000002,209.9,210.0
630.2987385999877,210.10000000000002,210.0
630.6045235999627,210.10000000000002,210.0
630.921164899948,210.10000000000002,210.0
631.242950099986,210.0,210.0
631.5640679999487,210.0,210.0
631.8657977998955,210.0,210.0
632.170722699957,210.0,210.0
632.4742987999925,210.0,210.0
632.795639299904,210.0,210.0
633.1123464999255,210.0,210.0
633.4191244998947,210.0,209.0
633.7375819999725,209.8,207.0
634.074454799993,209.8,205.0
634.3608039999381,209.8,204.0
634.6652168999426,210.10000000000002,202.0
634.9835691999178,210.10000000000002,201.0
635.2877917999867,210.10000000000002,200.0
635.6078074999386,209.20000000000002,200.0
635.9279971999349,209.20000000000002,200.0
636.247775399941,209.20000000000002,200.0
636.5482931999722,208.0,200.0
636.8564328999491,208.0,200.0
637.1724379999796,208.0,200.0
637.4920595999574,206.9,200.0
637.7961412000004,206.9,200.0
638.1014159999322,206.0,200.0
638.4210897999583,206.0,200.0
638.7263163999887,206.0,200.0
639.0449056999059,205.4,200.0
639.3651597999269,205.4,200.0
639.6660349000013,205.4,200.0
639.9876672999235,205.0,200.0
640.3093672998948,205.0,200.0
640.6120950999903,205.0,200.0
640.915878699976,204.60000000000002,200.0
641.2371161999181,204.60000000000002,200.0
641.5410325999837,204.60000000000002,200.0
641.8592725999188,204.0,200.0
642.1762456999859,204.0,200.0
642.4960439999122,204.0,200.0
642.8040771998931,203.4,200.0
643.1063481000019,203.4,200.0
643.4251290999819,202.8,200.0
643.7282052999362,202.8,200.0
644.0472503999481,202.8,200.0
644.354639899917,202.4,200.0
644.6724613999249,202.4,200.0
644.9903071000008,202.4,200.0
645.2940918999957,201.9,200.0
645.6172923999839,201.9,200.0
645.9373254999518,201.9,200.0
646.2372572999448,202.0,200.0
646.5424586998997,202.0,200.0
646.8611969999038,202.0,200.0
647.1654712999007,201.8,200.0
647.4881355999969,201.8,200.0
647.8038814999163,201.60000000000002,200.0
648.1250954999123,201.60000000000002,200.0
648.4474237998948,201.60000000000002,200.0
648.7503526998917,201.5,200.0
649.0674587999238,201.5,200.0
649.3902986999601,201.5,200.0
649.7074269999284,201.20000000000002,200.0
650.0106857999926,201.20000000000002,200.0
650.3335476999637,201.20000000000002,200.0
650.6508700998966,201.0,200.0
650.9528839999111,201.0,200.0
651.2608680999838,201.0,200.0
651.5797046999214,200.60000000000002,200.0
651.8845853999956,200.60000000000002,200.0
652.2008609999903,200.60000000000002,200.0
652.5235684999498,200.60000000000002,200.0
652.825348699931,200.60000000000002,200.0
653.1458765999414,200.3,200.0
653.4660314999055,200.3,200.0
653.7712368998909,200.3,200.0
654.0908245999599,200.3,200.0
654.393140799948,200.3,200.0
654.6983479999471,200.3,200.0
655.0167789999396,200.20000000000002,200.0
655.3341953998897,200.20000000000002,200.0
655.654365299968,200.20000000000002,200.0
655.9437066999963,199.9,200.0
656.2607996999286,199.9,200.0
656.580896899919,199.9,200.0
656.9013816999504,199.9,200.0
657.207229499938,199.9,200.0
657.5121707998915,199.5,200.0
657.8281831999775,199.5,200.0
658.1507097999565,199.5,200.0
658.4712359999539,199.60000000000002,200.0
658.7580042999471,199.60000000000002,200.0
659.0779175999342,199.60000000000002,200.0
659.3955322999973,199.3,200.0
659.7159058999969,199.3,200.0
660.0354607999325,199.3,200.0
660.3404225999257,199.3,200.0
660.6592886999715,199.3,200.0
660.9790843999945,199.20000000000002,200.0
661.2819843000034,199.20000000000002,200.0
661.6014531999826,199.20000000000002,200.0
661.92232839996,199.0,200.0
662.2254119999707,199.0,200.0
662.5275119999424,199.0,200.0
662.8477514999686,199.10000000000002,200.0
663.1673817998962,199.10000000000002,200.0
663.4726704999339,199.10000000000002,200.0
663.7773841999006,198.8,200.0
664.095980299986,198.8,200.0
664.4176499999594,198.8,200.0
664.720305899973,198.9,200.0
665.0388401999371,198.9,200.0
665.3611045998987,198.9,200.0
665.6616293999832,198.60000000000002,200.0
665.967651499901,198.60000000000002,200.0
666.2871111999266,198.8,200.0
666.5892477999441,198.8,200.0
666.9095747999381,198.8,200.0
667.231011099997,198.60000000000002,200.0
667.5331613000017,198.60000000000002,200.0
667.8529336999636,198.60000000000002,200.0
668.1583372999448,198.60000000000002,200.0
668.4783233999042,198.60000000000002,200.0
668.7802033999469,198.60000000000002,200.0
669.0827263999963,198.70000000000002,200.0
669.4038087999215,198.70000000000002,200.0
669.7241727999644,198.70000000000002,200.0
670.0445298999548,198.5,200.0
670.3474472999806,198.5,200.0
670.6651605999796,198.70000000000002,200.0
670.9713913999731,198.70000000000002,200.0
671.2913064999739,198.70000000000002,200.0
671.5948144999566,198.4,200.0
671.91427259997,198.4,200.0
672.217846399988,198.4,200.0
672.5379040999105,198.70000000000002,200.0
672.855471399962,198.70000000000002,200.0
673.1629787998972,198.70000000000002,200.0
673.4831585999345,198.4,200.0
673.7994698999682,198.4,200.0
674.1184505999554,198.4,200.0
674.4229303000029,198.5,200.0
674.7266644999618,198.5,200.0
675.0466009998927,198.60000000000002,200.0
675.367982900003,198.60000000000002,200.0
675.6712544999318,198.60000000000002,200.0
675.9914205999812,198.5,200.0
676.3106305999681,198.5,200.0
676.6326589999953,198.5,200.0
676.932703099912,198.70000000000002,200.0
677.2542794999899,198.70000000000002,200.0
677.5730190000031,198.70000000000002,200.0
677.8759505999042,198.4,200.0
678.1831914999057,198.4,200.0
678.501592299901,198.4,200.0
678.821682699956,198.70000000000002,200.0
679.1238637999631,198.70000000000002,200.0
679.4464960999321,198.5,200.0
679.7646358999191,198.5,200.0
680.0858178999042,198.5,200.0
680.3872849999461,198.70000000000002,200.0
680.7054310999811,198.70000000000002,200.0
681.0278605999192,198.70000000000002,200.0
681.329176499974,198.60000000000002,200.0
681.6327322999714,198.60000000000002,200.0
681.9564793999307,198.60000000000002,200.0
682.2764744999586,198.70000000000002,200.0
682.5764347999357,198.70000000000002,200.0
682.8990399999311,198.70000000000002,200.0
683.2015262999339,198.9,200.0
683.5216424999526,198.9,200.0
683.83980289998,198.70000000000002,200.0
684.1266962999944,198.70000000000002,200.0
684.4461009999504,198.70000000000002,200.0
684.7703935999889,199.10000000000002,200.0
685.0897368999431,199.10000000000002,200.0
685.3902992999647,199.10000000000002,200.0
685.7116446999134,198.8,200.0
686.0320841999492,198.8,200.0
686.3355434999103,198.8,200.0
686.6728660999797,199.10000000000002,200.0
686.9755246998975,199.10000000000002,200.0
687.2949427999556,199.10000000000002,200.0
687.6140169999562,199.0,200.0
687.9317575999303,199.0,200.0
688.2365364999278,199.20000000000002,200.0
688.5588178999024,199.20000000000002,200.0
688.8641746999929,199.20000000000002,200.0
689.163344200002,199.3,200.0
689.4852590999799,199.3,200.0
689.8040673999349,199.3,200.0
690.124666199903,199.20000000000002,200.0
690.4277161998907,199.20000000000002,200.0
690.746376199997,199.20000000000002,200.0
691.0522100999951,199.5,200.0
691.369120099931,199.5,200.0
691.6740726999706,199.5,200.0
691.9964615999488,199.20000000000002,200.0
692.3143579999451,199.20000000000002,200.0
692.6012355999555,199.20000000000002,200.0
692.9233627999201,199.60000000000002,200.0
693.2394995999057,199.60000000000002,200.0
693.5599749999819,199.4,200.0
693.8512188999448,199.4,200.0
694.1693692998961,199.4,200.0
694.4904797999188,199.60000000000002,200.0
694.8087700000033,199.60000000000002,200.0
695.1103556999005,199.60000000000002,200.0
695.4337967999745,199.60000000000002,200.0
695.7379177999683,199.60000000000002,200.0
696.0382075998932,199.60000000000002,200.0
696.3580971999327,199.60000000000002,200.0
696.678497799905,199.60000000000002,200.0
696.9991414999822,199.60000000000002,200.0
697.3003960999195,199.9,200.0
697.6214951999718,199.9,200.0
697.9422448999248,199.70000000000002,200.0
698.2473110998981,199.70000000000002,200.0
698.5641538999043,199.70000000000002,200.0
698.8843934999313,200.10000000000002,200.0
699.2057128999149,200.10000000000002,200.0
699.5229061999125,200.10000000000002,200.0
699.8270968999714,199.8,200.0
700.149793599965,199.8,200.0
700.4691201999085,199.8,200.0
700.7733902999898,200.10000000000002,200.0
701.076295399922,200.10000000000002,200.0
701.3965765999164,200.10000000000002,200.0
701.6990448998986,199.9,200.0
702.0168018999975,199.9,200.0
702.3404096999438,200.0,200.0
702.6438131999457,200.0,200.0
702.9604456999805,200.0,200.0
703.2667731998954,200.10000000000002,200.0
703.5704452999635,200.10000000000002,200.0
703.88885629992,200.10000000000002,200.0
704.2074791999767,200.0,200.0
704.5142479999922,200.0,200.0
704.8325346999336,200.0,200.0
705.1544256999623,200.3,200.0
705.4715501999017,200.3,200.0
705.7934378999053,200.3,200.0
706.1140515999869,200.0,200.0
706.4308308999753,200.0,200.0
706.7359205998946,200.3,200.0
707.0532737999456,200.3,200.0
707.3746068999171,200.3,200.0
707.6935125999153,200.10000000000002,200.0
707.9998661999125,200.10000000000002,200.0
708.3179192999378,200.10000000000002,200.0
708.6362415999174,200.3,200.0
708.9579582998995,200.3,200.0
709.262842199998,200.3,200.0
709.5796524999896,200.20000000000002,200.0
709.8834652999649,200.20000000000002,200.0
710.2041958998889,200.20000000000002,200.0
710.5262552999193,200.20000000000002,200.0
710.8284027999034,200.20000000000002,200.0
711.1466213999083,200.4,200.0
711.4657781999558,200.4,200.0
711.7724032999249,200.4,200.0
712.0919113999698,200.20000000000002,200.0
712.4098271999974,200.20000000000002,200.0
712.7147555999691,200.20000000000002,200.0
713.036092699971,200.5,200.0
713.3531194999814,200.5,200.0
713.6599132999545,200.5,200.0
713.9633473999565,200.20000000000002,200.0
714.281178599922,200.20000000000002,200.0
714.5829886998981,200.20000000000002,200.0
714.9042771999957,200.4,200.0
715.2265938998898,200.4,200.0
715.543680200004,200.20000000000002,200.0
715.845986399916,200.20000000000002,200.0
716.1534899999388,200.20000000000002,200.0
716.4719863999635,200.3,200.0
716.7747963999864,200.3,200.0
717.0970188999781,200.3,200.0
717.4140369999222,200.3,200.0
717.717035299982,200.3,200.0
718.0387858999893,200.3,200.0
718.3565080999397,200.20000000000002,200.0
718.6638440999668,200.20000000000002,200.0
718.9639558999334,200.20000000000002,200.0
719.2858258999186,200.5,200.0
719.6047531999648,200.5,200.0
719.9229039999191,200.20000000000002,200.0
720.2308658999391,200.20000000000002,200.0
720.5479099999648,200.20000000000002,200.0
720.869813999976,200.5,200.0
721.1735030999407,200.5,200.0
721.492400099989,200.5,200.0
721.8110988999251,200.10000000000002,200.0
722.1313540999545,200.10000000000002,200.0
722.4343953999924,200.10000000000002,200.0
722.7530034999363,200.3,200.0
723.0586437999737,200.3,200.0
723.3770187000046,200.3,200.0
723.6960841999389,200.20000000000002,200.0
724.000480299932,200.20000000000002,200.0
724.3230711999349,200.3,200.0
724.6252683999483,200.3,200.0
724.942908899975,200.3,200.0
725.2653130999533,200.4,200.0
725.5706094999332,200.4,200.0
725.8898905999959,200.4,200.0
726.1747346998891,200.20000000000002,200.0
726.496055399999,200.20000000000002,200.0
726.8172148999292,200.20000000000002,200.0
727.1373377999989,200.5,200.0
727.4391683998983,200.5,200.0
727.7407398999203,200.5,200.0
728.0631454999093,200.10000000000002,200.0
728.3810223999899,200.10000000000002,200.0
728.6844732000027,200.4,200.0
729.0070940000005,200.4,200.0
729.3239579999354,200.4,200.0
729.6312132999301,200.20000000000002,200.0
729.9346021999372,200.20000000000002,200.0
730.2511017998913,200.20000000000002,200.0
730.5561864000047,200.3,200.0
730.8758324999362,200.3,200.0
731.1957275999011,200.3,200.0
731.5133930000011,200.3,200.0
731.8210174998967,200.3,200.0
732.1237678999314,200.3,200.0
732.4420196999563,200.20000000000002,200.0
732.7640941999853,200.20000000000002,200.0
733.0817220999161,200.4,200.0
733.3844044998987,200.4,200.0
733.7072764999466,200.4,200.0
734.0246688999468,200.10000000000002,200.0
734.3458894999931,200.10000000000002,200.0
734.6340571999317,200.10000000000002,200.0
734.9529118998908,200.4,200.0
735.2557067999151,200.4,200.0
735.5779431998963,200.4,200.0
735.8941343999468,200.10000000000002,200.0
736.2159700999036,200.10000000000002,200.0
736.5175316999666,200.10000000000002,200.0
736.8405643999577,200.3,200.0
737.1408624999458,200.3,200.0
737.463113799924,200.20000000000002,200.0
737.784738099901,200.20000000000002,200.0
738.1034504999407,200.20000000000002,200.0
738.421474599978,200.3,200.0
738.7430180999218,200.3,200.0
739.0636976999231,200.3,200.0
739.3662864998914,200.3,200.0
739.6685743998969,200.3,200.0
739.9867643999169,200.3,200.0
740.2938186998945,200.10000000000002,200.0
740.6117224999471,200.10000000000002,200.0
740.9339716999093,200.10000000000002,200.0
741.2373704999918,200.4,200.0
741.5537699999986,200.4,200.0
741.8613808999071,200.10000000000002,200.0
742.1796306999167,200.10000000000002,200.0
742.4983239999274,200.10000000000002,200.0
742.8191129999468,200.4,200.0
743.1392626999877,200.4,200.0
743.4559633999597,200.4,200.0
743.763380899909,200.10000000000002,200.0
744.0827687999699,200.10000000000002,200.0
744.4021667999914,200.10000000000002,200.0
744.7023374999408,200.3,200.0
745.0249681998976,200.3,200.0
745.3278725999407,200.3,200.0
745.6484302999452,200.3,200.0
745.9657063999912,200.3,200.0
746.27366419998,200.10000000000002,200.0
746.5773690999486,200.10000000000002,200.0
746.8944093999453,200.10000000000002,200.0
747.1979697999777,200.3,200.0
747.5186504999874,200.3,200.0
747.8363774999743,200.3,200.0
748.1418925999897,200.0,200.0
748.4606190999039,200.0,200.0
748.7652712999843,200.0,200.0
749.069214399904,200.3,200.0
749.3901677998947,200.3,200.0
749.707323199953,200.3,200.0
750.0125272999285,200.0,200.0
750.3315019999864,200.0,200.0
750.6527950000018,200.0,200.0
750.9581898999168,200.20000000000002,200.0
751.2765288999071,200.20000000000002,200.0
751.5807069999864,200.10000000000002,200.0
751.8812317999545,200.10000000000002,200.0
752.2046479999553,200.10000000000002,200.0
752.5234862999059,200.20000000000002,200.0
752.8281029999489,200.20000000000002,200.0
753.1443263998954,200.20000000000002,200.0
753.4492697999813,200.3,200.0
753.7698093999643,200.3,200.0
754.086959599983,200.3,200.0
754.3953102999367,200.10000000000002,200.0
754.6957600999158,200.10000000000002,200.0
755.0160003999481,200.10000000000002,200.0
755.3376091999235,200.3,200.0
755.657051499933,200.3,200.0
755.9438999999547,200.0,200.0
756.2658256998984,200.0,200.0
756.5822408999084,200.0,200.0
756.9014988999115,200.3,200.0
757.2070879999083,200.3,200.0
757.5266045999015,200.3,200.0
757.831521099899,200.0,200.0
758.1325721999165,200.0,200.0
758.4544437999139,200.0,200.0
758.773452399997,200.10000000000002,200.0
759.0942672999809,200.10000000000002,200.0
759.3971270999173,200.10000000000002,200.0
759.7024722999195,200.10000000000002,200.0
760.0192302999785,200.10000000000002,200.0
760.3266174999299,200.0,200.0
760.6437238999642,200.0,200.0
760.9648653999902,200.0,200.0
761.282115799957,200.20000000000002,200.0
761.5853795999428,200.20000000000002,200.0
761.9077781999949,200.20000000000002,200.0
762.2290916999336,199.9,200.0
762.5464211999206,199.9,200.0
762.8650955999037,199.9,200.0
763.1708065998973,200.20000000000002,200.0
763.4723852999741,200.20000000000002,200.0
763.7936111999443,200.20000000000002,200.0
764.1115153999999,199.9,200.0
764.4171061998932,199.9,200.0
764.7363685999298,200.10000000000002,200.0
765.0410217999015,200.10000000000002,200.0
765.3585959998891,200.10000000000002,200.0
765.6805837999564,200.0,200.0
765.9832989999559,200.0,200.0
766.3057775999187,200.0,200.0
766.6232136999024,199.9,200.0
766.9120131999953,199.9,200.0
767.2328394999495,199.9,200.0
767.5518011999084,200.0,200.0
767.8705199999968,200.0,200.0
768.1911710998975,200.0,200.0
768.4924404999474,199.8,200.0
768.815715799923,199.8,200.0
769.1330434998963,200.10000000000002,200.0
769.453364499961,200.10000000000002,200.0
769.7586473999545,200.10000000000002,200.0
770.0747492999071,199.8,200.0
770.3960973999929,199.8,200.0
770.7173382999608,199.8,200.0
771.0341920999344,200.0,200.0
771.3392281999113,200.0,200.0
771.6591669999762,200.0,200.0
771.9654952998972,199.8,200.0
772.2814085999271,199.8,200.0
772.6025470999302,199.8,200.0
772.9085936999181,199.9,200.0
773.2266797999619,199.9,200.0
773.5600630999543,199.9,200.0
773.8657073999057,199.9,200.0
774.1683592998888,199.9,200.0
774.4875847999938,199.8,200.0
774.7915263999021,199.8,200.0
775.1111453999765,199.8,200.0
775.4168886999832,200.0,200.0
775.736693099956,200.0,200.0
776.0556811999995,200.0,200.0
776.3609992999118,199.70000000000002,200.0
776.6796346999472,199.70000000000002,200.0
776.997031499981,199.70000000000002,200.0
777.3043510999996,200.0,200.0
777.6055248999037,200.0,200.0
777.9267879999243,199.8,200.0
778.2467056999449,199.8,200.0
778.5504996998934,199.8,200.0
778.8699586999137,200.0,200.0
779.1898602999281,200.0,200.0
779.4950766999973,200.0,200.0
779.798530299915,199.9,200.0
780.1170175999869,199.9,200.0
780.4222280998947,199.9,200.0
780.7265698999399,199.9,200.0
781.0447715999326,199.9,200.0
781.3649584999075,199.9,200.0
781.7005102999974,200.0,200.0
782.0046899999725,200.0,200.0
782.321743199951,199.8,200.0
782.6426128000021,199.8,200.0
782.9468336999416,199.8,200.0
783.2666198998922,200.0,200.0
783.5841925999848,200.0,200.0
783.9080386999995,200.0,200.0
784.1925152998883,199.70000000000002,200.0
784.5136895999312,199.70000000000002,200.0
784.8327404999873,199.70000000000002,200.0
785.1542017000029,200.0,200.0
785.4559603999369,200.0,200.0
785.7615659999428,200.0,200.0
786.0808399999514,199.8,200.0
786.3993622999405,199.8,200.0
786.7045349999098,199.9,200.0
787.0064817999955,199.9,200.0
787.325162999914,199.9,200.0
787.6492193999002,199.9,200.0
787.9497477998957,199.9,200.0
788.2693048999645,199.9,200.0
788.5889370999066,199.8,200.0
788.9102952999528,199.8,200.0
789.2152119999519,199.8,200.0
789.5356171999592,200.0,200.0
789.8524730999488,200.0,200.0
790.1592616999988,200.0,200.0
790.4596804999746,199.70000000000002,200.0
790.7799270999385,199.70000000000002,200.0
791.0992031999631,199.70000000000002,200.0
791.4199457999784,200.10000000000002,200.0
791.7259906999534,200.10000000000002,200.0
792.0294632998994,199.8,200.0
792.3492103999015,199.8,200.0
792.6664954998996,199.8,200.0
792.9718665999826,200.0,200.0
793.2911155999172,200.0,200.0
793.6108122000005,200.0,200.0
793.9156273999251,199.9,200.0
794.232683399925,199.9,200.0
794.5549195999047,199.9,200.0
794.8558805999346,200.0,200.0
795.1761670999695,200.0,200.0
795.4818611999508,200.0,200.0
795.8010435999604,200.0,200.0
796.1217451998964,200.0,200.0
796.4252316999482,199.8,200.0
796.7429070998915,199.8,200.0
797.0645703999326,199.8,200.0
797.3505082000047,200.10000000000002,200.0
797.6709876999957,200.10000000000002,200.0
797.9895160999149,200.10000000000002,200.0
798.312772699981,199.8,200.0
798.6137700999388,199.8,200.0
798.9195332999807,199.8,200.0
799.2397585998988,200.10000000000002,200.0
799.5579571999842,200.10000000000002,200.0
799.8751256999094,200.10000000000002,200.0
800.1829865999753,199.8,200.0
800.5012339999666,199.8,200.0
800.820774499909,200.0,200.0
801.1387635999126,200.0,200.0
801.4450107999146,200.0,200.0
801.7641980999615,200.0,200.0
802.0837825998897,200.0,200.0
802.3887030999176,200.0,200.0
802.7074933999684,199.9,200.0
803.0090252999216,199.9,200.0
803.3300407999195,199.9,200.0
803.6521199999843,200.10000000000002,200.0
803.9533651999664,200.10000000000002,200.0
804.2727646999992,200.10000000000002,200.0
804.5782078999327,199.8,200.0
804.8990087999264,199.8,200.0
805.2028168999823,200.20000000000002,200.0
805.5054487999296,200.20000000000002,200.0
805.8266697999788,200.20000000000002,200.0
806.1432014999446,199.9,200.0
806.4640510999598,199.9,200.0
806.784579899977,199.9,200.0
807.0897690999554,200.10000000000002,200.0
807.4066536999308,200.10000000000002,200.0
807.7263806998963,200.10000000000002,200.0
808.0328582999064,200.0,200.0
808.3491991999326,200.0,200.0
808.6701629000017,200.0,200.0
808.9881956999889,200.0,200.0
809.3098607999273,200.0,200.0
809.6157144999597,200.10000000000002,200.0
809.918384199962,200.10000000000002,200.0
810.2386873998912,200.10000000000002,200.0
810.5573043999029,199.9,200.0
810.878977999906,199.9,200.0
811.1810792000033,199.9,200.0
811.5020611999789,200.20000000000002,200.0
811.8196255998919,200.20000000000002,200.0
812.1219835999655,200.20000000000002,200.0
812.4431408999953,199.9,200.0
812.745588599937,199.9,200.0
813.0663808999816,199.9,200.0
813.3685661999043,200.20000000000002,200.0
813.6914599000011,200.20000000000002,200.0
813.994132099906,200.0,200.0
814.3138643999118,200.0,200.0
814.6354710999876,200.0,200.0
814.9384141999763,200.20000000000002,200.0
815.2581077999203,200.20000000000002,200.0
815.5785682999995,200.20000000000002,200.0
815.8968973999145,200.10000000000002,200.0
816.2145542999497,200.10000000000002,200.0
816.5208752999315,200.10000000000002,200.0
816.8383339999709,200.0,200.0
817.1585162999108,200.0,200.0
817.4797374999616,200.20000000000002,200.0
817.7986593999667,200.20000000000002,200.0
818.0854201999027,200.20000000000002,200.0
818.4054521999788,199.9,200.0
818.7243261999683,199.9,200.0
819.0304775999393,199.9,200.0
819.3517999999458,200.20000000000002,200.0
819.6708813000005,200.20000000000002,200.0
819.9885102999397,200.20000000000002,200.0
820.3114328999072,199.9,200.0
820.6288764999481,199.9,200.0
820.9353094999678,199.9,200.0
821.2522271999624,200.20000000000002,200.0
821.5736614998896,200.20000000000002,200.0
821.8750114999712,200.0,200.0
822.1972846999997,200.0,200.0
822.4999585999176,200.0,200.0
822.821205999935,200.10000000000002,200.0
823.1222196999006,200.10000000000002,200.0
823.4419114999473,200.10000000000002,200.0
823.7633781998884,200.10000000000002,200.0
824.0524053999688,200.10000000000002,200.0
824.3692561999196,200.10000000000002,200.0
824.6895168999908,199.9,200.0
825.0115472999169,199.9,200.0
825.3144539999776,199.9,200.0
825.6323567999061,200.20000000000002,200.0
825.9383774999296,200.20000000000002,200.0
826.2549471999519,200.20000000000002,200.0
826.5778379999101,199.9,200.0
826.8945900999242,199.9,200.0
827.2149100999814,200.10000000000002,200.0
827.5362942999927,200.10000000000002,200.0
827.8394202999771,200.10000000000002,200.0
828.1571193999844,199.9,200.0
828.4777749999193,199.9,200.0
828.7987797999522,199.9,200.0
829.1163251999533,200.0,200.0
829.4386482998962,200.0,200.0
829.7417788999155,200.0,200.0
830.0435613999143,199.9,200.0
830.3651188999647,199.9,200.0
830.6846240999876,199.9,200.0
830.9888830999844,199.9,200.0
831.2919158999575,199.9,200.0
831.6108464999124,200.10000000000002,200.0
831.9321347998921,200.10000000000002,200.0
832.2531715999357,200.10000000000002,200.0
832.5563319999492,199.8,200.0
832.8745512999594,199.8,200.0
833.1930860999273,199.8,200.0
833.5127268999349,200.20000000000002,200.0
833.8179922999116,200.20000000000002,200.0
834.139618899906,200.20000000000002,200.0
834.4572210999904,199.9,200.0
834.7764395999257,199.9,200.0
835.0816289999057,200.10000000000002,200.0
835.3834492999595,200.10000000000002,200.0
835.7032332998933,200.10000000000002,200.0
836.0271068000002,199.9,200.0
836.3301500999369,199.9,200.0
836.6315389999654,199.9,200.0
836.9515582999447,200.0,200.0
837.2710188999772,200.0,200.0
837.5910928999074,200.0,200.0
837.8938622999704,200.0,200.0
838.2001843999606,200.0,200.0
838.5182649999624,200.0,200.0
838.8244649999542,199.9,200.0
839.1419979999773,199.9,200.0
839.4618253998924,200.20000000000002,200.0
839.76521829993,200.20000000000002,200.0
840.0870567999082,200.20000000000002,200.0
840.3907186998986,199.9,200.0
840.7082991999341,199.9,200.0
841.0280075999908,199.9,200.0
841.3178396999137,200.20000000000002,200.0
841.6379096999299,200.20000000000002,200.0
841.956534099998,200.20000000000002,200.0
842.2780549000017,199.9,200.0
842.5967044999124,199.9,200.0
842.8996881999774,199.9,200.0
843.2203777999384,200.0,200.0
843.5405755999964,200.0,200.0
843.8600110999541,200.0,200.0
844.1646497999318,200.0,200.0
844.4830958999228,200.0,200.0
844.8000100998906,200.0,200.0
845.1208830999676,200.0,200.0
845.427634099964,200.0,200.0
845.7434180999408,200.10000000000002,200.0
846.0655274000019,200.10000000000002,200.0
846.3826549999649,200.10000000000002,200.0
846.6893004999729,199.9,200.0
846.9919360999484,199.9,200.0
847.3143507998902,199.9,200.0
847.630126999924,200.20000000000002,200.0
847.9509363999823,200.20000000000002,200.0
848.2562219999963,199.8,200.0
848.5594047999475,199.8,200.0
848.8802003999008,199.8,200.0
849.2008475000039,200.10000000000002,200.0
849.5203195998911,200.10000000000002,200.0
849.8384354999289,200.10000000000002,200.0
850.1418181998888,199.9,200.0
850.4620356999803,199.9,200.0
850.7676070999587,199.9,200.0
851.0864583998919,199.9,200.0
851.3889367999509,199.9,200.0
851.7080237999326,199.9,200.0
852.0268779000035,200.0,200.0
852.3151387999533,200.0,200.0
852.6354653999442,200.0,200.0
852.9545205999166,199.9,200.0
853.2752594999038,199.9,200.0
853.5815982999047,200.10000000000002,200.0
853.8842110999394,200.10000000000002,200.0
854.2025824999437,200.10000000000002,200.0
854.5067926999182,199.8,200.0
854.8275445000036,199.8,200.0
855.1459617998917,199.8,200.0
855.4656592999818,200.10000000000002,200.0
855.7706226999871,200.10000000000002,200.0
856.0717407999327,200.10000000000002,200.0
856.3935994999483,199.8,200.0
856.7117441999726,199.8,200.0
857.0176908998983,199.8,200.0
857.3363420999376,200.0,200.0
857.6411800999194,200.0,200.0
857.9587790999794,199.9,200.0
858.2796147998888,199.9,200.0
858.585672999965,199.9,200.0
858.8873498999747,199.9,200.0
859.2065991999116,199.9,200.0
859.5279821999138,199.9,200.0
859.8300527998945,200.10000000000002,200.0
860.1358286999166,200.10000000000002,200.0
860.4528150999686,200.10000000000002,200.0
860.7727519999025,199.9,200.0
861.0949228999671,199.9,200.0
861.3815707999747,199.9,200.0
861.7010930998949,200.20000000000002,200.0
862.020777400001,200.20000000000002,200.0
862.3397895999951,199.9,200.0
862.6589107000036,199.9,200.0
862.9654309999896,199.9,200.0
863.2831091999542,200.10000000000002,200.0
863.6043136999942,200.10000000000002,200.0
863.9067486999556,200.10000000000002,200.0
864.228325999924,199.9,200.0
864.5301922999788,199.9,200.0
864.8481659999816,199.9,200.0
865.1542284999741,200.10000000000002,200.0
865.4748640999896,200.10000000000002,200.0
865.793057099916,200.10000000000002,200.0
866.0992681999924,200.10000000000002,200.0
866.400888199918,200.10000000000002,200.0
866.7210166999139,200.0,200.0
867.0416080999421,200.0,200.0
867.361639999901,200.0,200.0
867.6631610998884,200.20000000000002,200.0
867.9840531999944,200.20000000000002,200.0
868.3025515999179,200.20000000000002,200.0
868.6252732999856,199.9,200.0
868.9260091999313,199.9,200.0
869.2309499999974,199.9,200.0
869.5512051999103,200.20000000000002,200.0
869.8682817999506,200.20000000000002,200.0
870.175290599931,200.20000000000002,200.0
870.4777263998985,199.9,200.0
870.799538299907,199.9,200.0
871.1159751999658,200.0,200.0
871.4355508999433,200.0,200.0
871.7391010998981,200.0,200.0
872.0607366999611,200.0,200.0
872.3812865999062,200.0,200.0
872.683731499943,200.0,200.0
873.0021103000036,199.9,200.0
873.3094284998951,199.9,200.0
873.6272726999596,199.9,200.0
873.9333838999737,200.10000000000002,200.0
874.2512131999247,200.10000000000002,200.0
874.5711836999981,200.10000000000002,200.0
874.8895829999819,199.9,200.0
875.1929423999973,199.9,200.0
875.5117427998921,200.20000000000002,200.0
875.8332610999933,200.20000000000002,200.0
876.153416999965,200.20000000000002,200.0
876.4432180000003,199.8,200.0
876.7596066999249,199.8,200.0
877.0798106999137,199.8,200.0
877.3998526999494,200.10000000000002,200.0
877.7213992999168,200.10000000000002,200.0
878.0262388999108,200.10000000000002,200.0
878.3415519999107,199.8,200.0
878.6651172999991,199.8,200.0
878.9672659999924,199.8,200.0
879.2875264999457,199.9,200.0
879.6049330999376,199.9,200.0
879.9270801999373,199.9,200.0
880.244842999964,199.9,200.0
880.5502883999143,199.9,200.0
880.8675425999099,199.8,200.0
881.1902565999189,199.8,200.0
881.507247799891,199.8,200.0
881.8301650999347,200.0,200.0
882.1350026999135,200.0,200.0
882.4373558999505,200.0,200.0
882.7567583998898,199.70000000000002,200.0
883.0589936999604,199.70000000000002,200.0
883.379394199932,199.70000000000002,200.0
883.699296799954,200.0,200.0
884.0019043999491,200.0,200.0
884.3213442999404,199.60000000000002,200.0
884.6264564999146,199.60000000000002,200.0
884.9471609999891,199.60000000000002,200.0
885.2517001999076,199.8,200.0
885.5700463999528,199.8,200.0
885.8743830999592,199.8,200.0
886.1912747999886,199.70000000000002,200.0
886.4975234000012,199.70000000000002,200.0
886.8192982999608,199.70000000000002,200.0
887.1388990998967,199.70000000000002,200.0
887.4411943999585,199.70000000000002,200.0
887.7462950999616,199.70000000000002,200.0
888.0619858999271,199.9,200.0
888.3818622999825,199.9,200.0
888.688986999914,199.70000000000002,200.0
888.991522599943,199.70000000000002,200.0
889.324902699911,199.70000000000002,200.0
889.630148599972,200.0,200.0
889.9513764999574,200.0,200.0
890.2717409000034,200.0,200.0
890.5884670999367,199.60000000000002,200.0
890.8945058999816,199.60000000000002,200.0
891.2132386999438,199.60000000000002,200.0
891.5317789999535,199.9,200.0
891.8523595998995,199.9,200.0
892.1586950999917,199.9,200.0
892.4785946999909,199.70000000000002,200.0
892.7940654999111,199.70000000000002,200.0
893.114712099894,199.8,200.0
893.4368077999679,199.8,200.0
893.7400587999728,199.8,200.0
894.0604667000007,199.8,200.0
894.380293599912,199.8,200.0
894.7009059999837,199.8,200.0
895.0030480999267,199.70000000000002,200.0
895.3041406999109,199.70000000000002,200.0
895.6242860999191,199.70000000000002,200.0
895.9462575999787,200.0,200.0
896.2657824999187,200.0,200.0
896.5675850999542,200.0,200.0
896.8888917999575,199.70000000000002,200.0
897.2098548999056,199.70000000000002,200.0
897.5101832998917,200.0,200.0
897.8306063999189,200.0,200.0
898.1371684999904,200.0,200.0
898.457202999969,199.70000000000002,200.0
898.7775374999037,199.70000000000002,200.0
899.0796196999727,199.70000000000002,200.0
899.3987570999889,200.0,200.0
899.7040794999339,200.0,200.0
900.0210319999605,200.0,200.0
900.325852699927,199.9,200.0
900.6460294999415,199.9,200.0
900.9515967000043,199.9,200.0
901.2676127000013,199.9,200.0
901.5736496999161,199.9,200.0
901.8934244998964,200.10000000000002,200.0
902.2148745999439,200.10000000000002,200.0
902.5146826999262,200.10000000000002,200.0
902.8198198999744,199.9,200.0
903.1418101999443,199.9,200.0
903.4582188999048,199.9,200.0
903.7777836999157,200.20000000000002,200.0
904.0840865999926,200.20000000000002,200.0
904.3857543999329,200.20000000000002,200.0
904.7078830999089,199.8,200.0
905.0277146999724,199.8,200.0
905.3320903999265,199.8,200.0
905.6319753999123,200.10000000000002,200.0
905.9529467999237,200.10000000000002,200.0
906.2732180999592,200.10000000000002,200.0
906.5795644999016,199.9,200.0
906.8982830999885,199.9,200.0
907.2170267999172,200.0,200.0
907.5187463999027,200.0,200.0
907.8418708998943,200.0,200.0
908.1585325999185,200.10000000000002,200.0
908.47909909999,200.10000000000002,200.0
908.7994153999025,200.10000000000002,200.0
909.0890004999237,200.0,200.0
909.4052669999655,200.0,200.0
909.7281652999809,200.0,200.0
910.0312485999893,200.20000000000002,200.0
910.3515434999717,200.20000000000002,200.0
910.6549882999389,200.20000000000002,200.0
910.9749150999123,199.9,200.0
911.2922856999794,199.9,200.0
911.5996708999155,200.20000000000002,200.0
911.9014519999037,200.20000000000002,200.0
912.2188563999953,200.20000000000002,200.0
912.5395672000013,199.9,200.0
912.8448137999512,199.9,200.0
913.1462442999473,199.9,200.0
913.468736599898,200.10000000000002,200.0
913.7894256999716,200.10000000000002,200.0
914.0919940999011,200.10000000000002,200.0
914.4112441999605,200.0,200.0
914.7316294999328,200.0,200.0
915.0364697999321,200.0,200.0
915.3564654999645,200.0,200.0
915.6580979999853,200.0,200.0
915.9601903998991,200.20000000000002,200.0
916.2801267999457,200.20000000000002,200.0
916.6020538999,200.20000000000002,200.0
916.9068826999282,200.0,200.0
917.2245634999126,200.0,200.0
917.5297388999024,200.0,200.0
917.8491549999453,200.20000000000002,200.0
918.1525939999847,200.20000000000002,200.0
918.4730014998931,200.20000000000002,200.0
918.792226599995,199.8,200.0
919.0963632999919,199.8,200.0
919.4165615999373,199.8,200.0
919.7178811999038,200.10000000000002,200.0
920.0397328999825,200.10000000000002,200.0
920.3434428999899,199.8,200.0
920.6642781998962,199.8,200.0
920.9676624999847,199.8,200.0
921.2861556999851,200.0,200.0
921.6055590999313,200.0,200.0
921.9106538998894,200.0,200.0
922.2274345998885,200.0,200.0
922.5509261999978,200.0,200.0
922.870067999931,200.0,200.0
923.170626499923,199.9,200.0
923.4773915999103,199.9,200.0
923.79419029993,199.9,200.0
924.1145736000035,200.10000000000002,200.0
924.4333464999218,200.10000000000002,200.0
924.7241509999149,200.10000000000002,200.0
925.0410279999487,199.8,200.0
925.3616348999785,199.8,200.0
925.6807734000031,200.10000000000002,200.0
925.9873282999033,200.10000000000002,200.0
926.3061501999618,200.10000000000002,200.0
926.6269168999279,199.8,200.0
926.9303115999792,199.8,200.0
927.2501833999995,199.8,200.0
927.570893600001,200.0,200.0
927.8881574999541,200.0,200.0
928.1943542999215,200.0,200.0
928.5138889999362,200.0,200.0
928.8322667999892,200.0,200.0
929.1529872999527,200.0,200.0
929.4543395999353,200.0,200.0
929.7762006999692,200.0,200.0
930.0771239999449,200.20000000000002,200.0
930.3977759999689,200.20000000000002,200.0
930.7038519999478,200.20000000000002,200.0
931.0244848999428,200.0,200.0
931.3256546999328,200.0,200.0
931.6478474999312,200.0,200.0
931.9672844999004,200.3,200.0
932.284615399898,200.3,200.0
932.6055427999236,200.3,200.0
932.9069669999881,199.9,200.0
933.2271656999364,199.9,200.0
933.5320785999065,199.9,200.0
933.8532367999433,200.20000000000002,200.0
934.1544958999148,200.20000000000002,200.0
934.4760260999901,199.9,200.0
934.777427699999,199.9,200.0
935.0983600999461,199.9,200.0
935.4054534999887,200.10000000000002,200.0
935.7231879999163,200.10000000000002,200.0
936.0279729999602,200.10000000000002,200.0
936.3459809999913,200.10000000000002,200.0
936.668268899899,200.10000000000002,200.0
936.9701417000033,200.10000000000002,200.0
937.2906161999563,200.0,200.0
937.5920379000017,200.0,200.0
937.9132033999776,200.0,200.0
938.2162235999713,200.20000000000002,200.0
938.5369648999767,200.20000000000002,200.0
938.8546956999926,199.9,200.0
939.1760786999948,199.9,200.0
939.4781530000037,199.9,200.0
939.7981861999724,200.20000000000002,200.0
940.1196481999941,200.20000000000002,200.0
940.4242589999922,200.20000000000002,200.0
940.745319699985,199.9,200.0
941.0455285999924,199.9,200.0
941.3645431000041,199.9,200.0
941.6860062999185,200.20000000000002,200.0
942.0046281999676,200.20000000000002,200.0
942.3103202999337,200.20000000000002,200.0
942.6318955000024,200.10000000000002,200.0
942.9484666999197,200.10000000000002,200.0
943.2701389999129,200.0,200.0
943.5871749999933,200.0,200.0
943.9075267999433,200.0,200.0
944.2131748999236,200.10000000000002,200.0
944.5330239000032,200.10000000000002,200.0
944.8498896999517,200.10000000000002,200.0
945.1701786998892,199.9,200.0
945.4925692999968,199.9,200.0
945.7952430999139,199.9,200.0
946.1168517998885,200.20000000000002,200.0
946.4188512999099,200.20000000000002,200.0
946.7369495999301,199.8,200.0
947.0587978999829,199.8,200.0
947.3638502999675,199.8,200.0
947.6791437999345,200.10000000000002,200.0
948.0004461999051,200.10000000000002,200.0
948.3070709999884,200.10000000000002,200.0
948.6241443000035,199.9,200.0
948.9429473999189,199.9,200.0
949.262133799959,199.9,200.0
949.5538912999909,200.0,200.0
949.8695809999481,200.0,200.0
950.1933324999409,200.0,200.0
950.5102120999945,200.0,200.0
950.8308700999478,200.0,200.0
951.1501442999579,199.9,200.0
951.4568205999676,199.9,200.0
951.7727009999799,199.9,200.0
952.093437399948,200.10000000000002,200.0
952.3984530000016,200.10000000000002,200.0
952.7177357999608,200.10000000000002,200.0
953.0390156999929,199.8,200.0
953.3416637999471,199.8,200.0
953.6592187999049,199.8,200.0
953.9647623999044,200.20000000000002,200.0
954.2867326999549,200.20000000000002,200.0
954.5893015000038,200.20000000000002,200.0
954.9097933999728,199.9,200.0
955.2255917999428,199.9,200.0
955.5489549998892,200.10000000000002,200.0
955.8357397998916,200.10000000000002,200.0
956.1559096999699,200.10000000000002,200.0
956.4751995999832,200.0,200.0
956.7946591998916,200.0,200.0
957.099913999904,200.0,200.0
957.4009219999425,200.0,200.0
957.7217897999799,200.0,200.0
958.0432871999219,200.0,200.0
958.3608281998895,200.10000000000002,200.0
958.6651608999819,200.10000000000002,200.0
958.9983272999525,200.10000000000002,200.0
959.3054489999777,199.9,200.0
959.62490169995,199.9,200.0
959.9449300999986,200.10000000000002,200.0
960.2642213999061,200.10000000000002,200.0
960.5850626999745,200.10000000000002,200.0
960.8873861999018,199.8,200.0
961.2078248999314,199.8,200.0
961.5290863999398,199.8,200.0
961.8297762000002,200.10000000000002,200.0
962.1365501999389,200.10000000000002,200.0
962.4532315999968,200.10000000000002,200.0
962.7746102999663,199.9,200.0
963.0793237999314,199.9,200.0
963.3982406998985,199.9,200.0
963.6991724999389,200.0,200.0
964.0209409999661,200.0,200.0
964.3407114999136,200.0,200.0
964.6461998999584,200.0,200.0
964.9650181999896,200.0,200.0
965.2854036999634,199.9,200.0
965.6014584999066,199.9,200.0
965.9082960999804,199.9,200.0
966.209618999972,200.10000000000002,200.0
966.5316126999678,200.10000000000002,200.0
966.8509326999774,200.10000000000002,200.0
967.1524066999555,199.9,200.0
967.4591715999413,199.9,200.0
967.7797981998883,199.9,200.0
968.0970534998924,200.20000000000002,200.0
968.4180048999842,200.20000000000002,200.0
968.7199226999655,199.9,200.0
969.0267845999915,199.9,200.0
969.3435162999667,199.9,200.0
969.6651537999278,200.20000000000002,200.0
969.9661241999129,200.20000000000002,200.0
970.286367499968,200.20000000000002,200.0
970.6081563999178,200.0,200.0
970.9106094999006,200.0,200.0
971.2333374998998,200.0,200.0
971.5514194999123,200.10000000000002,200.0
971.8683283999562,200.10000000000002,200.0
972.1901266999776,200.10000000000002,200.0
972.5082870998885,200.20000000000002,200.0
972.8307833999861,200.20000000000002,200.0
973.1359326998936,200.0,200.0
973.4536530999467,200.0,200.0
973.7709094999591,200.0,200.0
974.0919723999687,200.20000000000002,200.0
974.394874199992,200.20000000000002,200.0
974.7158109999727,200.20000000000002,200.0
975.0363518999657,199.9,200.0
975.3384657999268,199.9,200.0
975.6590995999286,199.9,200.0
975.9771233999636,200.20000000000002,200.0
976.2850812999532,200.20000000000002,200.0
976.5876211998984,200.20000000000002,200.0
976.90743069991,200.0,200.0
977.228646799922,200.0,200.0
977.5311802999349,200.10000000000002,200.0
977.8474638999905,200.10000000000002,200.0
978.1553487998899,200.10000000000002,200.0
978.4720602999441,200.10000000000002,200.0
978.7773862999165,200.10000000000002,200.0
979.0990890999092,200.10000000000002,200.0
979.4142473998945,200.0,200.0
979.7360537999775,200.0,200.0
980.0233848999487,200.0,200.0
980.3460027999245,200.20000000000002,200.0
980.6627348999027,200.20000000000002,200.0
980.9685871999245,200.20000000000002,200.0
981.2891297999304,199.9,200.0
981.5913600999629,199.9,200.0
981.9127815999091,200.20000000000002,200.0
982.2324939999962,200.20000000000002,200.0
982.5341468999395,200.20000000000002,200.0
982.8519676999422,199.9,200.0
983.15644349996,199.9,200.0
983.4768417999148,199.9,200.0
983.782323799911,200.20000000000002,200.0
984.1001176999416,200.20000000000002,200.0
984.4217792999698,200.20000000000002,200.0
984.7231647999724,200.0,200.0
985.0259613998933,200.0,200.0
985.34646349994,200.0,200.0
985.6686932999874,200.10000000000002,200.0
985.972998799989,200.10000000000002,200.0
986.2749152999604,200.10000000000002,200.0
986.5957901999354,200.10000000000002,200.0
986.9144100999692,200.10000000000002,200.0
987.2166968999663,200.0,200.0
987.5384246999165,200.0,200.0
987.8414858999895,200.0,200.0
988.1635513999499,200.20000000000002,200.0
988.4656791999005,200.20000000000002,200.0
988.7836662998889,200.20000000000002,200.0
989.106396399904,199.9,200.0
989.407851499971,199.9,200.0
989.7272448999574,199.9,200.0
990.0321221998893,200.20000000000002,200.0
990.3512780999299,200.20000000000002,200.0
990.6698490999406,200.20000000000002,200.0
990.9898694999283,199.9,200.0
991.2939882999053,199.9,200.0
991.614125299966,200.10000000000002,200.0
991.9206775999628,200.10000000000002,200.0
992.2378178999061,200.10000000000002,200.0
992.5402484999504,200.0,200.0
992.86541879992,200.0,200.0
993.1643739999272,200.0,200.0
993.486445199931,200.0,200.0
993.804550300003,200.0,200.0
994.1093769998988,200.0,200.0
994.4274898999138,200.20000000000002,200.0
994.7506542999763,200.20000000000002,200.0
995.0370166999055,200.20000000000002,200.0
995.3538804999553,199.9,200.0
995.674559499952,199.9,200.0
995.9978966999333,200.20000000000002,200.0
996.2976546999998,200.20000000000002,200.0
996.6208155999193,200.20000000000002,200.0
996.92469289992,199.9,200.0
997.2271964999381,199.9,200.0
997.547109899926,199.9,200.0
997.8705779999727,200.10000000000002,200.0
998.1875423999736,200.10000000000002,200.0
998.5061359999236,200.10000000000002,200.0
998.8238250999711,200.0,200.0
999.129773399909,200.0,200.0
999.4323767999886,200.0,200.0
999.7541379999602,200.0,200.0
1000.0570197999477,200.0,200.0
1000.3779582999414,200.10000000000002,200.0
1000.6951067999471,200.10000000000002,200.0
1001.0007007999811,200.10000000000002,200.0
1001.3214981999481,200.0,200.0
1001.639167199959,200.0,200.0
1001.9581279999111,200.0,200.0
1002.2786460999632,200.20000000000002,200.0
1002.5824138999451,200.20000000000002,200.0
1002.9006712998962,200.20000000000002,200.0
1003.2069440999767,199.8,200.0
1003.5091126000043,199.8,200.0
1003.8300425999332,199.8,200.0
1004.1510407999158,200.10000000000002,200.0
1004.4527430000016,200.10000000000002,200.0
1004.7714837999083,199.8,200.0
1005.0932188999141,199.8,200.0
1005.3968954999,199.8,200.0
1005.7175083999755,200.0,200.0
1006.0352574998979,200.0,200.0
1006.3554222999373,200.0,200.0
1006.6573161999695,199.9,200.0
1006.977667799918,199.9,200.0
1007.2992916998919,199.9,200.0
1007.6193003999069,199.9,200.0
1007.9204748999327,199.9,200.0
1008.2443878999911,199.9,200.0
1008.5436551999301,200.10000000000002,200.0
1008.866954099969,200.10000000000002,200.0
1009.1676552999998,199.8,200.0
1009.490726799937,199.8,200.0
1009.8094545999775,199.8,200.0
1010.1137395999394,200.10000000000002,200.0
1010.4179765000008,200.10000000000002,200.0
1010.7370018999791,200.10000000000002,200.0
1011.0579088999657,199.8,200.0
1011.3606186999241,199.8,200.0
1011.6616671999218,199.8,200.0
1011.9846271999413,200.10000000000002,200.0
1012.3037845999934,200.10000000000002,200.0
1012.606175999972,200.10000000000002,200.0
1012.926924899919,199.9,200.0
1013.2306076999521,199.9,200.0
1013.5499844999285,199.9,200.0
1013.851324499934,199.9,200.0
1014.1714529999299,199.9,200.0
1014.4926166998921,200.0,200.0
1014.797871699906,200.0,200.0
1015.1151984999888,200.0,200.0
1015.4190048999153,199.8,200.0
1015.7391406999668,199.8,200.0
1016.0601668999298,199.8,200.0
1016.3804348999402,200.10000000000002,200.0
1016.6840855999617,200.10000000000002,200.0
1017.0030735000037,200.10000000000002,200.0
1017.3250667999964,199.8,200.0
1017.6284128999105,199.8,200.0
1017.9464650999289,200.0,200.0
1018.2500945999054,200.0,200.0
1018.5692677999614,200.0,200.0
1018.8750785999,199.70000000000002,200.0
1019.1940493999282,199.70000000000002,200.0
1019.5122693999438,199.70000000000002,200.0
1019.8176159999566,199.9,200.0
1020.1381938999984,199.9,200.0
1020.4585744999349,199.9,200.0
1020.7767621999374,199.8,200.0
1021.08027019992,199.8,200.0
1021.3999325999757,199.8,200.0
1021.717038200004,199.8,200.0
1022.0399447999662,199.8,200.0
1022.3450817998964,200.0,200.0
1022.6619873999152,200.0,200.0
1022.9812292999122,200.0,200.0
1023.2857309998944,199.8,200.0
1023.6072304999689,199.8,200.0
1023.9269016999751,199.8,200.0
1024.2475159999449,200.10000000000002,200.0
1024.5470217999537,200.10000000000002,200.0
1024.8719341999386,200.10000000000002,200.0
1025.1732396999141,199.8,200.0
1025.4929222998908,199.8,200.0
1025.7960934999865,199.8,200.0
1026.1178825999377,200.0,200.0
1026.4359059999697,200.0,200.0
1026.7411044999026,199.8,200.0
1027.0572895999067,199.8,200.0
1027.3772003999911,199.8,200.0
1027.6830063998932,199.9,200.0
1028.0020323999925,199.9,200.0
1028.3198413999053,199.9,200.0
1028.625724399928,200.0,200.0
1028.9301398999523,200.0,200.0
1029.2499895999208,200.0,200.0
1029.5693055999,199.9,200.0
1029.8892167999875,199.9,200.0
1030.1912991999416,199.9,200.0
1030.498149799998,200.10000000000002,200.0
1030.8157491999445,200.10000000000002,200.0
1031.1363442000002,199.8,200.0
1031.438030099962,199.8,200.0
1031.7591512999497,199.8,200.0
1032.0803064999636,200.10000000000002,200.0
1032.3979232999263,200.10000000000002,200.0
1032.7026637999807,200.10000000000002,200.0
1033.0242220999207,199.8,200.0
1033.3273359999293,199.8,200.0
1033.647726999945,199.8,200.0
1033.9478655999992,200.0,200.0
1034.268472299911,200.0,200.0
1034.5899407999823,200.0,200.0
1034.893593299901,199.9,200.0
1035.2111200999934,199.9,200.0
1035.5144502999028,199.9,200.0
1035.8376293999609,199.9,200.0
1036.1404749999056,199.9,200.0
1036.4581111998996,200.10000000000002,200.0
1036.7641699999804,200.10000000000002,200.0
1037.0829947999446,200.10000000000002,200.0
1037.404006699915,199.9,200.0
1037.7053501999471,199.9,200.0
1038.0118230999215,199.9,200.0
1038.3323333999142,200.20000000000002,200.0
1038.6502261999995,200.20000000000002,200.0
1038.9680932000047,200.20000000000002,200.0
1039.2889842999866,199.9,200.0
1039.6101707998896,199.9,200.0
1039.8980271999026,199.9,200.0
1040.2190330999438,200.10000000000002,200.0
1040.536951099988,200.10000000000002,200.0
1040.8422612999566,199.9,200.0
1041.1590586999664,199.9,200.0
1041.465640099952,199.9,200.0
1041.7816240999382,200.0,200.0
1042.1018293999368,200.0,200.0
1042.4060385999037,200.0,200.0
1042.7272061998956,200.0,200.0
1043.03091449989,200.0,200.0
1043.348177399952,200.0,200.0
1043.6693529998884,199.9,200.0
1043.972317699925,199.9,200.0
1044.2939841999905,199.9,200.0
1044.5964797999477,200.20000000000002,200.0
1044.917284199968,200.20000000000002,200.0
1045.2352198999142,199.8,200.0
1045.5582690999145,199.8,200.0
1045.861030699918,199.8,200.0
1046.1626354999607,200.10000000000002,200.0
1046.4828344999114,200.10000000000002,200.0
1046.8032231999096,200.10000000000002,200.0
1047.1234934999375,199.8,200.0
1047.4439087999053,199.8,200.0
1047.7452771998942,199.8,200.0
1048.0666478999192,200.10000000000002,200.0
1048.3856218999717,200.10000000000002,200.0
1048.7064141998999,200.10000000000002,200.0
1049.0263701999793,200.0,200.0
1049.3308369999286,200.0,200.0
1049.631289199926,200.0,200.0
1049.9546370999888,200.0,200.0
1050.2736963999923,200.0,200.0
1050.5767419999465,200.10000000000002,200.0
1050.8802621999057,200.10000000000002,200.0
1051.1998785999604,200.10000000000002,200.0
1051.518852799898,199.9,200.0
1051.8414433998987,199.9,200.0
1052.1422276999801,199.9,200.0
1052.4640737998998,200.20000000000002,200.0
1052.7659494999098,200.20000000000002,200.0
1053.0858627998969,200.20000000000002,200.0
1053.3910916999448,199.9,200.0
1053.7084814999253,199.9,200.0
1054.015558999963,200.10000000000002,200.0
1054.3355964999646,200.10000000000002,200.0
1054.6523495999863,200.10000000000002,200.0
1054.972427599947,199.9,200.0
1055.278521399945,199.9,200.0
1055.5987386999186,199.9,200.0
1055.9186913999729,200.0,200.0
1056.221311799949,200.0,200.0
1056.5412735999562,200.0,200.0
1056.843859299901,200.0,200.0
1057.1652609999292,200.0,200.0
1057.4661395999137,200.0,200.0
1057.786766699981,199.9,200.0
1058.1058777999133,199.9,200.0
1058.412333699991,200.10000000000002,200.0
1058.7303153999383,200.10000000000002,200.0
1059.051959299948,200.10000000000002,200.0
1059.368373199948,199.8,200.0
1059.690822799923,199.8,200.0
1060.0084214999806,199.8,200.0
1060.31469629996,200.10000000000002,200.0
1060.6341281998903,200.10000000000002,200.0
1060.9519809999038,200.10000000000002,200.0
1061.273184599937,199.70000000000002,200.0
1061.5944140999345,199.70000000000002,200.0
1061.8786474999506,199.70000000000002,200.0
1062.1992957999464,200.0,200.0
1062.521022999892,200.0,200.0
1062.8407700998941,199.9,200.0
1063.1428413999965,199.9,200.0
1063.4639239999233,199.9,200.0
1063.7670908999862,199.9,200.0
1064.087088399916,199.9,200.0
1064.4065654999577,199.9,200.0
1064.7283427999355,200.10000000000002,200.0
1065.0458218998974,200.10000000000002,200.0
1065.3491679999279,200.10000000000002,200.0
1065.6711044999538,199.9,200.0
1065.989290199941,199.9,200.0
1066.309735299903,200.10000000000002,200.0
1066.6128077999456,200.10000000000002,200.0
1066.931164599955,200.10000000000002,200.0
1067.2346713999286,199.8,200.0
1067.5559829999693,199.8,200.0
1067.8596223999048,199.8,200.0
1068.161280500004,200.10000000000002,200.0
1068.4834287998965,200.10000000000002,200.0
1068.8015549998963,200.10000000000002,200.0
1069.1080433999887,199.8,200.0
1069.4248563,199.8,200.0
1069.731960499892,199.8,200.0
1070.0480256999144,199.9,200.0
1070.3693880999926,199.9,200.0
1070.6747959998902,199.9,200.0
1070.9931327999802,200.0,200.0
1071.2973690999206,200.0,200.0
1071.6166926999576,199.9,200.0
1071.9214904999826,199.9,200.0
1072.242451399914,199.9,200.0
1072.5580087999115,200.10000000000002,200.0
1072.8798910999903,200.10000000000002,200.0
1073.185287799919,200.10000000000002,200.0
1073.5032428998966,199.8,200.0
1073.807967599947,199.8,200.0
1074.1252069999464,199.8,200.0
1074.4441842999076,200.10000000000002,200.0
1074.7505257999292,200.10000000000002,200.0
1075.0709029999562,200.10000000000002,200.0
1075.3742154999636,199.8,200.0
1075.6916297998978,199.8,200.0
1075.9983616999816,200.0,200.0
1076.3179901998956,200.0,200.0
1076.620322200004,200.0,200.0
1076.9423042999115,199.9,200.0
1077.2578590998892,199.9,200.0
1077.563013499952,199.9,200.0
1077.8838202999905,200.0,200.0
1078.204284699983,200.0,200.0
1078.5248968999367,200.0,200.0
1078.827569999965,200.20000000000002,200.0
1079.1488471999764,200.20000000000002,200.0
1079.4678912999807,200.20000000000002,200.0
1079.785627999925,199.9,200.0
1080.1064965999685,199.9,200.0
1080.4095077998936,200.20000000000002,200.0
1080.715706899995,200.20000000000002,200.0
1081.0314761999762,200.20000000000002,200.0
1081.3518546998966,199.9,200.0
1081.6585239999695,199.9,200.0
1081.9752860999433,199.9,200.0
1082.2959987999639,200.20000000000002,200.0
1082.6160639999434,200.20000000000002,200.0
1082.9336375999264,200.20000000000002,200.0
1083.2396711999318,199.9,200.0
1083.5582726999419,199.9,200.0
1083.8792053998914,200.10000000000002,200.0
1084.2002540999092,200.10000000000002,200.0
1084.5037586999824,200.10000000000002,200.0
1084.8074781999458,200.10000000000002,200.0
1085.1241587999975,200.10000000000002,200.0
1085.4456540999236,200.10000000000002,200.0
1085.7483072999166,200.0,200.0
1086.0541114999214,200.0,200.0
1086.372840499971,200.0,200.0
1086.6925037999172,200.20000000000002,200.0
1086.997625799966,200.20000000000002,200.0
1087.316910799942,200.20000000000002,200.0
1087.6363518999424,199.9,200.0
1087.94076389994,199.9,200.0
1088.2417627999093,199.9,200.0
1088.5635400000028,200.20000000000002,200.0
1088.8849270999199,200.20000000000002,200.0
1089.2007828999776,199.9,200.0
1089.5073119999142,199.9,200.0
1089.8113870999077,199.9,200.0
1090.1322510999162,200.10000000000002,200.0
1090.4340500999242,200.10000000000002,200.0
1090.7542104999302,200.10000000000002,200.0
1091.075098100002,200.0,200.0
1091.3769616999198,200.0,200.0
1091.6832719999366,200.0,200.0
1091.9990990998922,200.10000000000002,200.0
1092.3202790999785,200.10000000000002,200.0
1092.623623899999,200.10000000000002,200.0
1092.9452233999036,200.20000000000002,200.0
1093.2477191999787,200.20000000000002,200.0
1093.5676976999966,200.0,200.0
1093.8871223999886,200.0,200.0
1094.2069072999293,200.0,200.0
1094.5283992999466,200.3,200.0
1094.8304483999964,200.3,200.0
1095.1354493999388,200.3,200.0
1095.4530763999792,199.9,200.0
1095.7738126999466,199.9,200.0
1096.0957122999243,199.9,200.0
1096.397946699988,200.20000000000002,200.0
1096.7017022999935,200.20000000000002,200.0
1097.022089999984,200.20000000000002,200.0
1097.3247954999097,200.0,200.0
1097.6457086999435,200.0,200.0
1097.9648439999437,200.10000000000002,200.0
1098.2852464999305,200.10000000000002,200.0
1098.5880692999344,200.10000000000002,200.0
1098.9094398999587,200.10000000000002,200.0
1099.2267399999546,200.10000000000002,200.0
1099.5299549999181,200.10000000000002,200.0
1099.8527760999277,200.0,200.0
1100.1547905999469,200.0,200.0
1100.474562899908,200.0,200.0
1100.7944597000023,200.20000000000002,200.0
1101.097151099937,200.20000000000002,200.0
1101.3990631999914,200.20000000000002,200.0
1101.7215706999414,199.9,200.0
1102.0429544999497,199.9,200.0
1102.3465768999886,200.3,200.0
1102.6645552999107,200.3,200.0
1102.9663332999917,200.3,200.0
1103.2872748998925,199.9,200.0
1103.6055401999038,199.9,200.0
1103.912163299974,199.9,200.0
1104.2166290999157,200.20000000000002,200.0
1104.536904299981,200.20000000000002,200.0
1104.8375507999444,200.20000000000002,200.0
1105.1587362999562,200.0,200.0
1105.476527199964,200.0,200.0
1105.7827087999322,200.0,200.0
1106.1023775999201,200.0,200.0
1106.4235239999834,200.0,200.0
1106.7427343999734,200.0,200.0
1107.06135419989,200.20000000000002,200.0
1107.3656087999698,200.20000000000002,200.0
1107.6829412999796,200.0,200.0
1108.004580299952,200.0,200.0
1108.3242749999044,200.0,200.0
1108.6297031999566,200.20000000000002,200.0
1108.931638799957,200.20000000000002,200.0
1109.2510320999427,200.20000000000002,200.0
1109.5713182999752,199.9,200.0
1109.888770199963,199.9,200.0
1110.19637219992,199.9,200.0
1110.5136649999768,200.20000000000002,200.0
1110.8351476999233,200.20000000000002,200.0
1111.1556547998916,200.0,200.0
1111.4728139999788,200.0,200.0
1111.7918485999107,200.0,200.0
1112.0971759998938,200.10000000000002,200.0
1112.4018722999608,200.10000000000002,200.0
1112.7184305998962,200.10000000000002,200.0
1113.042662599939,200.10000000000002,200.0
1113.3440948999487,200.10000000000002,200.0
1113.6619097999064,200.10000000000002,200.0
1113.9847709999885,200.0,200.0
1114.3033421,200.0,200.0
1114.6212632999523,200.0,200.0
1114.9420924999285,200.20000000000002,200.0
1115.2451456999406,200.20000000000002,200.0
1115.568564599962,199.9,200.0
1115.884077399969,199.9,200.0
1116.1909489999525,199.9,200.0
1116.4916400999064,200.20000000000002,200.0
1116.8137591999257,200.20000000000002,200.0
1117.1316718999296,200.20000000000002,200.0
1117.4511531000026,199.9,200.0
1117.7577052999986,199.9,200.0
1118.0628565999214,199.9,200.0
1118.3646121999482,200.20000000000002,200.0
1118.6848354999674,200.20000000000002,200.0
1118.9886068999767,200.20000000000002,200.0
1119.306009199936,200.0,200.0
1119.6259610999841,200.0,200.0
1119.947663799976,200.10000000000002,200.0
1120.2517601998989,200.10000000000002,200.0
1120.5551247999538,200.10000000000002,200.0
1120.8748103999533,200.10000000000002,200.0
1121.1964827999473,200.10000000000002,200.0
1121.5124231999507,200.10000000000002,200.0
1121.8347278999863,200.0,200.0
1122.1525522999,200.0,200.0
1122.4580108999508,200.0,200.0
1122.7615133998916,200.20000000000002,200.0
1123.0822730999207,200.20000000000002,200.0
1123.3985995999537,200.20000000000002,200.0
1123.7061576999258,199.9,200.0
1124.0243051999714,199.9,200.0
1124.3418382999953,200.10000000000002,200.0
1124.6465579998912,200.10000000000002,200.0
1124.9491472999798,200.10000000000002,200.0
1125.2717461999273,199.9,200.0
1125.5730108999414,199.9,200.0
1125.8940778999822,199.9,200.0
1126.1959595999215,200.0,200.0
1126.518546099891,200.0,200.0
1126.8397504999302,200.0,200.0
1127.1566151999868,200.0,200.0
1127.4772286999505,200.0,200.0
1127.7796554999659,200.0,200.0
1128.1015336998971,199.9,200.0
1128.422639700002,199.9,200.0
1128.7423909999197,200.10000000000002,200.0
1129.05938589992,200.10000000000002,200.0
1129.3646480999887,200.10000000000002,200.0
1129.6830002999632,199.8,200.0
1129.989157599979,199.8,200.0
1130.3087557998952,199.8,200.0
1130.6286322999513,200.10000000000002,200.0
1130.9448591999244,200.10000000000002,200.0
1131.2658152999356,200.10000000000002,200.0
1131.5695759999799,199.8,200.0
1131.874598699971,199.8,200.0
1132.1951037999243,199.8,200.0
1132.4970236999216,200.10000000000002,200.0
1132.8191081999103,200.10000000000002,200.0
1133.138827299932,199.9,200.0
1133.4568176999455,199.9,200.0
1133.7777746999636,199.9,200.0
1134.0803049999522,200.0,200.0
1134.3860084000044,200.0,200.0
1134.7030154999811,200.0,200.0
1135.0212152999593,200.10000000000002,200.0
1135.3282309999922,200.10000000000002,200.0
1135.6479546999326,200.10000000000002,200.0
1135.9486861999612,199.9,200.0
1136.2682014999446,199.9,200.0
1136.5738581999904,199.9,200.0
1136.8937103999779,200.10000000000002,200.0
1137.214433999965,200.10000000000002,200.0
1137.519293099991,199.8,200.0
1137.8371697999537,199.8,200.0
1138.1727964999154,199.8,200.0
1138.4904410999734,200.10000000000002,200.0
1138.7948773999233,200.10000000000002,200.0
1139.1137253999477,200.10000000000002,200.0
1139.4381944999332,199.8,200.0
1139.7388845999958,199.8,200.0
1140.060399799957,199.8,200.0
1140.3773507999722,200.0,200.0
1140.6991202998906,200.0,200.0
1141.0174309998984,200.0,200.0
1141.3075132999802,199.9,200.0
1141.623836499988,199.9,200.0
1141.9477667999454,199.9,200.0
1142.2480959999375,199.9,200.0
1142.5705701999832,199.9,200.0
1142.8895244000014,200.0,200.0
1143.1745758999605,200.0,200.0
1143.495036499924,200.0,200.0
1143.816402599914,199.70000000000002,200.0
1144.1366145999637,199.70000000000002,200.0
1144.4385424999055,199.70000000000002,200.0
1144.7433658998925,200.10000000000002,200.0
1145.064430099912,200.10000000000002,200.0
1145.3824831999373,200.10000000000002,200.0
1145.7040473999223,199.8,200.0
1145.9914457999403,199.8,200.0
1146.3126130999299,200.0,200.0
1146.6280234999722,200.0,200.0
1146.9477353999391,200.0,200.0
1147.2538473999593,199.9,200.0
1147.5588809999172,199.9,200.0
1147.8749818999786,199.9,200.0
1148.1951153998962,200.0,200.0
1148.5011744999792,200.0,200.0
1148.821361099952,200.0,200.0
1149.1256620999193,200.0,200.0
1149.4426889999304,200.0,200.0
1149.7642884999514,200.0,200.0
1150.065542700002,199.8,200.0
1150.3719234999735,199.8,200.0
1150.690865799901,199.8,200.0
1151.0111575999763,200.10000000000002,200.0
1151.3139159999555,200.10000000000002,200.0
1151.6348081999458,199.8,200.0
1151.9374404998962,199.8,200.0
1152.2581032000016,199.8,200.0
1152.578184699989,200.10000000000002,200.0
1152.898358299979,200.10000000000002,200.0
1153.201589299948,200.10000000000002,200.0
1153.5217572998954,199.8,200.0
1153.8237213999964,199.8,200.0
1154.142170399893,199.8,200.0
1154.4641360999085,200.0,200.0
1154.7659226999385,200.0,200.0
1155.0875002999092,200.0,200.0
1155.4085919999052,199.9,200.0
1155.7272035999922,199.9,200.0
1156.032862599939,199.9,200.0
1156.3496188999852,199.9,200.0
1156.6711916999193,199.9,200.0
1156.9728579999646,200.10000000000002,200.0
1157.2775611999677,200.10000000000002,200.0
1157.5964661999606,200.10000000000002,200.0
1157.9033533999464,199.8,200.0
1158.2215223999228,199.8,200.0
1158.54213899991,199.8,200.0
1158.865022199927,200.10000000000002,200.0
1159.1786630999995,200.10000000000002,200.0
1159.502023399924,199.8,200.0
1159.7894193999236,199.8,200.0
1160.1075017999392,199.8,200.0
1160.4269759999588,200.0,200.0
1160.7449355999706,200.0,200.0
1161.048706099973,200.0,200.0
1161.3725061999867,199.9,200.0
1161.6765931999544,199.9,200.0
1161.9931019999785,199.9,200.0
1162.2992276999867,199.9,200.0
1162.6194042999996,199.9,200.0
1162.9224411000032,199.9,200.0
1163.2234808999347,200.0,200.0
1163.5439251998905,200.0,200.0
1163.8645490999334,200.0,200.0
1164.1862219999311,199.8,200.0
1164.4888776999433,199.8,200.0
1164.808240699931,200.10000000000002,200.0
1165.1302126999944,200.10000000000002,200.0
1165.4491041,200.10000000000002,200.0
1165.766931299935,199.8,200.0
1166.054595900001,199.8,200.0
1166.375573999947,199.8,200.0
1166.6969855999341,200.10000000000002,200.0
1166.996624799911,200.10000000000002,200.0
1167.3204443999566,200.10000000000002,200.0
1167.6217034999281,199.8,200.0
1167.9414911998902,199.8,200.0
1168.2627610999625,199.8,200.0
1168.5833666999824,199.9,200.0
1168.9028007999295,199.9,200.0
1169.2025757998927,199.9,200.0
1169.5243869998958,199.9,200.0
1169.8264533999609,199.9,200.0
1170.1458564999048,199.8,200.0
1170.450310699991,199.8,200.0
1170.771202199976,199.8,200.0
1171.0771879999666,200.10000000000002,200.0
1171.3960347999819,200.10000000000002,200.0
1171.714091599919,200.10000000000002,200.0
1172.0357836999465,199.8,200.0
1172.3386189999292,199.8,200.0
1172.658083199989,199.8,200.0
1172.977952199988,200.20000000000002,200.0
1173.2965023999568,200.20000000000002,200.0
1173.6150857999455,199.9,200.0
1173.921641599969,199.9,200.0
1174.2417452998925,199.9,200.0
1174.544150599977,200.10000000000002,200.0
1174.8659790999955,200.10000000000002,200.0
1175.182305199909,200.10000000000002,200.0
1175.5017431000015,199.9,200.0
1175.824009999982,199.9,200.0
1176.1278379999567,199.9,200.0
1176.4289991999976,200.0,200.0
1176.7524830999319,200.0,200.0
1177.0697905999841,200.0,200.0
1177.372216799995,200.0,200.0
1177.6955811999505,200.0,200.0
1177.996145299985,199.9,200.0
1178.3175806999207,199.9,200.0
1178.6217117999913,199.9,200.0
1178.9424208999844,200.20000000000002,200.0
1179.2620260999538,200.20000000000002,200.0
1179.5637878999114,200.20000000000002,200.0
1179.8842910999665,199.9,200.0
1180.204260099912,199.9,200.0
1180.5093035999453,199.9,200.0
1180.8130956999958,200.20000000000002,200.0
1181.1158264999976,200.20000000000002,200.0
1181.4363017999567,200.20000000000002,200.0
1181.7558252000017,199.9,200.0
1182.073589699925,199.9,200.0
1182.3765824999427,200.10000000000002,200.0
1182.6978371998994,200.10000000000002,200.0
1183.002047899994,200.10000000000002,200.0
1183.3237596999388,200.0,200.0
1183.6391445999034,200.0,200.0
1183.9458409999497,200.0,200.0
1184.267122499994,200.0,200.0
1184.5830620999914,200.0,200.0
1184.902884799987,200.0,200.0
1185.2081431999104,200.10000000000002,200.0
1185.511809199932,200.10000000000002,200.0
1185.8305215999717,200.10000000000002,200.0
1186.1373983999947,199.9,200.0
1186.4541350998916,199.9,200.0
1186.7754550999962,200.20000000000002,200.0
1187.0809908999363,200.20000000000002,200.0
1187.3831480999943,200.20000000000002,200.0
1187.7018817999633,199.9,200.0
1188.0218095999444,199.9,200.0
1188.3403758999193,199.9,200.0
1188.64564709994,200.20000000000002,200.0
1188.9645969999256,200.20000000000002,200.0
1189.2841412998969,200.20000000000002,200.0
1189.603153499891,200.0,200.0
1189.909700899967,200.0,200.0
1190.2105201999657,200.0,200.0
1190.5297551999101,200.10000000000002,200.0
1190.8510209999513,200.10000000000002,200.0
1191.1725904999766,200.10000000000002,200.0
1191.4763402999379,200.10000000000002,200.0
1191.7947948999936,200.10000000000002,200.0
1192.1153322999598,200.0,200.0
1192.4175359999062,200.0,200.0
1192.739322099951,200.0,200.0
1193.0589582999237,200.20000000000002,200.0
1193.3624589999672,200.20000000000002,200.0
1193.6822702999925,200.20000000000002,200.0
1193.9998114999617,199.9,200.0
1194.3201449998887,199.9,200.0
1194.6258704999927,199.9,200.0
1194.945483099902,200.20000000000002,200.0
1195.2482885998907,200.20000000000002,200.0
1195.56998749997,199.9,200.0
1195.8711836999282,199.9,200.0
1196.1897854999406,199.9,200.0
1196.4957380999113,200.10000000000002,200.0
1196.8163588999305,200.10000000000002,200.0
1197.134480999899,200.10000000000002,200.0
1197.4370503999526,200.0,200.0
1197.7564211999997,200.0,200.0
1198.0603253999725,200.0,200.0
1198.381930399919,200.0,200.0
1198.7016410999931,200.0,200.0
1199.0196083999472,200.0,200.0
1199.3238916998962,200.20000000000002,200.0
1199.6455871999497,200.20000000000002,200.0
1199.9660585999954,200.0,200.0
1200.2689860999817,200.0,200.0
1200.5859327999642,200.0,200.0
1200.8929593999637,200.3,200.0
1201.2121680999408,200.3,200.0
1201.5323084999109,200.3,200.0
1201.8531777999597,200.0,200.0
1202.1564125999575,200.0,200.0
1202.4761494999984,200.0,200.0
1202.7765324999345,200.20000000000002,200.0
1203.0981725999154,200.20000000000002,200.0
1203.4171272999374,200.20000000000002,200.0
1203.7202306999825,200.0,200.0
1204.0264907999663,200.0,200.0
1204.3474783999845,200.10000000000002,200.0
1204.6633468999062,200.10000000000002,200.0
1204.9849861999974,200.10000000000002,200.0
1205.2702623999212,200.10000000000002,200.0
1205.5937928999774,200.10000000000002,200.0
1205.9143113999162,200.10000000000002,200.0
1206.216915099998,200.0,200.0
1206.5369915999472,200.0,200.0
1206.8558714999817,200.0,200.0
1207.1578704999993,200.20000000000002,200.0
1207.4776330000022,200.20000000000002,200.0
1207.7999476999976,200.20000000000002,200.0
1208.119255999918,199.9,200.0
1208.437914299895,199.9,200.0
1208.7437359999167,200.20000000000002,200.0
1209.0784979999298,200.20000000000002,200.0
1209.398455599905,200.20000000000002,200.0
1209.7028883999446,199.9,200.0
1210.0191732998937,199.9,200.0
1210.326029399992,199.9,200.0
1210.6465528999688,200.10000000000002,200.0
1210.9638871999923,200.10000000000002,200.0
1211.2700377999572,200.10000000000002,200.0
1211.5722273999127,200.0,200.0
1211.8892643,200.0,200.0
1212.2100818000035,200.0,200.0
1212.5310896999435,200.0,200.0
1212.8358930998947,200.0,200.0
1213.1552655999549,200.10000000000002,200.0
1213.4754363999236,200.10000000000002,200.0
1213.7932598999469,200.10000000000002,200.0
1214.0984125999967,199.9,200.0
1214.4000834999606,199.9,200.0
1214.7217487999005,199.9,200.0
1215.0405069999397,200.20000000000002,200.0
1215.3612128999084,200.20000000000002,200.0
1215.6632623999612,200.20000000000002,200.0
1215.9850227999268,199.8,200.0
1216.3035950999474,199.8,200.0
1216.6258977999678,199.8,200.0
1216.9264306999976,200.10000000000002,200.0
1217.2461773999967,200.10000000000002,200.0
1217.566320199985,199.9,200.0
1217.88875059993,199.9,200.0
1218.1920495999511,199.9,200.0
1218.5097781999502,200.0,200.0
1218.8321578999748,200.0,200.0
1219.148807099904,200.0,200.0
1219.4694252999034,200.0,200.0
1219.787415699917,200.0,200.0
1220.0942273999099,200.0,200.0
1220.3955436999677,199.9,200.0
1220.7168088000035,199.9,200.0
1221.0376133999089,199.9,200.0
1221.3544772999594,200.10000000000002,200.0
1221.675669399905,200.10000000000002,200.0
1221.977705999976,199.8,200.0
1222.3002455999376,199.8,200.0
1222.6208510999568,199.8,200.0
1222.9229846999515,200.10000000000002,200.0
1223.2424159999937,200.10000000000002,200.0
1223.5476095998893,200.10000000000002,200.0
1223.8649115998996,199.8,200.0
1224.1867423999356,199.8,200.0
1224.5071087999968,199.8,200.0
1224.823874499998,200.10000000000002,200.0
1225.1305910999654,200.10000000000002,200.0
1225.4335205999669,199.9,200.0
1225.7506619999185,199.9,200.0
1226.0707621999318,199.9,200.0
1226.3908510999754,200.0,200.0
1226.7119475998916,200.0,200.0
1227.0133184998995,200.0,200.0
1227.3335182999726,200.10000000000002,200.0
1227.6535010999069,200.10000000000002,200.0
1227.9443186999997,200.10000000000002,200.0
1228.2622077999404,199.9,200.0
1228.5819290999789,199.9,200.0
1228.9040926999878,199.9,200.0
1229.2060960999224,200.20000000000002,200.0
1229.5268358999165,200.20000000000002,200.0
1229.8273021999048,199.8,200.0
1230.147482899949,199.8,200.0
1230.454501699889,199.8,200.0
1230.7726602999028,200.10000000000002,200.0
1231.093101699953,200.10000000000002,200.0
1231.3957608999917,200.10000000000002,200.0
1231.7142474999418,199.9,200.0
1232.035291499924,199.9,200.0
1232.357025599922,199.9,200.0
1232.6575616999762,200.0,200.0
1232.9764547999948,200.0,200.0
1233.2840895999689,200.0,200.0
1233.58644069999,200.0,200.0
1233.9075484999921,200.0,200.0
1234.22762219992,200.0,200.0
1234.5440177998971,199.9,200.0
1234.8348334999755,199.9,200.0
1235.1523576999316,200.10000000000002,200.0
1235.4737777999835,200.10000000000002,200.0
1235.7932919999585,200.10000000000002,200.0
1236.0972725999309,199.8,200.0
1236.399146999931,199.8,200.0
1236.7200832999079,199.8,200.0
1237.0414284999715,200.10000000000002,200.0
1237.3425197999459,200.10000000000002,200.0
1237.661728499923,200.10000000000002,200.0
1237.9647834999487,199.8,200.0
1238.2847123999381,199.8,200.0
1238.6057683998952,199.8,200.0
1238.9114604999777,200.10000000000002,200.0
1239.2310381999705,200.10000000000002,200.0
1239.551367499982,200.0,200.0
1239.8557140999474,200.0,200.0
1240.1720246999757,200.0,200.0
1240.4783915999578,200.0,200.0
1240.794552899897,200.0,200.0
1241.1007129999343,200.0,199.0
1241.4192838999443,200.10000000000002,197.0
1241.7237261999398,200.10000000000002,194.0
1242.0431893999921,200.10000000000002,193.0
1242.3632436000044,199.9,192.0
1242.6655686999438,199.9,191.0
1242.9875639999518,199.9,190.0
1243.2886684999103,200.20000000000002,190.0
1243.6089526999276,200.20000000000002,190.0
1243.930067999987,199.4,190.0
1244.235324399895,199.4,190.0
1244.5522168999305,199.4,190.0
1244.8582165999105,198.20000000000002,190.0
1245.1750858000014,198.20000000000002,190.0
1245.4954656999325,198.20000000000002,190.0
1245.816174199921,197.20000000000002,190.0
1246.137650599936,197.20000000000002,190.0
1246.4385920999339,197.20000000000002,190.0
1246.7582356999628,196.4,190.0
1247.0633708999958,196.4,190.0
1247.3856870000018,196.4,190.0
1247.687040299992,195.70000000000002,190.0
1248.0077594999457,195.70000000000002,190.0
1248.327971199993,195.3,190.0
1248.644513899926,195.3,190.0
1248.9490369999548,195.3,190.0
1249.271396899945,194.8,190.0
1249.5902228999184,194.8,190.0
1249.8958534999983,194.8,190.0
1250.1982361999108,194.10000000000002,190.0
1250.5186997998971,194.10000000000002,190.0
1250.8381564999,194.10000000000002,190.0
1251.1405735999579,193.5,190.0
1251.4608824999304,193.5,190.0
1251.7629670999013,193.5,190.0
1252.0825302999,193.10000000000002,190.0
1252.403696399997,193.10000000000002,190.0
1252.70557989995,192.70000000000002,190.0
1253.0101611999562,192.70000000000002,190.0
1253.3321391999489,192.70000000000002,190.0
1253.6500527999597,192.3,190.0
1253.9714328999398,192.3,190.0
1254.2755509999115,192.3,190.0
1254.5934466999024,192.3,190.0
1254.913668199908,192.3,190.0
1255.2326749999775,192.3,190.0
1255.5385635999264,192.10000000000002,190.0
1255.8548642999958,192.10000000000002,190.0
1256.1618318998953,192.10000000000002,190.0
1256.4661728999345,191.9,190.0
1256.785726299975,191.9,190.0
1257.1022697999142,191.70000000000002,190.0
1257.4078336999519,191.70000000000002,190.0
1257.7295739999972,191.70000000000002,190.0
1258.0322087999666,191.3,190.0
1258.3520409999182,191.3,190.0
1258.673043299932,191.3,190.0
1258.959972199984,191.10000000000002,190.0
1259.2789176999358,191.10000000000002,190.0
1259.5985240999144,191.10000000000002,190.0
1259.9175008999882,190.70000000000002,190.0
1260.2199587998912,190.70000000000002,190.0
1260.5435402999865,190.70000000000002,190.0
1260.8630778999068,190.8,190.0
1261.165105199907,190.8,190.0
1261.486174999969,190.8,190.0
1261.8064474998973,190.60000000000002,190.0
1262.1074542999268,190.60000000000002,190.0
1262.4259399999864,190.4,190.0
1262.7335183999967,190.4,190.0
1263.053524499992,190.4,190.0
1263.3697618999286,190.3,190.0
1263.6899912999943,190.3,190.0
1264.0101763999555,190.3,190.0
1264.3133421998937,190.0,190.0
1264.6327641999815,190.0,190.0
1264.9383668999653,190.0,190.0
1265.2594666999066,190.0,190.0
1265.5634822999127,190.0,190.0
1265.8789305998944,190.0,190.0
1266.2001926999073,189.60000000000002,190.0
1266.5045360999648,189.60000000000002,190.0
1266.807309799944,189.70000000000002,190.0
1267.1293704999844,189.70000000000002,190.0
1267.4465738999425,189.70000000000002,190.0
1267.7672151000006,189.4,190.0
1268.072653699899,189.4,190.0
1268.3915800999384,189.4,190.0
1268.7129667999689,189.5,190.0
1269.0322095999727,189.5,190.0
1269.3332455999916,189.5,190.0
1269.6554543999955,189.3,190.0
1269.97327889991,189.3,190.0
1270.292856499902,189.10000000000002,190.0
1270.5954878999619,189.10000000000002,190.0
1270.9177912999876,189.10000000000002,190.0
1271.2207790999673,189.10000000000002,190.0
1271.5415445999242,189.10000000000002,190.0
1271.8625043999637,189.10000000000002,190.0
1272.1790406999644,188.8,190.0
1272.5013211999321,188.8,190.0
1272.7882141999435,188.8,190.0
1273.1080529999454,189.0,190.0
1273.4248665999621,189.0,190.0
1273.74641719996,189.0,190.0
1274.0364722999511,188.60000000000002,190.0
1274.353756699944,188.60000000000002,190.0
1274.6731158999028,188.60000000000002,190.0
1274.995952499914,188.8,190.0
1275.2988754999824,188.8,190.0
1275.6167903000023,188.60000000000002,190.0
1275.9366678999504,188.60000000000002,190.0
1276.2388221999863,188.60000000000002,190.0
1276.5745664999122,188.60000000000002,190.0
1276.8984478999628,188.60000000000002,190.0
1277.1979002999142,188.60000000000002,190.0
1277.519476299989,188.70000000000002,190.0
1277.8378121999558,188.70000000000002,190.0
1278.1417063999688,188.70000000000002,190.0
1278.4475930999033,188.4,190.0
1278.7662490999792,188.4,190.0
1279.087642999948,188.70000000000002,190.0
1279.4079768999945,188.70000000000002,190.0
1279.6946493999567,188.70000000000002,190.0
1280.0158787999535,188.3,190.0
1280.3360357999336,188.3,190.0
1280.6515935999341,188.3,190.0
1280.9594980999827,188.60000000000002,190.0
1281.2620586999692,188.60000000000002,190.0
1281.5825726999901,188.60000000000002,190.0
1281.9026826999616,188.4,190.0
1282.206254299963,188.4,190.0
1282.5239323999267,188.4,190.0
1282.8452069999184,188.60000000000002,190.0
1283.146269599907,188.60000000000002,190.0
1283.467414899962,188.60000000000002,190.0
1283.7852595999138,188.60000000000002,190.0
1284.105265699909,188.60000000000002,190.0
1284.410559299984,188.5,190.0
1284.7281731999246,188.5,190.0
1285.048114999896,188.5,190.0
1285.3689019999001,188.8,190.0
1285.6890633999137,188.8,190.0
1285.994514699909,188.8,190.0
1286.3110227999277,188.5,190.0
1286.6330164999235,188.5,190.0
1286.9345189000014,188.5,190.0
1287.2549072999973,188.8,190.0
1287.5780378999189,188.8,190.0
1287.8941923999228,188.60000000000002,190.0
1288.216425599996,188.60000000000002,190.0
1288.5367004999425,188.60000000000002,190.0
1288.839203899959,188.8,190.0
1289.1600441999035,188.8,190.0
1289.476995899924,188.8,190.0
1289.7841391999973,188.8,190.0
1290.0997581999982,188.8,190.0
1290.4068364999257,188.8,190.0
1290.7275526999729,188.8,190.0
1291.030277499929,188.8,190.0
1291.3486853999784,188.8,190.0
1291.668663999997,189.0,190.0
1291.9588042999385,189.0,190.0
1292.2784689998953,188.8,190.0
1292.5971698999638,188.8,190.0
1292.9141471999465,188.8,190.0
1293.2188204999547,189.20000000000002,190.0
1293.540847199969,189.20000000000002,190.0
1293.8432975999312,189.20000000000002,190.0
1294.1622131998884,188.9,190.0
1294.481744699995,188.9,190.0
1294.7850372999674,188.9,190.0
1295.1076466999948,189.3,190.0
1295.4086358998902,189.3,190.0
1295.7275895999046,189.3,190.0
1296.0329224999296,189.20000000000002,190.0
1296.3541647999082,189.20000000000002,190.0
1296.6573634999804,189.3,190.0
1296.9785417999374,189.3,190.0
1297.296547499951,189.3,190.0
1297.6166824999964,189.4,190.0
1297.9372629999416,189.4,190.0
1298.2549654999748,189.4,190.0
1298.5574435999151,189.3,190.0
1298.8782503999537,189.3,190.0
1299.2000757999485,189.3,190.0
1299.5025657999795,189.60000000000002,190.0
1299.804324299912,189.60000000000002,190.0
1300.1256233999738,189.60000000000002,190.0
1300.4318912999006,189.4,190.0
1300.7489422999788,189.4,190.0
1301.069524499937,189.70000000000002,190.0
1301.3902389999712,189.70000000000002,190.0
1301.694551799912,189.70000000000002,190.0
1301.9951610999415,189.5,190.0
1302.3162374999374,189.5,190.0
1302.6374157998944,189.5,190.0
1302.9414633999113,189.70000000000002,190.0
1303.242505799979,189.70000000000002,190.0
1303.5635245000012,189.70000000000002,190.0
1303.884545699926,189.70000000000002,190.0
1304.2015893999487,189.70000000000002,190.0
1304.5242734999629,189.70000000000002,190.0
1304.826757599949,189.70000000000002,190.0
1305.1478554999921,189.70000000000002,190.0
1305.4484212999232,189.8,190.0
1305.7692799998913,189.8,190.0
1306.0880443999777,189.8,190.0
1306.4095804999815,189.60000000000002,190.0
1306.7136825999478,189.60000000000002,190.0
1307.0306921999436,189.60000000000002,190.0
1307.3512642999412,190.0,190.0
1307.6541233999887,190.0,190.0
1307.9777638999512,190.0,190.0
1308.2777044998948,189.70000000000002,190.0
1308.598559099948,189.70000000000002,190.0
1308.9193563999142,189.70000000000002,190.0
1309.2208169999067,190.0,190.0
1309.5282754999353,190.0,190.0
1309.8471585999941,189.8,190.0
1310.1524346999358,189.8,190.0
1310.4685270999325,189.8,190.0
1310.7886675999034,189.9,190.0
1311.1103505999781,189.9,190.0
1311.4139940999448,189.9,190.0
1311.7158466998953,190.0,190.0
1312.0368546999525,190.0,190.0
1312.3555804999778,190.0,190.0
1312.6598825999536,189.9,190.0
1312.9636441000039,189.9,190.0
1313.2847735999385,189.9,190.0
1313.5875564999878,190.20000000000002,190.0
1313.909082399914,190.20000000000002,190.0
1314.2272923999699,190.20000000000002,190.0
1314.5311857999768,189.9,190.0
1314.8494180999696,189.9,190.0
1315.1541723998962,190.20000000000002,190.0
1315.4750642,190.20000000000002,190.0
1315.7756982999854,190.20000000000002,190.0
1316.0790821999544,189.9,190.0
1316.400275199907,189.9,190.0
1316.7189723999472,189.9,190.0
1317.025035599945,190.20000000000002,190.0
1317.344047099934,190.20000000000002,190.0
1317.6640542999376,190.20000000000002,190.0
1317.9691649999004,190.10000000000002,190.0
1318.274302899954,190.10000000000002,190.0
1318.591241999995,190.10000000000002,190.0
1318.910393500002,190.0,190.0
1319.2162634999258,190.0,190.0
1319.534227599972,190.20000000000002,190.0
1319.8374172999756,190.20000000000002,190.0
1320.1592793999007,190.20000000000002,190.0
1320.462520299945,190.0,190.0
1320.7818874999648,190.0,190.0
1321.0875151999062,190.0,190.0
1321.4035274999915,190.4,190.0
1321.7273496999405,190.4,190.0
1322.0444614998996,190.4,190.0
1322.351142999949,190.10000000000002,190.0
1322.6527469999855,190.10000000000002,190.0
1322.970759299933,190.10000000000002,190.0
1323.2907921998994,190.3,190.0
1323.5967184999026,190.3,190.0
1323.914479799918,190.10000000000002,190.0
1324.2181838999968,190.10000000000002,190.0
1324.5412661998998,190.10000000000002,190.0
1324.844758799998,190.20000000000002,190.0
1325.165702499915,190.20000000000002,190.0
1325.4804329999024,190.20000000000002,190.0
1325.7853641998954,190.20000000000002,190.0
1326.089894499979,190.20000000000002,190.0
1326.4107861999655,190.20000000000002,190.0
1326.7294735999312,190.10000000000002,190.0
1327.0335513999453,190.10000000000002,190.0
1327.3530427999794,190.10000000000002,190.0
1327.6559890999924,190.4,190.0
1327.9759467999684,190.4,190.0
1328.2812773999758,190.4,190.0
1328.5855926999357,190.10000000000002,190.0
1328.9052074999781,190.10000000000002,190.0
1329.2245001998963,190.4,190.0
1329.5271678999998,190.4,190.0
1329.8498694999143,190.4,190.0
1330.1701260999544,190.10000000000002,190.0
1330.4702877999516,190.10000000000002,190.0
1330.7774891000008,190.10000000000002,190.0
1331.1122245999286,190.3,190.0
1331.3982007999439,190.3,190.0
1331.7171447,190.3,190.0
1332.0379984999308,190.10000000000002,190.0
1332.343673700001,190.10000000000002,190.0
1332.6626367999706,190.10000000000002,190.0
1332.9796552999178,190.20000000000002,190.0
1333.2871634999756,190.20000000000002,190.0
1333.6031794999726,190.4,190.0
1333.925821899902,190.4,190.0
1334.229996399954,190.4,190.0
1334.5507209999487,190.10000000000002,190.0
1334.8537365999073,190.10000000000002,190.0
1335.1704029999673,190.10000000000002,190.0
1335.494320699945,190.4,190.0
1335.7950763999252,190.4,190.0
1336.1137106999522,190.4,190.0
1336.437090799911,190.10000000000002,190.0
1336.7375515999738,190.10000000000002,190.0
1337.0424182999413,190.10000000000002,190.0
1337.3612016999396,190.4,190.0
1337.6673179999925,190.4,190.0
1337.9871785999276,190.20000000000002,190.0
1338.2908055000007,190.20000000000002,190.0
1338.6077988999896,190.20000000000002,190.0
1338.9315323999617,190.20000000000002,190.0
1339.2480197999394,190.20000000000002,190.0
1339.5539063999895,190.20000000000002,190.0
1339.858021599939,190.20000000000002,190.0
1340.1780171999708,190.20000000000002,190.0
1340.499197499943,190.20000000000002,190.0
1340.8002273999155,190.10000000000002,190.0
1341.1184857999906,190.10000000000002,190.0
1341.4389598999405,190.10000000000002,190.0
1341.7596886999672,190.4,190.0
1342.0653278999962,190.4,190.0
1342.3843579998938,190.10000000000002,190.0
1342.7042402999941,190.10000000000002,190.0
1343.0085764999967,190.10000000000002,190.0
1343.309275199892,190.3,190.0
1343.6327005999628,190.3,190.0
1343.933348099934,190.3,190.0
1344.2528597998898,190.0,190.0
1344.5734500999097,190.0,190.0
1344.8781311999774,190.0,190.0
1345.1797645998886,190.20000000000002,190.0
1345.5037183999084,190.20000000000002,190.0
1345.8220962999621,190.20000000000002,190.0
1346.141999799991,190.10000000000002,190.0
1346.4289947999641,190.10000000000002,190.0
1346.7466725999257,190.10000000000002,190.0
1347.0697065999266,190.10000000000002,190.0
1347.3737410999602,190.10000000000002,190.0
1347.6931920999195,190.20000000000002,190.0
1348.012396199978,190.20000000000002,190.0
1348.3152234998997,190.20000000000002,190.0
1348.6340655999957,190.0,190.0
1348.9552776999772,190.0,190.0
1349.2749699999113,190.0,190.0
1349.580301299924,190.3,190.0
1349.8996864999644,190.3,190.0
1350.2324895999627,190.3,190.0
1350.53910179995,190.0,190.0
1350.8560147999087,190.0,190.0
1351.1770975999534,190.3,190.0
1351.4957621999783,190.3,190.0
1351.8010331999976,190.3,190.0
1352.104619299993,190.0,190.0
1352.4230464999564,190.0,190.0
1352.7456791999284,190.0,190.0
1353.0468949999195,190.10000000000002,190.0
1353.366427599918,190.10000000000002,190.0
1353.6731926999055,190.10000000000002,190.0
1353.992847199901,190.10000000000002,190.0
1354.2974159999285,190.10000000000002,190.0
1354.6159583999543,190.10000000000002,190.0
1354.920970199979,190.0,190.0
1355.239070099895,190.0,190.0
1355.543814499979,190.0,190.0
1355.8635542999255,190.3,190.0
1356.1834254999412,190.3,190.0
1356.4859346000012,190.0,190.0
1356.7907955999253,190.0,190.0
1357.110895199934,190.0,190.0
1357.4316602000035,190.3,190.0
1357.7318884999258,190.3,190.0
1358.0551188999088,190.3,190.0
1358.3717898000032,189.9,190.0
1358.6793039999902,189.9,190.0
1358.980957099935,189.9,190.0
1359.3002543000039,190.10000000000002,190.0
1359.6050139999716,190.10000000000002,190.0
1359.9240423999727,190.10000000000002,190.0
1360.243325599935,189.9,190.0
1360.548079399974,189.9,190.0
1360.8653324999614,190.0,190.0
1361.1884775999933,190.0,190.0
1361.474381799926,190.0,190.0
1361.7932993998984,190.10000000000002,190.0
1362.1135920999805,190.10000000000002,190.0
1362.4190051999176,190.10000000000002,190.0
1362.7382517999504,190.0,190.0
1363.0576664999826,190.0,190.0
1363.3634220999666,190.0,190.0
1363.6639087999938,190.20000000000002,190.0
1363.985683899955,190.20000000000002,190.0
1364.3025566999568,190.20000000000002,190.0
1364.607195199933,189.9,190.0
1364.9302955999738,189.9,190.0
1365.246080599958,190.20000000000002,190.0
1365.552677199943,190.20000000000002,190.0
1365.871526199975,190.20000000000002,190.0
1366.192923399969,189.9,190.0
1366.493598699919,189.9,190.0
1366.8161914999364,189.9,190.0
1367.1356802999508,190.0,190.0
1367.4407954999479,190.0,190.0
1367.7572980999248,190.0,190.0
1368.0641294999514,190.0,190.0
1368.38278059999,190.0,190.0
1368.70085569995,190.0,190.0
1369.007722799899,189.9,190.0
1369.3098192999605,189.9,190.0
1369.6290556999156,189.9,190.0
1369.9470520999748,190.10000000000002,190.0
1370.253879499971,190.10000000000002,190.0
1370.556500399951,189.9,190.0
1370.8768241999205,189.9,190.0
1371.1967117999448,189.9,190.0
1371.5019122998929,190.20000000000002,190.0
1371.8057508999482,190.20000000000002,190.0
1372.1256067999639,190.20000000000002,190.0
1372.4454854999203,189.8,190.0
1372.7648653999204,189.8,190.0
1373.0686146999942,189.8,190.0
1373.3732867999934,190.10000000000002,190.0
1373.6886893999763,190.10000000000002,190.0
1374.0109825999243,190.10000000000002,190.0
1374.3155744998949,190.0,190.0
1374.633791500004,190.0,190.0
1374.9362886999734,190.0,190.0
1375.2406613999046,190.0,190.0
1375.5599890999729,190.0,190.0
1375.880726399948,190.10000000000002,190.0
1376.1858484999975,190.10000000000002,190.0
1376.5053972000023,190.10000000000002,190.0
1376.8262202999322,189.9,190.0
1377.1284396999981,189.9,190.0
1377.4342359999428,189.9,190.0
1377.7531725999434,190.20000000000002,190.0
1378.0717809998896,190.20000000000002,190.0
1378.3746628999943,190.20000000000002,190.0
1378.6937056999886,189.8,190.0
1379.0134567999048,189.8,190.0
1379.319473399897,190.10000000000002,190.0
1379.6380222999724,190.10000000000002,190.0
1379.9595664999215,190.10000000000002,190.0
1380.2614489999833,189.8,190.0
1380.5822742999298,189.8,190.0
1380.9025315999752,189.8,190.0
1381.2034599999897,190.0,190.0
1381.5072389999405,190.0,190.0
1381.8278746999567,190.0,190.0
1382.1482451999327,190.0,190.0
1382.450943099917,190.0,190.0
1382.7719795999583,190.0,190.0
1383.094552799943,189.9,190.0
1383.395992299891,189.9,190.0
1383.714165699901,190.10000000000002,190.0
1384.0351123999571,190.10000000000002,190.0
1384.3411779999733,190.10000000000002,190.0
1384.6615573999006,189.8,190.0
1384.9776415999513,189.8,190.0
1385.2984637999907,189.8,190.0
1385.603184999898,190.10000000000002,190.0
1385.92330949998,190.10000000000002,190.0
1386.2421516999602,190.10000000000002,190.0
1386.5630395999178,189.8,190.0
1386.8498020999832,189.8,190.0
1387.1675148999784,189.8,190.0
1387.487842499977,190.0,190.0
1387.7933769999072,190.0,190.0
1388.1122940999921,189.9,190.0
1388.433215499972,189.9,190.0
1388.734872699948,189.9,190.0
1389.0574989999877,190.0,190.0
1389.3577361999778,190.0,190.0
1389.6797858999344,190.0,190.0
1390.0018887999468,190.10000000000002,190.0
1390.3045293999603,190.10000000000002,190.0
1390.6089692999376,190.10000000000002,190.0
1390.9252336999634,189.9,190.0
1391.2295126999961,189.9,190.0
1391.550351499929,189.9,190.0
1391.855116999941,190.20000000000002,190.0
1392.176394399954,190.20000000000002,190.0
1392.4931689999066,190.20000000000002,190.0
1392.7980472999625,189.8,190.0
1393.1176583999768,189.8,190.0
1393.4223769999808,190.10000000000002,190.0
1393.7261739999522,190.10000000000002,190.0
1394.0453025999013,190.10000000000002,190.0
1394.3628007998923,189.8,190.0
1394.6867649999913,189.8,190.0
1394.9878898999887,189.8,190.0
1395.291678499896,190.0,190.0
1395.6102026998997,190.0,190.0
1395.9335973999696,190.0,190.0
1396.2348374999128,190.0,190.0
1396.5535066999728,190.0,190.0
1396.8752204999328,190.0,190.0
1397.1608087999048,189.9,190.0
1397.4822799999965,189.9,190.0
1397.800885799923,190.10000000000002,190.0
1398.1053850000026,190.10000000000002,190.0
1398.4241331999656,190.10000000000002,190.0
1398.7317927998956,189.8,190.0
1399.0513299999293,189.8,190.0
1399.3701000999426,189.8,190.0
1399.6712088999338,190.10000000000002,190.0
1399.9932461999124,190.10000000000002,190.0
1400.2981542999623,190.10000000000002,190.0
1400.6157986999024,189.70000000000002,190.0
1400.9347375999205,189.70000000000002,190.0
1401.224676099955,189.70000000000002,190.0
1401.5436432999559,190.0,190.0
1401.8623676999705,190.0,190.0
1402.1685640999349,189.9,190.0
1402.48836269998,189.9,190.0
1402.8065554999048,189.9,190.0
1403.1270513999043,190.0,190.0
1403.4146535999607,190.0,190.0
1403.734263499966,190.0,190.0
1404.0537551000016,190.10000000000002,190.0
1404.375205099932,190.10000000000002,190.0
1404.6800098998938,190.10000000000002,190.0
1404.9835559999337,189.9,190.0
1405.3014694999438,189.9,190.0
1405.6233334999997,189.9,190.0
1405.9252110999078,190.10000000000002,190.0
1406.2277058999753,190.10000000000002,190.0
1406.5500197999645,190.10000000000002,190.0
1406.8695293999044,189.8,190.0
1407.1722971999552,189.8,190.0
1407.494357699994,190.10000000000002,190.0
1407.8129876999883,190.10000000000002,190.0
1408.1153533000033,190.10000000000002,190.0
1408.4360034998972,189.8,190.0
1408.7554065999575,189.8,190.0
1409.0757265998982,189.8,190.0
1409.3772535999306,190.0,190.0
1409.6814840999432,190.0,190.0
1410.001675699954,190.0,190.0
1410.306290299981,190.0,190.0
1410.6276106999721,190.0,190.0
1410.9449568999698,190.0,190.0
1411.2481804999989,190.0,190.0
1411.5679199999431,190.0,190.0
1411.8728861999698,190.10000000000002,190.0
1412.1918430998921,190.10000000000002,190.0
1412.5124397999607,190.10000000000002,190.0
1412.8020536999684,189.9,190.0
1413.121995799942,189.9,190.0
1413.4401184999151,189.9,190.0
1413.7422842999222,190.10000000000002,190.0
1414.0613286999287,190.10000000000002,190.0
1414.3850970999338,190.10000000000002,190.0
1414.684972899966,189.8,190.0
1415.008071999997,189.8,190.0
1415.312341999961,189.8,190.0
1415.6322241999442,190.0,190.0
1415.933301199926,190.0,190.0
1416.2563327999087,189.9,190.0
1416.5743370999116,189.9,190.0
1416.8797864998924,189.9,190.0
1417.1810677999165,190.0,190.0
1417.5023202999728,190.0,190.0
1417.81954889989,190.0,190.0
1418.1239739999874,190.10000000000002,190.0
1418.4423996999394,190.10000000000002,190.0
1418.7481723999372,190.10000000000002,190.0
1419.0540518999333,189.9,190.0
1419.370642199996,189.9,190.0
1419.6909050999675,189.9,190.0
1419.9966184999794,190.20000000000002,190.0
1420.3136998999398,190.20000000000002,190.0
1420.635903099901,189.8,190.0
1420.938068899908,189.8,190.0
1421.2599741999293,189.8,190.0
1421.5787960999878,190.10000000000002,190.0
1421.9001584999496,190.10000000000002,190.0
1422.200139499968,190.10000000000002,190.0
1422.5214761999669,189.8,190.0
1422.8270814999705,189.8,190.0
1423.143904699944,189.8,190.0
1423.450137799955,190.10000000000002,190.0
1423.768233199953,190.10000000000002,190.0
1424.088201199891,190.10000000000002,190.0
1424.391009899904,190.0,190.0
1424.7147712999722,190.0,190.0
1425.0318588999799,189.9,190.0
1425.3370069999946,189.9,190.0
1425.6554605999263,189.9,190.0
1425.9598645999795,190.10000000000002,190.0
1426.2786766999634,190.10000000000002,190.0
1426.5987734999508,190.10000000000002,190.0
1426.9051227999153,189.8,190.0
1427.222386199981,189.8,190.0
1427.527691999916,189.8,190.0
1427.8480488999048,190.20000000000002,190.0
1428.1663376999786,190.20000000000002,190.0
1428.4681736999191,190.20000000000002,190.0
1428.787838999997,189.8,190.0
1429.1112223999808,189.8,190.0
1429.412262699916,189.8,190.0
1429.7334311999148,190.10000000000002,190.0
1430.0534196998924,190.10000000000002,190.0
1430.358282799949,189.9,190.0
1430.676654299954,189.9,190.0
1430.9950768999988,189.9,190.0
1431.3013327999506,190.0,190.0
1431.6031418999191,190.0,190.0
1431.925130699994,190.0,190.0
1432.241857899935,190.10000000000002,190.0
1432.544971199939,190.10000000000002,190.0
1432.8680004999042,190.10000000000002,190.0
1433.1716943999054,189.9,190.0
1433.4902599999914,189.9,190.0
1433.7940496999072,189.9,190.0
1434.1141651999205,190.20000000000002,190.0
1434.4361335999565,190.20000000000002,190.0
1434.738718599896,189.8,190.0
1435.0550987999886,189.8,190.0
1435.378929899889,189.8,190.0
1435.6952374998946,190.10000000000002,190.0
1436.017157999915,190.10000000000002,190.0
1436.3212688999483,190.10000000000002,190.0
1436.6244144999655,189.8,190.0
1436.9422069999855,189.8,190.0
1437.2658536999952,189.8,190.0
1437.5690475999145,190.0,190.0
1437.8726029999088,190.0,190.0
1438.1926343999803,190.0,190.0
1438.5091190999374,189.9,190.0
1438.8147549999412,189.9,190.0
1439.1164170999546,189.9,190.0
1439.436658599996,189.9,190.0
1439.7566266999347,189.9,190.0
1440.0771114999661,190.10000000000002,190.0
1440.3825660999864,190.10000000000002,190.0
1440.700558399898,190.10000000000002,190.0
1441.0224937999155,189.8,190.0
1441.3262010999024,189.8,190.0
1441.6443517999724,189.8,190.0
1441.9469621999888,190.20000000000002,190.0
1442.2700108999852,190.20000000000002,190.0
1442.5886972999433,190.20000000000002,190.0
1442.8919992999872,189.9,190.0
1443.2106108999578,189.9,190.0
1443.5163965999382,190.10000000000002,190.0
1443.8217790999915,190.10000000000002,190.0
1444.1378796999343,190.10000000000002,190.0
1444.4588154999074,190.0,190.0
1444.7786603999557,190.0,190.0
1445.0840185999405,190.0,190.0
1445.385175399948,190.0,190.0
1445.7055702999933,190.0,190.0
1446.0268600999843,190.0,190.0
1446.3303746999009,190.10000000000002,190.0
1446.6358225999866,190.10000000000002,190.0
1446.955799599993,190.10000000000002,190.0
1447.275321999914,189.9,190.0
1447.5936198999407,189.9,190.0
1447.89568029996,190.20000000000002,190.0
1448.2188685999718,190.20000000000002,190.0
1448.535513699986,190.20000000000002,190.0
1448.8425397999818,189.9,190.0
1449.1609421999892,189.9,190.0
1449.4623658999335,189.9,190.0
1449.7846465999028,190.20000000000002,190.0
1450.104662299971,190.20000000000002,190.0
1450.405260099913,190.20000000000002,190.0
1450.7257587999338,189.9,190.0
1451.032252999954,189.9,190.0
1451.349288999918,189.9,190.0
1451.652081899927,190.10000000000002,190.0
1451.972154499963,190.10000000000002,190.0
1452.2935811999487,190.0,190.0
1452.5991129999747,190.0,190.0
1452.8995642999653,190.0,190.0
1453.219245599932,190.0,190.0
1453.542210399988,190.0,190.0
1453.8433770999545,190.0,190.0
1454.1628648999613,190.10000000000002,190.0
1454.4822964998893,190.10000000000002,190.0
1454.8054756999481,190.10000000000002,190.0
1455.1095112999901,189.9,190.0
1455.4286215999164,189.9,190.0
1455.746893899981,189.9,190.0
1456.052889799932,190.20000000000002,190.0
1456.3545523999492,190.20000000000002,190.0
1456.6770346999401,190.20000000000002,190.0
1456.9946436999599,189.9,190.0
1457.2999318999937,189.9,190.0
1457.60432579997,190.20000000000002,190.0
1457.9203012998914,190.20000000000002,190.0
1458.2237910999684,190.20000000000002,190.0
1458.5470275999978,190.0,190.0
1458.863281799946,190.0,190.0
1459.1830564999254,190.0,190.0
1459.4877141999314,190.10000000000002,190.0
1459.8078739999328,190.10000000000002,190.0
1460.11399299989,190.10000000000002,190.0
1460.4170773999067,190.20000000000002,190.0
1460.7372680999106,190.20000000000002,190.0
1461.0379786998965,190.20000000000002,190.0
1461.359752999968,190.0,190.0
1461.679096799926,190.0,190.0
1462.0017896998907,190.20000000000002,190.0
1462.2876753999153,190.20000000000002,190.0
1462.608672699891,190.20000000000002,190.0
1462.9265399998985,189.9,190.0
1463.2308739,189.9,190.0
1463.548993699951,189.9,190.0
1463.8680548999691,190.20000000000002,190.0
1464.1724444999127,190.20000000000002,190.0
1464.4771888999967,190.20000000000002,190.0
1464.7954155999469,190.0,190.0
1465.1190109999152,190.0,190.0
1465.4211460999213,190.0,190.0
1465.7235621999716,190.10000000000002,190.0
1466.0440847999416,190.10000000000002,190.0
1466.3641442999942,190.0,190.0
1466.685538599966,190.0,190.0
1466.9893602998927,190.0,190.0
1467.3064192999154,190.0,190.0
1467.6293906999053,190.0,190.0
1467.9467333999928,190.0,190.0
1468.2529643999878,190.10000000000002,190.0
1468.572414199938,190.10000000000002,190.0
1468.8930000999244,190.10000000000002,190.0
1469.2091446999693,189.9,190.0
1469.5133071999298,189.9,190.0
1469.8339062999003,189.9,190.0
1470.1524999999674,190.20000000000002,190.0
1470.4576131999493,190.20000000000002,190.0
1470.7785637999186,189.9,190.0
1471.0985195999965,189.9,190.0
1471.4161697999807,189.9,190.0
1471.7207632999634,190.20000000000002,190.0
1472.0226988999639,190.20000000000002,190.0
1472.344935699948,190.20000000000002,190.0
1472.665563999908,190.0,190.0
1472.9682241999544,190.0,190.0
1473.2887827999657,190.0,190.0
1473.593104599975,190.10000000000002,190.0
1473.9108488999773,190.10000000000002,190.0
1474.2168571999064,190.10000000000002,190.0
1474.5373246999225,190.10000000000002,190.0
1474.8568719999166,190.10000000000002,190.0
1475.1606099999044,189.8,190.0
1475.4617600999773,189.8,190.0
1475.7829987999285,189.8,190.0
1476.1011003999738,190.10000000000002,190.0
1476.4230604999466,190.10000000000002,190.0
1476.7074799999828,190.10000000000002,190.0
1477.0303376999218,189.70000000000002,190.0
1477.3512914999155,189.70000000000002,190.0
1477.6666674999287,189.70000000000002,190.0
1477.9747621999122,190.10000000000002,190.0
1478.2759903999977,190.10000000000002,190.0
1478.5984165999107,190.10000000000002,190.0
1478.9170968999388,189.8,190.0
1479.2371986999642,189.8,190.0
1479.538259099936,190.0,190.0
1479.8594819999998,190.0,190.0
1480.181105799973,190.0,190.0
1480.4973410998937,189.9,190.0
1480.7888322999934,189.9,190.0
1481.1073946999386,189.9,190.0
1481.4266507999273,189.9,190.0
1481.745528499945,189.9,190.0
1482.0500685999868,189.9,190.0
1482.3542761999415,190.0,190.0
1482.674369599903,190.0,190.0
1482.9793872999726,190.0,190.0
1483.2980139999418,189.8,190.0
1483.617874699994,189.8,190.0
1483.9386998999398,190.10000000000002,190.0
1484.2401500999695,190.10000000000002,190.0
1484.5442360999295,190.10000000000002,190.0
1484.8643994999584,189.8,190.0
1485.185756299994,189.8,190.0
1485.4879964999855,189.8,190.0
1485.7922932999209,190.10000000000002,190.0
1486.1132246999769,190.10000000000002,190.0
1486.4293066998944,190.10000000000002,190.0
1486.733007999952,189.9,190.0
1487.0561955999583,189.9,190.0
1487.375758799957,189.9,190.0
1487.6927576999879,190.0,190.0
1487.997590999934,190.0,190.0
1488.3161923999432,190.0,190.0
1488.6396057999227,190.0,190.0
1488.9394573000027,190.0,190.0
1489.2625123999314,189.9,190.0
1489.5626949999714,189.9,190.0
1489.8665789999068,189.9,190.0
1490.190920199966,190.10000000000002,190.0
1490.5063017999055,190.10000000000002,190.0
1490.8121138999704,190.10000000000002,190.0
1491.132681799936,189.8,190.0
1491.4336809999077,189.8,190.0
1491.7573997,189.8,190.0
1492.057130799978,190.10000000000002,190.0
1492.3768734999467,190.10000000000002,190.0
1492.6826805999735,190.10000000000002,190.0
1493.0008881998947,189.8,190.0
1493.3213505999884,189.8,190.0
1493.6268446999602,190.0,190.0
1493.9453688999638,190.0,190.0
1494.2504183999263,190.0,190.0
1494.5680759999668,189.9,190.0
1494.8745934999315,189.9,190.0
1495.1909351999639,189.9,190.0
1495.495628799894,189.9,190.0
1495.8166677999543,189.9,190.0
1496.1362991998903,189.9,190.0
1496.4392027999274,190.10000000000002,190.0
1496.7449449999258,190.10000000000002,190.0
1497.063386599999,190.10000000000002,190.0
1497.3856777999317,189.9,190.0
1497.686157799908,189.9,190.0
1498.0068770999787,190.20000000000002,190.0
1498.3254853999242,190.20000000000002,190.0
1498.615691499901,190.20000000000002,190.0
1498.9354335999815,189.8,190.0
1499.2558637999464,189.8,190.0
1499.5574920999352,189.8,190.0
1499.8799223999958,190.10000000000002,190.0
1500.199292999925,190.10000000000002,190.0
1500.503296699957,190.10000000000002,190.0
1500.8218417000026,189.9,190.0
1501.127275499981,189.9,190.0
1501.4431391999824,189.9,190.0
1501.7666860999307,190.0,190.0
1502.0867417999543,190.0,190.0
1502.3884721999057,190.0,190.0
1502.7103474999312,190.0,190.0
1503.0255610999884,190.0,190.0
1503.3314295999007,189.9,190.0
1503.6533392999554,189.9,190.0
1503.9534131999826,189.9,190.0
1504.261009199894,190.10000000000002,190.0
1504.5808765999973,190.10000000000002,190.0
1504.8806195999496,190.10000000000002,190.0
1505.2044987999834,189.8,190.0
1505.5237098999787,189.8,190.0
1505.844252299983,189.8,190.0
1506.1459411999676,190.10000000000002,190.0
1506.466559899971,190.10000000000002,190.0
1506.7677433999488,190.10000000000002,190.0
1507.074634599965,189.70000000000002,190.0
1507.3947518999921,189.70000000000002,190.0
1507.7148708999157,190.0,190.0
1508.0322786999168,190.0,190.0
1508.3225660999306,190.0,190.0
1508.6561607999029,189.9,190.0
1508.961512699956,189.9,190.0
1509.2636812999845,189.9,190.0
1509.5674289999297,189.9,190.0
1509.8859169998905,189.9,190.0
1510.2095014998922,189.9,190.0
1510.5280590999173,190.10000000000002,190.0
1510.829537399928,190.10000000000002,190.0
1511.1500924999127,190.10000000000002,190.0
1511.4530603999738,189.9,190.0
1511.7757844999433,189.9,190.0
1512.0918193999678,190.20000000000002,190.0
1512.3971903999336,190.20000000000002,190.0
1512.7349247999955,190.20000000000002,190.0
1513.0229174999986,189.8,190.0
1513.3406201999169,189.8,190.0
1513.6617537999991,189.8,190.0
1513.964011499891,190.10000000000002,190.0
1514.2838591999607,190.10000000000002,190.0
1514.5891224999214,190.10000000000002,190.0
1514.9065622999333,189.9,190.0
1515.2131195999682,189.9,190.0
1515.5310974000022,189.9,190.0
1515.837468399899,190.0,190.0
1516.156950399978,190.0,190.0
1516.475732699968,190.0,190.0
1516.7790191998938,190.0,190.0
1517.0973547999747,190.0,190.0
1517.42037539999,189.9,190.0
1517.7225280998973,189.9,190.0
1518.0405737999827,189.9,190.0
1518.3449368999572,190.20000000000002,190.0
1518.6640796998981,190.20000000000002,190.0
1518.968081699917,190.20000000000002,190.0
1519.2738425999414,189.9,190.0
1519.5932326999027,189.9,190.0
1519.9125036000041,189.9,190.0
1520.2336006999249,190.20000000000002,190.0
1520.5344520999352,190.20000000000002,190.0
1520.8568636999698,190.20000000000002,190.0
1521.1619278999278,189.8,190.0
1521.462051199982,189.8,190.0
1521.7854815999744,190.10000000000002,190.0
1522.1050720999483,190.10000000000002,190.0
1522.4249302999815,190.10000000000002,190.0
1522.725572599913,189.9,190.0
1523.0445628999732,189.9,190.0
1523.3643517999444,189.9,190.0
1523.6705438999925,190.0,190.0
1523.9900795998983,190.0,190.0
1524.3090533999493,190.0,190.0
1524.6112907999195,190.10000000000002,190.0
1524.9177344999043,190.10000000000002,190.0
1525.2412785999477,190.10000000000002,190.0
1525.5592475999147,189.9,190.0
1525.8593866999727,189.9,190.0
1526.165257699904,190.20000000000002,190.0
1526.4854510999285,190.20000000000002,190.0
1526.8048348999582,190.20000000000002,190.0
1527.1250774998916,189.9,190.0
1527.4264341999078,189.9,190.0
1527.7460131999105,189.9,190.0
1528.0695278999628,190.20000000000002,190.0
1528.3695810999488,190.20000000000002,190.0
1528.689536199905,190.20000000000002,190.0
1529.0094460999826,189.9,190.0
1529.3148107999004,189.9,190.0
1529.6186478999443,189.9,190.0
1529.9383281999035,190.10000000000002,190.0
1530.2583440999733,190.10000000000002,190.0
1530.5637502999743,190.10000000000002,190.0
1530.882401199895,190.10000000000002,190.0
1531.184481699951,190.10000000000002,190.0
1531.5055378999095,190.0,190.0
1531.8253761999076,190.0,190.0
1532.127226499957,190.0,190.0
1532.4333126998972,190.20000000000002,190.0
1532.7540555999149,190.20000000000002,190.0
1533.058096199995,190.20000000000002,190.0
1533.3766425999347,189.9,190.0
1533.6789018999552,189.9,190.0
1533.9978965999326,189.9,190.0
1534.3174979999894,190.20000000000002,190.0
1534.6238389998907,190.20000000000002,190.0
1534.9418398999842,189.9,190.0
1535.2475201999769,189.9,190.0
1535.5684123999672,189.9,190.0
1535.884709399892,190.10000000000002,190.0
1536.187492499943,190.10000000000002,190.0
1536.49360409996,190.10000000000002,190.0
1536.8130856999196,190.0,190.0
1537.1159177999943,190.0,190.0
1537.4366724999854,190.0,190.0
1537.7581728999503,190.10000000000002,190.0
1538.0610402999446,190.10000000000002,190.0
1538.3787141999928,190.10000000000002,190.0
1538.6843492999906,190.20000000000002,190.0
1539.0035799999023,190.20000000000002,190.0
1539.308253999916,190.20000000000002,190.0
1539.6282673999667,190.0,190.0
1539.9461674999911,190.0,190.0
1540.2516402999172,190.3,190.0
1540.5721586999716,190.3,190.0
1540.8741006999044,190.3,190.0
1541.1950709999073,190.0,190.0
1541.513640799909,190.0,190.0
1541.8000229999889,190.0,190.0
1542.1238682999974,190.20000000000002,190.0
1542.4419676999096,190.20000000000002,190.0
1542.7592743999558,190.20000000000002,190.0
1543.0645194998942,190.0,190.0
1543.3833887999645,190.0,190.0
1543.6901547999587,190.0,190.0
1544.0065471999114,190.20000000000002,190.0
1544.3129626999144,190.20000000000002,190.0
1544.6318137999624,190.10000000000002,190.0
1544.9363225999987,190.10000000000002,190.0
1545.2577461999608,190.10000000000002,190.0
1545.559831499937,190.10000000000002,190.0
1545.8769626999274,190.10000000000002,190.0
1546.2003954999382,190.10000000000002,190.0
1546.5009290999733,190.3,190.0
1546.8081522999564,190.3,190.0
1547.1259106999496,190.3,190.0
1547.444920299924,190.0,190.0
1547.7491407999769,190.0,190.0
1548.0553035999183,190.0,190.0
1548.3727216999978,190.3,190.0
1548.691337700002,190.3,190.0
1548.9960790999467,189.9,190.0
1549.315036999993,189.9,190.0
1549.6357453999808,189.9,190.0
1549.9414736999897,190.20000000000002,190.0
1550.245647399919,190.20000000000002,190.0
1550.5628350999905,190.20000000000002,190.0
1550.8820193998981,190.10000000000002,190.0
1551.1885698999977,190.10000000000002,190.0
1551.5085510999197,190.10000000000002,190.0
1551.809820799972,190.10000000000002,190.0
1552.131438799901,190.10000000000002,190.0
1552.4507342999568,190.10000000000002,190.0
1552.7551322999643,190.20000000000002,190.0
1553.0742575998884,190.20000000000002,190.0
1553.3954654999543,190.0,190.0
1553.7143178998958,190.0,190.0
1554.0177547999192,190.0,190.0
1554.3364098999882,190.20000000000002,190.0
1554.6580860998947,190.20000000000002,190.0
1554.947327199974,190.20000000000002,190.0
1555.2637237999588,189.8,190.0
1555.5841585999588,189.8,190.0
1555.8865588000044,189.8,190.0
1556.2064051999478,190.10000000000002,190.0
1556.5116913999664,190.10000000000002,190.0
1556.8304438999621,190.10000000000002,190.0
1557.1535472999094,189.9,190.0
1557.4540825999575,189.9,190.0
1557.760342399939,189.9,190.0
1558.0793628999963,190.10000000000002,190.0
1558.3837728999788,190.10000000000002,190.0
1558.7047441999894,190.0,190.0
1559.0229991999222,190.0,190.0
1559.3250271999277,190.0,190.0
1559.645368599915,190.0,190.0
1559.9642305999296,190.0,190.0
1560.268879899988,190.0,190.0
1560.5736874999711,190.10000000000002,190.0
1560.8939475999214,190.10000000000002,190.0
1561.2144157999428,190.10000000000002,190.0
1561.5165463999147,189.8,190.0
1561.8360607998911,189.8,190.0
1562.1545765999472,189.8,190.0
1562.4600170999765,190.10000000000002,190.0
1562.7791077999864,190.10000000000002,190.0
1563.0993293999927,189.8,190.0
1563.418955000001,189.8,190.0
1563.7242400998948,189.8,190.0
1564.0254352999618,190.10000000000002,190.0
1564.3450780999847,190.10000000000002,190.0
1564.649525799905,190.10000000000002,190.0
1564.9694882999174,189.9,190.0
1565.2906191999791,189.9,190.0
1565.6111995999236,189.9,190.0
1565.8986245999113,190.0,190.0
1566.215714299935,190.0,190.0
1566.5357542999554,190.0,190.0
1566.8585147999693,190.10000000000002,190.0
1567.1597496999893,190.10000000000002,190.0
1567.4668901999248,189.9,190.0
1567.7855408999603,189.9,190.0
1568.1029961999739,189.9,190.0
1568.4083297000034,190.10000000000002,190.0
1568.7097707999637,190.10000000000002,190.0
1569.0299492999911,190.10000000000002,190.0
1569.3524005999789,189.8,190.0
1569.672042399994,189.8,190.0
1569.9900574999629,189.8,190.0
1570.2973663999,190.10000000000002,190.0
1570.612632000004,190.10000000000002,190.0
1570.9169514999958,190.10000000000002,190.0
1571.236553799943,189.8,190.0
1571.5416593999835,189.8,190.0
1571.8615753999911,190.0,190.0
1572.182649699971,190.0,190.0
1572.5015379999531,190.0,190.0
1572.7883980999468,189.9,190.0
1573.1079650999745,189.9,190.0
1573.427125499933,189.9,190.0
1573.7304436999839,189.9,190.0
1574.0526815999765,189.9,190.0
1574.372338599991,189.9,190.0
1574.6745878999354,190.0,190.0
1574.9799002999207,190.0,190.0
1575.3001597999828,190.0,190.0
1575.618883099989,189.70000000000002,190.0
1575.9248290999094,189.70000000000002,190.0
1576.2248844999122,189.70000000000002,190.0
1576.5491832999978,190.0,190.0
1576.8528412999585,190.0,190.0
1577.169578299974,189.70000000000002,190.0
1577.4891028999118,189.70000000000002,190.0
1577.809807099984,189.70000000000002,190.0
1578.0958639999153,190.0,190.0
1578.4190521999262,190.0,190.0
1578.738378399983,190.0,190.0
1579.055269000004,189.8,190.0
1579.3621835999656,189.8,190.0
1579.6811111998977,189.8,190.0
1580.018281799974,189.9,190.0
1580.3221376999281,189.9,190.0
1580.6382321999408,190.0,190.0
1580.9587802999886,190.0,190.0
1581.278786299983,190.0,190.0
1581.5858601999935,189.8,190.0
1581.8872935998952,189.8,190.0
1582.2050342999864,189.8,190.0
1582.5261084999656,190.10000000000002,190.0
1582.832210399909,190.10000000000002,190.0
1583.1368331999984,190.10000000000002,190.0
1583.4550225998973,189.70000000000002,190.0
1583.758159399964,189.70000000000002,190.0
1584.080129299895,189.70000000000002,190.0
1584.3974575999891,190.0,190.0
1584.6996777999448,190.0,190.0
1585.0216976999072,190.0,190.0
1585.3433247999055,189.70000000000002,190.0
1585.643450499978,189.70000000000002,190.0
1585.9478500999976,189.9,190.0
1586.2699158999603,189.9,190.0
1586.5862180999247,189.9,190.0
1586.8911718999734,189.9,190.0
1587.2097877999768,189.9,190.0
1587.5153602999635,189.9,190.0
1587.836078299908,189.9,190.0
1588.137203299906,189.9,190.0
1588.4578503998928,189.9,190.0
1588.7770849999506,190.0,190.0
1589.082366699935,190.0,190.0
1589.3859833999304,190.0,190.0
1589.706104199984,189.8,190.0
1590.0263365999563,189.8,190.0
1590.327298899996,190.10000000000002,190.0
1590.647838099976,190.10000000000002,190.0
1590.9532895999728,190.10000000000002,190.0
1591.2749790999806,189.8,190.0
1591.5753939999267,189.8,190.0
1591.8966234999243,189.8,190.0
1592.2163039000006,190.10000000000002,190.0
1592.5021887999028,190.10000000000002,190.0
1592.8230140999658,190.10000000000002,190.0
1593.14318299992,189.9,190.0
1593.4618644999573,189.9,190.0
1593.7659682999365,189.9,190.0
1594.0884331999114,190.0,190.0
1594.3895164999412,190.0,190.0
1594.7126026999904,190.0,190.0
1595.0126179999206,190.0,190.0
1595.3364365999587,190.0,190.0
1595.6403528999072,189.9,190.0
1595.9559345999733,189.9,190.0
1596.2786413999274,189.9,190.0
1596.5804309999803,190.20000000000002,190.0
1596.8875020999694,190.20000000000002,190.0
1597.2057173999492,190.20000000000002,190.0
1597.5261019999161,189.8,190.0
1597.82785459992,189.8,190.0
1598.1475227999035,189.8,190.0
1598.4677811999572,190.10000000000002,190.0
1598.7865366999758,190.10000000000002,190.0
1599.0915120999562,190.10000000000002,190.0
1599.4112511998974,189.8,190.0
1599.7320079999045,189.8,190.0
1600.032826099894,190.0,190.0
1600.354517199914,190.0,190.0
1600.65998519992,190.0,190.0
1600.9620077,190.0,190.0
1601.2832955999766,190.0,190.0
1601.5876994999126,190.0,190.0
1601.905798099935,189.9,190.0
1602.2074833998922,189.9,190.0
1602.528734899941,189.9,190.0
1602.8500836999156,190.10000000000002,190.0
1603.1548223999562,190.10000000000002,190.0
1603.47383979999,190.10000000000002,190.0
1603.775466699968,189.8,190.0
1604.094367899932,189.8,190.0
1604.4012130999472,190.20000000000002,190.0
1604.7206882999744,190.20000000000002,190.0
1605.0392819999252,190.20000000000002,190.0
1605.3602322998922,189.9,190.0
1605.6451325999806,189.9,190.0
1605.9657368999906,189.9,190.0
1606.2886730999453,190.10000000000002,190.0
1606.5886214999482,190.10000000000002,190.0
1606.9125081999227,190.10000000000002,190.0
1607.2141905999742,190.0,190.0
1607.5331226999406,190.0,190.0
1607.8378571999492,190.0,190.0
1608.1563602999086,190.10000000000002,190.0
1608.4753810999682,190.10000000000002,190.0
1608.798020999995,190.10000000000002,190.0
1609.0843495998997,190.10000000000002,190.0
1609.4050206999527,190.10000000000002,190.0
1609.7256233999506,190.0,190.0
1610.0444227999542,190.0,190.0
1610.3344119999092,190.0,190.0
1610.6499334999826,190.20000000000002,190.0
1610.973559499951,190.20000000000002,190.0
1611.2921277999412,190.20000000000002,190.0
1611.5971192999277,189.9,190.0
1611.9013226999668,189.9,190.0
1612.219981299946,189.9,190.0
1612.5394999999553,190.20000000000002,190.0
1612.8563594999723,190.20000000000002,190.0
1613.1479106999468,190.20000000000002,190.0
1613.4812959999545,189.9,190.0
1613.7878992999904,189.9,190.0
1614.1056260999758,190.10000000000002,190.0
1614.409319599974,190.10000000000002,190.0
1614.7292188999709,190.10000000000002,190.0
1615.0350457999157,190.0,190.0
1615.353544099955,190.0,190.0
1615.6546544999583,190.0,190.0
1615.9751248999964,189.9,190.0
1616.2800901998999,189.9,190.0
1616.5983013999648,189.9,190.0
1616.9018251999514,190.10000000000002,190.0
1617.2216034999583,190.10000000000002,190.0
1617.5451424999628,190.10000000000002,190.0
1617.8470089999028,189.8,190.0
1618.167602499947,189.8,190.0
1618.4713375999127,190.20000000000002,190.0
1618.776228899951,190.20000000000002,190.0
1619.0964014999336,190.20000000000002,190.0
1619.414558499935,189.8,190.0
1619.7154852999374,189.8,190.0
1620.0389411998913,189.8,190.0
1620.3412456999067,190.10000000000002,190.0
1620.6608582999324,190.10000000000002,190.0
1620.9801470999373,190.10000000000002,190.0
1621.2827137999702,189.9,190.0
1621.5897620999021,189.9,190.0
1621.9099492999958,189.9,190.0
1622.211988599971,190.0,190.0
1622.5333049999317,190.0,190.0
1622.8517009998905,190.0,190.0
1623.157307599904,190.0,190.0
1623.476912299986,190.0,190.0
1623.7951334998943,189.9,190.0
1624.0968381999992,189.9,190.0
1624.4021608999465,189.9,190.0
1624.7219454000005,190.10000000000002,190.0
1625.0281500999117,190.10000000000002,190.0
1625.3451469999272,190.10000000000002,190.0
1625.6635869999882,189.8,190.0
1625.9850797998952,189.8,190.0
1626.2720809999155,189.8,190.0
1626.5920267999172,190.10000000000002,190.0
1626.9122600998962,190.10000000000002,190.0
1627.2324086999288,190.10000000000002,190.0
1627.5346513999393,189.8,190.0
1627.8424145999597,189.8,190.0
1628.1607118999818,190.0,190.0
1628.4787821999053,190.0,190.0
1628.782162599964,190.0,190.0
1629.1055469999555,189.9,190.0
1629.4248386999825,189.9,190.0
1629.7408883000026,189.9,190.0
1630.046439299942,189.9,190.0
1630.3672571999487,189.9,190.0
1630.6727477998938,189.9,190.0
1630.9912533999886,190.10000000000002,190.0
1631.2920540999621,190.10000000000002,190.0
1631.6120430999435,190.10000000000002,190.0
1631.9335172999417,189.8,190.0
1632.2382944999263,189.8,190.0
1632.5428506999742,190.10000000000002,190.0
1632.8587028000038,190.10000000000002,190.0
1633.1793747999473,190.10000000000002,190.0
1633.4856064999476,189.8,190.0
1633.8045653000008,189.8,190.0
1634.1099553999957,189.8,190.0
1634.4140447999816,190.10000000000002,190.0
1634.7299831999699,190.10000000000002,190.0
1635.0494999999646,190.10000000000002,190.0
1635.3724506999133,189.9,190.0
1635.67575699999,189.9,190.0
1635.993317799992,189.9,190.0
1636.29805699992,190.0,190.0
1636.6039615999907,190.0,190.0
1636.9233545999741,190.10000000000002,190.0
1637.2404653999256,190.10000000000002,190.0
1637.5474278999027,190.10000000000002,190.0
1637.8631925999653,189.9,190.0
1638.1696140998974,189.9,190.0
1638.4885562999407,189.9,190.0
1638.7920079999603,190.20000000000002,190.0
1639.110630299896,190.20000000000002,190.0
1639.4303594999947,190.20000000000002,190.0
1639.7365340999095,189.8,190.0
1640.0570228999713,189.8,190.0
1640.360918899998,189.8,190.0
1640.6620020999108,190.20000000000002,190.0
1640.981376599986,190.20000000000002,190.0
1641.3012680999236,190.20000000000002,190.0
1641.6067761000013,189.9,190.0
1641.9245642999886,189.9,190.0
1642.231593000004,190.10000000000002,190.0
1642.5511049999623,190.10000000000002,190.0
1642.8711835999275,190.10000000000002,190.0
1643.1725162999937,190.0,190.0
1643.4786300999112,190.0,190.0
1643.7988301999867,190.0,190.0
1644.1184984999709,190.0,190.0
1644.4373856999446,190.0,190.0
1644.7418131999439,190.0,190.0
1645.0467750999378,190.20000000000002,190.0
1645.3621078999713,190.20000000000002,190.0
1645.6687321999343,190.20000000000002,190.0
1645.9862260998925,189.9,190.0
1646.2906810999848,189.9,190.0
1646.6104742999887,190.20000000000002,190.0
1646.915411499911,190.20000000000002,190.0
1647.2372138999635,190.20000000000002,190.0
1647.5546763999155,189.9,190.0
1647.8598723999457,189.9,190.0
1648.1787994999904,189.9,190.0
1648.484249399975,190.20000000000002,190.0
1648.8022432998987,190.20000000000002,190.0
1649.1080421999795,190.20000000000002,190.0
1649.4263510999735,189.9,190.0
1649.7453437999357,189.9,190.0
1650.0493589999387,189.9,190.0
1650.3536390999798,190.10000000000002,190.0
1650.6727732999716,190.10000000000002,190.0
1650.992431199993,190.10000000000002,190.0
1651.3105311999097,190.10000000000002,190.0
1651.5983049999923,190.10000000000002,190.0
1651.918121799943,190.0,190.0
1652.2245965999318,190.0,190.0
1652.544779799995,190.0,190.0
1652.8477513999678,190.20000000000002,190.0
1653.1685463999165,190.20000000000002,190.0
1653.468560899957,190.20000000000002,190.0
1653.7913991999812,189.9,190.0
1654.1101859000046,189.9,190.0
1654.4290171999019,189.9,190.0
1654.734054899891,190.20000000000002,190.0
1655.0541786999675,190.20000000000002,26.0
1655.3756971999537,190.20000000000002,260.0
1655.6623260999331,189.9,260.0
1655.979765099939,189.9,260.0
1656.28725449997,190.10000000000002,260.0
1656.6208867999958,190.10000000000002,260.0
1656.9247966998955,190.10000000000002,260.0
1657.2266327999532,190.0,260.0
1657.5495954999933,190.0,260.0
1657.852997399983,190.0,260.0
1658.1703457999974,190.0,260.0
1658.4940382998902,190.0,260.0
1658.7963570998982,190.0,260.0
1659.1172734999564,190.20000000000002,260.0
1659.4349650999065,190.20000000000002,260.0
1659.7241910999874,190.20000000000002,260.0
1660.041351999971,190.0,260.0
1660.3607584999409,190.0,260.0
1660.683879399905,190.3,260.0
1661.0033060999122,190.3,260.0
1661.304857299896,190.3,260.0
1661.624272099929,190.0,260.0
1661.9446444999194,190.0,260.0
1662.2671457999386,190.0,260.0
1662.5538434999762,190.20000000000002,260.0
1662.8705333999824,190.20000000000002,260.0
1663.1942180999322,190.20000000000002,260.0
1663.5108044999652,190.0,260.0
1663.8173778998898,190.0,260.0
1664.1176626998931,190.0,260.0
1664.4416224999586,190.10000000000002,260.0
1664.760816999944,190.10000000000002,260.0
1665.0773906999966,190.10000000000002,260.0
1665.3983503999189,190.10000000000002,260.0
1665.7039845999097,190.10000000000002,260.0
1666.0214016999817,190.0,260.0
1666.3268639999442,190.0,260.0
1666.6472293999977,190.0,260.0
1666.9479904999025,190.3,260.0
1667.2721195999766,190.3,260.0
1667.5905805999646,190.3,260.0
1667.8941514999606,189.9,260.0
1668.1974430999253,189.9,260.0
1668.5156284999102,189.9,260.0
1668.8351041999413,190.20000000000002,260.0
1669.1391416999977,190.20000000000002,260.0
1669.4604213999119,189.9,260.0
1669.7788100999314,189.9,260.0
1670.0677150998963,189.9,260.0
1670.3887226999504,190.10000000000002,260.0
1670.705518499948,190.10000000000002,260.0
1671.0103654999984,190.10000000000002,260.0
1671.3290080999723,190.0,260.0
1671.6486741999397,190.0,260.0
1671.9567546999315,190.0,260.0
1672.2577475999715,190.0,260.0
1672.5768505999586,190.0,260.0
1672.8840466999682,190.0,260.0
1673.2034093999537,190.20000000000002,260.0
1673.523165899911,190.20000000000002,260.0
1673.8233699999982,190.20000000000002,260.0
1674.142939299927,190.0,260.0
1674.4489537999034,190.0,260.0
1674.7695497999666,190.3,260.0
1675.0897639999166,190.3,260.0
1675.3923759999452,190.3,260.0
1675.7118938999483,190.0,260.0
1676.0154871999985,190.0,260.0
1676.3368212999776,190.0,260.0
1676.6400795999216,190.20000000000002,260.0
1676.9571654999163,190.20000000000002,260.0
1677.2805214999244,190.20000000000002,260.0
1677.5827109999955,190.0,260.0
1677.9020095999585,190.0,260.0
1678.222837499925,190.0,260.0
1678.5405148999998,190.10000000000002,260.0
1678.8468828999903,190.10000000000002,260.0
1679.1647196999984,190.10000000000002,260.0
1679.4689883999527,190.10000000000002,260.0
1679.790833099978,190.10000000000002,260.0
1680.0932767998893,190.0,260.0
1680.4125379999168,190.0,260.0
1680.7324325999944,190.0,260.0
1681.0529947999166,190.20000000000002,260.0
1681.3561234999215,190.20000000000002,260.0
1681.6744594000047,190.20000000000002,260.0
1681.9953992998926,189.9,260.0
1682.2820165999,189.9,260.0
1682.6020052999957,189.9,260.0
1682.9221526999027,190.20000000000002,260.0
1683.2440800999757,190.20000000000002,260.0
1683.5640439999988,189.9,260.0
1683.8515418999596,189.9,260.0
1684.1717043999815,189.9,260.0
1684.4888921999373,190.10000000000002,260.0
1684.7959413999924,190.10000000000002,260.0
1685.115252199932,190.10000000000002,260.0
1685.4319946999894,189.9,260.0
1685.7530929999193,189.9,260.0
1686.0577866999665,189.9,260.0
1686.3781495000003,190.0,260.0
1686.6965299999574,190.0,260.0
1687.0026341999182,190.0,260.0
1687.3029686999507,190.20000000000002,260.0
1687.6253824000014,190.20000000000002,260.0
1687.941711399937,190.0,260.0
1688.2470146999694,190.0,260.0
1688.5659782999428,190.0,260.0
1688.889268699917,190.3,260.0
1689.1902740999358,190.3,260.0
1689.492752399994,190.3,260.0
1689.814195999992,189.9,260.0
1690.1195004999172,189.9,260.0
1690.4381056999555,189.9,260.0
1690.7578455999028,190.20000000000002,260.0
1691.0758739999728,190.20000000000002,260.0
1691.367245499976,190.20000000000002,260.0
1691.685510099982,189.9,260.0
1692.0049150999403,189.9,260.0
1692.3254510998959,190.0,260.0
1692.6297129999148,190.0,260.0
1692.9503616999136,190.0,260.0
1693.2694740999723,190.0,260.0
1693.585839999956,190.0,260.0
1693.891028999933,190.0,260.0
1694.2099031999242,189.9,260.0
1694.5144762999844,189.9,260.0
1694.8359451999422,189.9,260.0
1695.1412221998908,190.20000000000002,260.0
1695.4569603999844,190.20000000000002,260.0
1695.7784284999361,190.20000000000002,260.0
1696.0822404999053,189.9,260.0
1696.3872617000015,189.9,260.0
1696.7046492999652,190.10000000000002,260.0
1697.0111000000034,190.10000000000002,260.0
1697.3301634999225,190.10000000000002,260.0
1697.631563099916,189.8,260.0
1697.9525757998927,189.8,260.0
1698.2722074999474,189.8,260.0
1698.5766945999349,190.0,260.0
1698.8970468998887,190.0,260.0
1699.199951699935,190.0,260.0
1699.5188824998913,189.9,260.0
1699.8237132999348,189.9,260.0
1700.1456772999372,189.9,260.0
1700.4455667999573,189.9,260.0
1700.7651844999054,189.9,260.0
1701.0867527999217,189.9,260.0
1701.3928234999767,190.10000000000002,260.0
1701.7111403999152,190.10000000000002,260.0
1702.0136825999944,189.9,260.0
1702.3336744999979,189.9,260.0
1702.6561985999579,189.9,260.0
1702.9580650998978,190.10000000000002,260.0
1703.2795806999784,190.10000000000002,260.0
1703.597545199911,190.10000000000002,260.0
1703.9022822999395,189.8,260.0
1704.2211307999678,189.8,260.0
1704.5395027999766,189.8,260.0
1704.8432315998944,190.10000000000002,260.0
1705.1494148999918,190.10000000000002,260.0
1705.4685652999906,190.10000000000002,260.0
1705.7873678999022,189.8,260.0
1706.107696599909,189.8,260.0
1706.4278444999363,189.9,260.0
1706.7482094999868,189.9,260.0
1707.0495032999897,189.9,260.0
1707.3725070999935,190.0,260.0
1707.6903395999689,190.0,260.0
1707.995964499889,190.0,260.0
1708.3143230999121,189.8,260.0
1708.619545299909,189.8,260.0
1708.9357563999947,189.8,260.0
1709.2557576999534,190.0,260.0
1709.5793299999787,190.0,260.0
1709.8824703999562,190.0,260.0
1710.1994708999991,189.8,260.0
1710.5045669999672,189.8,260.0
1710.822925399989,190.10000000000002,260.0
1711.1453560999362,190.10000000000002,260.0
1711.4478397999192,190.10000000000002,260.0
1711.7676373999566,189.70000000000002,260.0
1712.0873057999415,189.70000000000002,260.0
1712.3936104999157,189.70000000000002,260.0
1712.6943107999396,190.0,260.0
1713.0173034999752,190.0,260.0
1713.3348682998912,190.0,260.0
1713.6407295999816,189.9,260.0
1713.9598676000023,189.9,260.0
1714.2796706999652,189.9,260.0
1714.5828284999589,189.9,260.0
1714.9001137999585,189.9,260.0
1715.206673199893,190.10000000000002,260.0
1715.5100424999837,190.10000000000002,260.0
1715.8276177999796,190.10000000000002,260.0
1716.1508271999191,189.9,260.0
1716.4515251999255,189.9,260.0
1716.773518599919,189.9,260.0
1717.0764870999847,190.20000000000002,260.0
1717.3973480999703,190.20000000000002,260.0
1717.7139779999852,190.20000000000002,260.0
1718.0202381999698,189.8,260.0
1718.3390852999873,189.8,260.0
1718.6597411999246,189.8,260.0
1718.964849699987,190.10000000000002,260.0
1719.2850830999669,190.10000000000002,260.0
1719.6039765999885,189.8,260.0
1719.9230835998897,189.8,260.0
1720.2111640999792,189.8,260.0
1720.532261999906,190.0,260.0
1720.8504176998977,190.0,260.0
1721.1538797999965,190.0,260.0
1721.4736633999273,190.0,260.0
1721.7923391999211,190.0,260.0
1722.0975483999355,190.0,260.0
1722.3991156999255,189.9,260.0
1722.718604799942,189.9,260.0
1723.038981599966,189.9,260.0
1723.3596860999241,190.10000000000002,260.0
1723.6486665999983,190.10000000000002,260.0
1723.9680665999185,189.8,260.0
1724.2872085999697,189.8,260.0
1724.6083956999937,189.8,260.0
1724.9101169999922,190.10000000000002,260.0
1725.2148971999995,190.10000000000002,260.0
1725.5355035999091,190.10000000000002,260.0
1725.8568592999363,189.8,260.0
1726.1587988999672,189.8,260.0
1726.4642630999442,189.8,260.0
1726.7827051999047,190.0,260.0
1727.1006146,190.0,260.0
1727.4221118999412,190.0,260.0
1727.7263782999944,190.0,260.0
1728.0277349998942,190.0,260.0
1728.3475137999048,190.0,260.0
1728.6525235999143,190.0,260.0
1728.9723633999238,190.0,260.0
1729.293156299973,190.20000000000002,260.0
1729.5973113999935,190.20000000000002,260.0
1729.898249699967,190.20000000000002,260.0
1730.218063899898,190.0,260.0
1730.5415763999335,190.0,260.0
1730.8431267999113,190.0,260.0
1731.1635785999242,190.20000000000002,260.0
1731.4646886999253,190.20000000000002,260.0
1731.7843616999453,190.20000000000002,260.0
1732.0883271999191,189.8,260.0
1732.4092628998915,189.8,260.0
1732.713455799967,189.8,260.0
1733.0318801999092,190.10000000000002,260.0
1733.3381860998925,190.10000000000002,260.0
1733.6589463999262,189.8,260.0
1733.9764549999963,189.8,260.0
1734.2815440999111,189.8,260.0
1734.6022604999598,190.0,260.0
1734.9060259999242,190.0,260.0
1735.2251744999085,190.0,260.0
1735.5279396999395,190.0,260.0
1735.8497533999616,190.0,260.0
1736.1694996999577,190.0,260.0
1736.4729150999337,190.0,260.0
1736.774097599904,190.0,260.0
1737.0934470999055,190.0,260.0
1737.4168008998968,190.10000000000002,260.0
1737.7207374999998,190.10000000000002,260.0
1738.040781199932,189.8,260.0
1738.357510899892,189.8,260.0
1738.6779760998907,189.8,260.0
1738.9841194999171,190.10000000000002,260.0
1739.3031398999738,190.10000000000002,260.0
1739.6223245,190.10000000000002,260.0
1739.9256234999048,189.8,260.0
1740.245274099987,189.8,260.0
1740.5464859999483,189.8,260.0
1740.870738999918,190.10000000000002,260.0
1741.1748519999674,190.10000000000002,260.0
1741.4763927999884,190.10000000000002,260.0
1741.796062599984,189.9,260.0
1742.1176203999203,189.9,260.0
1742.4336118999636,190.0,260.0
1742.7231170999585,190.0,260.0
1743.0429304999998,190.0,260.0
1743.3626658999128,190.10000000000002,260.0
1743.6832799999975,190.10000000000002,260.0
1743.9848710999358,190.10000000000002,260.0
1744.2904059999855,189.9,260.0
1744.607814099989,189.9,260.0
1744.9293206000002,189.9,260.0
1745.2353166999528,190.10000000000002,260.0
1745.5546759999124,190.10000000000002,260.0
1745.8568148999475,190.10000000000002,260.0
1746.1771011999808,189.8,260.0
1746.4965962999268,189.8,260.0
1746.8006895999424,189.8,260.0
1747.1217960999347,190.10000000000002,260.0
1747.4223956998903,190.10000000000002,260.0
1747.7285678999033,189.8,260.0
1748.046699999948,189.8,260.0
1748.3698949998943,189.8,260.0
1748.6704074000008,190.0,260.0
1748.9904150998918,190.0,260.0
1749.310043699923,190.0,260.0
1749.6154670999385,190.0,260.0
1749.9181783999084,190.0,260.0
1750.2389074999373,190.0,260.0
1750.5560025000013,189.9,260.0
1750.8662932999432,189.9,260.0
1751.1677735999692,189.9,260.0
1751.483302699984,190.0,260.0
1751.8038518999238,190.0,260.0
1752.11002189992,189.8,260.0
1752.4297346998937,189.8,260.0
1752.7336923999246,189.8,260.0
1753.0539962999756,190.10000000000002,260.0
1753.3557604999514,190.10000000000002,260.0
1753.6745074999053,190.10000000000002,260.0
1753.9975872999057,189.8,260.0
1754.2995412999298,189.8,260.0
1754.603080199915,189.8,260.0
1754.923065399984,190.0,260.0
1755.2445477999281,190.0,260.0
1755.5641326999757,190.0,260.0
1755.8510258999886,189.9,260.0
1756.1692626998993,189.9,260.0
1756.488765399903,189.9,260.0
1756.7950971999671,189.9,260.0
1757.1140635999618,189.9,260.0
1757.433980599977,190.0,260.0
1757.735044799978,190.0,260.0
1758.0388574999524,190.0,260.0
1758.361004199949,189.8,260.0
1758.6819638999877,189.8,260.0
1759.002359499922,189.8,260.0
1759.304253499955,190.10000000000002,260.0
1759.6100659999065,190.10000000000002,260.0
1759.9298616999295,190.10000000000002,260.0
1760.2459027000004,189.8,260.0
1760.5517761999508,189.8,260.0
1760.8555543998955,189.8,260.0
1761.1757990999613,190.10000000000002,260.0
1761.4929596999427,190.10000000000002,260.0
1761.7977971999208,189.9,260.0
1762.1163919999963,189.9,260.0
1762.4228931999533,189.9,260.0
1762.7425528999884,190.0,260.0
1763.044690099894,190.0,260.0
1763.366925099981,190.0,260.0
1763.6670475999126,190.0,260.0
1763.9903833999997,190.0,260.0
1764.2921114999335,190.0,260.0
1764.6125517999753,189.9,260.0
1764.9305390999652,189.9,260.0
1765.2527678998886,189.9,260.0
1765.539031399996,190.10000000000002,260.0
1765.8605787999695,190.10000000000002,260.0
1766.1783152999124,189.8,260.0
1766.5009591999697,189.8,260.0
1766.787397399894,189.8,260.0
1767.1084542999743,190.20000000000002,260.0
1767.4276467999443,190.20000000000002,260.0
1767.7449466999387,190.20000000000002,260.0
1768.0508009999758,189.9,260.0
1768.3558989999583,189.9,260.0
1768.6721705999225,189.9,260.0
1768.9920447999611,190.20000000000002,260.0
1769.298260099953,190.20000000000002,260.0
1769.6017659999197,190.20000000000002,260.0
1769.921954399906,190.0,260.0
1770.2408612999134,190.0,260.0
1770.5602832000004,190.10000000000002,260.0
1770.8464186999481,190.10000000000002,260.0
1771.1678645999637,190.10000000000002,260.0
1771.4738970999606,190.10000000000002,260.0
1771.7939829999814,190.10000000000002,260.0
1772.1122816998977,190.10000000000002,260.0
1772.4157224999508,189.9,260.0
1772.7348666999023,189.9,260.0
1773.085841299966,189.9,260.0
1773.3581174999708,190.20000000000002,260.0
1773.6629245999502,190.20000000000002,260.0
1773.9833357000025,190.20000000000002,260.0
1774.3014686999377,189.9,260.0
1774.6070475999732,189.9,260.0
1774.9269412999274,189.9,260.0
1775.2470235999208,190.20000000000002,260.0
1775.547242200002,190.20000000000002,260.0
1775.8543362999335,189.9,260.0
1776.1719689999009,189.9,260.0
1776.4931997999083,189.9,260.0
1776.7944643999217,190.10000000000002,260.0
1777.1175378999906,190.10000000000002,260.0
1777.4348817999708,190.10000000000002,260.0
1777.7382320999168,190.0,260.0
1778.045418499969,190.0,260.0
1778.3460942999227,190.0,260.0
1778.667585899937,190.0,260.0
1778.986959899892,190.0,260.0
1779.2892627998954,190.0,261.0
1779.6112776999362,190.20000000000002,261.0
1779.9310233999277,190.20000000000002,260.0
1780.2334410999902,189.9,260.0
1780.5548902999144,189.9,260.0
1780.871400999953,189.9,260.0
1781.1626392999897,190.20000000000002,260.0
1781.4822425999446,190.20000000000002,260.0
1781.7998123998987,190.20000000000002,260.0
1782.1053475999506,189.9,260.0
1782.425863099983,189.9,260.0
1782.742282299907,189.9,260.0
1783.049771299935,190.8,260.0
1783.3518332999665,190.8,260.0
1783.6724244999932,190.8,260.0
1783.9737710999325,192.9,260.0
1784.2955258999718,192.9,260.0
1784.6005522999913,194.8,260.0
1784.9198755999096,194.8,260.0
