Time (s),Actual Temperature (C),Target Temperature (C)
0.2921214000089094,293.0,320.0
0.6098223000299186,293.0,320.0
0.914897600072436,293.2,320.0
1.2326875000726432,293.2,320.0
1.553042900050059,293.2,320.0
1.859360700007528,293.40000000000003,320.0
2.177987899980508,293.40000000000003,320.0
2.497221100027673,293.40000000000003,320.0
2.8018585999961942,293.6,320.0
3.1212901000399143,293.6,320.0
3.440104900044389,293.6,320.0
3.7449018000625074,293.8,320.0
4.061663100030273,293.8,320.0
4.385311200050637,294.0,320.0
4.705549200065434,294.0,320.0
5.00538820005022,294.0,320.0
5.3102967999875546,294.2,320.0
5.630600400036201,294.2,320.0
5.949671800015494,294.2,320.0
6.269838500069454,294.40000000000003,320.0
6.5753337000496686,294.40000000000003,320.0
6.879045100067742,294.40000000000003,320.0
7.197093600057997,294.6,320.0
7.503287100000307,294.6,320.0
7.821873500011861,294.6,320.0
8.140665000071749,294.8,320.0
8.461895600077696,294.8,320.0
8.781451700022444,294.90000000000003,320.0
9.086175000062212,294.90000000000003,320.0
9.40480000001844,294.90000000000003,320.0
9.725157300010324,295.0,320.0
10.012740300036967,295.0,320.0
10.332224900019355,295.0,320.0
10.650483000092208,295.2,320.0
10.97298670001328,295.2,320.0
11.276795600075275,295.2,320.0
11.576836900087073,295.3,320.0
11.897200800012797,295.3,320.0
12.202195800025947,295.3,320.0
12.521377800032496,295.40000000000003,320.0
12.841080800048076,295.40000000000003,320.0
13.162239300087094,295.40000000000003,320.0
13.448909800034016,295.6,320.0
13.768911799998023,295.6,320.0
14.089434100082144,295.7,320.0
14.393272200017236,295.7,320.0
14.71427150000818,295.7,320.0
15.033903400064446,295.90000000000003,320.0
15.338075100095011,295.90000000000003,320.0
15.639261400094256,295.90000000000003,320.0
15.962150400038809,296.0,320.0
16.281402399996296,296.0,320.0
16.585376900038682,296.0,320.0
16.904259100090712,296.2,320.0
17.208035700023174,296.2,320.0
17.52699460007716,296.2,320.0
17.830543200019747,296.3,320.0
18.150022000074387,296.3,320.0
18.456255600089207,296.5,320.0
18.775837199995294,296.5,320.0
19.0944716000231,296.5,320.0
19.395711400080472,296.6,320.0
19.71814190002624,296.6,320.0
20.023355700075626,296.6,320.0
20.323140699998476,296.7,320.0
20.64605219999794,296.7,320.0
20.965244300081395,296.7,320.0
21.266688300063834,296.8,320.0
21.587782800081186,296.8,320.0
21.90685220004525,296.8,320.0
22.229981400072575,296.90000000000003,320.0
22.533982400083914,296.90000000000003,320.0
22.85089300002437,297.1,320.0
23.15566240006592,297.1,320.0
23.475542500033043,297.1,320.0
23.793430800084025,297.2,320.0
24.098687899997458,297.2,320.0
24.41786150005646,297.2,320.0
24.73913890006952,297.3,320.0
25.040104100015014,297.3,320.0
25.344231700059026,297.3,320.0
25.6637950000586,297.40000000000003,320.0
25.9682662000414,297.40000000000003,320.0
26.29027560004033,297.40000000000003,320.0
26.609528000000864,297.5,320.0
26.912346000084653,297.5,320.0
27.23251350002829,297.6,320.0
27.552079100045376,297.6,320.0
27.857520900084637,297.6,320.0
28.17464610002935,297.8,320.0
28.495796000002883,297.8,320.0
28.80158480000682,297.8,320.0
29.120265800040215,297.90000000000003,320.0
29.42099060001783,297.90000000000003,320.0
29.742124299984425,297.90000000000003,320.0
30.0477063000435,298.0,320.0
30.36560990009457,298.0,320.0
30.68438160000369,298.0,320.0
30.990827700006776,298.1,320.0
31.310141900088638,298.1,320.0
31.631222299998626,298.3,320.0
31.917403800063767,298.3,320.0
32.23876810004003,298.3,320.0
32.55673369998112,298.40000000000003,320.0
32.86017790006008,298.40000000000003,320.0
33.18188250006642,298.40000000000003,320.0
33.49969309999142,298.5,320.0
33.80568650003988,298.5,320.0
34.10828380007297,298.5,320.0
34.427383100031875,298.7,320.0
34.73225970007479,298.7,320.0
35.053281800006516,298.7,320.0
35.373198300017975,298.8,320.0
35.689158600056544,298.8,320.0
35.97905289998744,298.8,320.0
36.30092110007536,299.0,320.0
36.61613330000546,299.0,320.0
36.92175660002977,299.1,320.0
37.2403617000673,299.1,320.0
37.54406980006024,299.1,320.0
37.86508570006117,299.3,320.0
38.171199300093576,299.3,320.0
38.488212600001134,299.3,320.0
38.8066417000955,299.40000000000003,320.0
39.11288760008756,299.40000000000003,320.0
39.43465680000372,299.40000000000003,320.0
39.75397580000572,299.5,320.0
40.070076500065625,299.5,320.0
40.37699400004931,299.5,320.0
40.69670720002614,299.7,320.0
41.01550830004271,299.7,320.0
41.33463080006186,299.8,320.0
41.6407888000831,299.8,320.0
41.9590351000661,299.8,320.0
42.2603506000014,299.90000000000003,320.0
42.58123680006247,299.90000000000003,320.0
42.89983690006193,299.90000000000003,320.0
43.223449400044046,300.0,320.0
43.52445959998295,300.0,320.0
43.83024480007589,300.0,320.0
44.149816400022246,300.1,320.0
44.453737500007264,300.1,320.0
44.77450450009201,300.1,320.0
45.09319460007828,300.2,320.0
45.413271600031294,300.2,320.0
45.70141009998042,300.40000000000003,320.0
46.02171190001536,300.40000000000003,320.0
46.33835129998624,300.40000000000003,320.0
46.66064360004384,300.5,320.0
46.96273170004133,300.5,320.0
47.283963500056416,300.5,320.0
47.60118960007094,300.6,320.0
47.92107110004872,300.6,320.0
48.2441404000856,300.6,320.0
48.56125999998767,300.8,320.0
48.86623090005014,300.8,320.0
49.185535500058904,300.8,320.0
49.50536800001282,300.90000000000003,320.0
49.82363490003627,300.90000000000003,320.0
50.147523700026795,301.0,320.0
50.43476259999443,301.0,320.0
50.75301990006119,301.0,320.0
51.07185260008555,301.1,320.0
51.37471370003186,301.1,320.0
51.69449640007224,301.1,320.0
52.01388240000233,301.2,320.0
52.33501929999329,301.2,320.0
52.622344900039025,301.2,320.0
52.94374910008628,301.2,320.0
53.26287490001414,301.2,320.0
53.583872099989094,301.2,320.0
53.87098080001306,301.3,320.0
54.192021800088696,301.3,320.0
54.51026500004809,301.40000000000003,320.0
54.815484400023706,301.40000000000003,320.0
55.13280160003342,301.40000000000003,320.0
55.45422050007619,301.5,320.0
55.75854559999425,301.5,320.0
56.06167990004178,301.5,320.0
56.38191720005125,301.6,320.0
56.70275060005952,301.6,320.0
57.02151450002566,301.6,320.0
57.3259631000692,301.7,320.0
57.62676020001527,301.7,320.0
57.949615100049414,301.7,320.0
58.266575400019065,301.8,320.0
58.571643300005235,301.8,320.0
58.87568320007995,301.8,320.0
59.19383610005025,301.90000000000003,320.0
59.516345000010915,301.90000000000003,320.0
59.81858070008457,302.0,320.0
60.1394346000161,302.0,320.0
60.45973330002744,302.0,320.0
60.77999609999824,302.1,320.0
61.07984760007821,302.1,320.0
61.3994890000904,302.1,320.0
61.722156200092286,302.2,320.0
62.023670400027186,302.2,320.0
62.32658100000117,302.2,320.0
62.65015570004471,302.40000000000003,320.0
62.95405759999994,302.40000000000003,320.0
63.27320310007781,302.40000000000003,320.0
63.59052540000994,302.40000000000003,320.0
63.89448200003244,302.40000000000003,320.0
64.21579809999093,302.6,320.0
64.53581640007906,302.6,320.0
64.83759780006949,302.6,320.0
65.15723910008091,302.7,320.0
65.47984310006723,302.7,320.0
65.80040050006937,302.7,320.0
66.10161590005737,302.8,320.0
66.40473629999906,302.8,320.0
66.72435120004229,302.8,320.0
67.02907739998773,302.90000000000003,320.0
67.35114180005621,302.90000000000003,320.0
67.6698916000314,302.90000000000003,320.0
67.99090139998589,303.0,320.0
68.27715219999664,303.0,320.0
68.59908339998219,303.1,320.0
68.91507590003312,303.1,320.0
69.2222639999818,303.1,320.0
69.53942070004996,303.2,320.0
69.84600230003707,303.2,320.0
70.16229840007145,303.2,320.0
70.48262130003422,303.40000000000003,320.0
70.80482319998555,303.40000000000003,320.0
71.10835870006122,303.40000000000003,320.0
71.42828059999738,303.5,320.0
71.73305280006025,303.5,320.0
72.05231830000412,303.5,320.0
72.37109050003346,303.6,320.0
72.67336370004341,303.6,320.0
72.99303000001237,303.7,320.0
73.3125634000171,303.7,320.0
73.61835090001114,303.7,320.0
73.91924780001864,303.7,320.0
74.2400054000318,303.7,320.0
74.55940220004413,303.7,320.0
74.86267980001867,303.8,320.0
75.16687740001362,303.8,320.0
75.48832050000783,303.8,320.0
75.80578819999937,303.90000000000003,320.0
76.11239480006043,303.90000000000003,320.0
76.43159350007772,303.90000000000003,320.0
76.75099060009234,304.0,320.0
77.04088650003541,304.0,320.0
77.35764820000622,304.1,320.0
77.67678370000795,304.1,320.0
77.99916390003636,304.1,320.0
78.30245419999119,304.2,320.0
78.62309700006153,304.2,320.0
78.92713790002745,304.2,320.0
79.24417680001352,304.3,320.0
79.5508079000283,304.3,320.0
79.86733490007464,304.3,320.0
80.17118180007674,304.40000000000003,320.0
80.49051650008187,304.40000000000003,320.0
80.8105645000469,304.40000000000003,320.0
81.11721410008613,304.6,320.0
81.4219076000154,304.6,320.0
81.73982290003914,304.7,320.0
82.06148750009015,304.7,320.0
82.36363500007428,304.7,320.0
82.66621210006997,304.8,320.0
82.98688790004235,304.8,320.0
83.30753590003587,304.8,320.0
83.61191480001435,304.90000000000003,320.0
83.92848560004495,304.90000000000003,320.0
84.23244510008954,304.90000000000003,320.0
84.5519603000721,305.0,320.0
84.87172020005528,305.0,320.0
85.1777564000804,305.0,320.0
85.49878979998175,305.1,320.0
85.80073870008346,305.1,320.0
86.12019370007329,305.1,320.0
86.42624659999274,305.2,320.0
86.74358590005431,305.2,320.0
87.04907900001854,305.3,320.0
87.3685673000291,305.3,320.0
87.68895069998689,305.3,320.0
87.99229760002345,305.40000000000003,320.0
88.29678570001852,305.40000000000003,320.0
88.61397850001231,305.40000000000003,320.0
88.934567600023,305.5,320.0
89.24042879999615,305.5,320.0
89.55649230000563,305.5,320.0
89.8802501000464,305.6,320.0
90.18402739998419,305.6,320.0
90.48814690008294,305.6,320.0
90.80731110007036,305.6,320.0
91.127941200044,305.6,320.0
91.44375930004753,305.7,320.0
91.75124330003746,305.7,320.0
92.07028730004095,305.7,320.0
92.38700280000921,305.8,320.0
92.69058220006991,305.8,320.0
92.99751620006282,305.8,320.0
93.31400800007395,305.90000000000003,320.0
93.63441390008666,305.90000000000003,320.0
93.956157800043,305.90000000000003,320.0
94.27439710008912,305.90000000000003,320.0
94.58083280001301,305.90000000000003,320.0
94.89936540008057,305.90000000000003,320.0
95.21965670003556,306.0,320.0
95.52460680005606,306.0,320.0
95.82693800004199,306.1,320.0
96.14522880001459,306.1,320.0
96.46765010000672,306.1,320.0
96.7721638000803,306.2,320.0
97.09124209999572,306.2,320.0
97.39592120004818,306.2,320.0
97.71286960004363,306.2,320.0
98.03220580006018,306.2,320.0
98.33803069998976,306.2,320.0
98.63941300008446,306.3,320.0
98.9601836000802,306.3,320.0
99.2810622000834,306.3,320.0
99.58464340004139,306.40000000000003,320.0
99.90257390006445,306.40000000000003,320.0
100.20812269998714,306.5,320.0
100.5297706000274,306.5,320.0
100.84803150000516,306.5,320.0
101.16695940005593,306.6,320.0
101.47273430007044,306.6,320.0
101.78960210003424,306.6,320.0
102.09478140005376,306.7,320.0
102.41652420000173,306.7,320.0
102.71705830004066,306.7,320.0
103.03637380001601,306.8,320.0
103.35580270003993,306.8,320.0
103.66153100004885,306.8,320.0
103.98041329998523,306.8,320.0
104.2862256000517,306.8,320.0
104.60617769998498,306.90000000000003,320.0
104.90825810004026,306.90000000000003,320.0
105.22776530007832,306.90000000000003,320.0
105.54659500007983,307.0,320.0
105.85008710005786,307.0,320.0
106.1698316000402,307.0,320.0
106.48980850004591,307.0,320.0
106.81157490005717,307.0,320.0
107.11328930000309,307.0,320.0
107.43489320005756,307.1,320.0
107.74016140005551,307.1,320.0
108.05904560000636,307.1,320.0
108.36282290006056,307.20000000000005,320.0
108.68214729998726,307.20000000000005,320.0
108.98765790008474,307.20000000000005,320.0
109.29100690002088,307.20000000000005,320.0
109.61068370006979,307.20000000000005,320.0
109.9303822000511,307.3,320.0
110.24841330002528,307.3,320.0
110.55400650005322,307.3,320.0
110.85482330003288,307.40000000000003,320.0
111.17850030004047,307.40000000000003,320.0
111.49446329998318,307.40000000000003,320.0
111.79803070006892,307.5,320.0
112.11775430000853,307.5,320.0
112.43974529998377,307.5,320.0
112.7438426000299,307.5,320.0
113.06331220001448,307.5,320.0
113.36893790005706,307.5,320.0
113.68499400001019,307.6,320.0
114.00692650000565,307.6,320.0
114.2929385000607,307.70000000000005,320.0
114.61508210003376,307.70000000000005,320.0
114.9193038000958,307.70000000000005,320.0
115.23874659999274,307.8,320.0
115.5589961000951,307.8,320.0
115.8767177000409,307.8,320.0
116.18078250007238,307.8,320.0
116.49969940003939,307.8,320.0
116.80577850004192,307.8,320.0
117.10953510005493,307.90000000000003,320.0
117.42614420002792,307.90000000000003,320.0
117.75008210004307,307.90000000000003,320.0
118.05056350002997,308.0,320.0
118.35395230003633,308.0,320.0
118.67305760004092,308.0,320.0
118.9935906000901,308.0,320.0
119.29854390001856,308.0,320.0
119.61804910004139,308.1,320.0
119.93750560004264,308.1,320.0
120.2432123000035,308.1,320.0
120.54693280009087,308.1,320.0
120.86439860006794,308.1,320.0
121.18446960009169,308.1,320.0
121.48764629999641,308.20000000000005,320.0
121.79125820007175,308.20000000000005,320.0
122.11500980006531,308.20000000000005,320.0
122.4307527000783,308.3,320.0
122.75318760005757,308.3,320.0
123.05838639999274,308.3,320.0
123.37751180003397,308.3,320.0
123.68137370003387,308.3,320.0
123.98493390006479,308.3,320.0
124.3043023000937,308.3,320.0
124.62279860000126,308.3,320.0
124.94360820006113,308.40000000000003,320.0
125.24939310003538,308.40000000000003,320.0
125.56628150003962,308.40000000000003,320.0
125.87188150000293,308.40000000000003,320.0
126.19157450005878,308.40000000000003,320.0
126.51116130000446,308.40000000000003,320.0
126.82785120001063,308.5,320.0
127.12005310005043,308.5,320.0
127.43552579998504,308.5,320.0
127.75538710004184,308.5,320.0
128.07887060008943,308.5,320.0
128.38088030007202,308.6,320.0
128.68636980000883,308.6,320.0
129.00253100006375,308.6,320.0
129.32611310004722,308.70000000000005,320.0
129.62970040005166,308.70000000000005,320.0
129.94909420004115,308.70000000000005,320.0
130.2525384000037,308.70000000000005,320.0
130.57231690001208,308.70000000000005,320.0
130.89137110009324,308.70000000000005,320.0
131.19585840008222,308.8,320.0
131.50048400007654,308.8,320.0
131.8207593000261,308.8,320.0
132.1394791000057,308.90000000000003,320.0
132.44455330003984,308.90000000000003,320.0
132.76099049998447,308.90000000000003,320.0
133.08399489999283,308.90000000000003,320.0
133.3832412000047,308.90000000000003,320.0
133.68756480002776,309.0,320.0
134.01088170008734,309.0,320.0
134.32906640006695,309.0,320.0
134.6314307000721,309.1,320.0
134.95403670007363,309.1,320.0
135.27310770004988,309.1,320.0
135.57668280007783,309.1,320.0
135.89480020001065,309.1,320.0
136.2180170000065,309.1,320.0
136.5358538000146,309.20000000000005,320.0
136.83817360003013,309.20000000000005,320.0
137.1576997000957,309.20000000000005,320.0
137.48095550003927,309.20000000000005,320.0
137.7813075000886,309.20000000000005,320.0
138.10041890002321,309.3,320.0
138.4199902000837,309.3,320.0
138.7248009000905,309.3,320.0
139.04433579999022,309.40000000000003,320.0
139.34785950009245,309.40000000000003,320.0
139.6523777000839,309.40000000000003,320.0
139.97548600006849,309.5,320.0
140.2950337000657,309.5,320.0
140.597651100019,309.5,320.0
140.91695460001938,309.6,320.0
141.23607470002025,309.6,320.0
141.52587400004268,309.6,320.0
141.84621009998955,309.6,320.0
142.16172350000124,309.6,320.0
142.48430350003764,309.70000000000005,320.0
142.78597239998635,309.70000000000005,320.0
143.09214990003966,309.70000000000005,320.0
143.41070000000764,309.8,320.0
143.73190440004691,309.8,320.0
144.05165100004524,309.8,320.0
144.35454990004655,309.8,320.0
144.6765132000437,309.8,320.0
144.99240520002786,309.8,320.0
145.29727330000605,309.90000000000003,320.0
145.61623859999236,309.90000000000003,320.0
145.93743100005668,309.90000000000003,320.0
146.23976410005707,309.90000000000003,320.0
146.55895510001574,309.90000000000003,320.0
146.88299300009385,310.0,320.0
147.1850703000091,310.0,320.0
147.5065576999914,310.0,320.0
147.8221347000217,310.1,320.0
148.143628800055,310.1,320.0
148.44935920007993,310.1,320.0
148.76906150009017,310.1,320.0
149.08756110002287,310.1,320.0
149.38962440006435,310.1,320.0
149.71253240003716,310.20000000000005,320.0
150.03070600004867,310.20000000000005,320.0
150.3504389000591,310.3,320.0
150.63812610006426,310.3,320.0
150.95989400008693,310.3,320.0
151.2793679999886,310.3,320.0
151.59842410008423,310.3,320.0
151.88740610005334,310.3,320.0
152.20758809999097,310.40000000000003,320.0
152.5259945000289,310.40000000000003,320.0
152.83070050005335,310.40000000000003,320.0
153.14899160002824,310.5,320.0
153.46755440009292,310.5,320.0
153.78760979999788,310.5,320.0
154.07424129999708,310.5,320.0
154.39494850009214,310.5,320.0
154.71399710001424,310.6,320.0
155.03665110003203,310.6,320.0
155.3218949000584,310.6,320.0
155.64286970009562,310.6,320.0
155.96314960008021,310.6,320.0
156.2803609999828,310.6,320.0
156.58595570002217,310.70000000000005,320.0
156.89129260007758,310.70000000000005,320.0
157.21145850000903,310.70000000000005,320.0
157.51524850004353,310.70000000000005,320.0
157.83445100008976,310.70000000000005,320.0
158.15418359998148,310.70000000000005,320.0
158.45885599998292,310.8,320.0
158.77824480005074,310.8,320.0
159.0787850000197,310.8,320.0
159.39813320001122,310.8,320.0
159.71863010001834,310.8,320.0
160.00963930005673,310.90000000000003,320.0
160.32965960004367,310.90000000000003,320.0
160.6499912000727,310.90000000000003,320.0
160.9685291000642,310.90000000000003,320.0
161.26919170003384,310.90000000000003,320.0
161.57422499998938,310.90000000000003,320.0
161.89369330008049,311.0,320.0
162.21226370008662,311.0,320.0
162.51821550005116,311.0,320.0
162.8375652000541,311.1,320.0
163.1573700000299,311.1,320.0
163.46325360005721,311.1,320.0
163.76401100005023,311.1,320.0
164.08464060002007,311.1,320.0
164.4036162000848,311.20000000000005,320.0
164.70715170004405,311.20000000000005,320.0
165.0118807000108,311.20000000000005,320.0
165.33362340007443,311.3,320.0
165.65194420004264,311.3,320.0
165.95515530009288,311.3,320.0
166.27364420006052,311.40000000000003,320.0
166.5815666000126,311.40000000000003,320.0
166.8977418000577,311.40000000000003,320.0
167.20398350001778,311.40000000000003,320.0
167.52327940007672,311.40000000000003,320.0
167.828616600018,311.40000000000003,320.0
168.14654980006162,311.5,320.0
168.46851979999337,311.5,320.0
168.77195690001827,311.5,320.0
169.07218350004405,311.6,320.0
169.39174640004057,311.6,320.0
169.71344970003702,311.6,320.0
170.01966980006546,311.6,320.0
170.3390368000837,311.6,320.0
170.6570927000139,311.70000000000005,320.0
170.96225620002951,311.70000000000005,320.0
171.2662483000895,311.70000000000005,320.0
171.5844868000131,311.8,320.0
171.90435179998167,311.8,320.0
172.2221957000438,311.8,320.0
172.54535200004466,311.8,320.0
172.84890830004588,311.8,320.0
173.16757709998637,311.8,320.0
173.4720518999966,311.90000000000003,320.0
173.78885470004752,311.90000000000003,320.0
174.09559300006367,311.90000000000003,320.0
174.4144757000031,311.90000000000003,320.0
174.73518780001905,311.90000000000003,320.0
175.03754060005303,312.0,320.0
175.33955949998926,312.0,320.0
175.66340850002598,312.0,320.0
175.98338029999286,312.0,320.0
176.2999315999914,312.0,320.0
176.62036679999437,312.0,320.0
176.92655030009337,312.1,320.0
177.24391429999378,312.1,320.0
177.55027270002756,312.1,320.0
177.8672179999994,312.1,320.0
178.17315490008332,312.1,320.0
178.4930848000804,312.20000000000005,320.0
178.81176070007496,312.20000000000005,320.0
179.12900760001503,312.20000000000005,320.0
179.45253050001338,312.20000000000005,320.0
179.7524601999903,312.20000000000005,320.0
180.07480390009005,312.20000000000005,320.0
180.3929096000502,312.3,320.0
180.71407540002838,312.3,320.0
181.0341009000549,312.3,320.0
181.33612670004368,312.3,320.0
181.64296430000104,312.3,320.0
181.95980459998827,312.3,320.0
182.28364640008658,312.40000000000003,320.0
182.5840972000733,312.40000000000003,320.0
182.90259399998467,312.40000000000003,320.0
183.22554430004675,312.40000000000003,320.0
183.51325880002696,312.40000000000003,320.0
183.8328795999987,312.40000000000003,320.0
184.1531880000839,312.40000000000003,320.0
184.4538176000351,312.40000000000003,320.0
184.77653560007457,312.40000000000003,320.0
185.0781297000358,312.40000000000003,320.0
185.40144580008928,312.40000000000003,320.0
185.7213197000092,312.5,320.0
186.02099760004785,312.5,320.0
186.34115069999825,312.5,320.0
186.6626702999929,312.5,320.0
186.9829572000308,312.5,320.0
187.30363820004277,312.5,320.0
187.6074087000452,312.5,320.0
187.90851520001888,312.5,320.0
188.23093130008783,312.6,320.0
188.531581700081,312.6,320.0
188.8515579000814,312.6,320.0
189.15583790000528,312.6,320.0
189.47645270009525,312.6,320.0
189.79615210008342,312.6,320.0
190.09871100005694,312.70000000000005,320.0
190.4199108000612,312.70000000000005,320.0
190.72266550001223,312.70000000000005,320.0
191.04149860003963,312.70000000000005,320.0
191.36365620000288,312.70000000000005,320.0
191.684915299993,312.8,320.0
191.98698749998584,312.8,320.0
192.30846780003048,312.8,320.0
192.6091572000878,312.8,320.0
192.92987029999495,312.8,320.0
193.2360177000519,312.8,320.0
193.5516206000466,312.8,320.0
193.87187989999074,312.8,320.0
194.1791455000639,312.8,320.0
194.47960479999892,312.90000000000003,320.0
194.80158030008897,312.90000000000003,320.0
195.12215150007978,312.90000000000003,320.0
195.42549990001135,312.90000000000003,320.0
195.74539090006147,312.90000000000003,320.0
196.06469640007708,312.90000000000003,320.0
196.36619910004083,312.90000000000003,320.0
196.67228840000462,312.90000000000003,320.0
196.9936718000099,312.90000000000003,320.0
197.2967202999862,312.90000000000003,320.0
197.6152168000117,312.90000000000003,320.0
197.93571860005613,312.90000000000003,320.0
198.23755720001645,312.90000000000003,320.0
198.558843200095,312.90000000000003,320.0
198.8621254999889,313.0,320.0
199.16401770000812,313.0,320.0
199.48505250003655,313.0,320.0
199.8070815000683,313.0,320.0
200.12636360002216,313.0,320.0
200.43010500003584,313.0,320.0
200.73454870004207,313.0,320.0
201.0517859000247,313.0,320.0
201.37031220004428,313.1,320.0
201.67782690003514,313.1,320.0
201.97817420004867,313.1,320.0
202.30005640001036,313.1,320.0
202.6195092999842,313.1,320.0
202.93937390006613,313.1,320.0
203.24100829998497,313.1,320.0
203.54704740003217,313.1,320.0
203.866681399988,313.1,320.0
204.1844980000751,313.20000000000005,320.0
204.48945210000966,313.20000000000005,320.0
204.80911570007447,313.20000000000005,320.0
205.1153820999898,313.20000000000005,320.0
205.43228549999185,313.20000000000005,320.0
205.73721870000008,313.3,320.0
206.0579938000301,313.3,320.0
206.36007940000854,313.3,320.0
206.68266890000086,313.3,320.0
206.9830687000649,313.3,320.0
207.30394840007648,313.3,320.0
207.62308010004926,313.40000000000003,320.0
207.9284165999852,313.40000000000003,320.0
208.22965890006162,313.40000000000003,320.0
208.55055210005958,313.40000000000003,320.0
208.87329360004514,313.40000000000003,320.0
209.17551620001905,313.40000000000003,320.0
209.49683830002323,313.40000000000003,320.0
209.79896540008485,313.40000000000003,320.0
210.11715730000287,313.40000000000003,320.0
210.42230310000014,313.40000000000003,320.0
210.7405526000075,313.40000000000003,320.0
211.0448784000473,313.40000000000003,320.0
211.36676850006916,313.40000000000003,320.0
211.6853632000275,313.40000000000003,320.0
212.00653010001406,313.40000000000003,320.0
212.29458860005252,313.40000000000003,320.0
212.61049820005428,313.40000000000003,320.0
212.9319942999864,313.40000000000003,320.0
213.2527909000637,313.40000000000003,320.0
213.57107509998605,313.40000000000003,320.0
213.87709339999128,313.5,320.0
214.19495100004133,313.5,320.0
214.4993687000824,313.5,320.0
214.82106610003393,313.5,320.0
215.1215419000946,313.5,320.0
215.44303299998865,313.5,320.0
215.76271210005507,313.5,320.0
216.06611930008512,313.5,320.0
216.3846218000399,313.5,320.0
216.69124910002574,313.5,320.0
217.01047570002265,313.5,320.0
217.3310383000644,313.5,320.0
217.65167320007458,313.5,320.0
217.96914350008592,313.5,320.0
218.27089260006323,313.6,320.0
218.59381540003233,313.6,320.0
218.91096280002967,313.6,320.0
219.23364710004535,313.6,320.0
219.535034700064,313.6,320.0
219.8552887000842,313.6,320.0
220.16031449998263,313.6,320.0
220.47766610002145,313.6,320.0
220.78222599998116,313.70000000000005,320.0
221.1012298000278,313.70000000000005,320.0
221.4229295999976,313.70000000000005,320.0
221.72781830001622,313.70000000000005,320.0
222.03229180001654,313.70000000000005,320.0
222.34908419998828,313.70000000000005,320.0
222.6690435000928,313.8,320.0
222.9745741999941,313.8,320.0
223.2928833999904,313.8,320.0
223.59836160007399,313.8,320.0
223.91698840004392,313.8,320.0
224.22254660003819,313.8,320.0
224.54145540005993,313.8,320.0
224.86094100004993,313.8,320.0
225.16625010001007,313.90000000000003,320.0
225.46651120006572,313.90000000000003,320.0
225.78698219999205,313.90000000000003,320.0
226.10617110005114,313.90000000000003,320.0
226.412461000029,313.90000000000003,320.0
226.7333991000196,313.90000000000003,320.0
227.03527380002197,313.90000000000003,320.0
227.35581239999738,313.90000000000003,320.0
227.67340610001702,313.90000000000003,320.0
227.97755980002694,314.0,320.0
228.2840888000792,314.0,320.0
228.60351450007875,314.0,320.0
228.9047838000115,314.0,320.0
229.22524030006025,314.0,320.0
229.53117710002698,314.0,320.0
229.84758480009623,314.0,320.0
230.17059110000264,314.0,320.0
230.4749543000944,314.1,320.0
230.7926790000638,314.1,320.0
231.11392090003937,314.1,320.0
231.43119650008157,314.1,320.0
231.75096360000316,314.1,320.0
232.05422859999817,314.1,320.0
232.37688310001977,314.1,320.0
232.678488100064,314.1,320.0
233.00012169999536,314.20000000000005,320.0
233.3015538000036,314.20000000000005,320.0
233.62399810005445,314.20000000000005,320.0
233.9252799000824,314.20000000000005,320.0
234.23213530005887,314.20000000000005,320.0
234.55206520005595,314.20000000000005,320.0
234.8714560000226,314.3,320.0
235.17252350004856,314.3,320.0
235.4937681000447,314.3,320.0
235.81381970003713,314.3,320.0
236.11835510004312,314.3,320.0
236.4195871000411,314.3,320.0
236.7393622000236,314.40000000000003,320.0
237.05993170000147,314.40000000000003,320.0
237.36377370008267,314.40000000000003,320.0
237.66983230004553,314.40000000000003,320.0
237.9894717000425,314.40000000000003,320.0
238.30967139999848,314.5,320.0
238.6276085000718,314.5,320.0
238.93122340005357,314.5,320.0
239.25123599998187,314.5,320.0
239.553859100095,314.5,320.0
239.87255000008736,314.5,320.0
240.17903900006786,314.6,320.0
240.5002289999975,314.6,320.0
240.80366480001248,314.6,320.0
241.12069500004873,314.6,320.0
241.4266979000531,314.6,320.0
241.74660529999528,314.6,320.0
242.06552489998285,314.6,320.0
242.3701942000771,314.6,320.0
242.69013910007197,314.70000000000005,320.0
243.0066094000358,314.70000000000005,320.0
243.31340980005916,314.70000000000005,320.0
243.6331204000162,314.70000000000005,320.0
243.95285820006393,314.70000000000005,320.0
244.27269280003384,314.70000000000005,320.0
244.5589694000082,314.70000000000005,320.0
244.8802850000793,314.70000000000005,320.0
245.19975470006466,314.70000000000005,320.0
245.50495630002115,314.8,320.0
245.82420720008668,314.8,320.0
246.14256730000488,314.8,320.0
246.44632560003083,314.8,320.0
246.7491206000559,314.8,320.0
247.07003579998855,314.8,320.0
247.38787950004917,314.8,320.0
247.69451830000617,314.8,320.0
247.99762919999193,314.90000000000003,320.0
248.31848180002999,314.90000000000003,320.0
248.63803949998692,314.90000000000003,320.0
248.95628000004217,314.90000000000003,320.0
249.2602771000238,314.90000000000003,320.0
249.57826960005332,314.90000000000003,320.0
249.88224890001584,314.90000000000003,320.0
250.18815220007673,314.90000000000003,320.0
250.50760860007722,314.90000000000003,320.0
250.8133600000292,314.90000000000003,320.0
251.1308159000473,314.90000000000003,320.0
251.45291039999574,314.90000000000003,320.0
251.75585660000797,314.90000000000003,320.0
252.07507070002612,314.90000000000003,320.0
252.37686860002577,315.0,320.0
252.69799040001817,315.0,320.0
253.00234750006348,315.0,320.0
253.32361030008178,315.0,320.0
253.64089959999546,315.0,320.0
253.94511369999964,315.0,320.0
254.26674570003524,315.0,320.0
254.56926250003744,315.0,320.0
254.8879974000156,315.0,320.0
255.19310100004077,315.0,320.0
255.51085870002862,315.0,320.0
255.8140032000374,315.0,320.0
256.1351253000321,315.0,320.0
256.45425160008017,315.0,320.0
256.74461990001146,315.1,320.0
257.06388979998883,315.1,320.0
257.38349150004797,315.1,320.0
257.68845040001906,315.1,320.0
258.00604810006917,315.1,320.0
258.32443240005523,315.1,320.0
258.63021089998074,315.20000000000005,320.0
258.9501649000449,315.20000000000005,320.0
259.2515977000585,315.20000000000005,320.0
259.5741940999869,315.20000000000005,320.0
259.8755907000741,315.20000000000005,320.0
260.1959978999803,315.20000000000005,320.0
260.51857690000907,315.20000000000005,320.0
260.8203203000594,315.20000000000005,320.0
261.1248875000747,315.3,320.0
261.44394530006684,315.3,320.0
261.7491180000361,315.3,320.0
262.0670182000613,315.3,320.0
262.38821620005183,315.3,320.0
262.6908591000829,315.3,320.0
262.99674610001966,315.3,320.0
263.3142604000168,315.3,320.0
263.6362342000939,315.3,320.0
263.9565198000055,315.3,320.0
264.2581949000014,315.3,320.0
264.5604269000469,315.3,320.0
264.87992650002707,315.40000000000003,320.0
265.2011594000505,315.40000000000003,320.0
265.5232960000867,315.40000000000003,320.0
265.8234723000787,315.40000000000003,320.0
266.143279000069,315.40000000000003,320.0
266.4663922000909,315.5,320.0
266.78447160008363,315.5,320.0
267.08942810003646,315.5,320.0
267.40956190007273,315.5,320.0
267.713355600019,315.5,320.0
268.03263869998045,315.5,320.0
268.35364360001404,315.5,320.0
268.6569649000885,315.5,320.0
268.97759580006823,315.5,320.0
269.29683350003324,315.6,320.0
269.61395300005097,315.6,320.0
269.9195467000827,315.6,320.0
270.2394435000606,315.6,320.0
270.55992120003793,315.6,320.0
270.8645081000868,315.6,320.0
271.18088630004786,315.6,320.0
271.4856839000713,315.6,320.0
271.80496029998176,315.6,320.0
272.1082112999866,315.6,320.0
272.4276430000318,315.6,320.0
272.73495290009305,315.6,320.0
273.05017190007493,315.6,320.0
273.36994510004297,315.6,320.0
273.69350930000655,315.70000000000005,320.0
273.98003059998155,315.70000000000005,320.0
274.29918090009596,315.70000000000005,320.0
274.619108300074,315.70000000000005,320.0
274.93873920000624,315.70000000000005,320.0
275.24358740006573,315.70000000000005,320.0
275.54545139998663,315.70000000000005,320.0
275.86750040005427,315.70000000000005,320.0
276.1713120000204,315.8,320.0
276.48975720000453,315.8,320.0
276.8097953000106,315.8,320.0
277.1143320000265,315.8,320.0
277.4339084000094,315.8,320.0
277.73833960003685,315.8,320.0
278.05912500002887,315.90000000000003,320.0
278.3597830000799,315.90000000000003,320.0
278.6801336000208,315.90000000000003,320.0
278.9839135000948,315.90000000000003,320.0
279.3029525000602,315.90000000000003,320.0
279.62347049999516,316.0,320.0
279.9296764000319,316.0,320.0
280.2317749999929,316.0,320.0
280.5504651000956,316.0,320.0
280.8728091000812,316.0,320.0
281.19214270007797,316.0,320.0
281.49617930001114,316.0,320.0
281.81549230008386,316.0,320.0
282.11943469999824,316.0,320.0
282.43855700001586,316.1,320.0
282.74407740007155,316.1,320.0
283.04430649999995,316.1,320.0
283.36557210003957,316.1,320.0
283.6859161000466,316.1,320.0
284.0035391000565,316.20000000000005,320.0
284.31021640007384,316.20000000000005,320.0
284.62858890008647,316.20000000000005,320.0
284.9471357000293,316.20000000000005,320.0
285.2533837000374,316.20000000000005,320.0
285.57370449998416,316.20000000000005,320.0
285.890689700027,316.20000000000005,320.0
286.2119235000573,316.20000000000005,320.0
286.52973499998916,316.20000000000005,320.0
286.835040200036,316.3,320.0
287.1369641000638,316.3,320.0
287.45713200001046,316.3,320.0
287.77995940006804,316.3,320.0
288.0830998000456,316.3,320.0
288.38696680008434,316.3,320.0
288.7040049000643,316.3,320.0
289.0258387000067,316.3,320.0
289.33104980003554,316.40000000000003,320.0
289.6511604000116,316.40000000000003,320.0
289.9683822999941,316.40000000000003,320.0
290.288835400017,316.40000000000003,320.0
290.59113489999436,316.40000000000003,320.0
290.9116330000106,316.40000000000003,320.0
291.23330950003583,316.5,320.0
291.5506042999914,316.5,320.0
291.87080130004324,316.5,320.0
292.176513500046,316.5,320.0
292.4970079000341,316.5,320.0
292.80135940003674,316.5,320.0
293.11830040009227,316.5,320.0
293.42419540008996,316.5,320.0
293.7407772000879,316.6,320.0
294.0636886000866,316.6,320.0
294.36456490005367,316.6,320.0
294.6683786000358,316.6,320.0
294.9913210000377,316.6,320.0
295.30885780008975,316.6,320.0
295.6132953000488,316.6,320.0
295.91759169998113,316.6,320.0
296.2374647000106,316.6,320.0
296.5576652000891,316.6,320.0
296.87750619999133,316.6,320.0
297.1799769999925,316.70000000000005,320.0
297.48420020006597,316.70000000000005,320.0
297.80458360002376,316.70000000000005,320.0
298.1087905000895,316.70000000000005,320.0
298.42729360004887,316.70000000000005,320.0
298.7485848000506,316.70000000000005,320.0
299.0697809000267,316.8,320.0
299.3718829000136,316.8,320.0
299.6733516000677,316.8,320.0
299.99444240005687,316.8,320.0
300.3144056000747,316.8,320.0
300.6156875999877,316.8,320.0
300.938645599992,316.8,320.0
301.2404232000699,316.8,320.0
301.559811300016,316.8,320.0
301.86353880004026,316.8,320.0
302.1695242000278,316.8,320.0
302.48849740007427,316.90000000000003,320.0
302.81068860006053,316.90000000000003,320.0
303.11194640002213,316.90000000000003,320.0
303.4343467000872,316.90000000000003,320.0
303.7342161000706,316.90000000000003,320.0
304.056543600047,316.90000000000003,320.0
304.37636850005947,316.90000000000003,320.0
304.67729500005953,316.90000000000003,320.0
304.9979307000758,316.90000000000003,320.0
305.30104170006234,317.0,320.0
305.62220430001616,317.0,320.0
305.94183170003816,317.0,320.0
306.24637260008603,317.0,320.0
306.5481116999872,317.0,320.0
306.8683604000835,317.1,320.0
307.1746072000824,317.1,320.0
307.4932773000328,317.1,320.0
307.81373870000243,317.1,320.0
308.10356389998924,317.1,320.0
308.42149480001535,317.1,320.0
308.7421182000544,317.20000000000005,320.0
309.0627999000717,317.20000000000005,320.0
309.36496750009246,317.20000000000005,320.0
309.68572730000596,317.20000000000005,320.0
309.98883300006855,317.20000000000005,320.0
310.3102235000115,317.20000000000005,320.0
310.61029410001356,317.3,320.0
310.9301146999933,317.3,320.0
311.23526850005146,317.40000000000003,320.0
311.5565900000511,317.40000000000003,320.0
311.8768885000609,317.40000000000003,320.0
312.1764540000586,317.40000000000003,320.0
312.4832564999815,317.40000000000003,320.0
312.8040726000909,317.40000000000003,320.0
313.1197055000812,317.5,320.0
313.42721340002026,317.5,320.0
313.7315254000714,317.5,320.0
314.0471529000206,317.5,320.0
314.367191700032,317.5,320.0
314.6873093000613,317.5,320.0
314.9935960000148,317.5,320.0
315.2953332000179,317.5,320.0
315.61654700001236,317.5,320.0
315.9385272000218,317.6,320.0
316.2534852999961,317.6,320.0
316.55781830009073,317.6,320.0
316.8799924000632,317.6,320.0
317.1994235999882,317.6,320.0
317.5168074000394,317.6,320.0
317.8228155000834,317.6,320.0
318.14418080006726,317.6,320.0
318.46063830005005,317.6,320.0
318.78151660005096,317.6,320.0
319.0867930999957,317.6,320.0
319.3877001000801,317.6,320.0
319.70753410004545,317.6,320.0
320.0304045000812,317.70000000000005,320.0
320.33130820002407,317.70000000000005,320.0
320.6529994000448,317.70000000000005,320.0
320.9547659000382,317.70000000000005,320.0
321.2747073000064,317.70000000000005,320.0
321.5812220000662,317.70000000000005,320.0
321.90046630008146,317.70000000000005,320.0
322.22172630007844,317.70000000000005,320.0
322.54196450009476,317.70000000000005,320.0
322.86016430007294,317.70000000000005,320.0
323.1614582000766,317.70000000000005,320.0
323.4672942000907,317.70000000000005,320.0
323.7862959000049,317.70000000000005,320.0
324.10707170004025,317.70000000000005,320.0
324.427384300041,317.8,320.0
324.712549900054,317.8,320.0
325.0354419000214,317.8,320.0
325.3516601000447,317.8,320.0
325.67301090003457,317.8,320.0
325.9633744000457,317.8,320.0
326.27951670007315,317.8,320.0
326.5997259999858,317.8,320.0
326.92092639999464,317.8,320.0
327.2221292000031,317.8,320.0
327.5278499000706,317.8,320.0
327.84603760007303,317.8,320.0
328.1660837000236,317.8,320.0
328.4869383000769,317.8,320.0
328.773140000063,317.8,320.0
329.09533510007896,317.90000000000003,320.0
329.41340499999933,317.90000000000003,320.0
329.73414150008466,317.90000000000003,320.0
330.0553072000621,317.90000000000003,320.0
330.3762698000064,317.90000000000003,320.0
330.6799892000854,317.90000000000003,320.0
330.98276100005023,317.90000000000003,320.0
331.3032333999872,317.90000000000003,320.0
331.62057490006555,317.90000000000003,320.0
331.9396570000099,317.90000000000003,320.0
332.24677379999775,317.90000000000003,320.0
332.5490882000886,318.0,320.0
332.8688299000496,318.0,320.0
333.18775470007677,318.0,320.0
333.49421430006623,318.0,320.0
333.79541230003815,318.0,320.0
334.114728000015,318.0,320.0
334.43438300001435,318.0,320.0
334.7551975999959,318.0,320.0
335.0606516000116,318.1,320.0
335.3789600000018,318.1,320.0
335.69805700005963,318.1,320.0
336.00363090005703,318.1,320.0
336.32326309999917,318.1,320.0
336.6266411000397,318.1,320.0
336.9472536999965,318.1,320.0
337.2664344999939,318.1,320.0
337.58603470004164,318.1,320.0
337.88871080009267,318.1,320.0
338.2071699000662,318.1,320.0
338.52793530002236,318.20000000000005,320.0
338.8311024000868,318.20000000000005,320.0
339.15165150002576,318.20000000000005,320.0
339.47071230004076,318.20000000000005,320.0
339.77532400004566,318.20000000000005,320.0
340.08164720004424,318.20000000000005,320.0
340.3984671999933,318.20000000000005,320.0
340.72135600005277,318.20000000000005,320.0
341.0228250999935,318.20000000000005,320.0
341.3277336000465,318.3,320.0
341.64572340005543,318.3,320.0
341.95077100000344,318.3,320.0
342.2692826000275,318.3,320.0
342.5917878000764,318.3,320.0
342.9118711000774,318.3,320.0
343.21505140000954,318.3,320.0
343.51602249999996,318.3,320.0
343.83608280005865,318.40000000000003,320.0
344.14303600008134,318.40000000000003,320.0
344.4612195000518,318.40000000000003,320.0
344.76526970008854,318.40000000000003,320.0
345.08542690007016,318.40000000000003,320.0
345.404804800055,318.40000000000003,320.0
345.70906390005257,318.40000000000003,320.0
346.00943380000535,318.40000000000003,320.0
346.32966899999883,318.40000000000003,320.0
346.6532151000574,318.40000000000003,320.0
346.9563125000568,318.40000000000003,320.0
347.27475199999753,318.5,320.0
347.5933549000183,318.5,320.0
347.89918850001413,318.5,320.0
348.2023383000633,318.5,320.0
348.5218099000631,318.5,320.0
348.8418245000066,318.5,320.0
349.16386730002705,318.5,320.0
349.46579550008755,318.5,320.0
349.7847871000413,318.5,320.0
350.10646450007334,318.5,320.0
350.4063894000137,318.5,320.0
350.7284986000741,318.5,320.0
351.0499575000722,318.6,320.0
351.34997980005573,318.6,320.0
351.6734053000109,318.6,320.0
351.97514250001404,318.6,320.0
352.2814446000848,318.6,320.0
352.60021589999087,318.6,320.0
352.9176213000901,318.6,320.0
353.22078810003586,318.6,320.0
353.54072809999343,318.70000000000005,320.0
353.8631780000869,318.70000000000005,320.0
354.16672910004854,318.70000000000005,320.0
354.4858348000562,318.70000000000005,320.0
354.77517630008515,318.70000000000005,320.0
355.09270280005876,318.70000000000005,320.0
355.4117642000783,318.70000000000005,320.0
355.73403360007796,318.70000000000005,320.0
356.03462580009364,318.70000000000005,320.0
356.35605850000866,318.70000000000005,320.0
356.6593291000463,318.70000000000005,320.0
356.9800965000177,318.8,320.0
357.29883710003924,318.8,320.0
357.6204221000662,318.8,320.0
357.9382705000462,318.8,320.0
358.24351210007444,318.8,320.0
358.54542440001387,318.8,320.0
358.86919220001437,318.8,320.0
359.17295530007686,318.8,320.0
359.4901868000161,318.8,320.0
359.7939822000917,318.8,320.0
360.1119133000029,318.8,320.0
360.43492580007296,318.8,320.0
360.7387011999963,318.90000000000003,320.0
361.05674400005955,318.90000000000003,320.0
361.36078620003536,318.90000000000003,320.0
361.6815673999954,318.90000000000003,320.0
362.0024703000672,318.90000000000003,320.0
362.30608420004137,318.90000000000003,320.0
362.62639750004746,318.90000000000003,320.0
362.9453017000342,318.90000000000003,320.0
363.264271400054,319.0,320.0
363.5845623000059,319.0,320.0
363.887868000078,319.0,320.0
364.19120350002777,319.0,320.0
364.510129100061,319.0,320.0
364.8324641000945,319.0,320.0
365.13686400000006,319.0,320.0
365.4367743000621,319.0,320.0
365.7568765000906,319.1,320.0
366.07807050005067,319.1,320.0
366.38363769999705,319.1,320.0
366.70070110005327,319.1,320.0
367.00763150001876,319.1,320.0
367.3273012000136,319.1,320.0
367.6427975000115,319.1,320.0
367.9641914999811,319.1,320.0
368.26754750008695,319.1,320.0
368.5903702999931,319.20000000000005,320.0
368.90678700001445,319.20000000000005,320.0
369.2113556000404,319.20000000000005,320.0
369.53330940008163,319.20000000000005,320.0
369.8373794000363,319.20000000000005,320.0
370.1378555999836,319.20000000000005,320.0
370.4577785000438,319.20000000000005,320.0
370.779834200046,319.20000000000005,320.0
371.0845600999892,319.20000000000005,320.0
371.401195500046,319.20000000000005,320.0
371.70730800007004,319.20000000000005,320.0
372.02568650001194,319.3,320.0
372.33168290008325,319.3,320.0
372.6499878000468,319.3,320.0
372.967538200086,319.3,320.0
373.2732945000753,319.3,320.0
373.5909108000342,319.3,320.0
373.8964055000106,319.40000000000003,320.0
374.20251970004756,319.40000000000003,320.0
374.51868069998454,319.40000000000003,320.0
374.84096260007937,319.40000000000003,320.0
375.16171500005294,319.40000000000003,320.0
375.4656920999987,319.5,320.0
375.7821471000789,319.5,320.0
376.08674769999925,319.5,320.0
376.3889673000667,319.5,320.0
376.7128308999818,319.5,320.0
377.02867270004936,319.5,320.0
377.33460669999477,319.5,320.0
377.6537914000219,319.5,320.0
377.96054230001755,319.5,320.0
378.27825460000895,319.6,320.0
378.59555600001477,319.6,320.0
378.8867962000659,319.6,320.0
379.2069886000827,319.6,320.0
379.525003900053,319.6,320.0
379.8292085999856,319.6,320.0
380.1504999999888,319.6,320.0
380.47060780005995,319.6,320.0
380.771009100019,319.6,320.0
381.0941789000062,319.6,320.0
381.39418390009087,319.6,320.0
381.71740680001676,319.70000000000005,320.0
382.01927910000086,319.70000000000005,320.0
382.3385908000637,319.70000000000005,320.0
382.6452958000591,319.70000000000005,320.0
382.9650283000665,319.70000000000005,320.0
383.2833175000269,319.70000000000005,320.0
383.58587629999965,319.70000000000005,320.0
383.88938070007134,319.70000000000005,320.0
384.2077673000749,319.70000000000005,320.0
384.53014819999225,319.70000000000005,320.0
384.8327224000823,319.70000000000005,320.0
385.15315680007916,319.8,320.0
385.4585877000354,319.8,320.0
385.76329989999067,319.8,320.0
386.0822655000957,319.8,320.0
386.3990551000461,319.8,320.0
386.7045627000043,319.8,320.0
387.02476669999305,319.90000000000003,320.0
387.3418845999986,319.90000000000003,320.0
387.6491482000565,319.90000000000003,320.0
387.96543840004597,319.90000000000003,320.0
388.268872100045,319.90000000000003,320.0
388.591926000081,319.90000000000003,320.0
388.91187609999906,319.90000000000003,320.0
389.2295334000373,319.90000000000003,320.0
389.5322223000694,320.0,320.0
389.85244230006356,320.0,320.0
390.1744367000647,320.0,320.0
390.4787461999804,320.0,320.0
390.79809940000996,320.0,320.0
391.1012829000829,320.0,320.0
391.4199297000887,320.0,320.0
391.73965390003286,320.0,320.0
392.044438400073,320.0,320.0
392.3630049000494,320.0,320.0
392.6662454000907,320.0,320.0
392.98717380000744,320.0,320.0
393.30617510003503,320.0,320.0
393.6128365000477,320.0,320.0
393.930037299986,320.0,320.0
394.23483510001097,320.0,320.0
394.5546058000764,320.0,320.0
394.87487850000616,320.1,320.0
395.18077970005106,320.1,320.0
395.4803428000305,320.1,320.0
395.8013634000672,320.0,320.0
396.1199735000264,320.0,320.0
396.44361180008855,320.0,320.0
396.7447585000191,320.0,320.0
397.0659103000071,320.0,320.0
397.3873146000551,320.0,320.0
397.70330210006796,320.0,320.0
398.0096304999897,320.0,320.0
398.31039930006955,320.0,320.0
398.63144060003106,320.0,320.0
398.9532091000583,320.0,320.0
399.2535420000786,320.0,320.0
399.5585933000548,320.0,320.0
399.87869939999655,320.0,320.0
400.1994910000358,320.0,320.0
400.5187753000064,320.0,320.0
400.8220157000469,320.0,320.0
401.1433129000943,320.0,320.0
401.4606450999854,320.0,320.0
401.7846225000685,320.0,320.0
402.0848840000108,320.0,320.0
402.39150300004985,320.0,320.0
402.70930350001436,320.1,320.0
403.0298553000903,320.1,320.0
403.3353702999884,320.1,320.0
403.65105650003534,320.1,320.0
403.9546111000236,320.1,320.0
404.25903590000235,320.1,320.0
404.5811720000347,320.1,320.0
404.8992429000791,320.1,320.0
405.22031570004765,320.1,320.0
405.524227200076,320.1,320.0
405.8297537000617,320.1,320.0
406.14611790003255,320.1,320.0
406.4680527000455,320.20000000000005,320.0
406.7865232999902,320.20000000000005,320.0
407.0737267000368,320.20000000000005,320.0
407.39250270009506,320.20000000000005,320.0
407.71283330000006,320.20000000000005,320.0
408.03525499999523,320.20000000000005,320.0
408.3362992000766,320.20000000000005,320.0
408.6417116000084,320.20000000000005,320.0
408.96015699999407,320.20000000000005,320.0
409.2653370000189,320.20000000000005,320.0
409.58376479998697,320.20000000000005,320.0
409.902470100089,320.3,320.0
410.21008049999364,320.3,320.0
410.5140642999904,320.3,320.0
410.83279230003245,320.3,320.0
411.15121590008494,320.3,320.0
411.45707410003524,320.3,320.0
411.7763810000615,320.3,320.0
412.08162359998096,320.3,320.0
412.40120030008256,320.3,320.0
412.7193365000421,320.3,320.0
413.0226006000303,320.3,320.0
413.3260003000032,320.3,320.0
413.64469200000167,320.3,320.0
413.95038990001194,320.3,320.0
414.2713501000544,320.3,320.0
414.58813829999417,320.3,320.0
414.90893650008366,320.3,320.0
415.22909090004396,320.3,320.0
415.5312394000357,320.3,320.0
415.8526628999971,320.3,320.0
416.174672299996,320.3,320.0
416.47783640003763,320.3,320.0
416.78137900005095,320.40000000000003,320.0
417.1019819000503,320.40000000000003,320.0
417.4175978000276,320.40000000000003,320.0
417.7219479000196,320.3,320.0
418.0432555000298,320.3,320.0
418.34604760003276,320.3,320.0
418.6650214000838,320.3,320.0
418.9719289999921,320.3,320.0
419.2883044000482,320.3,320.0
419.5947244000854,320.40000000000003,320.0
419.91219820000697,320.40000000000003,320.0
420.2317994000623,320.40000000000003,320.0
420.53675920004025,320.40000000000003,320.0
420.8558493000455,320.40000000000003,320.0
421.1595032000914,320.40000000000003,320.0
421.46329280000646,320.40000000000003,320.0
421.78584640007466,320.40000000000003,320.0
422.10353160009254,320.40000000000003,320.0
422.42273540003225,320.40000000000003,320.0
422.714580400032,320.40000000000003,320.0
423.030265300069,320.5,320.0
423.34945059998427,320.5,320.0
423.6732955999905,320.5,320.0
423.9749262999976,320.5,320.0
424.29493810003623,320.5,320.0
424.6140642000828,320.5,320.0
424.93501660006586,320.5,320.0
425.23896230000537,320.5,320.0
425.54344600008335,320.5,320.0
425.86312510003336,320.5,320.0
426.1825009000022,320.5,320.0
426.4873199000722,320.5,320.0
426.8034387000371,320.5,320.0
427.1083124000579,320.5,320.0
427.427873800043,320.6,320.0
427.7486143000424,320.6,320.0
428.0704227000242,320.6,320.0
428.3900206000544,320.6,320.0
428.7104326999979,320.6,320.0
428.9957214000169,320.6,320.0
429.3153703000862,320.6,320.0
429.6357547000516,320.6,320.0
429.9373093000613,320.6,320.0
430.2585962000303,320.6,320.0
430.5786262000911,320.6,320.0
430.88105820002966,320.6,320.0
431.2030114000663,320.6,320.0
431.507102600066,320.6,320.0
431.8260488000233,320.6,320.0
432.1279733000556,320.6,320.0
432.4330313000828,320.6,320.0
432.7538478000788,320.6,320.0
433.07512210006826,320.6,320.0
433.3930154000409,320.6,320.0
433.69820800004527,320.6,320.0
434.0027624000795,320.6,320.0
434.3217811000068,320.6,320.0
434.63798660004977,320.6,320.0
434.9446840999881,320.6,320.0
435.2491827000631,320.6,320.0
435.5677203000523,320.6,320.0
435.88860060006846,320.6,320.0
436.2078937999904,320.6,320.0
436.49482670007274,320.6,320.0
436.8140092000831,320.6,320.0
437.1336154000601,320.6,320.0
437.45401900005527,320.6,320.0
437.7599843000062,320.6,320.0
438.07856550009456,320.6,320.0
438.3836930000689,320.6,320.0
438.68492300005164,320.6,320.0
439.0054351000581,320.6,320.0
439.32587840000633,320.6,320.0
439.62806760007516,320.6,320.0
439.94850140006747,320.6,320.0
440.26635110005736,320.6,320.0
440.58930550003424,320.6,320.0
440.9105208000401,320.6,320.0
441.21261270006653,320.6,320.0
441.53277040005196,320.6,320.0
441.8527849999955,320.6,320.0
442.1724499000702,320.6,320.0
442.4743026000215,320.5,320.0
442.7768804000225,320.5,320.0
443.09995519998483,320.5,320.0
443.42000889999326,320.5,320.0
443.73788300005253,320.5,320.0
444.0251050000079,320.40000000000003,320.0
444.34592400002293,320.40000000000003,320.0
444.6678971000947,320.40000000000003,320.0
444.9831896000542,320.3,320.0
445.2715168000432,320.3,320.0
445.595122900093,320.3,320.0
445.9108916000696,320.3,320.0
446.23165020009037,320.3,320.0
446.5373744000681,320.3,320.0
446.8574749000836,320.20000000000005,320.0
447.15887180005666,320.20000000000005,320.0
447.47990460006986,320.20000000000005,320.0
447.7999490000075,320.20000000000005,320.0
448.102779100067,320.20000000000005,320.0
448.4075506000081,320.1,320.0
448.727171100094,320.1,320.0
449.0444062000606,320.1,320.0
449.3521630000323,320.1,320.0
449.6547501999885,320.1,320.0
449.9760396000929,320.1,320.0
450.29402740008663,320.1,320.0
450.59802250005305,320.1,320.0
450.91708590008784,320.1,320.0
451.2190954000689,320.0,320.0
451.53921250009444,320.0,320.0
451.85913610004354,320.0,320.0
452.16488749999553,320.0,320.0
452.4828695000615,320.0,320.0
452.7857816000469,320.0,320.0
453.1071896000067,319.90000000000003,320.0
453.4113604000304,319.90000000000003,320.0
453.7163716000505,319.90000000000003,320.0
454.03275410004426,319.90000000000003,320.0
454.35581800004,319.90000000000003,320.0
454.67387609998696,319.90000000000003,320.0
454.96230580005795,319.90000000000003,320.0
455.2823866000399,319.90000000000003,320.0
455.6025035000639,319.90000000000003,320.0
455.9196448000148,319.90000000000003,320.0
456.2232745999936,319.90000000000003,320.0
456.54714030004106,319.8,320.0
456.86650020000525,319.8,320.0
457.15340599999763,319.8,320.0
457.47347399999853,319.8,320.0
457.7923188999994,319.8,320.0
458.09630760003347,319.8,320.0
458.41558340005577,319.8,320.0
458.7362935000565,319.8,320.0
459.0400268000085,319.8,320.0
459.3436947000446,319.8,320.0
459.6607516000513,319.8,320.0
459.9807433000533,319.8,320.0
460.2854229999939,319.8,320.0
460.604662100086,319.8,320.0
460.9241102000233,319.8,320.0
461.2306263000937,319.8,320.0
461.53158910002094,319.8,320.0
461.8513371000299,319.8,320.0
462.17094240000006,319.8,320.0
462.47624180000275,319.8,320.0
462.7807762000011,319.8,320.0
463.0996399000287,319.8,320.0
463.41956080007367,319.90000000000003,320.0
463.7238019000506,319.90000000000003,320.0
464.04485599999316,319.90000000000003,320.0
464.34805300005246,319.8,320.0
464.66713730001356,319.8,320.0
464.97345170006156,319.8,320.0
465.2910356000066,319.90000000000003,320.0
465.59376439999323,319.90000000000003,320.0
465.91393200005405,319.90000000000003,320.0
466.23549130000174,319.8,320.0
466.5405678000534,319.8,320.0
466.86028969998006,319.8,320.0
467.1799486000091,319.90000000000003,320.0
467.47975300007965,319.90000000000003,320.0
467.8006089000264,319.90000000000003,320.0
468.12209379998967,319.90000000000003,320.0
468.43974850000814,319.90000000000003,320.0
468.74540620006155,319.90000000000003,320.0
469.0511186000658,319.90000000000003,320.0
469.3691834000638,319.90000000000003,320.0
469.6899520000443,319.90000000000003,320.0
469.99157860002015,319.90000000000003,320.0
470.2945310000796,319.90000000000003,320.0
470.6158809000626,319.90000000000003,320.0
470.93395320000127,319.90000000000003,320.0
471.24017860007007,319.90000000000003,320.0
471.5612548000645,319.90000000000003,320.0
471.87783890007995,319.90000000000003,320.0
472.19852520001587,319.90000000000003,320.0
472.51849980000407,319.90000000000003,320.0
472.8212843000656,319.90000000000003,320.0
473.1248828000389,319.90000000000003,320.0
473.444762500003,319.90000000000003,320.0
473.7504135000054,319.90000000000003,320.0
474.07025960006285,319.90000000000003,320.0
474.3897353000939,319.90000000000003,320.0
474.70797160000075,319.90000000000003,320.0
475.01281930005644,319.8,320.0
475.31534269999247,319.8,320.0
475.6343242999865,319.8,320.0
475.9545633000089,319.8,320.0
476.25886050006375,319.8,320.0
476.5638149000006,319.8,320.0
476.88370140001643,319.8,320.0
477.2018909000326,319.8,320.0
477.52312460006215,319.70000000000005,320.0
477.8289454000769,319.70000000000005,320.0
478.14447320008185,319.70000000000005,320.0
478.4644983999897,319.70000000000005,320.0
478.7704561999999,319.70000000000005,320.0
479.08980070007965,319.70000000000005,320.0
479.3933294999879,319.70000000000005,320.0
479.7145855000708,319.70000000000005,320.0
480.0167332000565,319.70000000000005,320.0
480.33569730003364,319.70000000000005,320.0
480.6578929000534,319.70000000000005,320.0
480.9755915000569,319.70000000000005,320.0
481.2664226000197,319.70000000000005,320.0
481.58286419999786,319.70000000000005,320.0
481.9044157000026,319.8,320.0
482.20880780008156,319.8,320.0
482.52664510009345,319.8,320.0
482.830684900051,319.8,320.0
483.1524225000758,319.8,320.0
483.45716780005023,319.8,320.0
483.77279339998495,319.8,320.0
484.0946115000406,319.8,320.0
484.4002064000815,319.8,320.0
484.719839700032,319.8,320.0
485.0199171000859,319.8,320.0
485.3273196000373,319.8,320.0
485.6470589999808,319.8,320.0
485.9660495000426,319.8,320.0
486.28562830004375,319.8,320.0
486.59087240009103,319.8,320.0
486.8945600000443,319.8,320.0
487.2131012000609,319.8,320.0
487.5153440000722,319.8,320.0
487.83808120002504,319.8,320.0
488.15664549998473,319.8,320.0
488.46051120001357,319.8,320.0
488.7789647000609,319.8,320.0
489.0827608000254,319.8,320.0
489.38879910006654,319.8,320.0
489.70740890002344,319.8,320.0
490.0262067000149,319.8,320.0
490.3313001000788,319.8,320.0
490.6508657000959,319.8,320.0
490.969277300057,319.8,320.0
491.29039009998087,319.8,320.0
491.5914207000751,319.8,320.0
491.91165470005944,319.8,320.0
492.2306863000849,319.8,320.0
492.5354121000273,319.8,320.0
492.85524380009156,319.8,320.0
493.1782511000056,319.8,320.0
493.4634761000052,319.8,320.0
493.7856016000733,319.8,320.0
494.1030217000516,319.8,320.0
494.42290770006366,319.8,320.0
494.7281415000325,319.8,320.0
495.02934960008133,319.8,320.0
495.3531858000206,319.8,320.0
495.6699995000381,319.8,320.0
495.9748063000152,319.90000000000003,320.0
496.296587800025,319.90000000000003,320.0
496.5998203000054,319.90000000000003,320.0
496.91934900009073,319.90000000000003,320.0
497.23764599999413,319.90000000000003,320.0
497.5397791999858,319.90000000000003,320.0
497.86218390008435,319.90000000000003,320.0
498.1832722000545,319.90000000000003,320.0
498.4858492000494,319.90000000000003,320.0
498.80596140003763,319.90000000000003,320.0
499.10773070005234,319.90000000000003,320.0
499.4273856000509,319.90000000000003,320.0
499.7314423000207,319.90000000000003,320.0
500.052690600045,319.90000000000003,320.0
500.37015129998326,320.0,320.0
500.6739407000132,320.0,320.0
500.99704530008603,320.0,320.0
501.3141763000749,320.0,320.0
501.6185076000402,320.0,320.0
501.9218038000399,320.0,320.0
502.244429100072,320.0,320.0
502.5599327000091,320.0,320.0
502.867979700095,320.0,320.0
503.185894299997,320.0,320.0
503.50578810006846,320.0,320.0
503.80865420005284,320.0,320.0
504.1308281000238,320.0,320.0
504.41861880000215,320.0,320.0
504.73469459998887,320.0,320.0
505.0560973000247,320.0,320.0
505.3603039000882,320.0,320.0
505.67854150000494,320.0,320.0
505.98532000009436,320.0,320.0
506.30542160000186,320.0,320.0
506.6240888000466,320.0,320.0
506.92539950006176,320.0,320.0
507.22942750004586,320.0,320.0
507.5489436000353,320.0,320.0
507.87066440004855,320.0,320.0
508.1922034000745,320.0,320.0
508.4921981000807,320.0,320.0
508.79778200003784,320.0,320.0
509.1166225000052,320.0,320.0
509.42233030009083,320.0,320.0
509.7399218000937,320.0,320.0
510.0600501000881,320.0,320.0
510.3656155000208,320.0,320.0
510.66682400007267,320.0,320.0
510.9898696000455,320.0,320.0
511.31052450009156,320.0,320.0
511.6114685999928,320.0,320.0
511.93260040006135,320.0,320.0
512.2518617000896,320.0,320.0
512.5561801000731,320.0,320.0
512.8608133000089,320.0,320.0
513.1811197000789,320.0,320.0
513.5007987000281,319.90000000000003,320.0
513.8027789000189,319.90000000000003,320.0
514.124060900067,319.90000000000003,320.0
514.4416970000602,319.90000000000003,320.0
514.7470135000767,319.90000000000003,320.0
515.0496062000748,319.90000000000003,320.0
515.3697335000616,319.90000000000003,320.0
515.673058000044,319.90000000000003,320.0
515.9933101000497,319.90000000000003,320.0
516.313948300085,320.0,320.0
516.6148137000855,320.0,320.0
516.9360312999925,320.0,320.0
517.2561156000011,320.0,320.0
517.5576488000806,320.0,320.0
517.8814565000357,320.0,320.0
518.1990253999829,320.0,320.0
518.5032998999814,320.0,320.0
518.8251299000112,320.0,320.0
519.1247935000574,320.0,320.0
519.4482357000234,320.0,320.0
519.7685141999973,320.1,320.0
520.0698349000886,320.1,320.0
520.3721956000663,320.1,320.0
520.6933128000237,320.0,320.0
521.012815700029,320.0,320.0
521.3196071999846,320.0,320.0
521.6390835000202,320.0,320.0
521.9750029999996,320.0,320.0
522.2623632000759,320.0,320.0
522.5826923000859,320.0,320.0
522.899302600068,320.0,320.0
523.2181359999813,320.0,320.0
523.52514719998,320.0,320.0
523.8448736000573,320.0,320.0
524.1645906000631,320.0,320.0
524.480887999991,320.0,320.0
524.7848721999908,320.0,320.0
525.1064543999964,320.0,320.0
525.4283765000291,320.0,320.0
525.7145154000027,320.0,320.0
526.0354604000458,320.0,320.0
526.3521179000381,320.0,320.0
526.6740928000072,320.0,320.0
526.9768072000006,320.0,320.0
527.2973802000051,320.0,320.0
527.5996622000821,320.1,320.0
527.9192952000303,320.1,320.0
528.2253534999909,320.1,320.0
528.5465978999855,320.1,320.0
528.8469238000689,320.1,320.0
529.1666862000711,320.1,320.0
529.4743065000512,320.1,320.0
529.7908158000791,320.1,320.0
530.1126456999918,320.1,320.0
530.4144825000549,320.1,320.0
530.7368385000154,320.1,320.0
531.0404937000712,320.1,320.0
531.342921200092,320.1,320.0
531.6639387999894,320.1,320.0
531.9835864000488,320.1,320.0
532.3030058000004,320.1,320.0
532.5890948000597,320.1,320.0
532.9093747000443,320.1,320.0
533.2294617000734,320.1,320.0
533.5496029000496,320.1,320.0
533.8375504000578,320.1,320.0
534.1585166000295,320.1,320.0
534.4751831000904,320.1,320.0
534.7978169000708,320.1,320.0
535.102394000045,320.1,320.0
535.4040348000126,320.1,320.0
535.7260265999939,320.1,320.0
536.0459996000864,320.1,320.0
536.3643379000714,320.1,320.0
536.6678834999911,320.1,320.0
536.9874604000943,320.1,320.0
537.2889509000815,320.1,320.0
537.6110012000427,320.1,320.0
537.9306341999909,320.1,320.0
538.2498021000065,320.1,320.0
538.5700841000071,320.1,320.0
538.8756702999817,320.1,320.0
539.1952755000675,320.1,320.0
539.5150997000746,320.1,320.0
539.830939300009,320.1,320.0
540.1532961000921,320.1,320.0
540.4581249000039,320.1,320.0
540.7782003000611,320.1,320.0
541.0979268000228,320.1,320.0
541.3848703000695,320.1,320.0
541.7044402000029,320.1,320.0
542.0221644000849,320.1,320.0
542.3295718000736,320.1,320.0
542.645221700077,320.1,320.0
542.952008799999,320.1,320.0
543.2707259000745,320.1,320.0
543.5760979000479,320.1,320.0
543.8930977000855,320.1,320.0
544.2138227000833,320.1,320.0
544.533582800068,320.1,320.0
544.839115299983,320.1,320.0
545.1407270000782,320.1,320.0
545.460869600065,320.1,320.0
545.7792965000262,320.1,320.0
546.0836131999968,320.20000000000005,320.0
546.388363200007,320.20000000000005,320.0
546.7089170999825,320.20000000000005,320.0
547.0291753000347,320.20000000000005,320.0
547.3458458000096,320.20000000000005,320.0
547.6360377999954,320.20000000000005,320.0
547.9558196000289,320.20000000000005,320.0
548.2753662000177,320.20000000000005,320.0
548.5948241000297,320.20000000000005,320.0
548.9009641000303,320.20000000000005,320.0
549.2022493000841,320.20000000000005,320.0
549.5231903999811,320.20000000000005,320.0
549.843471600092,320.20000000000005,320.0
550.1487379000755,320.20000000000005,320.0
550.4649577999953,320.20000000000005,320.0
550.7702457000269,320.20000000000005,320.0
551.0888109999942,320.20000000000005,320.0
551.391689500073,320.20000000000005,320.0
551.7150145000778,320.20000000000005,320.0
552.0349544000346,320.20000000000005,320.0
552.3518163000699,320.20000000000005,320.0
552.6567003000528,320.20000000000005,320.0
552.9772913000779,320.20000000000005,320.0
553.2939184000716,320.1,320.0
553.6015067000408,320.1,320.0
553.9038588000694,320.1,320.0
554.2218733000336,320.1,320.0
554.5415052000899,320.1,320.0
554.86133720004,320.1,320.0
555.1673564000521,320.1,320.0
555.4869586999994,320.1,320.0
555.7925215000287,320.0,320.0
556.1118114000419,320.0,320.0
556.4162721000612,320.0,320.0
556.7177938000532,320.0,320.0
557.0378795000724,320.0,320.0
557.3580569000915,320.0,320.0
557.6785450000316,320.0,320.0
557.966381700011,320.0,320.0
558.2862256000517,320.0,320.0
558.6056805000408,320.0,320.0
558.9223970000166,320.0,320.0
559.2267593999859,320.0,320.0
559.5326853999868,320.0,320.0
559.8520158000756,320.0,320.0
560.1706588000525,320.0,320.0
560.4737467999803,320.0,320.0
560.7813224000856,320.0,320.0
561.0972726000473,320.0,320.0
561.4206277000485,320.0,320.0
561.7375562000088,320.0,320.0
562.0248569999821,320.0,320.0
562.3446408000309,320.0,320.0
562.6648014000384,320.0,320.0
562.9714346000692,320.0,320.0
563.2895716000348,320.0,320.0
563.5912829000736,320.0,320.0
563.9124243999831,320.0,320.0
564.2333660000004,320.0,320.0
564.5504696000135,320.0,320.0
564.8572457000846,320.0,320.0
565.1759350000648,320.0,320.0
565.4957438000711,320.0,320.0
565.8154753000708,320.0,320.0
566.1178340000333,320.0,320.0
566.4249743000837,320.0,320.0
566.7435320999939,320.0,320.0
567.044933600002,320.0,320.0
567.3657729000552,320.0,320.0
567.6849124000873,320.0,320.0
567.9903111000312,320.0,320.0
568.3104149000719,320.1,320.0
568.6137158999918,320.1,320.0
568.9315112000331,320.1,320.0
569.255605100072,320.1,320.0
569.5752466000849,320.1,320.0
569.8930193000706,320.1,320.0
570.1960123000899,320.1,320.0
570.500637600082,320.1,320.0
570.8190631000325,320.1,320.0
571.1393642000621,320.1,320.0
571.4612074000761,320.1,320.0
571.7615896000061,320.1,320.0
572.0831981000956,320.1,320.0
572.4031866000732,320.1,320.0
572.7251390999882,320.1,320.0
573.0111736999825,320.1,320.0
573.3306643000105,320.1,320.0
573.6506493000779,320.1,320.0
573.9720706000226,320.1,320.0
574.2755866000662,320.1,320.0
574.5955179000739,320.1,320.0
574.8960724000353,320.1,320.0
575.2007114000153,320.1,320.0
575.5191092999885,320.1,320.0
575.8401845000917,320.1,320.0
576.1456310000503,320.20000000000005,320.0
576.4659077000106,320.20000000000005,320.0
576.7680690999841,320.20000000000005,320.0
577.0866882000118,320.20000000000005,320.0
577.3923494000919,320.20000000000005,320.0
577.712548200041,320.20000000000005,320.0
578.0292157999938,320.20000000000005,320.0
578.3343732000794,320.20000000000005,320.0
578.6369208000833,320.20000000000005,320.0
578.9767602999927,320.20000000000005,320.0
579.2785301000113,320.20000000000005,320.0
579.5976229000371,320.20000000000005,320.0
579.920338200056,320.20000000000005,320.0
580.219325400074,320.20000000000005,320.0
580.544049100019,320.20000000000005,320.0
580.8460778000299,320.20000000000005,320.0
581.1663602000335,320.20000000000005,320.0
581.4830828000559,320.20000000000005,320.0
581.7888879000675,320.20000000000005,320.0
582.0941295999801,320.20000000000005,320.0
582.4118216000497,320.20000000000005,320.0
582.7323145000264,320.20000000000005,320.0
583.0536801000126,320.1,320.0
583.3396858000197,320.1,320.0
583.6574203000637,320.1,320.0
583.9772400000365,320.1,320.0
584.2813144000247,320.1,320.0
584.6044068000047,320.1,320.0
584.9086936999811,320.1,320.0
585.2258564000949,320.1,320.0
585.5485694999807,320.1,320.0
585.8508319000248,320.1,320.0
586.1548064000672,320.1,320.0
586.4743380000582,320.1,320.0
586.7921719000442,320.1,320.0
587.0986033000518,320.1,320.0
587.4177443000954,320.1,320.0
587.7370627000928,320.1,320.0
588.0401143000927,320.1,320.0
588.3611687000375,320.20000000000005,320.0
588.666311900015,320.20000000000005,320.0
588.9860826000804,320.20000000000005,320.0
589.306106400094,320.1,320.0
589.6062572000083,320.1,320.0
589.9292311000172,320.1,320.0
590.2452471000142,320.20000000000005,320.0
590.5686973000411,320.20000000000005,320.0
590.8548897000728,320.20000000000005,320.0
591.1729734999826,320.1,320.0
591.4924071000423,320.1,320.0
591.7989885000279,320.20000000000005,320.0
592.1179555000272,320.20000000000005,320.0
592.4201793000102,320.20000000000005,320.0
592.7416966999881,320.1,320.0
593.0468131999951,320.1,320.0
593.3665358000435,320.1,320.0
593.6827048000414,320.1,320.0
593.9868965999922,320.1,320.0
594.2918093000771,320.1,320.0
594.6110572000034,320.1,320.0
594.9300870000152,320.1,320.0
595.2362078999868,320.1,320.0
595.5564701000694,320.1,320.0
595.875742000062,320.1,320.0
596.181324300007,320.1,320.0
596.4827593000373,320.1,320.0
596.8029593999963,320.1,320.0
597.1074014999904,320.1,320.0
597.4284868000541,320.1,320.0
597.7468205000041,320.1,320.0
598.0479220000561,320.1,320.0
598.3717358000576,320.1,320.0
598.67252500006,320.1,320.0
598.9955865000375,320.1,320.0
599.3137370999902,320.1,320.0
599.6148075000383,320.1,320.0
599.9219505999936,320.1,320.0
600.2412002000492,320.1,320.0
600.558687300072,320.1,320.0
600.8636755000334,320.1,320.0
601.1841486000922,320.1,320.0
601.4876627000049,320.1,320.0
601.7926006000489,320.1,320.0
602.1124692000449,320.1,320.0
602.4296560999937,320.1,320.0
602.7351971000899,320.1,320.0
603.0550314000575,320.1,320.0
603.373256699997,320.1,320.0
603.6940213000635,320.1,320.0
603.9840849000029,320.1,320.0
604.301453000051,320.20000000000005,320.0
604.6205203999998,320.20000000000005,320.0
604.9423463999992,320.20000000000005,320.0
605.2433735000668,320.1,320.0
605.5484023999888,320.1,320.0
605.8671609000303,320.20000000000005,320.0
606.188299600035,320.20000000000005,320.0
606.5084043000825,320.20000000000005,320.0
606.8108747000806,320.20000000000005,320.0
607.1314519000007,320.20000000000005,320.0
607.4521887000883,320.20000000000005,320.0
607.7556450000266,320.20000000000005,320.0
608.0742106999969,320.20000000000005,320.0
608.3790104000363,320.20000000000005,320.0
608.6987508999882,320.20000000000005,320.0
609.0042218000162,320.20000000000005,320.0
609.324346599984,320.20000000000005,320.0
609.6258495000657,320.1,320.0
609.9440690000774,320.1,320.0
610.2678601000225,320.20000000000005,320.0
610.5719868000597,320.20000000000005,320.0
610.8732039000606,320.20000000000005,320.0
611.1954366000136,320.1,320.0
611.5140127000632,320.1,320.0
611.8183205000823,320.1,320.0
612.1354514000705,320.20000000000005,320.0
612.4392942000413,320.20000000000005,320.0
612.7583052000264,320.20000000000005,320.0
613.0660063000396,320.1,320.0
613.3833187000128,320.1,320.0
613.7054804000072,320.1,320.0
614.0088199999882,320.20000000000005,320.0
614.3249222000595,320.20000000000005,320.0
614.6305849000346,320.1,320.0
614.9353317000205,320.1,320.0
615.2564626000822,320.1,320.0
615.5568719999865,320.1,320.0
615.8768328999868,320.1,320.0
616.1983141000383,320.1,320.0
616.5027345999843,320.1,320.0
616.8227983000688,320.1,320.0
617.1238430000376,320.1,320.0
617.4432787999976,320.1,320.0
617.7651607000735,320.1,320.0
618.0850897000637,320.1,320.0
618.3885318000102,320.1,320.0
618.69340930006,320.1,320.0
618.9981635999866,320.1,320.0
619.3177763000131,320.1,320.0
619.6341325000394,320.1,320.0
619.9543815000216,320.1,320.0
620.2574867000803,320.1,320.0
620.5626421000343,320.1,320.0
620.886455400032,320.1,320.0
621.186882100068,320.1,320.0
621.5076562000904,320.1,320.0
621.8243705000496,320.1,320.0
622.1293271000031,320.1,320.0
622.4480470999843,320.1,320.0
622.7683043000288,320.1,320.0
623.0730478999903,320.1,320.0
623.3919576000189,320.1,320.0
623.6956046000123,320.1,320.0
623.9995017000474,320.1,320.0
624.3191445000703,320.1,320.0
624.62470080005,320.1,320.0
624.9454623000929,320.1,320.0
625.2648936000187,320.1,320.0
625.5693654000061,320.1,320.0
625.8888827000046,320.1,320.0
626.1905060000718,320.1,320.0
626.4956105999881,320.1,320.0
626.8134413000662,320.1,320.0
627.1336955000879,320.1,320.0
627.4405262999935,320.1,320.0
627.7602054000599,320.1,320.0
628.0605481000384,320.1,320.0
628.3799092000118,320.1,320.0
628.7016980000772,320.0,320.0
629.0066293000709,320.0,320.0
629.3266446000198,320.0,320.0
629.6291057000635,320.0,320.0
629.9498197000939,320.0,320.0
630.2686120000435,320.0,320.0
630.5876374000218,320.0,320.0
630.892105499981,320.0,320.0
631.2095036000246,320.0,320.0
631.5139055000618,320.0,320.0
631.8361831000075,320.0,320.0
632.1391550999833,320.0,320.0
632.4577136000153,320.0,320.0
632.7765542999841,320.0,320.0
633.0806113000726,320.0,320.0
633.4009528000606,320.0,320.0
633.7204462999944,320.0,320.0
634.027032700018,320.0,320.0
634.3311961999862,320.0,320.0
634.6496530000586,320.0,320.0
634.9513576000463,320.0,320.0
635.2721839000005,320.0,320.0
635.5763219000073,320.0,320.0
635.8951581000583,320.0,320.0
636.2184165000217,320.0,320.0
636.5188178999815,320.0,320.0
636.8414435000159,320.0,320.0
637.1616563000716,320.0,320.0
637.449789400096,320.0,320.0
637.7658519999823,320.0,320.0
638.0860196000431,320.0,320.0
638.4056476000696,320.0,320.0
638.7104843000416,320.0,320.0
639.015733200009,320.0,320.0
639.3347408000845,320.0,320.0
639.6360813000938,320.0,320.0
639.9574752000626,320.0,320.0
640.2780545999995,320.0,320.0
640.5817354000174,320.0,320.0
640.9027176999953,320.0,320.0
641.2064375000773,320.0,320.0
641.5252623000415,320.0,320.0
641.8469334000256,320.0,320.0
642.1667584000388,320.0,320.0
642.4854725000914,320.0,320.0
642.7894641000312,320.0,320.0
643.090909600025,320.0,320.0
643.4111697000917,320.0,320.0
643.7304423000896,320.0,320.0
644.0510766000953,320.0,320.0
644.3577364000957,320.0,320.0
644.6749769999878,320.1,320.0
644.9954464000184,320.1,320.0
645.2966435999842,320.1,320.0
645.6164930000668,320.0,320.0
645.9222422000021,320.0,320.0
646.2434734000126,320.0,320.0
646.5601051000413,320.1,320.0
646.8646134000737,320.1,320.0
647.1701307999901,320.1,320.0
647.48854270007,320.1,320.0
647.7949035000056,320.1,320.0
648.114240200026,320.1,322.0
648.4179209000431,320.1,323.0
648.7375794000691,320.1,325.0
649.0407809000462,320.1,326.0
649.3766167000867,320.1,329.0
649.6812161999987,320.1,331.0
649.981223299983,320.1,334.0
650.3347571000922,320.1,337.0
650.6084032000508,320.1,339.0
650.9273955000099,320.1,342.0
651.2640939999837,320.1,344.0
651.550501300022,320.1,346.0
651.854376400006,320.1,346.0
652.1748325000517,320.1,348.0
652.4942614000756,320.20000000000005,349.0
652.7964867000701,320.20000000000005,349.0
653.1176782000111,320.20000000000005,350.0
653.4372020000592,320.3,350.0
653.7588501999853,320.3,350.0
654.0750939000864,320.3,350.0
654.3817976000719,320.40000000000003,350.0
654.698853900074,320.40000000000003,350.0
655.0021415000083,320.40000000000003,350.0
655.325265099993,320.40000000000003,350.0
655.6450255999807,320.40000000000003,350.0
655.9496014000615,320.40000000000003,350.0
656.2679774999851,320.5,350.0
656.5717031999957,320.5,350.0
656.905250400072,320.6,350.0
657.2284022000385,320.6,350.0
657.5286629000911,320.6,350.0
657.852002800093,320.6,350.0
658.1521532000042,320.6,350.0
658.4760950000491,320.6,350.0
658.7932927000802,320.6,350.0
659.1154934000224,320.6,350.0
659.415096300072,320.6,350.0
659.7203843999887,320.70000000000005,350.0
660.0421326000942,320.70000000000005,350.0
660.3436836000765,320.70000000000005,350.0
660.666328500025,320.70000000000005,350.0
660.9854903999949,320.70000000000005,350.0
661.2893318000715,320.8,350.0
661.605576400063,320.8,350.0
661.911738099996,320.8,350.0
662.2310721999966,320.8,350.0
662.5334204999963,320.8,350.0
662.8556826000568,320.8,350.0
663.1744917000178,320.90000000000003,350.0
663.4603018000489,320.90000000000003,350.0
663.7813946000533,320.90000000000003,350.0
664.1042526999954,320.90000000000003,350.0
664.4231899000006,320.90000000000003,350.0
664.7263023999985,320.90000000000003,350.0
665.0289984000847,320.90000000000003,350.0
665.3503841999918,320.90000000000003,350.0
665.6693110000342,320.90000000000003,350.0
665.9709991000127,320.90000000000003,350.0
666.2765361000784,320.90000000000003,350.0
666.5984650000464,320.90000000000003,350.0
666.913848199998,320.90000000000003,350.0
667.2342108000303,320.90000000000003,350.0
667.5400785000529,320.90000000000003,350.0
667.8413965000072,320.90000000000003,350.0
668.1653206000337,320.90000000000003,350.0
668.484244500054,320.90000000000003,350.0
668.7873497999972,320.90000000000003,350.0
669.1073418000014,320.90000000000003,350.0
669.4109394000843,320.90000000000003,350.0
669.7307694000192,320.90000000000003,350.0
670.0363185000606,321.0,350.0
670.3544112000382,321.0,350.0
670.6720449000131,321.0,350.0
670.9773722999962,321.0,350.0
671.2831419000868,321.0,350.0
671.6026949000079,321.0,350.0
671.9197772000916,321.0,350.0
672.2241155999945,321.0,350.0
672.5431208000518,321.0,350.0
672.848801300046,321.1,350.0
673.1690574000822,321.1,350.0
673.4727930000518,321.1,350.0
673.7913302000379,321.1,350.0
674.0949442000128,321.1,350.0
674.4161339000566,321.1,350.0
674.7179243999999,321.1,350.0
675.0382011000765,321.1,350.0
675.3422524000052,321.20000000000005,350.0
675.6609252000926,321.20000000000005,350.0
675.983786100056,321.20000000000005,350.0
676.300014300039,321.20000000000005,350.0
676.6079905000515,321.20000000000005,350.0
676.9271612000884,321.20000000000005,350.0
677.2461432000855,321.20000000000005,350.0
677.5671771999914,321.20000000000005,350.0
677.8544305000687,321.20000000000005,350.0
678.1722181000514,321.20000000000005,350.0
678.4947031000629,321.20000000000005,350.0
678.8141835000133,321.20000000000005,350.0
679.1155764000723,321.3,350.0
679.4347537000431,321.3,350.0
679.7386903000297,321.3,350.0
680.059026800096,321.3,350.0
680.3608571999939,321.3,350.0
680.6839244000148,321.3,350.0
681.0048291999847,321.3,350.0
681.3065881000366,321.3,350.0
681.6263121000957,321.40000000000003,350.0
681.946035400033,321.40000000000003,350.0
682.2659435999813,321.40000000000003,350.0
682.5685041000834,321.40000000000003,350.0
682.8874665000476,321.40000000000003,350.0
683.1948008000618,321.40000000000003,350.0
683.495436700061,321.40000000000003,350.0
683.8155633000424,321.40000000000003,350.0
684.1370977000333,321.40000000000003,350.0
684.4563474000897,321.40000000000003,350.0
684.7607480000006,321.40000000000003,350.0
685.0777307000244,321.40000000000003,350.0
685.3858102000086,321.40000000000003,350.0
685.6879760000156,321.40000000000003,350.0
686.0076207000529,321.5,350.0
686.327446600073,321.5,350.0
686.6330707999878,321.5,350.0
686.9506292000879,321.5,350.0
687.2550409000833,321.5,350.0
687.5735979999881,321.5,350.0
687.8778806000482,321.5,350.0
688.1965329000959,321.5,350.0
688.5003790000919,321.5,350.0
688.821963800001,321.5,350.0
689.1396605999907,321.5,350.0
689.4274500000756,321.6,350.0
689.7488664999837,321.6,350.0
690.0675321000163,321.6,350.0
690.3878700000932,321.6,350.0
690.7097182000289,321.6,350.0
690.9961782000028,321.6,350.0
691.3164674000582,321.6,350.0
691.6342198000057,321.6,350.0
691.9554363000207,321.6,350.0
692.2443275999976,321.70000000000005,350.0
692.5643008000916,321.70000000000005,350.0
692.8829843000276,321.70000000000005,350.0
693.1877771000145,321.70000000000005,350.0
693.5070582000772,321.70000000000005,350.0
693.8253027000464,321.70000000000005,350.0
694.1284052000847,321.70000000000005,350.0
694.4349302999908,321.70000000000005,350.0
694.7544423000654,321.8,350.0
695.0710836000508,321.8,350.0
695.3944502000231,321.8,350.0
695.6956211000215,321.8,350.0
695.9989322000183,321.8,350.0
696.3224986999994,321.8,350.0
696.6403112000553,321.8,350.0
696.9428878000472,321.8,350.0
697.2644885000773,321.8,350.0
697.5690319000278,321.90000000000003,350.0
697.8886133000487,321.90000000000003,350.0
698.190645600087,321.90000000000003,350.0
698.4957387000322,321.90000000000003,350.0
698.8144301000284,321.90000000000003,350.0
699.1359515000368,321.90000000000003,350.0
699.4384415000677,321.90000000000003,350.0
699.7567644000519,321.90000000000003,350.0
700.0800092000281,322.0,350.0
700.3794463999802,322.0,350.0
700.7016679000808,322.0,350.0
701.0225276000565,322.0,350.0
701.3420885000378,322.0,350.0
701.6626788000576,322.0,350.0
701.9499334000284,322.0,350.0
702.2686876000371,322.0,350.0
702.5873698000796,322.1,350.0
702.9095553000225,322.1,350.0
703.2107620000606,322.1,350.0
703.5165785000427,322.1,350.0
703.8351520000724,322.1,350.0
704.1555708000669,322.1,350.0
704.4609597000526,322.1,350.0
704.780019100057,322.1,350.0
705.0821827000473,322.1,350.0
705.3866601000773,322.1,350.0
705.7075589000015,322.1,350.0
706.0240374000277,322.1,350.0
706.3449908000184,322.1,350.0
706.6484810999827,322.1,350.0
706.9513048999943,322.1,350.0
707.2743684999878,322.1,350.0
707.5936141000129,322.1,350.0
707.8945358000929,322.1,350.0
708.2154167999979,322.1,350.0
708.5375881000655,322.1,350.0
708.8216079000849,322.1,350.0
709.1430262000067,322.1,350.0
709.4623609000118,322.1,350.0
709.7684826999903,322.1,350.0
710.086787300068,322.1,350.0
710.4068157000002,322.1,350.0
710.7090353000676,322.20000000000005,350.0
711.0314856000477,322.20000000000005,350.0
711.3507847000146,322.20000000000005,350.0
711.654656900093,322.20000000000005,350.0
711.9737866000505,322.20000000000005,350.0
712.2941583000356,322.20000000000005,350.0
712.5979731000261,322.20000000000005,350.0
712.9153227000497,322.20000000000005,350.0
713.2389508000342,322.20000000000005,350.0
713.5392271000892,322.20000000000005,350.0
713.8441826000344,322.20000000000005,350.0
714.1631272000959,322.20000000000005,350.0
714.4696839000098,322.20000000000005,350.0
714.7894751999993,322.20000000000005,350.0
715.1094717000378,322.20000000000005,350.0
715.4093544000061,322.20000000000005,350.0
715.7319917000132,322.20000000000005,350.0
716.0509807000635,322.20000000000005,350.0
716.3715509000467,322.20000000000005,350.0
716.6733408999862,322.20000000000005,350.0
716.9932384000858,322.20000000000005,350.0
717.3130474000936,322.20000000000005,350.0
717.6188549000071,322.20000000000005,350.0
717.9233308000257,322.20000000000005,350.0
718.2430801000446,322.20000000000005,350.0
718.5594386000885,322.20000000000005,350.0
718.866396700032,322.20000000000005,350.0
719.1847114000702,322.20000000000005,350.0
719.4891006000107,322.20000000000005,350.0
719.7935608000262,322.20000000000005,350.0
720.1100654000184,322.20000000000005,350.0
720.4300006000558,322.3,350.0
720.735522700008,322.3,350.0
721.0550215999829,322.3,350.0
721.3762859000126,322.3,350.0
721.6812790000113,322.3,350.0
721.981360899983,322.3,350.0
722.304054700071,322.3,350.0
722.6231439000694,322.3,350.0
722.9281040000496,322.3,350.0
723.2447409000015,322.3,350.0
723.5506526000099,322.3,350.0
723.8688980999868,322.40000000000003,350.0
724.1887697000057,322.40000000000003,350.0
724.4957382000284,322.40000000000003,350.0
724.799743700074,322.40000000000003,350.0
725.1174132000888,322.40000000000003,350.0
725.439168300014,322.40000000000003,350.0
725.7391571000917,322.40000000000003,350.0
726.0461551999906,322.40000000000003,350.0
726.3661617999896,322.5,350.0
726.6822130000219,322.5,350.0
726.9873230000958,322.5,350.0
727.3097573000705,322.5,350.0
727.6117261000909,322.5,350.0
727.9294695000863,322.5,350.0
728.2506372000789,322.5,350.0
728.5551540000597,322.5,350.0
728.8578607999953,322.5,350.0
729.1778679999989,322.5,350.0
729.4960052000824,322.5,350.0
729.8173198000295,322.5,350.0
730.1058667000616,322.6,350.0
730.4256262000417,322.6,350.0
730.7467396000866,322.6,350.0
731.066854899982,322.6,350.0
731.3686993999872,322.6,350.0
731.6880364000099,322.6,350.0
732.011124700075,322.6,350.0
732.328760500066,322.6,350.0
732.6310731000267,322.70000000000005,350.0
732.9529207000742,322.70000000000005,350.0
733.2727176999906,322.70000000000005,350.0
733.5589609000599,322.70000000000005,350.0
733.880859100027,322.70000000000005,350.0
734.1968427000102,322.70000000000005,350.0
734.5203692000359,322.70000000000005,350.0
734.8219165999908,322.70000000000005,350.0
735.1416515000165,322.70000000000005,350.0
735.4621724000899,322.70000000000005,350.0
735.7662524000043,322.70000000000005,350.0
736.0847259000875,322.8,350.0
736.4046849000733,322.8,350.0
736.7082214000402,322.8,350.0
737.0315080999862,322.8,350.0
737.3505674999906,322.8,350.0
737.6368709000526,322.8,350.0
737.9578311000951,322.8,350.0
738.2744277000893,322.8,350.0
738.5950698000379,322.8,350.0
738.8820491000079,322.8,350.0
739.2025749000022,322.8,350.0
739.5221884000348,322.8,350.0
739.844820600003,322.8,350.0
740.1456728000194,322.8,350.0
740.466345300083,322.8,350.0
740.7709270000923,322.8,350.0
741.0905649000779,322.8,350.0
741.3959035000298,322.90000000000003,350.0
741.7138039000565,322.90000000000003,350.0
742.0354604000458,322.90000000000003,350.0
742.3228689000243,322.90000000000003,350.0
742.6432615000522,322.90000000000003,350.0
742.9616777000483,322.90000000000003,350.0
743.2810563000385,322.90000000000003,350.0
743.5834268000908,322.90000000000003,350.0
743.8863336000359,322.90000000000003,350.0
744.2066999999806,322.90000000000003,350.0
744.5275448000757,322.90000000000003,350.0
744.8306780999992,322.90000000000003,350.0
745.149278500001,322.90000000000003,350.0
745.4553477000445,322.90000000000003,350.0
745.7750177000416,323.0,350.0
746.080157599994,323.0,350.0
746.3986523000058,323.0,350.0
746.7171056000516,323.0,350.0
747.0242834000383,323.0,350.0
747.3282670000335,323.0,350.0
747.6471393000102,323.0,350.0
747.9667716000695,323.0,350.0
748.2713411999866,323.0,350.0
748.5878811000148,323.1,350.0
748.9078708000015,323.1,350.0
749.2143613999942,323.1,350.0
749.5164245000342,323.1,350.0
749.836589600076,323.1,350.0
750.1542619999964,323.1,350.0
750.4594040000811,323.1,350.0
750.7798800000455,323.1,350.0
751.0992876000237,323.20000000000005,350.0
751.4186241000425,323.20000000000005,350.0
751.7220648000948,323.20000000000005,350.0
752.0416134999832,323.20000000000005,350.0
752.3476986000314,323.20000000000005,350.0
752.6670130999992,323.20000000000005,350.0
752.9878631000174,323.20000000000005,350.0
753.3072469000472,323.20000000000005,350.0
753.6076866000658,323.3,350.0
753.9277270000894,323.3,350.0
754.2497540999902,323.3,350.0
754.5515855000122,323.3,350.0
754.871925799991,323.3,350.0
755.1922018000623,323.3,350.0
755.5114728000481,323.3,350.0
755.8156539000338,323.3,350.0
756.1379241000395,323.3,350.0
756.438610100071,323.40000000000003,350.0
756.7581270000665,323.40000000000003,350.0
757.0815271000611,323.40000000000003,350.0
757.3854086000938,323.40000000000003,350.0
757.7052052000072,323.40000000000003,350.0
758.004674200085,323.40000000000003,350.0
758.3111101000104,323.40000000000003,350.0
758.6319195000688,323.40000000000003,350.0
758.9485503000906,323.40000000000003,350.0
759.2548299999908,323.40000000000003,350.0
759.5723811000353,323.40000000000003,350.0
759.893936800072,323.40000000000003,350.0
760.2116176000563,323.40000000000003,350.0
760.5163557000924,323.40000000000003,350.0
760.8371183000272,323.40000000000003,350.0
761.1569361999864,323.40000000000003,350.0
761.4465961999958,323.40000000000003,350.0
761.7659684000537,323.40000000000003,350.0
762.0832046000287,323.40000000000003,350.0
762.3874191000359,323.40000000000003,350.0
762.7055896000238,323.40000000000003,350.0
763.0285432999954,323.40000000000003,350.0
763.3318138000323,323.40000000000003,350.0
763.6505886000814,323.40000000000003,350.0
763.9709009000799,323.40000000000003,350.0
764.2569455000339,323.40000000000003,350.0
764.5952155999839,323.40000000000003,350.0
764.8991370000876,323.40000000000003,350.0
765.217738000094,323.40000000000003,350.0
765.5202700000955,323.40000000000003,350.0
765.8269814000232,323.40000000000003,350.0
766.1460035000928,323.5,350.0
766.467367800069,323.5,350.0
766.783622900024,323.5,350.0
767.0870203000959,323.5,350.0
767.3925978000043,323.5,350.0
767.7141421000706,323.5,350.0
768.0325908000814,323.5,350.0
768.3378186000045,323.5,350.0
768.6390663000057,323.5,350.0
768.9612875999883,323.5,350.0
769.2813109999988,323.5,350.0
769.5810174000217,323.5,350.0
769.9016403000569,323.5,350.0
770.2245551000815,323.5,350.0
770.5261206000578,323.5,350.0
770.8279582000105,323.5,350.0
771.1516368000302,323.5,350.0
771.455046200077,323.5,350.0
771.7721993000014,323.5,350.0
772.0957806000952,323.5,350.0
772.4124419,323.5,350.0
772.6994125000201,323.5,350.0
773.0197155000642,323.5,350.0
773.3384626000188,323.5,350.0
773.6445787000703,323.5,350.0
773.9651829000795,323.5,350.0
774.2689545000903,323.5,350.0
774.5740250999806,323.5,350.0
774.8927709000418,323.5,350.0
775.2114651000593,323.5,350.0
775.5328767000465,323.5,350.0
775.8374716000399,323.5,350.0
776.1389911000151,323.5,350.0
776.4590991000878,323.5,350.0
776.7761067000683,323.5,350.0
777.0824987000087,323.5,350.0
777.4036922000814,323.5,350.0
777.704192000092,323.5,350.0
778.0236742000561,323.5,350.0
778.3450061000185,323.5,350.0
778.6480815000832,323.5,350.0
778.9701181000564,323.5,350.0
779.2741854999913,323.5,350.0
779.5776530000148,323.5,350.0
779.8948291999986,323.5,350.0
780.2155753000407,323.5,350.0
780.5362505000085,323.5,350.0
780.8415582000744,323.5,350.0
781.1434224999975,323.5,350.0
781.4650013000937,323.5,350.0
781.7691850999836,323.5,350.0
782.0884181000292,323.5,350.0
782.4086663000053,323.5,350.0
782.7102122000651,323.5,350.0
783.0162519000005,323.5,350.0
783.3357685999945,323.5,350.0
783.6521746000508,323.6,350.0
783.9745857000817,323.6,350.0
784.2613503000466,323.6,350.0
784.5820923000574,323.6,350.0
784.9013641000492,323.6,350.0
785.2220206999918,323.6,350.0
785.5252992000896,323.6,350.0
785.8446426000446,323.6,350.0
786.1653578000842,323.6,350.0
786.4846596000716,323.6,350.0
786.7856835999992,323.6,350.0
787.1071749000112,323.6,350.0
787.4093462000601,323.6,350.0
787.7301624000538,323.6,350.0
788.0349986000219,323.6,350.0
788.3534761000192,323.6,350.0
788.6737567000091,323.6,350.0
788.9633194000926,323.70000000000005,350.0
789.2812034999952,323.70000000000005,350.0
789.6020233000163,323.70000000000005,350.0
789.9202067999868,323.70000000000005,350.0
790.2403326000785,323.70000000000005,350.0
790.5464415000752,323.70000000000005,350.0
790.8667475000257,323.70000000000005,350.0
791.1832666000118,323.70000000000005,350.0
791.4906661000568,323.70000000000005,350.0
791.809625599999,323.70000000000005,350.0
792.112220400013,323.70000000000005,350.0
792.4302620000672,323.70000000000005,350.0
792.7378125999821,323.70000000000005,350.0
793.0570374000818,323.70000000000005,350.0
793.3763905999949,323.70000000000005,350.0
793.6786073000403,323.70000000000005,350.0
793.9835138000781,323.70000000000005,350.0
794.3029046000447,323.8,350.0
794.6243276000023,323.8,350.0
794.9240151999984,323.8,350.0
795.2318120000418,323.8,350.0
795.550990800024,323.8,350.0
795.8702262000879,323.8,350.0
796.1904976000078,323.8,350.0
796.5096846000524,323.8,350.0
796.8128866000334,323.8,350.0
797.1337963000406,323.8,350.0
797.4544936000602,323.8,350.0
797.7579075000249,323.8,350.0
798.0751066000666,323.8,350.0
798.3800310000079,323.8,350.0
798.6986758999992,323.8,350.0
799.0190833000233,323.8,350.0
799.3380600999808,323.90000000000003,350.0
799.6415514000691,323.90000000000003,350.0
799.9620544000063,323.90000000000003,350.0
800.2688437000616,323.90000000000003,350.0
800.5887946999865,323.90000000000003,350.0
800.9064466999844,323.90000000000003,350.0
801.212202600087,323.90000000000003,350.0
801.5286159000825,323.90000000000003,350.0
801.850050500012,323.90000000000003,350.0
802.1713642000686,323.90000000000003,350.0
802.4898996000411,323.90000000000003,350.0
802.7762860000366,323.90000000000003,350.0
803.096424599993,323.90000000000003,350.0
803.4148110999959,323.90000000000003,350.0
803.7355670999968,324.0,350.0
804.0264891000697,324.0,350.0
804.3419805000303,324.0,350.0
804.6652132000308,324.0,350.0
804.9695423999801,324.0,350.0
805.2897212000098,324.0,350.0
805.608646000037,324.0,350.0
805.9277427000925,324.0,350.0
806.2136471000267,324.0,350.0
806.5357362000505,324.0,350.0
806.8555733000394,324.0,350.0
807.172074800008,324.0,350.0
807.4780010000104,324.0,350.0
807.7956840000115,324.0,350.0
808.1178761000047,324.0,350.0
808.4227940000128,324.0,350.0
808.7392106000334,324.0,350.0
809.0441227999981,324.0,350.0
809.3641894999892,324.0,350.0
809.6863032000838,324.0,350.0
810.0052514000563,324.0,350.0
810.3245200000238,324.0,350.0
810.6273980999831,324.0,350.0
810.946416300023,324.0,350.0
811.2674690000713,324.0,350.0
811.5707011000486,324.0,350.0
811.8933016000083,324.0,350.0
812.1949916000012,324.0,350.0
812.5174962000456,324.0,350.0
812.8208866000641,324.0,350.0
813.1395864000078,324.0,350.0
813.458615200012,324.0,350.0
813.7449471000582,324.0,350.0
814.0655150000239,324.0,350.0
814.3856971000787,324.0,350.0
814.7032384000486,324.0,350.0
815.0087873000884,324.0,350.0
815.3147943000076,324.0,350.0
815.6323514999822,324.0,350.0
815.9381169000408,324.0,350.0
816.2557550000492,324.0,350.0
816.5755600000266,324.0,350.0
816.8814693000168,324.0,350.0
817.1821426000679,324.0,350.0
817.5027884000447,324.0,350.0
817.8234312999994,324.0,350.0
818.128975700005,324.0,350.0
818.444408899988,324.0,350.0
818.749585499987,324.0,350.0
819.071652200073,324.0,350.0
819.3920012000017,324.0,350.0
819.6932520000264,324.0,350.0
820.0138663999969,324.0,350.0
820.3318843999878,324.0,350.0
820.6554959000787,324.0,350.0
820.9593325000023,324.0,350.0
821.2788690000307,324.0,350.0
821.5824779000832,324.0,350.0
821.9012021999806,324.0,350.0
822.2046443000436,324.0,350.0
822.5224740999984,324.0,350.0
822.8273697000695,324.0,350.0
823.148685800028,324.0,350.0
823.4667061000364,324.0,350.0
823.7876861999976,324.0,350.0
824.0738755000057,324.0,350.0
824.3966725000646,324.0,350.0
824.7154762999853,324.0,350.0
825.0353694000514,324.0,350.0
825.3403965000762,324.0,350.0
825.6590347000165,324.0,350.0
825.97888900002,324.0,350.0
826.2813833000837,324.0,350.0
826.6028671000386,324.0,350.0
826.9200120000169,324.0,350.0
827.2246932000853,324.0,350.0
827.52971110004,324.0,350.0
827.8492984999903,324.0,350.0
828.1700196000747,324.0,350.0
828.4741588000907,324.0,350.0
828.7924072000897,324.0,350.0
829.1114494000794,324.0,350.0
829.4135670000687,324.0,350.0
829.736725200084,324.0,350.0
830.0400823000818,324.0,350.0
830.3438455000287,324.1,350.0
830.6636132000713,324.1,350.0
830.9684987000655,324.1,350.0
831.2857709000818,324.1,350.0
831.6043866000837,324.1,350.0
831.9107602000004,324.1,350.0
832.2273277000058,324.1,350.0
832.5322503000498,324.1,350.0
832.8524791999953,324.1,350.0
833.157825000002,324.1,350.0
833.4775785000529,324.1,350.0
833.797979200026,324.20000000000005,350.0
834.0990010000532,324.20000000000005,350.0
834.4030649000779,324.20000000000005,350.0
834.726250500069,324.20000000000005,350.0
835.0474357000785,324.20000000000005,350.0
835.3475873999996,324.20000000000005,350.0
835.6656802000944,324.20000000000005,350.0
835.9733027000912,324.20000000000005,350.0
836.291068600025,324.20000000000005,350.0
836.6121634000447,324.20000000000005,350.0
836.9123272000579,324.20000000000005,350.0
837.2324440000812,324.20000000000005,350.0
837.5556336999871,324.20000000000005,350.0
837.8588559000054,324.20000000000005,350.0
838.1786670000292,324.3,350.0
838.497480400023,324.3,350.0
838.8001917999936,324.3,350.0
839.1193016000325,324.3,350.0
839.4429724999936,324.3,350.0
839.7461029000115,324.3,350.0
840.0482771000825,324.3,350.0
840.3685878000688,324.3,350.0
840.6858639999991,324.3,350.0
840.992416699999,324.3,350.0
841.2939937000629,324.3,350.0
841.6139117000857,324.3,350.0
841.9204536000034,324.3,350.0
842.2410035000648,324.3,350.0
842.5599183000159,324.3,350.0
842.8801865000278,324.3,350.0
843.1846932000481,324.3,350.0
843.4846870000474,324.3,350.0
843.8043271000497,324.3,350.0
844.1077448000433,324.3,350.0
844.4277330000186,324.3,350.0
844.7489217000548,324.3,350.0
845.0695281000808,324.40000000000003,350.0
845.3908006000565,324.40000000000003,350.0
845.6944048000732,324.40000000000003,350.0
846.0104842000874,324.40000000000003,350.0
846.3306813000236,324.40000000000003,350.0
846.6377948999871,324.40000000000003,350.0
846.9578918000916,324.40000000000003,350.0
847.2582286000252,324.40000000000003,350.0
847.5634118000744,324.40000000000003,350.0
847.8827416000422,324.40000000000003,350.0
848.1871400000528,324.40000000000003,350.0
848.5078288000077,324.40000000000003,350.0
848.8246583000291,324.40000000000003,350.0
849.1304116999963,324.40000000000003,350.0
849.432282700087,324.40000000000003,350.0
849.7521204000805,324.40000000000003,350.0
850.0754760000855,324.40000000000003,350.0
850.3927146000788,324.5,350.0
850.6984205000335,324.5,350.0
850.9990019000834,324.5,350.0
851.323051400017,324.5,350.0
851.6418995000422,324.5,350.0
851.9457620000467,324.5,350.0
852.2481757000787,324.5,350.0
852.5697906999849,324.5,350.0
852.88635600009,324.5,350.0
853.209186400054,324.40000000000003,350.0
853.5136330000823,324.40000000000003,350.0
853.8155634000432,324.40000000000003,350.0
854.1334896000335,324.40000000000003,350.0
854.4384296000935,324.40000000000003,350.0
854.758210400003,324.40000000000003,350.0
855.0780440000817,324.40000000000003,350.0
855.3830198000651,324.40000000000003,350.0
855.6871369000291,324.40000000000003,350.0
856.0034245999996,324.40000000000003,350.0
856.3262189000379,324.40000000000003,350.0
856.6299877000274,324.40000000000003,350.0
856.9310281000799,324.40000000000003,350.0
857.252243300085,324.40000000000003,350.0
857.574378499994,324.40000000000003,350.0
857.8930823000846,324.40000000000003,350.0
858.2121791000245,324.5,350.0
858.5144654000178,324.5,350.0
858.833650900051,324.5,350.0
859.1583404000849,324.5,350.0
859.4606758999871,324.5,350.0
859.7613505000481,324.5,350.0
860.0817486000014,324.5,350.0
860.401072800043,324.5,350.0
860.7079126000172,324.5,350.0
861.0267682999838,324.5,350.0
861.3472282000585,324.5,350.0
861.6673445000779,324.5,350.0
861.98743009998,324.5,350.0
862.2755805000197,324.5,350.0
862.5956166000105,324.5,350.0
862.9109800000442,324.5,350.0
863.2308973000618,324.5,350.0
863.5378267000197,324.6,350.0
863.8569397000829,324.6,350.0
864.1603879000759,324.6,350.0
864.4796162000857,324.6,350.0
864.8019624000881,324.6,350.0
865.1058231000789,324.6,350.0
865.4063542000949,324.6,350.0
865.7275208000792,324.6,350.0
866.0487920000451,324.6,350.0
866.3502433000831,324.6,350.0
866.6696466000285,324.6,350.0
866.9767540000612,324.6,350.0
867.2783334000269,324.6,350.0
867.5976905000862,324.6,350.0
867.9158655999927,324.6,350.0
868.2363697000546,324.6,350.0
868.5253282000776,324.6,350.0
868.8447431999957,324.6,350.0
869.1645086000208,324.6,350.0
869.470131500042,324.6,350.0
869.7893743000459,324.70000000000005,350.0
870.1065518000396,324.70000000000005,350.0
870.4102305000415,324.70000000000005,350.0
870.7139840000309,324.70000000000005,350.0
871.0346296000062,324.70000000000005,350.0
871.3566128000384,324.70000000000005,350.0
871.6740789000178,324.70000000000005,350.0
871.96333649999,324.70000000000005,350.0
872.2846170000266,324.70000000000005,350.0
872.6037670000223,324.70000000000005,350.0
872.9080079999985,324.70000000000005,350.0
873.2255899000447,324.8,350.0
873.5284999000141,324.8,350.0
873.8523640000494,324.8,350.0
874.1720930000301,324.8,350.0
874.4742055999814,324.8,350.0
874.777771800058,324.8,350.0
875.0953221999807,324.8,350.0
875.4179922000039,324.8,350.0
875.7363182000117,324.8,350.0
876.0266714000609,324.8,350.0
876.3457745000487,324.8,350.0
876.6664584000828,324.70000000000005,350.0
876.9853359999834,324.70000000000005,350.0
877.3039124000352,324.70000000000005,350.0
877.5923535000766,324.70000000000005,350.0
877.912228000001,324.70000000000005,350.0
878.2293466000119,324.70000000000005,350.0
878.5334525000071,324.70000000000005,350.0
878.8379297000356,324.70000000000005,350.0
879.1596831000643,324.70000000000005,350.0
879.480495100026,324.8,350.0
879.797438000096,324.8,350.0
880.102878500009,324.8,350.0
880.4223055000184,324.8,350.0
880.7401204000926,324.8,350.0
881.0612564000767,324.8,350.0
881.3652762999991,324.8,350.0
881.6858134000795,324.8,350.0
882.0054756000172,324.8,350.0
882.3264513000613,324.8,350.0
882.6262747000437,324.8,350.0
882.9465273000533,324.8,350.0
883.2680118000135,324.8,350.0
883.5711474000709,324.8,350.0
883.876447900082,324.8,350.0
884.1929222000763,324.8,350.0
884.5152744000079,324.8,350.0
884.8203338000458,324.90000000000003,350.0
885.137447200017,324.90000000000003,350.0
885.4406783999875,324.90000000000003,350.0
885.7640935999807,324.90000000000003,350.0
886.0957207999891,324.90000000000003,350.0
886.3870615999913,324.90000000000003,350.0
886.7065741000697,324.90000000000003,350.0
887.0255798000144,324.90000000000003,350.0
887.3312750000041,324.90000000000003,350.0
887.6499733000528,324.90000000000003,350.0
887.9667312999954,324.90000000000003,350.0
888.2744941000128,324.90000000000003,350.0
888.5753639000468,324.90000000000003,350.0
888.8940104000503,324.90000000000003,350.0
889.2181287000421,325.0,350.0
889.5178346000612,325.0,350.0
889.8401563999942,325.0,350.0
890.1594450999983,325.0,350.0
890.4812065000879,325.0,350.0
890.7831290999893,325.0,350.0
891.102152000065,325.0,350.0
891.4063664000714,325.0,350.0
891.7247773000272,325.0,350.0
892.0305979000404,325.0,350.0
892.3502712000627,325.0,350.0
892.6696890000021,325.0,350.0
892.9757632000837,325.0,350.0
893.2934621000895,325.0,350.0
893.5982314000139,325.0,350.0
893.9148886000039,325.0,350.0
894.2203840999864,325.0,350.0
894.5385807000566,325.0,350.0
894.8614104000153,325.0,350.0
895.1662361000199,325.0,350.0
895.4821577999974,325.0,350.0
895.7878085999982,325.0,350.0
896.1055185000878,325.1,350.0
896.4284475999884,325.1,350.0
896.7325321000535,325.1,350.0
897.0503660000395,325.1,350.0
897.3698289000895,325.1,350.0
897.6763926000567,325.1,350.0
897.9918968999991,325.1,350.0
898.2974286000244,325.1,350.0
898.6166777000763,325.1,350.0
898.9224908000324,325.1,350.0
899.2413742000936,325.1,350.0
899.5607686000876,325.1,350.0
899.8669027000433,325.1,350.0
900.166709400015,325.1,350.0
900.4865410000784,325.20000000000005,350.0
900.7926490000682,325.20000000000005,350.0
901.112174000009,325.20000000000005,350.0
901.4301187000237,325.20000000000005,350.0
901.7528697000816,325.20000000000005,350.0
902.0552246000152,325.20000000000005,350.0
902.3595904000103,325.20000000000005,350.0
902.6812624000013,325.20000000000005,350.0
902.9973817000864,325.20000000000005,350.0
903.3015914000571,325.20000000000005,350.0
903.6222923999885,325.20000000000005,350.0
903.9241366999922,325.20000000000005,350.0
904.2475349000888,325.20000000000005,350.0
904.5491415000288,325.20000000000005,350.0
904.8716243000235,325.3,350.0
905.1715076999972,325.3,350.0
905.4932486000471,325.3,350.0
905.8148621000582,325.3,350.0
906.1152492000256,325.3,350.0
906.4207475000294,325.3,350.0
906.7422490000026,325.3,350.0
907.0436552000465,325.3,350.0
907.3624486000044,325.3,350.0
907.6849534000503,325.3,350.0
908.004001500085,325.3,350.0
908.3054733000463,325.3,350.0
908.6093488000333,325.3,350.0
908.9313297000481,325.3,350.0
909.252691200003,325.3,350.0
909.5553689000662,325.3,350.0
909.8593363000546,325.3,350.0
910.179364599986,325.40000000000003,350.0
910.4991586999968,325.40000000000003,350.0
910.8037444000365,325.40000000000003,350.0
911.1033736000536,325.40000000000003,350.0
911.424560100073,325.40000000000003,350.0
911.7449357000878,325.40000000000003,350.0
912.0465848000022,325.40000000000003,350.0
912.3689403000753,325.40000000000003,350.0
912.6895566000603,325.40000000000003,350.0
912.993867799989,325.40000000000003,350.0
913.2976758000441,325.40000000000003,350.0
913.6151308000553,325.40000000000003,350.0
913.9355064000702,325.40000000000003,350.0
914.2561312000034,325.40000000000003,350.0
914.5423353000078,325.40000000000003,350.0
914.8613505000249,325.40000000000003,350.0
915.1817120000487,325.40000000000003,350.0
915.5024947000202,325.40000000000003,350.0
915.8064004000043,325.40000000000003,350.0
916.1260678999824,325.40000000000003,350.0
916.443973400048,325.40000000000003,350.0
916.7662765000714,325.40000000000003,350.0
917.0687555000186,325.40000000000003,350.0
917.388336300035,325.40000000000003,350.0
917.7099760000128,325.40000000000003,350.0
917.9951868000207,325.40000000000003,350.0
918.3161089000059,325.40000000000003,350.0
918.6374739999883,325.40000000000003,350.0
918.9562085000798,325.40000000000003,350.0
919.258301599999,325.40000000000003,350.0
919.5649380000541,325.40000000000003,350.0
919.8826900999993,325.40000000000003,350.0
920.1873226000462,325.40000000000003,350.0
920.5082332000602,325.40000000000003,350.0
920.8272830999922,325.40000000000003,350.0
921.1485997000709,325.40000000000003,350.0
921.4495607999852,325.40000000000003,350.0
921.7690670000156,325.40000000000003,350.0
922.0882465000032,325.40000000000003,350.0
922.3951211000094,325.40000000000003,350.0
922.7120201000944,325.40000000000003,350.0
923.0324715999886,325.40000000000003,350.0
923.3368901000358,325.40000000000003,350.0
923.6545249000192,325.40000000000003,350.0
923.9747455000179,325.40000000000003,350.0
924.2969271000475,325.40000000000003,350.0
924.6017725000856,325.40000000000003,350.0
924.9029280000832,325.40000000000003,350.0
925.2237861000467,325.40000000000003,350.0
925.5429383000592,325.40000000000003,350.0
925.8455640000757,325.40000000000003,350.0
926.1694045000477,325.40000000000003,350.0
926.4687587000662,325.40000000000003,350.0
926.7923571000574,325.40000000000003,350.0
927.0954123000847,325.40000000000003,350.0
927.4147733000573,325.40000000000003,350.0
927.7362363000866,325.40000000000003,350.0
928.036698400043,325.40000000000003,350.0
928.3556143000023,325.40000000000003,350.0
928.6601570000639,325.5,350.0
928.9804198000347,325.5,350.0
929.2860164000886,325.5,350.0
929.6060351000633,325.5,350.0
929.9226349000819,325.5,350.0
930.2305236000102,325.5,350.0
930.5305527000455,325.5,350.0
930.8534461000236,325.5,350.0
931.1725697000511,325.5,350.0
931.4753097000066,325.5,350.0
931.7973025999963,325.5,350.0
932.1164915000554,325.5,350.0
932.4194977000589,325.5,350.0
932.7213503000094,325.5,350.0
933.0424481000518,325.5,350.0
933.3442404000089,325.5,350.0
933.6652950000716,325.5,350.0
933.9694751000497,325.5,350.0
934.2885105999885,325.5,350.0
934.5944973999867,325.5,350.0
934.9135506000603,325.5,350.0
935.2317914000014,325.5,350.0
935.537150499993,325.5,350.0
935.8581588000525,325.5,350.0
936.1777424000902,325.5,350.0
936.4961460999912,325.5,350.0
936.8160706000635,325.5,350.0
937.1178504000418,325.5,350.0
937.4259178000502,325.5,350.0
937.7415669000475,325.5,350.0
938.0641821000027,325.5,350.0
938.3654411000898,325.5,350.0
938.6845978000201,325.5,350.0
939.0073917000555,325.5,350.0
939.3100651000859,325.40000000000003,350.0
939.6289093000814,325.40000000000003,350.0
939.9507145000389,325.40000000000003,350.0
940.2542780000949,325.40000000000003,350.0
940.575657300069,325.40000000000003,350.0
940.8937521000626,325.40000000000003,350.0
941.1955017000437,325.40000000000003,350.0
941.4996799000073,325.40000000000003,350.0
941.8185882000253,325.40000000000003,350.0
942.1258757000323,325.40000000000003,350.0
942.4443830000237,325.40000000000003,350.0
942.7618169999914,325.3,350.0
943.068544800044,325.3,350.0
943.3857074000407,325.3,350.0
943.7093817000277,325.3,350.0
944.0105499000056,325.3,350.0
944.3170637000585,325.3,350.0
944.6361690000631,325.3,350.0
944.9535259000259,325.3,350.0
945.2581263000611,325.3,350.0
945.5611662000883,325.3,350.0
945.8822732000845,325.3,350.0
946.2016617000336,325.20000000000005,350.0
946.5067200000631,325.20000000000005,350.0
946.8261702000163,325.20000000000005,350.0
947.1304016000358,325.20000000000005,350.0
947.4507176000625,325.20000000000005,350.0
947.7706211000914,325.20000000000005,350.0
948.0710705000674,325.20000000000005,350.0
948.3781060000183,325.20000000000005,350.0
948.6970122000203,325.20000000000005,350.0
949.0020738000749,325.20000000000005,350.0
949.3177604000084,325.20000000000005,350.0
949.6414708000375,325.20000000000005,350.0
949.9427346000448,325.20000000000005,350.0
950.2630047000712,325.20000000000005,350.0
950.5665052999975,325.20000000000005,350.0
950.8868918000953,325.20000000000005,350.0
951.1913810999831,325.20000000000005,350.0
951.5115931000328,325.20000000000005,350.0
951.8160966000287,325.20000000000005,350.0
952.1353620000882,325.20000000000005,350.0
952.453809000086,325.20000000000005,350.0
952.758773000096,325.20000000000005,350.0
953.0588229000568,325.20000000000005,350.0
953.3804946000455,325.20000000000005,350.0
953.6992334000533,325.20000000000005,350.0
954.0039361000527,325.20000000000005,350.0
954.3247831000481,325.20000000000005,350.0
954.6427665000083,325.20000000000005,350.0
954.9317928000819,325.20000000000005,350.0
955.2516374000115,325.20000000000005,350.0
955.5725186000345,325.20000000000005,350.0
955.8907790000085,325.20000000000005,350.0
956.194533300004,325.20000000000005,350.0
956.5158832999878,325.20000000000005,350.0
956.820198600064,325.20000000000005,350.0
957.1386444000527,325.20000000000005,350.0
957.4429869999876,325.20000000000005,350.0
957.7640977000119,325.20000000000005,350.0
958.0823990000645,325.20000000000005,350.0
958.3867768000346,325.20000000000005,350.0
958.6871293000877,325.20000000000005,350.0
959.0084128000308,325.20000000000005,350.0
959.3304060000228,325.20000000000005,350.0
959.6334262000164,325.20000000000005,350.0
959.952342200093,325.20000000000005,350.0
960.2539526000619,325.20000000000005,350.0
960.5767166999867,325.20000000000005,350.0
960.877953200019,325.20000000000005,350.0
961.2013669000007,325.20000000000005,350.0
961.5209108000854,325.20000000000005,350.0
961.8068000000203,325.20000000000005,350.0
962.1269369000802,325.20000000000005,350.0
962.4466017000377,325.20000000000005,350.0
962.7682167000603,325.20000000000005,350.0
963.0706712000538,325.20000000000005,350.0
963.372365300078,325.20000000000005,350.0
963.694038500078,325.20000000000005,350.0
964.0157062000362,325.20000000000005,350.0
964.3155189000536,325.20000000000005,350.0
964.6234001000412,325.20000000000005,350.0
964.939959899988,325.20000000000005,350.0
965.2631603000918,325.20000000000005,350.0
965.5628297000658,325.20000000000005,350.0
965.883587300079,325.20000000000005,350.0
966.2019374000374,325.20000000000005,350.0
966.494161700015,325.20000000000005,350.0
966.8098485000664,325.20000000000005,350.0
967.129636800033,325.20000000000005,350.0
967.4500619000755,325.20000000000005,350.0
967.7557723000646,325.20000000000005,350.0
968.0758183000144,325.20000000000005,350.0
968.3953577000648,325.20000000000005,350.0
968.7161330999807,325.20000000000005,350.0
969.0180859999964,325.20000000000005,350.0
969.3385845000157,325.20000000000005,350.0
969.6555683000479,325.20000000000005,350.0
969.9614849000936,325.20000000000005,350.0
970.2642493000021,325.20000000000005,350.0
970.5837531000143,325.20000000000005,350.0
970.9072749000043,325.20000000000005,350.0
971.2255713000195,325.20000000000005,350.0
971.5112947000889,325.20000000000005,350.0
971.8347098000813,325.20000000000005,350.0
972.1511398000875,325.20000000000005,350.0
972.4573347000405,325.20000000000005,350.0
972.7760994000128,325.20000000000005,350.0
973.0965365000302,325.20000000000005,350.0
973.4131743999897,325.20000000000005,350.0
973.7170877000317,325.20000000000005,350.0
974.0387888000114,325.20000000000005,350.0
974.3588222999824,325.20000000000005,350.0
974.6780084000202,325.20000000000005,350.0
974.9655143000418,325.20000000000005,350.0
975.2852301000385,325.20000000000005,350.0
975.6080443999963,325.20000000000005,350.0
975.9116493000183,325.20000000000005,350.0
976.2314371999819,325.20000000000005,350.0
976.5512010999955,325.20000000000005,350.0
976.8517472000094,325.20000000000005,350.0
977.156172899995,325.20000000000005,350.0
977.476041899994,325.20000000000005,350.0
977.7977279000916,325.1,350.0
978.100294200005,325.1,350.0
978.4050828000763,325.1,350.0
978.725723600015,325.1,350.0
979.0453479000134,325.1,350.0
979.3459583000513,325.1,350.0
979.6673261000542,325.1,350.0
979.9731274000369,325.1,350.0
980.2768626000034,325.1,350.0
980.5958368000574,325.1,350.0
980.9165891000303,325.1,350.0
981.23214680003,325.1,350.0
981.5383141000057,325.1,350.0
981.8417629000032,325.1,350.0
982.1616266000783,325.1,350.0
982.4658135999925,325.1,350.0
982.7855853000656,325.1,350.0
983.1036597000202,325.1,350.0
983.4063686000882,325.1,350.0
983.7291146999924,325.1,350.0
984.0479120999807,325.1,350.0
984.3675982999848,325.1,350.0
984.6739344000816,325.1,350.0
984.9916228000075,325.1,350.0
985.2972136000171,325.1,350.0
985.6174248000607,325.1,350.0
985.9345989000285,325.1,350.0
986.2384679000825,325.1,350.0
986.5608563000569,325.1,350.0
986.8795192000689,325.1,350.0
987.1838748999871,325.1,350.0
987.5022062000353,325.1,350.0
987.8231230999809,325.1,350.0
988.140031100018,325.1,350.0
988.4461882000323,325.1,350.0
988.7497979000909,325.1,350.0
989.0695588000817,325.1,350.0
989.3906791000627,325.1,350.0
989.7099432999967,325.1,350.0
989.9979756000685,325.1,350.0
990.315014700056,325.1,350.0
990.6357717000647,325.1,350.0
990.9535003000638,325.1,350.0
991.2578178000404,325.1,350.0
991.5634778999956,325.1,350.0
991.8809019000037,325.20000000000005,350.0
992.2009625000646,325.20000000000005,350.0
992.5045436000219,325.20000000000005,350.0
992.8272207999835,325.20000000000005,350.0
993.1454183000606,325.20000000000005,350.0
993.4523771000095,325.20000000000005,350.0
993.7684080000035,325.20000000000005,350.0
994.0885629000841,325.20000000000005,350.0
994.4098555999808,325.20000000000005,350.0
994.7301270000171,325.20000000000005,350.0
995.0506163000828,325.20000000000005,350.0
995.3542397000128,325.20000000000005,350.0
995.6745216000127,325.20000000000005,350.0
995.9911534000421,325.20000000000005,350.0
996.3117515000049,325.20000000000005,350.0
996.613657000009,325.20000000000005,350.0
996.9199498000089,325.20000000000005,350.0
997.2370386000257,325.20000000000005,350.0
997.5572781000519,325.20000000000005,350.0
997.8779466000851,325.20000000000005,350.0
998.1649953000015,325.20000000000005,350.0
998.4855894000502,325.20000000000005,350.0
998.8062537000515,325.20000000000005,350.0
999.1261848000577,325.3,350.0
999.4315526999999,325.3,350.0
999.7351162000559,325.3,350.0
1000.0553834000602,325.3,350.0
1000.3720079000341,325.3,350.0
1000.6782354000024,325.3,350.0
1000.9970408000518,325.3,350.0
1001.3005293000024,325.3,350.0
1001.619191500009,325.3,350.0
1001.9423110000789,325.3,350.0
1002.2617897000164,325.3,350.0
1002.5638128999854,325.3,350.0
1002.884664400015,325.3,350.0
1003.2055773000466,325.3,350.0
1003.5091343000531,325.3,350.0
1003.8269666000269,325.3,350.0
1004.1297504000831,325.3,350.0
1004.4489477000898,325.3,350.0
1004.7689215000719,325.3,350.0
1005.0758294999832,325.3,350.0
1005.3960724000353,325.3,350.0
1005.7115103000542,325.3,350.0
1006.0348016000353,325.3,350.0
1006.3391306999838,325.3,350.0
1006.6551578000654,325.3,350.0
1006.9749474000419,325.3,350.0
1007.2824018000392,325.3,350.0
1007.602104700054,325.3,350.0
1007.918573700008,325.40000000000003,350.0
1008.2384343000595,325.40000000000003,350.0
1008.5613178000785,325.40000000000003,350.0
1008.8621810000623,325.40000000000003,350.0
1009.1830659999978,325.40000000000003,350.0
1009.4884644000558,325.40000000000003,350.0
1009.8054389000172,325.40000000000003,350.0
1010.110305499984,325.40000000000003,350.0
1010.4308010999812,325.40000000000003,350.0
1010.7513965000398,325.40000000000003,350.0
1011.0703567999881,325.40000000000003,350.0
1011.3759728000732,325.40000000000003,350.0
1011.6913793000858,325.40000000000003,350.0
1012.0152688000817,325.40000000000003,350.0
1012.334644000046,325.40000000000003,350.0
1012.6367303000297,325.40000000000003,350.0
1012.9433787000598,325.40000000000003,350.0
1013.2585229000542,325.40000000000003,350.0
1013.5808118000859,325.40000000000003,350.0
1013.8824607999995,325.40000000000003,350.0
1014.1892539000837,325.40000000000003,350.0
1014.5098119000904,325.40000000000003,350.0
1014.8123247000622,325.40000000000003,350.0
1015.1326019000262,325.40000000000003,350.0
1015.4508614999941,325.40000000000003,350.0
1015.7537046000361,325.40000000000003,350.0
1016.0761475000763,325.40000000000003,350.0
1016.3806088999845,325.40000000000003,350.0
1016.6844453000231,325.40000000000003,350.0
1017.0041964000557,325.40000000000003,350.0
1017.3222926000599,325.40000000000003,350.0
1017.6412401000271,325.40000000000003,350.0
1017.945162900025,325.40000000000003,350.0
1018.252026500064,325.40000000000003,350.0
1018.5687311000656,325.40000000000003,350.0
1018.8884630000684,325.40000000000003,350.0
1019.1921411000658,325.40000000000003,350.0
1019.5140418000519,325.40000000000003,350.0
1019.830615599989,325.40000000000003,350.0
1020.1380111000035,325.40000000000003,350.0
1020.4396933000535,325.40000000000003,350.0
1020.7590106000425,325.40000000000003,350.0
1021.0793634000001,325.40000000000003,350.0
1021.3840762000764,325.40000000000003,350.0
1021.6861932000611,325.40000000000003,350.0
1022.0066929000895,325.5,350.0
1022.3253824000712,325.5,350.0
1022.6477226000279,325.5,350.0
1022.9333233000943,325.5,350.0
1023.2529597000685,325.5,350.0
1023.5733856000006,325.5,350.0
1023.8920485000126,325.5,350.0
1024.1967495999997,325.5,350.0
1024.5188579000533,325.5,350.0
1024.8362471000291,325.5,350.0
1025.1558416000335,325.5,350.0
1025.4614494000562,325.5,350.0
1025.7659955000272,325.5,350.0
1026.0860395000782,325.5,350.0
1026.40259339998,325.5,350.0
1026.7062959000468,325.5,350.0
1027.0107971000252,325.5,350.0
1027.3326898000669,325.6,350.0
1027.6528583000181,325.6,350.0
1027.9732771000126,325.6,350.0
1028.2738342999946,325.6,350.0
1028.5782898000907,325.6,350.0
1028.8965639000526,325.6,350.0
1029.2163123000646,325.6,350.0
1029.5234040000942,325.6,350.0
1029.844007799984,325.6,350.0
1030.1470726000844,325.6,350.0
1030.466014000005,325.6,350.0
1030.767972300062,325.6,350.0
1031.0913902000757,325.6,350.0
1031.3925488999812,325.6,350.0
1031.7131429000292,325.6,350.0
1032.033155900077,325.6,350.0
1032.3188741999911,325.6,350.0
1032.639503500075,325.6,350.0
1032.9608776000096,325.6,350.0
1033.2803034000099,325.6,350.0
1033.5974520000163,325.6,350.0
1033.9040393000469,325.6,350.0
1034.225210600067,325.70000000000005,350.0
1034.540478500072,325.70000000000005,350.0
1034.861773099983,325.70000000000005,350.0
1035.1659848000854,325.70000000000005,350.0
1035.4702827000292,325.70000000000005,350.0
1035.7924419000046,325.70000000000005,350.0
1036.0939243000466,325.70000000000005,350.0
1036.4152939000633,325.70000000000005,350.0
1036.7196443000576,325.70000000000005,350.0
1037.0358169000829,325.70000000000005,350.0
1037.356581000029,325.70000000000005,350.0
1037.6617975999834,325.70000000000005,350.0
1037.9811821000185,325.70000000000005,350.0
1038.2856482000789,325.70000000000005,350.0
1038.6018840000033,325.70000000000005,350.0
1038.9217277000425,325.70000000000005,350.0
1039.2291399000678,325.70000000000005,350.0
1039.548993900069,325.70000000000005,350.0
1039.8669991000788,325.70000000000005,350.0
1040.1846356000751,325.70000000000005,350.0
1040.49073640001,325.70000000000005,350.0
1040.7954317000695,325.70000000000005,350.0
1041.1145773000317,325.70000000000005,350.0
1041.4199319999898,325.70000000000005,350.0
1041.7391394000733,325.70000000000005,350.0
1042.0596063000849,325.70000000000005,350.0
1042.3766692000208,325.70000000000005,350.0
1042.680359399994,325.70000000000005,350.0
1042.9841068000533,325.70000000000005,350.0
1043.304462500033,325.70000000000005,350.0
1043.6250625000102,325.70000000000005,350.0
1043.9303055000491,325.70000000000005,350.0
1044.2329345000908,325.70000000000005,350.0
1044.5542137000011,325.70000000000005,350.0
1044.8709910000907,325.70000000000005,350.0
1045.1926739000482,325.70000000000005,350.0
1045.4782763000112,325.70000000000005,350.0
1045.7986262000632,325.70000000000005,350.0
1046.118209599983,325.70000000000005,350.0
1046.4207703000866,325.70000000000005,350.0
1046.740354300011,325.70000000000005,350.0
1047.0455165000167,325.70000000000005,350.0
1047.3653420000337,325.70000000000005,350.0
1047.684821400093,325.70000000000005,350.0
1047.9913828000426,325.70000000000005,350.0
1048.2952451000456,325.70000000000005,350.0
1048.6131525000092,325.70000000000005,350.0
1048.9329360000556,325.70000000000005,350.0
1049.2383772000903,325.70000000000005,350.0
1049.5583733000094,325.70000000000005,350.0
1049.8623632000526,325.70000000000005,350.0
1050.179251100053,325.70000000000005,350.0
1050.5009826000314,325.70000000000005,350.0
1050.8033619000344,325.70000000000005,350.0
1051.1232352000661,325.70000000000005,350.0
1051.4446799000725,325.70000000000005,350.0
1051.749132100027,325.70000000000005,350.0
1052.0655603000196,325.70000000000005,350.0
1052.3865049000597,325.70000000000005,350.0
1052.708407200058,325.70000000000005,350.0
1053.0108305000467,325.70000000000005,350.0
1053.3289120000554,325.70000000000005,350.0
1053.648586400086,325.70000000000005,350.0
1053.9542244999902,325.70000000000005,350.0
1054.2730746000307,325.70000000000005,350.0
1054.5910906000063,325.70000000000005,350.0
1054.8964024999877,325.70000000000005,350.0
1055.215270900051,325.70000000000005,350.0
1055.5387552999891,325.70000000000005,350.0
1055.8399594000075,325.70000000000005,350.0
1056.1593349000905,325.70000000000005,350.0
1056.4796521000098,325.70000000000005,350.0
1056.7857690000674,325.70000000000005,350.0
1057.1030580000952,325.6,350.0
1057.425667100004,325.6,350.0
1057.7266862000106,325.6,350.0
1058.0481024000328,325.6,350.0
1058.3527930000564,325.6,350.0
1058.6698288000189,325.6,350.0
1058.9904315000167,325.6,350.0
1059.294926600065,325.6,350.0
1059.6144907000707,325.6,350.0
1059.934641300002,325.6,350.0
1060.2356308000162,325.6,350.0
1060.558448099997,325.6,350.0
1060.863414100022,325.6,350.0
1061.1792033000384,325.6,350.0
1061.5028272999916,325.6,350.0
1061.805214000051,325.6,350.0
1062.1081844000146,325.6,350.0
1062.4263740000315,325.6,350.0
1062.7336035000626,325.6,350.0
1063.0533012000378,325.6,350.0
1063.370362900081,325.6,350.0
1063.6928644999862,325.6,350.0
1063.9792778000701,325.6,350.0
1064.2999959000153,325.6,350.0
1064.6189483000198,325.6,350.0
1064.9219015000854,325.6,350.0
1065.243830600055,325.6,350.0
1065.5614472000161,325.6,350.0
1065.880755500053,325.70000000000005,350.0
1066.201494100038,325.70000000000005,350.0
1066.506812000065,325.70000000000005,350.0
1066.8249094000785,325.70000000000005,350.0
1067.1468947000103,325.70000000000005,350.0
1067.4503221000778,325.70000000000005,350.0
1067.7535149999894,325.70000000000005,350.0
1068.0741068000207,325.70000000000005,350.0
1068.3767241000896,325.70000000000005,350.0
1068.694213700015,325.70000000000005,350.0
1069.0137540000724,325.70000000000005,350.0
1069.3337577000493,325.70000000000005,350.0
1069.6398463000078,325.70000000000005,350.0
1069.9585766000673,325.70000000000005,350.0
1070.2809516000561,325.70000000000005,350.0
1070.5983924000757,325.70000000000005,350.0
1070.9014237000374,325.70000000000005,350.0
1071.2059185000835,325.8,350.0
1071.5110954000847,325.8,350.0
1071.828662200016,325.8,350.0
1072.1480669000885,325.8,350.0
1072.4520319000585,325.8,350.0
1072.775594000006,325.8,350.0
1073.0941795000108,325.8,350.0
1073.3980315000517,325.8,350.0
1073.7174278000602,325.8,350.0
1074.0374400999863,325.8,350.0
1074.326393400086,325.8,350.0
1074.6454962000716,325.8,350.0
1074.9659299000632,325.8,350.0
1075.2664614000823,325.8,350.0
1075.585261600092,325.8,350.0
1075.9080957000842,325.8,350.0
1076.2119212000398,325.8,350.0
1076.5157908999827,325.90000000000003,350.0
1076.8346308000619,325.90000000000003,350.0
1077.152481200057,325.90000000000003,350.0
1077.4562942000339,325.90000000000003,350.0
1077.762417400023,325.90000000000003,350.0
1078.0801075000782,325.90000000000003,350.0
1078.4030921000522,325.90000000000003,350.0
1078.7033535999944,325.90000000000003,350.0
1079.0261288000038,325.90000000000003,350.0
1079.3461955999956,325.90000000000003,350.0
1079.650187100051,325.90000000000003,350.0
1079.9705024000723,325.90000000000003,350.0
1080.270798200043,325.90000000000003,350.0
1080.5918042000849,325.90000000000003,350.0
1080.8969905000413,325.90000000000003,350.0
1081.2151331000496,325.90000000000003,350.0
1081.5206686999882,325.90000000000003,350.0
1081.8391972000245,325.90000000000003,350.0
1082.1582495000912,325.90000000000003,350.0
1082.4447736000875,325.90000000000003,350.0
1082.7659118000884,325.90000000000003,350.0
1083.0867546000518,325.90000000000003,350.0
1083.4059215000598,325.90000000000003,350.0
1083.7108305000002,325.90000000000003,350.0
1084.0128164000344,325.90000000000003,350.0
1084.334985600086,325.90000000000003,350.0
1084.654469900066,325.90000000000003,350.0
1084.9567292000866,325.90000000000003,350.0
1085.276916300063,325.90000000000003,350.0
1085.5945281999884,325.90000000000003,350.0
1085.8851140000625,325.90000000000003,350.0
1086.204604800092,326.0,350.0
1086.5254589000251,326.0,350.0
1086.8443904999876,326.0,350.0
1087.1470044000307,326.0,350.0
1087.467829600093,326.0,350.0
1087.7887338000583,326.0,350.0
1088.0920310000656,326.0,350.0
1088.409711000044,326.0,350.0
1088.7323898000177,326.0,350.0
1089.0350020000478,326.0,350.0
1089.3397758000065,326.0,350.0
1089.65773169999,326.0,350.0
1089.9774241000414,326.0,350.0
1090.280006300076,325.20000000000005,350.0
1090.6016997999977,325.20000000000005,350.0
1090.9208364000078,325.20000000000005,350.0
1091.226700500003,323.3,350.0
1091.5441963000922,323.3,350.0
1091.8464191000676,323.3,350.0
1092.1506073999917,321.3,350.0
1092.4717025000136,321.3,350.0
1092.7923827000195,319.3,350.0
1093.0975203000708,319.3,350.0
1093.4008916000603,319.3,350.0
1093.7348910000874,317.8,350.0
1094.040792100015,317.8,350.0
1094.343149100081,317.8,350.0
1094.6651728000725,316.20000000000005,350.0
1094.9810459000291,316.20000000000005,350.0
1095.284171300009,316.20000000000005,350.0
1095.5902210000204,315.5,350.0
1095.9092773000011,315.5,350.0
1096.2273701999802,315.5,350.0
1096.533316200017,315.5,350.0
1096.8531922000693,315.5,350.0
1097.156175000011,315.0,350.0
1097.4787137000822,315.0,350.0
1097.7802845999831,315.0,350.0
1098.099566900055,314.6,350.0
1098.419158100034,314.6,350.0
1098.7244149000617,314.6,350.0
1099.0446160000283,313.90000000000003,350.0
1099.3457094000187,313.90000000000003,350.0
1099.667016500025,313.90000000000003,350.0
1099.9728860000614,313.40000000000003,350.0
1100.2898810000625,313.40000000000003,350.0
1100.611370800063,313.40000000000003,350.0
1100.915594400023,312.8,350.0
1101.2175551999826,312.8,350.0
1101.5375058000209,312.8,350.0
1101.8574624999892,312.20000000000005,350.0
1102.1634759000735,312.20000000000005,350.0
1102.4646635000827,312.6,350.0
1102.7835835000733,312.6,350.0
1103.103414000012,312.6,350.0
1103.4261476000538,312.40000000000003,350.0
1103.7303868000163,312.40000000000003,350.0
1104.0324873999925,312.40000000000003,350.0
1104.3529651000863,312.70000000000005,350.0
1104.6698497000616,312.70000000000005,350.0
1104.9750850000419,312.70000000000005,350.0
1105.2936339000007,312.90000000000003,350.0
1105.5993991000578,312.90000000000003,350.0
1105.9029341000132,312.90000000000003,350.0
1106.2240218000952,312.90000000000003,350.0
1106.5427359000314,312.90000000000003,350.0
1106.8625636000652,312.90000000000003,350.0
1107.1831486000447,312.90000000000003,350.0
1107.4874374000356,312.90000000000003,350.0
1107.8067975000013,312.70000000000005,350.0
1108.1106582999928,312.70000000000005,350.0
1108.4316605000058,312.70000000000005,350.0
1108.7500968000386,312.8,350.0
1109.0545522000175,312.8,350.0
1109.3578448999906,312.8,350.0
1109.6748889000155,312.5,350.0
1109.9945956000593,312.5,350.0
1110.2999288000865,312.5,350.0
1110.6183014999842,312.70000000000005,350.0
1110.9377163000172,312.70000000000005,350.0
1111.2291218000464,312.70000000000005,350.0
1111.5482443000656,312.8,350.0
1111.8676158000017,312.8,350.0
1112.1726731000235,312.90000000000003,350.0
1112.4888135000365,312.90000000000003,350.0
1112.810801899992,312.90000000000003,350.0
1113.1307648000075,313.20000000000005,350.0
1113.4186959000072,313.20000000000005,350.0
1113.73601350002,313.20000000000005,350.0
1114.0593242000323,313.3,350.0
1114.3634766000323,313.3,350.0
1114.6823359000264,313.3,350.0
1114.9847078000894,313.6,350.0
1115.3027664000401,313.6,350.0
1115.6224484000122,313.6,350.0
1115.928449900006,313.5,350.0
1116.250555000035,313.5,350.0
1116.553535800078,313.70000000000005,350.0
1116.8736110000173,313.70000000000005,350.0
1117.190405900008,313.70000000000005,350.0
1117.5118547000457,313.90000000000003,350.0
1117.8323874000926,313.90000000000003,350.0
1118.1340182999847,313.90000000000003,350.0
1118.4406413000543,314.0,350.0
1118.7565247000894,314.0,350.0
1119.0798969999887,314.0,350.0
1119.3833681000397,314.3,350.0
1119.684580000001,314.3,350.0
1120.00524269999,314.3,350.0
1120.324329300085,314.5,350.0
1120.6470993000548,314.5,350.0
1120.9317325000884,314.5,350.0
1121.250878400053,314.8,350.0
1121.5746969000902,314.8,350.0
1121.8741824000608,314.90000000000003,350.0
1122.1954584000632,314.90000000000003,350.0
1122.5140500999987,314.90000000000003,350.0
1122.820218799985,315.1,350.0
1123.125280700042,315.1,350.0
1123.4448365999851,315.1,350.0
1123.7647436000407,315.20000000000005,350.0
1124.0681680000853,315.20000000000005,350.0
1124.3854663000675,315.20000000000005,350.0
1124.7081074999878,315.40000000000003,350.0
1125.012555400026,315.40000000000003,350.0
1125.3320412000176,315.40000000000003,350.0
1125.6516190000111,315.5,350.0
1125.9684156000149,315.5,350.0
1126.275000500027,315.70000000000005,350.0
1126.578381300089,315.70000000000005,350.0
1126.896440200042,315.70000000000005,350.0
1127.2190910000354,315.8,350.0
1127.538106400054,315.8,350.0
1127.8233698999975,315.8,350.0
1128.1450686000753,315.90000000000003,350.0
1128.4642709000036,315.90000000000003,350.0
1128.7696039000293,315.90000000000003,350.0
1129.0852999000344,316.0,350.0
1129.4094423000934,316.0,350.0
1129.7285380000249,316.0,350.0
1130.029404400033,316.1,350.0
1130.3488390999846,316.1,350.0
1130.6695707000326,316.20000000000005,350.0
1130.975748600089,316.20000000000005,350.0
1131.2777164999861,316.20000000000005,350.0
1131.5977422000142,316.3,350.0
1131.9154176000739,316.3,350.0
1132.221640600008,316.3,350.0
1132.5412374000298,316.3,350.0
1132.8618082000175,316.3,350.0
1133.1634676000103,316.3,350.0
1133.4705728000263,316.40000000000003,350.0
1133.7904285000404,316.40000000000003,350.0
1134.0924887000583,316.40000000000003,350.0
1134.41219860001,316.40000000000003,350.0
1134.732342800009,316.40000000000003,350.0
1135.052426500013,316.40000000000003,350.0
1135.356771400082,316.5,350.0
1135.6763488000724,316.5,350.0
1135.9616408000002,316.6,350.0
1136.2815953000681,316.6,350.0
1136.6030307000037,316.6,350.0
1136.9227619000012,316.6,350.0
1137.2245211000554,316.6,350.0
1137.5309299000073,316.6,350.0
1137.8498785999836,316.70000000000005,350.0
1138.1700305000413,316.70000000000005,350.0
1138.4878153000027,316.70000000000005,350.0
1138.792302899994,316.8,350.0
1139.1122982000234,316.8,350.0
1139.4333651000634,316.8,350.0
1139.738126100041,316.8,350.0
1140.057796600042,316.8,350.0
1140.3780810000608,316.90000000000003,350.0
1140.6958495000144,316.90000000000003,350.0
1141.0014962999849,316.90000000000003,350.0
1141.3211072999984,317.0,350.0
1141.637150100083,317.0,350.0
1141.9586289,317.0,350.0
1142.2455517000053,317.1,350.0
1142.565491000074,317.1,350.0
1142.885567600024,317.1,350.0
1143.1915261000395,317.1,350.0
1143.509771800018,317.1,350.0
1143.831218300038,317.1,350.0
1144.1508565000258,317.20000000000005,350.0
1144.4521795000182,317.20000000000005,350.0
1144.774668200058,317.3,350.0
1145.0776696000248,317.3,350.0
1145.3964109000517,317.3,350.0
1145.716414000024,317.40000000000003,350.0
1146.0199764000718,317.40000000000003,350.0
1146.3418075999944,317.40000000000003,350.0
1146.6437170000281,317.5,350.0
1146.9646727000363,317.5,350.0
1147.2855446999893,317.5,350.0
1147.587670900044,317.6,350.0
1147.9071528000059,317.6,350.0
1148.2276424000738,317.6,350.0
1148.5485153000336,317.6,350.0
1148.85002230003,317.6,350.0
1149.15521170001,317.6,350.0
1149.4753262000158,317.70000000000005,350.0
1149.7958817000035,317.70000000000005,350.0
1150.096475700033,317.8,350.0
1150.4030993999913,317.8,350.0
1150.722848800011,317.8,350.0
1151.0385551000945,317.90000000000003,350.0
1151.3585990000283,317.90000000000003,350.0
1151.6661378000863,317.90000000000003,350.0
1151.9841476000147,318.0,350.0
1152.287278200034,318.0,350.0
1152.59205820004,318.0,350.0
1152.9130060999887,318.0,350.0
1153.229348200024,318.0,350.0
1153.534858900006,318.0,350.0
1153.8560355000664,318.1,350.0
1154.1609266999876,318.1,350.0
1154.4766265000217,318.1,350.0
1154.7830006000586,318.20000000000005,350.0
1155.102449500002,318.20000000000005,350.0
1155.422457400011,318.3,350.0
1155.7254197000293,318.3,350.0
1156.0448988000862,318.3,350.0
1156.3649029000662,318.3,350.0
1156.6538857000414,318.3,350.0
1156.973226500093,318.3,350.0
1157.2903714000713,318.40000000000003,350.0
1157.6129788000835,318.40000000000003,350.0
1157.9341759000672,318.40000000000003,350.0
1158.250937600038,318.40000000000003,350.0
1158.5533283000113,318.40000000000003,350.0
1158.8747815000825,318.40000000000003,350.0
1159.1938070000615,318.40000000000003,350.0
1159.5003828000044,318.40000000000003,350.0
1159.8186333000194,318.5,350.0
1160.123590500094,318.5,350.0
1160.440946000046,318.5,350.0
1160.761424300028,318.6,350.0
1161.0814031000482,318.6,350.0
1161.3866787999868,318.6,350.0
1161.7068171000574,318.6,350.0
1162.0236945000943,318.6,350.0
1162.3304846000392,318.6,350.0
1162.6472319000168,318.70000000000005,350.0
1162.9667480000062,318.70000000000005,350.0
1163.288730600034,318.70000000000005,350.0
1163.5913610000862,318.70000000000005,350.0
1163.9102785000578,318.70000000000005,350.0
1164.2340662000934,318.8,350.0
1164.5505585999927,318.8,350.0
1164.8571532000788,318.8,350.0
1165.1580946000759,318.90000000000003,350.0
1165.479359799996,318.90000000000003,350.0
1165.7815543999895,318.90000000000003,350.0
1166.1036442000186,318.90000000000003,350.0
1166.4228290000465,318.90000000000003,350.0
1166.7414364999859,318.90000000000003,350.0
1167.030941999983,319.0,350.0
1167.3500971000176,319.0,350.0
1167.6537551000947,319.0,350.0
1167.9734182000393,319.0,350.0
1168.2934507000027,319.0,350.0
1168.6108783000382,319.1,350.0
1168.915397600038,319.1,350.0
1169.2366474000737,319.1,350.0
1169.541724300012,319.20000000000005,350.0
1169.862203800003,319.20000000000005,350.0
1170.1795313000912,319.20000000000005,350.0
1170.4838689999888,319.20000000000005,350.0
1170.8022511000745,319.20000000000005,350.0
1171.1228107000934,319.20000000000005,350.0
1171.4446332000662,319.3,350.0
1171.7484903000295,319.3,350.0
1172.0642949000467,319.3,350.0
1172.3881636000006,319.3,350.0
1172.691185100004,319.3,350.0
1173.0079337999923,319.40000000000003,350.0
1173.331947700004,319.40000000000003,350.0
1173.6356069000904,319.40000000000003,350.0
1173.9515348999994,319.5,350.0
1174.2714401000412,319.5,350.0
1174.5776309000794,319.5,350.0
1174.896667300025,319.5,350.0
1175.2180038000224,319.5,350.0
1175.538107600063,319.5,350.0
1175.8224838000024,319.6,350.0
1176.1449455000693,319.6,350.0
1176.4614250999875,319.6,350.0
1176.7813660000684,319.6,350.0
1177.0875344000524,319.6,350.0
1177.4061165000312,319.70000000000005,350.0
1177.726748200017,319.70000000000005,350.0
1178.0450995999854,319.70000000000005,350.0
1178.3518471000716,319.8,350.0
1178.6526111999992,319.8,350.0
1178.975326600019,319.8,350.0
1179.2754694999894,319.8,350.0
1179.5965479000006,319.8,350.0
1179.9176302000415,319.8,350.0
1180.2365210000426,319.90000000000003,350.0
1180.5415816000896,319.90000000000003,350.0
1180.8448428000556,319.90000000000003,350.0
1181.1627927999943,319.90000000000003,350.0
1181.4859718000516,319.90000000000003,350.0
1181.7874568999978,319.90000000000003,350.0
1182.0918889000313,320.0,350.0
1182.4108625000808,320.0,350.0
1182.7167350000236,320.0,350.0
1183.036473400076,320.0,350.0
1183.355325600016,320.0,350.0
1183.6728564000223,320.1,350.0
1183.980009400053,320.1,350.0
1184.2825939999893,320.1,350.0
1184.6006203000434,320.20000000000005,350.0
1184.9204317000695,320.20000000000005,350.0
1185.2240415000124,320.20000000000005,350.0
1185.543297600001,320.20000000000005,350.0
1185.8486044000601,320.20000000000005,350.0
1186.1672334000468,320.20000000000005,350.0
1186.4880492000375,320.3,350.0
1186.7942432999844,320.3,350.0
1187.1109615000896,320.3,350.0
1187.4323374000378,320.3,350.0
1187.7508394999895,320.3,350.0
1188.056985800038,320.3,350.0
1188.3612913000397,320.3,350.0
1188.6811670000898,320.3,350.0
1188.9980295000132,320.40000000000003,350.0
1189.3024810000788,320.40000000000003,350.0
1189.6213563000783,320.40000000000003,350.0
1189.9256595000625,320.40000000000003,350.0
1190.2288068000926,320.40000000000003,350.0
1190.5493367000017,320.40000000000003,350.0
1190.8714684000006,320.5,350.0
1191.17284870008,320.5,350.0
1191.4924804000184,320.5,350.0
1191.815377800027,320.5,350.0
1192.1148904000875,320.5,350.0
1192.4389103000285,320.6,350.0
1192.75561880006,320.6,350.0
1193.0608104000567,320.6,350.0
1193.3818196000066,320.6,350.0
1193.7000813999912,320.6,350.0
1194.0054701000918,320.6,350.0
1194.3253586000064,320.70000000000005,350.0
1194.6433396000648,320.70000000000005,350.0
1194.9482229000423,320.70000000000005,350.0
1195.2500690000597,320.70000000000005,350.0
1195.5688056000508,320.70000000000005,350.0
1195.8927826000145,320.70000000000005,350.0
1196.1947758999886,320.8,350.0
1196.4996345000109,320.8,350.0
1196.8167818000074,320.8,350.0
1197.1390377000207,320.8,350.0
1197.4416654000524,320.8,350.0
1197.760033700033,320.8,350.0
1198.0796994999982,320.8,350.0
1198.3668977000052,320.8,350.0
1198.6866625000257,320.90000000000003,350.0
1199.0072630000068,320.90000000000003,350.0
1199.326807799982,320.90000000000003,350.0
1199.6315454000141,320.90000000000003,350.0
1199.9540832000785,320.90000000000003,350.0
1200.254557600012,320.90000000000003,350.0
1200.5752841000212,320.90000000000003,350.0
1200.8809232000494,320.90000000000003,350.0
1201.1975737999892,320.90000000000003,350.0
1201.5187113999855,321.0,350.0
1201.8235077999998,321.0,350.0
1202.1437659000512,321.0,350.0
1202.4616281000199,321.0,350.0
1202.7816226000432,321.0,350.0
1203.086273199995,321.1,350.0
1203.391244300059,321.1,350.0
1203.7100374000147,321.1,350.0
1204.0267908000387,321.1,350.0
1204.3317289000843,321.1,350.0
1204.6538372000214,321.1,350.0
1204.970290300087,321.1,350.0
1205.274923400022,321.1,350.0
1205.5952595000854,321.1,350.0
1205.9016575000715,321.20000000000005,350.0
1206.2021585000912,321.20000000000005,350.0
1206.523129899986,321.20000000000005,350.0
1206.8419660000363,321.20000000000005,350.0
1207.1474894999992,321.20000000000005,350.0
1207.465756700025,321.3,350.0
1207.7692653000122,321.3,350.0
1208.0760923000053,321.3,350.0
1208.3918940000003,321.3,350.0
1208.7147083000746,321.3,350.0
1209.0187256000936,321.3,350.0
1209.3371940000216,321.40000000000003,350.0
1209.6549366000108,321.40000000000003,350.0
1209.9755559000187,321.40000000000003,350.0
1210.2823449000716,321.40000000000003,350.0
1210.602392300032,321.40000000000003,350.0
1210.9213720000116,321.5,350.0
1211.226093400037,321.5,350.0
1211.527310900041,321.5,350.0
1211.8497444000095,321.5,350.0
1212.169117600075,321.5,350.0
1212.4721072000684,321.5,350.0
1212.7910280000651,321.6,350.0
1213.1098251000512,321.6,350.0
1213.4152227999875,321.6,350.0
1213.7362568000099,321.6,350.0
1214.038564800052,321.6,350.0
1214.3579777000705,321.6,350.0
1214.6636292000767,321.6,350.0
1214.9799276000122,321.6,350.0
1215.2870199000463,321.6,350.0
1215.6061410000548,321.70000000000005,350.0
1215.9256540000206,321.70000000000005,350.0
1216.2431939000962,321.70000000000005,350.0
1216.54884459998,321.70000000000005,350.0
1216.866939800093,321.70000000000005,350.0
1217.1876037000911,321.70000000000005,350.0
1217.491241700016,321.70000000000005,350.0
1217.7974384999834,321.70000000000005,350.0
1218.1156415999867,321.8,350.0
1218.4344538000878,321.8,350.0
1218.7390191000886,321.8,350.0
1219.0582096000435,321.8,350.0
1219.3629017000785,321.8,350.0
1219.6808646999998,321.8,350.0
1219.9851093000034,321.8,350.0
1220.3065940000815,321.8,350.0
1220.6272327000042,321.8,350.0
1220.9294485000428,321.8,350.0
1221.232175400015,321.8,350.0
1221.554571900051,321.8,350.0
1221.8742513000034,321.8,350.0
1222.1760054000188,321.8,350.0
1222.495492600021,321.8,350.0
1222.8147124000825,321.8,350.0
1223.1209152000956,321.8,350.0
1223.4238251000643,321.8,350.0
1223.74361590005,321.8,350.0
1224.0456511999946,321.8,350.0
1224.3694057000102,321.8,350.0
1224.6716805000324,321.8,350.0
1224.9895399000961,321.8,350.0
1225.2964713000692,321.8,350.0
1225.6144260000437,321.8,350.0
1225.91949390003,321.90000000000003,350.0
1226.2396285000723,321.90000000000003,350.0
1226.5588342000265,321.90000000000003,350.0
1226.8784548999975,321.90000000000003,350.0
1227.165669900016,321.90000000000003,350.0
1227.4837247000542,321.90000000000003,350.0
1227.8065008000704,321.90000000000003,350.0
1228.125089499983,321.90000000000003,350.0
1228.4288024000125,321.90000000000003,350.0
1228.7496030000038,321.90000000000003,350.0
1229.0697954000207,321.90000000000003,350.0
1229.356878300081,321.90000000000003,350.0
1229.6747140000807,322.0,350.0
1229.993733900017,322.0,350.0
1230.298983899993,322.0,350.0
1230.6210696999915,322.0,350.0
1230.9221234000288,322.0,350.0
1231.2434174000518,322.0,350.0
1231.5455709000817,322.0,350.0
1231.8662930000573,322.0,350.0
1232.1846078999806,322.1,350.0
1232.5058978000889,322.1,350.0
1232.7958293000702,322.1,350.0
1233.1133584000636,322.1,350.0
1233.432587300078,322.1,350.0
1233.7389596999856,322.1,350.0
1234.059080200037,322.1,350.0
1234.358375400072,322.1,350.0
1234.6824038000777,322.1,350.0
1234.9861348000122,322.1,350.0
1235.3046493000584,322.1,350.0
1235.626156500075,322.1,350.0
1235.9257366000675,322.1,350.0
1236.2331387000158,322.1,350.0
1236.5532166000921,322.20000000000005,350.0
1236.8702337000286,322.20000000000005,350.0
1237.1766185000306,322.20000000000005,350.0
1237.49613460002,322.20000000000005,350.0
1237.8139079000102,322.20000000000005,350.0
1238.1186604000395,322.20000000000005,350.0
1238.4231497000437,322.20000000000005,350.0
1238.741158500081,322.20000000000005,350.0
1239.0639359999914,322.20000000000005,350.0
1239.3640828999924,322.20000000000005,350.0
1239.6691946000792,322.20000000000005,350.0
1239.989365000045,322.20000000000005,350.0
1240.3108147000894,322.20000000000005,350.0
1240.6288167000748,322.20000000000005,350.0
1240.9336238000542,322.3,350.0
1241.253806099994,322.3,350.0
1241.554773400072,322.3,350.0
1241.860925600049,322.3,350.0
1242.180506600067,322.3,350.0
1242.484373299987,322.3,350.0
1242.8009209000738,322.3,350.0
1243.1212259000167,322.3,350.0
1243.42464620003,322.3,350.0
1243.731773699983,322.3,350.0
1244.0493067000061,322.3,350.0
1244.3698047000216,322.3,350.0
1244.6899558000732,322.3,350.0
1244.994132300024,322.3,350.0
1245.314573700074,322.40000000000003,350.0
1245.6322015000042,322.40000000000003,350.0
1245.9517164999852,322.40000000000003,350.0
1246.2738751000725,322.40000000000003,350.0
1246.578495600028,322.40000000000003,350.0
1246.8951415000483,322.40000000000003,350.0
1247.216757300077,322.40000000000003,350.0
1247.5176086000865,322.40000000000003,350.0
1247.8396714000264,322.40000000000003,350.0
1248.1420974000357,322.5,350.0
1248.4470942000626,322.5,350.0
1248.7683615999995,322.5,350.0
1249.0861906000646,322.5,350.0
1249.4087896000128,322.5,350.0
1249.7106211000355,322.5,350.0
1250.0126744000008,322.5,350.0
1250.3338583000004,322.5,350.0
1250.6555373000447,322.5,350.0
1250.9580537000438,322.5,350.0
1251.2790851000464,322.5,350.0
1251.579010699992,322.5,350.0
1251.9016367000295,322.5,350.0
1252.2224646999966,322.5,350.0
1252.5242851000512,322.5,350.0
1252.8261007000692,322.5,350.0
1253.1501599000767,322.5,350.0
1253.4657599000493,322.5,350.0
1253.7736113000428,322.5,350.0
1254.0918495000806,322.5,350.0
1254.4107501000399,322.5,350.0
1254.7324400000507,322.5,350.0
1255.0524607000407,322.5,350.0
1255.3385283000534,322.5,350.0
1255.6594392000698,322.5,350.0
1255.9795210000593,322.5,350.0
1256.2990690000588,322.5,350.0
1256.5996640000958,322.5,350.0
1256.9069384000031,322.5,350.0
1257.226508700056,322.5,350.0
1257.5434414000483,322.5,350.0
1257.848478000029,322.5,350.0
1258.1691051000962,322.5,350.0
1258.4743720000843,322.5,350.0
1258.774440200068,322.5,350.0
1259.0965867000632,322.5,350.0
1259.4151361000258,322.5,350.0
1259.7187249000417,322.5,350.0
1260.0390997000504,322.5,350.0
1260.3421180000296,322.5,350.0
1260.66367550008,322.5,350.0
1260.9693367000436,322.5,350.0
1261.2868266000878,322.5,350.0
1261.60876740003,322.5,350.0
1261.9259513000725,322.5,350.0
1262.2304263000842,322.5,350.0
1262.5342639000155,322.5,350.0
1262.8544799000956,322.5,350.0
1263.1556141000474,322.5,350.0
1263.4760519000702,322.5,350.0
1263.7972571999999,322.5,350.0
1264.100946300081,322.5,350.0
1264.4042802000185,322.5,350.0
1264.724221499986,322.5,350.0
1265.0426458000438,322.5,350.0
1265.3621299000224,322.5,350.0
1265.6698433000129,322.5,350.0
1265.9857206000015,322.5,350.0
1266.3096556999953,322.5,350.0
1266.6289001000114,322.5,350.0
1266.931947000092,322.5,350.0
1267.25165380002,322.5,350.0
1267.5546933000442,322.5,350.0
1267.8752846000716,322.5,350.0
1268.1762714000652,322.5,350.0
1268.500155900023,322.5,350.0
1268.803227800061,322.5,350.0
1269.124112999998,322.5,350.0
1269.4246386000887,322.5,350.0
1269.744611900067,322.5,350.0
1270.0472615000326,322.5,350.0
1270.3710740000242,322.5,350.0
1270.6893951999955,322.5,350.0
1270.9942380000139,322.6,350.0
1271.3125650000293,322.6,350.0
1271.6304600000149,322.6,350.0
1271.9355047000572,322.6,350.0
1272.2555519000161,322.6,350.0
1272.5769916999852,322.6,350.0
1272.8801523000002,322.6,350.0
1273.1980310000945,322.6,350.0
1273.5174657000462,322.6,350.0
1273.8079357000533,322.6,350.0
1274.1282186000608,322.6,350.0
1274.4441452000756,322.6,350.0
1274.7666217000224,322.6,350.0
1275.0694309000392,322.6,350.0
1275.3911554000806,322.70000000000005,350.0
1275.7092453000369,322.70000000000005,350.0
1276.0310825000051,322.70000000000005,350.0
1276.3328983000247,322.70000000000005,350.0
1276.6549373000162,322.70000000000005,350.0
1276.9720043999841,322.70000000000005,350.0
1277.2940313,322.70000000000005,350.0
1277.596857400029,322.70000000000005,350.0
1277.9176637000637,322.70000000000005,350.0
1278.219443100039,322.70000000000005,350.0
1278.5400357000763,322.70000000000005,350.0
1278.8444772000657,322.70000000000005,350.0
1279.1619888000423,322.70000000000005,350.0
1279.4848126000725,322.70000000000005,350.0
1279.8033241999801,322.70000000000005,350.0
1280.0917617999949,322.70000000000005,350.0
1280.4112986000255,322.70000000000005,350.0
1280.7306971000507,322.8,350.0
1281.0519563000416,322.8,350.0
1281.3519970000489,322.8,350.0
1281.655442200019,322.8,350.0
1281.9791435000952,322.8,350.0
1282.2790885000722,322.8,350.0
1282.5992049000924,322.8,350.0
1282.9196208000649,322.8,350.0
1283.225762300077,322.90000000000003,350.0
1283.5463795000687,322.90000000000003,350.0
1283.8637154999888,322.90000000000003,350.0
1284.1683771000244,322.90000000000003,350.0
1284.48687230004,322.90000000000003,350.0
1284.8078723000363,322.90000000000003,350.0
1285.128702600021,322.90000000000003,350.0
1285.415768200066,322.90000000000003,350.0
1285.7322776000947,322.90000000000003,350.0
1286.0525246000616,322.90000000000003,350.0
1286.3722114000702,322.90000000000003,350.0
1286.6796344000613,322.90000000000003,350.0
1286.9809038999956,323.0,350.0
1287.300582600059,323.0,350.0
1287.622944700066,323.0,350.0
1287.9424008000642,323.0,350.0
1288.2299999999814,323.0,350.0
1288.5483155000256,323.1,350.0
1288.8669746000087,323.1,350.0
1289.172572300071,323.1,350.0
1289.490452600061,323.1,350.0
1289.7962746000849,323.1,350.0
1290.1166655999841,323.1,350.0
1290.4369641999947,323.1,350.0
1290.73707630008,323.1,350.0
1291.0423447000794,323.1,350.0
1291.3638018000638,323.20000000000005,350.0
1291.683892800007,323.20000000000005,350.0
1292.003368100035,323.20000000000005,350.0
1292.3063622000627,323.20000000000005,350.0
1292.6101487000706,323.20000000000005,350.0
1292.929380799993,323.20000000000005,350.0
1293.2505174999824,323.20000000000005,350.0
1293.553681600024,323.20000000000005,350.0
1293.8733284000773,323.20000000000005,350.0
1294.1772315000417,323.20000000000005,350.0
1294.4978354000486,323.20000000000005,350.0
1294.8000795000698,323.20000000000005,350.0
1295.1192706000293,323.20000000000005,350.0
1295.441643500002,323.20000000000005,350.0
1295.7440155000659,323.20000000000005,350.0
1296.0648765000515,323.20000000000005,350.0
1296.383957699989,323.20000000000005,350.0
1296.7029074000893,323.3,350.0
1297.0065707000904,323.3,350.0
1297.326863800059,323.3,350.0
1297.6485006000148,323.3,350.0
1297.9483264000155,323.3,350.0
1298.271948000067,323.3,350.0
1298.5883515999885,323.3,350.0
1298.8945968000917,323.3,350.0
1299.2131926000584,323.3,350.0
1299.5350932000438,323.3,350.0
1299.8528254000703,323.3,350.0
1300.1725972000277,323.40000000000003,350.0
1300.4788477000548,323.40000000000003,350.0
1300.793997800094,323.40000000000003,350.0
1301.1017555000726,323.40000000000003,350.0
1301.4026096999878,323.40000000000003,350.0
1301.7221096000867,323.40000000000003,350.0
1302.0468474000227,323.40000000000003,350.0
1302.3481927000685,323.40000000000003,350.0
1302.6670897000004,323.5,350.0
1302.9892583000474,323.5,350.0
1303.2894029000308,323.5,350.0
1303.5936594000086,323.5,350.0
1303.9137327000499,323.5,350.0
1304.2177101999987,323.5,350.0
1304.5378712000092,323.5,350.0
1304.8570782000897,323.5,350.0
1305.1635012000334,323.5,350.0
1305.4656873000786,323.5,350.0
1305.7841590000317,323.5,350.0
1306.1027842999902,323.5,350.0
1306.406752299983,323.5,350.0
1306.7298230000306,323.5,350.0
1307.0460328999907,323.6,350.0
1307.3530574000906,323.6,350.0
1307.6737917000428,323.6,350.0
1307.9749398999847,323.6,350.0
1308.2798326000338,323.6,350.0
1308.5968717000214,323.6,350.0
1308.9187641000608,323.6,350.0
1309.2383890000638,323.6,350.0
1309.543761100038,323.6,350.0
1309.8627129000379,323.6,350.0
1310.1677355000284,323.6,350.0
1310.4849604000337,323.6,350.0
1310.8041822999949,323.6,350.0
1311.1269203000702,323.6,350.0
1311.4293384000193,323.6,350.0
1311.7328066000482,323.6,350.0
1312.0508908000775,323.6,350.0
1312.3577528999886,323.6,350.0
1312.676931300084,323.6,350.0
1312.9954153000144,323.6,350.0
1313.2985978000797,323.70000000000005,350.0
1313.6179325000849,323.70000000000005,350.0
1313.9378305000719,323.70000000000005,350.0
1314.2413886000868,323.70000000000005,350.0
1314.546327500022,323.70000000000005,350.0
1314.8690860000206,323.70000000000005,350.0
1315.1860591000877,323.70000000000005,350.0
1315.4910459000384,323.70000000000005,350.0
1315.8084167999914,323.70000000000005,350.0
1316.113790600095,323.70000000000005,350.0
1316.4326504000928,323.70000000000005,350.0
1316.7382059000665,323.70000000000005,350.0
1317.0578736000462,323.70000000000005,350.0
1317.3591050000396,323.70000000000005,350.0
1317.680858900072,323.70000000000005,350.0
1317.9835099000484,323.70000000000005,350.0
1318.304449200048,323.70000000000005,350.0
1318.6241782000288,323.70000000000005,350.0
1318.9293430000544,323.70000000000005,350.0
1319.2478160000173,323.70000000000005,350.0
1319.550725899986,323.70000000000005,350.0
1319.8735536000459,323.70000000000005,350.0
1320.1776172000682,323.70000000000005,350.0
1320.4955244000303,323.8,350.0
1320.7968173000263,323.8,350.0
1321.117560600047,323.8,350.0
1321.4238551000599,323.8,350.0
1321.7406010000268,323.8,350.0
1322.0610452999827,323.8,350.0
1322.3650206000311,323.8,350.0
1322.687718500034,323.8,350.0
1322.9913522000425,323.8,350.0
1323.292261900031,323.8,350.0
1323.6110514000757,323.8,350.0
1323.934862300055,323.8,350.0
1324.2363748000935,323.8,350.0
1324.5565727000358,323.8,350.0
1324.8759876000695,323.90000000000003,350.0
1325.1658486999804,323.90000000000003,350.0
1325.4843795000343,323.90000000000003,350.0
1325.802608500002,323.90000000000003,350.0
1326.125361500075,323.90000000000003,350.0
1326.4262100000633,323.90000000000003,350.0
1326.7486913000466,323.90000000000003,350.0
1327.05316520005,323.90000000000003,350.0
1327.3717437000014,323.90000000000003,350.0
1327.6916087000864,323.90000000000003,350.0
1327.9952502000378,323.90000000000003,350.0
1328.3145858000498,324.0,350.0
1328.6192213000031,324.0,350.0
1328.9193663999904,324.0,350.0
1329.2406423999928,324.0,350.0
1329.559998700046,324.0,350.0
1329.881517700036,324.0,350.0
1330.1709527000785,324.0,350.0
1330.4903325000778,324.0,350.0
1330.80681920005,324.0,350.0
1331.1113572000759,324.0,350.0
1331.4338553000707,324.0,350.0
1331.7515280999942,324.0,350.0
1332.0555942000356,324.0,350.0
1332.3588162000524,324.0,350.0
1332.6797022999963,324.0,350.0
1332.983015500009,324.0,350.0
1333.3028059999924,324.0,350.0
1333.624698700034,323.90000000000003,350.0
1333.943371100002,323.90000000000003,350.0
1334.248018000042,323.90000000000003,350.0
1334.548634900013,323.90000000000003,350.0
1334.8680031000404,323.90000000000003,350.0
1335.1753308000043,323.90000000000003,350.0
1335.4927611000603,323.90000000000003,350.0
1335.8127733999863,323.90000000000003,350.0
1336.1172648000065,323.90000000000003,350.0
1336.4219453000696,323.90000000000003,350.0
1336.7403872000286,323.90000000000003,350.0
1337.0442418000894,323.90000000000003,350.0
1337.3638114000205,323.90000000000003,350.0
1337.6844113999978,323.90000000000003,350.0
1337.9866902000504,323.8,350.0
1338.308032900095,323.8,350.0
1338.6263434999855,323.8,350.0
1338.916063599987,323.8,350.0
1339.2339410000714,323.8,350.0
1339.5532147000777,323.8,350.0
1339.8573652000632,323.8,350.0
1340.17615319998,323.8,350.0
1340.49609660008,323.8,350.0
1340.8011724000098,323.8,350.0
1341.1227293000557,323.8,350.0
1341.423878200003,323.8,350.0
1341.746836700011,323.8,350.0
1342.0476231999928,323.8,350.0
1342.3680454000132,323.8,350.0
1342.6891072000144,323.8,350.0
1342.990266000037,323.8,350.0
1343.3104947999818,323.8,350.0
1343.6330994000891,323.8,350.0
1343.936362800072,323.8,350.0
1344.2566934000934,323.90000000000003,350.0
1344.576501200092,323.90000000000003,350.0
1344.8967931000516,323.90000000000003,350.0
1345.2005008000415,323.90000000000003,350.0
1345.5044523000252,323.90000000000003,350.0
1345.8208246000577,323.90000000000003,350.0
1346.1239214000525,323.90000000000003,350.0
1346.444762900006,323.90000000000003,350.0
1346.7486334000714,323.90000000000003,350.0
1347.0688625000184,323.90000000000003,350.0
1347.3899004000705,323.90000000000003,350.0
1347.6929840000812,323.90000000000003,350.0
1348.01410879998,323.90000000000003,350.0
1348.31832760002,323.90000000000003,350.0
1348.6366377000231,324.0,350.0
1348.942106600036,324.0,350.0
1349.2603926000884,324.0,350.0
1349.56442290009,324.0,350.0
1349.8841218000744,324.0,350.0
1350.2018768000416,324.0,350.0
1350.5235556000844,324.0,350.0
1350.8449804000556,324.0,350.0
1351.148125100066,324.0,350.0
1351.4482804000145,324.0,350.0
1351.7692740000784,324.0,350.0
1352.0889374000253,324.0,350.0
1352.3955174000002,324.0,350.0
1352.7147356000496,324.0,350.0
1353.0166444000788,324.0,350.0
1353.3360321000218,324.0,350.0
1353.6430024000583,324.0,350.0
1353.958569600014,324.0,350.0
1354.2782918000594,324.0,350.0
1354.5837636000942,324.0,350.0
1354.9058253000258,323.90000000000003,350.0
1355.208747900091,323.90000000000003,350.0
1355.527485000086,323.90000000000003,350.0
1355.8315311000915,323.90000000000003,350.0
1356.1496783000184,323.90000000000003,350.0
1356.4697998000775,323.90000000000003,350.0
1356.7731435000896,323.90000000000003,350.0
1357.0787440000568,323.90000000000003,350.0
1357.3963863999816,324.0,350.0
1357.7191268000752,324.0,350.0
1358.0228241999866,324.0,350.0
1358.341403700062,324.0,350.0
1358.6440113000572,324.0,350.0
1358.9475577999838,324.0,350.0
1359.2850470000412,324.0,350.0
1359.5880625999998,324.0,350.0
1359.9085144000128,324.0,350.0
1360.2285020999843,324.1,350.0
1360.5465744000394,324.1,350.0
1360.8339175999863,324.1,350.0
1361.1583151000086,324.1,350.0
1361.4778650000226,324.1,350.0
1361.7975419000722,324.1,350.0
1362.0974434000673,324.1,350.0
1362.420290900045,324.1,350.0
1362.7569155000383,324.20000000000005,350.0
1363.042043399997,324.20000000000005,350.0
1363.3633410000475,324.20000000000005,350.0
1363.6821683000308,324.20000000000005,350.0
1363.9998660000274,324.20000000000005,350.0
1364.306420500041,324.20000000000005,350.0
1364.6428298000246,324.20000000000005,350.0
1364.9454627999803,324.20000000000005,350.0
1365.2652828000719,324.20000000000005,350.0
1365.5667663000058,324.20000000000005,350.0
1365.887414900004,324.20000000000005,350.0
1366.189913499984,324.20000000000005,350.0
1366.5140764000826,324.20000000000005,350.0
1366.8302699000342,324.20000000000005,350.0
1367.1210738000227,324.20000000000005,350.0
1367.441708200029,324.20000000000005,350.0
1367.757786900038,324.20000000000005,350.0
1368.0777558999835,324.20000000000005,350.0
1368.3821977000916,324.20000000000005,350.0
1368.701285700081,324.20000000000005,350.0
1369.0055635999888,324.20000000000005,350.0
1369.3109454000369,324.20000000000005,350.0
1369.6291280000005,324.20000000000005,350.0
1369.9486809000373,324.20000000000005,350.0
1370.2528187000426,324.20000000000005,350.0
1370.5589661999838,324.20000000000005,350.0
1370.8791817000601,324.20000000000005,350.0
1371.1968983000843,324.20000000000005,350.0
1371.4987205000361,324.20000000000005,350.0
1371.819307900034,324.20000000000005,350.0
1372.1384442000417,324.20000000000005,350.0
1372.4426338000922,324.20000000000005,350.0
1372.747576600057,324.20000000000005,350.0
1373.0681233000942,324.20000000000005,350.0
1373.3883280000882,324.20000000000005,350.0
1373.7093425000785,324.20000000000005,350.0
1373.9955844000215,324.20000000000005,350.0
1374.314890400041,324.20000000000005,350.0
1374.633704900043,324.20000000000005,350.0
1374.9364412000868,324.20000000000005,350.0
1375.259174100007,324.20000000000005,350.0
1375.5804421000648,324.20000000000005,350.0
1375.8825512999902,324.20000000000005,350.0
1376.203743500053,324.20000000000005,350.0
1376.504912000033,324.20000000000005,350.0
1376.8268902000273,324.20000000000005,350.0
1377.1471905000508,324.20000000000005,350.0
1377.447693000082,324.20000000000005,350.0
1377.7704731000122,324.3,350.0
1378.0705479000462,324.3,350.0
1378.392217000015,324.3,350.0
1378.6953639000421,324.3,350.0
1379.0150301000103,324.3,350.0
1379.3198077999987,324.3,350.0
1379.6250128999818,324.3,350.0
1379.942072500009,324.3,350.0
1380.2476004000055,324.3,350.0
1380.5676275000442,324.3,350.0
1380.888302300009,324.3,350.0
1381.2081947000697,324.3,350.0
1381.512474499992,324.3,350.0
1381.8135231999913,324.3,350.0
1382.136013600044,324.40000000000003,350.0
1382.4522432000376,324.40000000000003,350.0
1382.7553049999988,324.40000000000003,350.0
1383.0750049999915,324.40000000000003,350.0
1383.382967100013,324.40000000000003,350.0
1383.6850171000697,324.40000000000003,350.0
1384.0038890000433,324.40000000000003,350.0
1384.325663399999,324.40000000000003,350.0
1384.6449919000734,324.40000000000003,350.0
1384.948847200023,324.40000000000003,350.0
1385.2532682000892,324.40000000000003,350.0
1385.5695171999978,324.40000000000003,350.0
1385.8735052000266,324.40000000000003,350.0
1386.1962838000618,324.40000000000003,350.0
1386.516153600067,324.5,350.0
1386.820750300074,324.5,350.0
1387.1401781000895,324.5,350.0
1387.4565873000538,324.5,350.0
1387.7633207000326,324.5,350.0
1388.0815856000409,324.5,350.0
1388.4019911000505,324.5,350.0
1388.703809000086,324.5,350.0
1389.009220900014,324.5,350.0
1389.3290820000693,324.5,350.0
1389.648045500042,324.5,350.0
1389.954770600074,324.5,350.0
1390.27429760003,324.5,350.0
1390.5925961000612,324.5,350.0
1390.8940161000937,324.40000000000003,350.0
1391.2158864000812,324.40000000000003,350.0
1391.5178344000597,324.40000000000003,350.0
1391.8233828000957,324.40000000000003,350.0
1392.1450585999992,324.40000000000003,350.0
1392.4650099000428,324.40000000000003,350.0
1392.7843159000622,324.40000000000003,350.0
1393.0845765999984,324.40000000000003,350.0
1393.404327700031,324.40000000000003,350.0
1393.728326200042,324.40000000000003,350.0
1394.029052900034,324.40000000000003,350.0
1394.3504992000526,324.40000000000003,350.0
1394.671543100034,324.40000000000003,350.0
1394.9717209000373,324.40000000000003,350.0
1395.277673900011,324.40000000000003,350.0
1395.597492500092,324.40000000000003,350.0
1395.9156025000848,324.40000000000003,350.0
1396.236891000066,324.40000000000003,350.0
1396.5224741999991,324.40000000000003,350.0
1396.8421567000914,324.40000000000003,350.0
1397.1628262000158,324.40000000000003,350.0
1397.4842083000112,324.40000000000003,350.0
1397.785390999983,324.40000000000003,350.0
1398.1065783000086,324.40000000000003,350.0
1398.4119111000327,324.40000000000003,350.0
1398.7295534000732,324.3,350.0
1399.0488805000205,324.3,350.0
1399.355796799995,324.3,350.0
1399.656992400065,324.3,350.0
1399.9787157999817,324.3,350.0
1400.2957380000735,324.3,350.0
1400.6003035000758,324.3,350.0
1400.905906100059,324.3,350.0
1401.2261714000488,324.3,350.0
1401.5464190000203,324.3,350.0
1401.8461316000903,324.3,350.0
1402.170545800007,324.3,350.0
1402.4897502000676,324.3,350.0
1402.8097088000504,324.3,350.0
1403.1108244000934,324.3,350.0
1403.4298755000345,324.3,350.0
1403.7331061000004,324.3,350.0
1404.0556713000406,324.3,350.0
1404.357971200021,324.3,350.0
1404.6765673999907,324.3,350.0
1404.9995436000172,324.40000000000003,350.0
1405.319033900043,324.40000000000003,350.0
1405.607043200056,324.40000000000003,350.0
1405.9237953000702,324.40000000000003,350.0
1406.2442225000123,324.40000000000003,350.0
1406.5642669000663,324.40000000000003,350.0
1406.8700057000387,324.40000000000003,350.0
1407.1896428000182,324.40000000000003,350.0
1407.4904462000122,324.40000000000003,350.0
1407.8145495000063,324.40000000000003,350.0
1408.1341993000824,324.40000000000003,350.0
1408.4367231000215,324.5,350.0
1408.75526850007,324.5,350.0
1409.0749002000084,324.5,350.0
1409.3794508000137,324.5,350.0
1409.7010039000306,324.5,350.0
1410.0032265000045,324.5,350.0
1410.3217497000005,324.5,350.0
1410.6418726000702,324.5,350.0
1410.9473876000848,324.5,350.0
1411.2649042999838,324.5,350.0
1411.5877903000219,324.5,350.0
1411.887915300089,324.5,350.0
1412.208066400024,324.5,350.0
1412.5317934000632,324.5,350.0
1412.8334906999953,324.5,350.0
1413.1550517000724,324.5,350.0
1413.4731395000126,324.5,350.0
1413.7748892999953,324.5,350.0
1414.0940831000917,324.5,350.0
1414.4179560000775,324.5,350.0
1414.7373531000922,324.5,350.0
1415.0575818000361,324.5,350.0
1415.3611512000207,324.5,350.0
1415.6798543999903,324.6,350.0
1415.999215900083,324.6,350.0
1416.3033661000663,324.6,350.0
1416.6231524000177,324.6,350.0
1416.9409931000555,324.6,350.0
1417.2629043000052,324.6,350.0
1417.5827211000724,324.6,350.0
1417.8880568000022,324.6,350.0
1418.1908492000075,324.70000000000005,350.0
1418.5085342000239,324.70000000000005,350.0
1418.813720599981,324.70000000000005,350.0
1419.1322351000272,324.70000000000005,350.0
1419.453473300091,324.70000000000005,350.0
1419.757489999989,324.70000000000005,350.0
1420.0777307000244,324.70000000000005,350.0
1420.379337600083,324.70000000000005,350.0
1420.6980548000429,324.70000000000005,350.0
1421.0052398000844,324.8,350.0
1421.324191300082,324.8,350.0
1421.6426678000716,324.8,350.0
1421.9476042999886,324.8,350.0
1422.2486723000184,324.8,350.0
1422.5688329000259,324.8,350.0
1422.8762902000453,324.8,350.0
1423.1955821000738,324.8,350.0
1423.5153997000307,324.90000000000003,350.0
1423.816281300038,324.90000000000003,350.0
1424.1205396000296,324.90000000000003,350.0
1424.4408753000898,324.90000000000003,350.0
1424.7607498000143,324.90000000000003,350.0
1425.0660701000597,324.90000000000003,350.0
1425.3828636000399,325.0,350.0
1425.6867695000255,325.0,350.0
1426.0068128000712,325.0,350.0
1426.3121903000865,325.0,350.0
1426.630815600045,325.0,350.0
1426.9498761000577,325.0,350.0
1427.2560197000857,325.0,350.0
1427.575593900052,325.0,350.0
1427.8814058999997,325.1,350.0
1428.2001981000649,325.1,350.0
1428.5012783000711,325.1,350.0
1428.8241698000347,325.1,350.0
1429.1271489000646,325.1,350.0
1429.4458668000298,325.1,350.0
1429.7679081000388,325.1,350.0
1430.0680167999817,325.1,350.0
1430.3742124000564,325.1,350.0
1430.6922843999928,325.20000000000005,350.0
1431.0108965000836,325.20000000000005,350.0
1431.3152702000225,325.20000000000005,350.0
1431.6209631999955,325.20000000000005,350.0
1431.941273799981,325.20000000000005,350.0
1432.2595325000584,325.20000000000005,350.0
1432.5809071999975,325.20000000000005,350.0
1432.9000506000593,325.20000000000005,350.0
1433.2037046999903,325.20000000000005,350.0
1433.523589599994,325.20000000000005,350.0
1433.8284906999907,325.20000000000005,350.0
1434.144769000006,325.3,350.0
1434.451344500063,325.3,350.0
1434.770953600062,325.3,350.0
1435.0721730000805,325.3,350.0
1435.392317900085,325.3,350.0
1435.6991099000443,325.3,350.0
1436.0186394000193,325.3,350.0
1436.3397020000266,325.3,350.0
1436.642387400032,325.3,350.0
1436.9626819000114,325.3,350.0
1437.2802085999865,325.3,350.0
1437.585046500084,325.3,350.0
1437.8891136000166,325.3,350.0
1438.2095126000931,325.3,350.0
1438.5278574000113,325.3,350.0
1438.8472542000236,325.3,350.0
1439.153505800059,325.3,350.0
1439.4543504000176,325.40000000000003,350.0
1439.7772426999873,325.40000000000003,350.0
1440.079270599992,325.40000000000003,350.0
1440.3977471999824,325.40000000000003,350.0
1440.7037445000606,325.40000000000003,350.0
1441.0211422999855,325.40000000000003,350.0
1441.339466799982,325.40000000000003,350.0
1441.644220600021,325.40000000000003,350.0
1441.9496205000905,325.40000000000003,350.0
1442.269834900042,325.40000000000003,350.0
1442.5916438000277,325.40000000000003,350.0
1442.9071941000875,325.40000000000003,350.0
1443.2125091000926,325.40000000000003,350.0
1443.5327713000588,325.40000000000003,350.0
1443.851533900015,325.5,350.0
1444.1713358000852,325.5,350.0
1444.474687500042,325.5,350.0
1444.7811130000046,325.5,350.0
1445.1006841000635,325.5,350.0
1445.421221000026,325.5,350.0
1445.7382098999806,325.5,350.0
1446.0421403000364,325.5,350.0
1446.3466665000888,325.5,350.0
1446.6666523000458,325.5,350.0
1446.9682069000555,325.5,350.0
1447.2907063000603,325.40000000000003,350.0
1447.6092815999873,325.40000000000003,350.0
1447.929787900066,325.40000000000003,350.0
1448.2356370000634,325.40000000000003,350.0
1448.554512700066,325.40000000000003,350.0
1448.8712278000312,325.40000000000003,350.0
1449.1787460000487,325.40000000000003,350.0
1449.4961423000786,325.40000000000003,350.0
1449.8170794000616,325.40000000000003,350.0
1450.1201815999812,325.40000000000003,350.0
1450.4241802000906,325.40000000000003,350.0
1450.74353159999,325.40000000000003,350.0
1451.045515100006,325.40000000000003,350.0
1451.3658193000592,325.40000000000003,350.0
1451.689059299999,325.40000000000003,350.0
1451.9894065000117,325.40000000000003,350.0
1452.3116350000491,325.40000000000003,350.0
1452.613349799998,325.40000000000003,350.0
1452.9352261000313,325.40000000000003,350.0
1453.2404274999863,325.40000000000003,350.0
1453.5586906999815,325.40000000000003,350.0
1453.8626343000215,325.40000000000003,350.0
1454.1837634000694,325.40000000000003,350.0
1454.5027962999884,325.3,350.0
1454.819099000073,325.3,350.0
1455.1248502000235,325.3,350.0
1455.4469470999902,325.3,350.0
1455.7630929000443,325.3,350.0
1456.0824521000031,325.3,350.0
1456.4053480000002,325.3,350.0
1456.7258090000832,325.3,350.0
1457.0113623000216,325.3,350.0
1457.3313953999896,325.3,350.0
1457.6526809000643,325.3,350.0
1457.969451299985,325.20000000000005,350.0
1458.2599917000625,325.20000000000005,350.0
1458.578464100021,325.20000000000005,350.0
1458.8978272000095,325.20000000000005,350.0
1459.2029797000578,325.20000000000005,350.0
1459.5215916000307,325.20000000000005,350.0
1459.8421470000176,325.20000000000005,350.0
1460.1625369000249,325.20000000000005,350.0
1460.4482278000796,325.20000000000005,350.0
1460.7673353999853,325.20000000000005,350.0
1461.0869118000846,325.20000000000005,350.0
1461.4087747000158,325.20000000000005,350.0
1461.7106774999993,325.20000000000005,350.0
1462.0336709000403,325.20000000000005,350.0
1462.3374145000707,325.20000000000005,350.0
1462.6380938000511,325.20000000000005,350.0
1462.9593539000489,325.20000000000005,350.0
1463.2653514000122,325.20000000000005,350.0
1463.5836380000692,325.20000000000005,350.0
1463.904850800056,325.20000000000005,350.0
1464.2212547999807,325.20000000000005,350.0
1464.5097105000168,325.20000000000005,350.0
1464.8326410000445,325.20000000000005,350.0
1465.1484228000045,325.20000000000005,350.0
1465.4683834000025,325.20000000000005,350.0
1465.7752398999874,325.3,350.0
1466.0956029000226,325.3,350.0
1466.4152023000643,325.3,350.0
1466.730946100084,325.20000000000005,350.0
1467.0356181000825,325.20000000000005,350.0
1467.3566496000858,325.20000000000005,350.0
1467.6748190000653,325.20000000000005,350.0
1467.9801327000605,325.20000000000005,350.0
1468.2984458000865,325.20000000000005,350.0
1468.620523700025,325.20000000000005,350.0
1468.9407055000775,325.20000000000005,350.0
1469.2442846000195,325.20000000000005,350.0
1469.562861500075,325.20000000000005,350.0
1469.8819911000319,325.20000000000005,350.0
1470.2028012000956,325.20000000000005,350.0
1470.5229936999967,325.20000000000005,350.0
1470.8092690000776,325.20000000000005,350.0
1471.1289286999963,325.20000000000005,350.0
1471.4488895999966,325.20000000000005,350.0
1471.7701142000733,325.20000000000005,350.0
1472.0742997000925,325.20000000000005,350.0
1472.3754572999896,325.20000000000005,350.0
1472.6984766999958,325.20000000000005,350.0
1472.9996049000183,325.20000000000005,350.0
1473.3187111000298,325.20000000000005,350.0
1473.6384775000624,325.20000000000005,350.0
1473.9449131999863,325.20000000000005,350.0
1474.2482844000915,325.20000000000005,350.0
1474.5689814999932,325.3,350.0
1474.8873187000863,325.3,350.0
1475.2081062000943,325.3,350.0
1475.4950240000617,325.3,350.0
1475.816243999987,325.3,350.0
1476.1345206000842,325.3,350.0
1476.4401534000644,325.3,350.0
1476.7604259999935,325.3,350.0
1477.0797759999987,325.3,350.0
1477.3985332000302,325.3,350.0
1477.6999652000377,325.3,350.0
1478.023985200096,325.3,350.0
1478.3425511000678,325.3,350.0
1478.6628207000904,325.3,350.0
1478.9493747000815,325.3,350.0
1479.268798300065,325.3,350.0
1479.5885614000726,325.3,350.0
1479.9098471000325,325.40000000000003,350.0
1480.2127162000397,325.40000000000003,350.0
1480.5326518000802,325.40000000000003,350.0
1480.8534021000378,325.40000000000003,350.0
1481.1733133000089,325.40000000000003,350.0
1481.474839100032,325.40000000000003,350.0
1481.7951515000314,325.40000000000003,350.0
1482.1159456000896,325.40000000000003,350.0
1482.4326481000753,325.40000000000003,350.0
1482.7394625000888,325.40000000000003,350.0
1483.0567043999908,325.40000000000003,350.0
1483.359982300084,325.40000000000003,350.0
1483.6810687000398,325.40000000000003,350.0
1483.987845399999,325.40000000000003,350.0
1484.3045525000198,325.40000000000003,350.0
1484.627310300013,325.40000000000003,350.0
1484.9299235000508,325.40000000000003,350.0
1485.2330784000224,325.40000000000003,350.0
1485.5519473000895,325.40000000000003,350.0
1485.8741838000715,325.40000000000003,350.0
1486.1929041000549,325.40000000000003,350.0
1486.4817909999983,325.40000000000003,350.0
1486.797278400045,325.40000000000003,350.0
1487.117806000053,325.40000000000003,350.0
1487.438572700019,325.40000000000003,350.0
1487.744253700017,325.40000000000003,350.0
1488.060875000083,325.40000000000003,350.0
1488.3834473000607,325.40000000000003,350.0
1488.703975200071,325.40000000000003,350.0
1489.007975500077,325.40000000000003,350.0
1489.3252542000264,325.40000000000003,350.0
1489.6477136000758,325.40000000000003,350.0
1489.950415700092,325.40000000000003,350.0
1490.2526247000787,325.40000000000003,350.0
1490.5724665999878,325.40000000000003,350.0
1490.8746575000696,325.40000000000003,350.0
1491.1992877000012,325.40000000000003,350.0
1491.5025175000774,325.40000000000003,350.0
1491.8202722000424,325.40000000000003,350.0
1492.1416327999905,325.40000000000003,350.0
1492.442813300062,325.40000000000003,350.0
1492.7634030000772,325.40000000000003,350.0
1493.0674812000943,325.40000000000003,350.0
1493.3701107000234,325.40000000000003,350.0
1493.689516399987,325.40000000000003,350.0
1493.9961019000039,325.40000000000003,350.0
1494.3132244000444,325.40000000000003,350.0
1494.6351346999872,325.40000000000003,350.0
1494.955268700025,325.40000000000003,350.0
1495.2573777000653,325.40000000000003,350.0
1495.5627957000397,325.40000000000003,350.0
1495.880709500052,325.40000000000003,350.0
1496.1994533999823,325.40000000000003,350.0
1496.503590599983,325.40000000000003,350.0
1496.8248977999901,325.40000000000003,350.0
1497.1282623000443,325.40000000000003,350.0
1497.4333603000268,325.40000000000003,350.0
1497.7528665000573,325.40000000000003,350.0
1498.0708983000368,325.40000000000003,350.0
1498.3771667000838,325.40000000000003,350.0
1498.6956542000407,325.40000000000003,350.0
1499.0144287000876,325.40000000000003,350.0
1499.3200498000951,325.40000000000003,350.0
1499.6237307999982,325.40000000000003,350.0
1499.941459099995,325.40000000000003,350.0
1500.2624219000572,325.40000000000003,350.0
1500.566825099988,325.40000000000003,350.0
1500.884947200073,325.40000000000003,350.0
1501.2074697000207,325.40000000000003,350.0
1501.5078104999848,325.40000000000003,350.0
1501.830306100077,325.40000000000003,350.0
1502.1313509000465,325.40000000000003,350.0
1502.4375939000165,325.40000000000003,350.0
1502.7575907000573,325.40000000000003,350.0
1503.0763542000204,325.40000000000003,350.0
1503.3973295000615,325.40000000000003,350.0
1503.7002678000135,325.40000000000003,350.0
1504.0050864000805,325.40000000000003,350.0
1504.3254936999874,325.40000000000003,350.0
1504.6458373999922,325.40000000000003,350.0
1504.933711700025,325.40000000000003,350.0
1505.2506087000947,325.40000000000003,350.0
1505.571616900037,325.40000000000003,350.0
1505.890126000042,325.40000000000003,350.0
1506.195285600028,325.40000000000003,350.0
1506.5147206999827,325.5,350.0
1506.8319226000458,325.5,350.0
1507.1522004000144,325.5,350.0
1507.4573164000176,325.5,350.0
1507.777849300066,325.5,350.0
1508.0831093000015,325.5,350.0
1508.3993695999961,325.5,350.0
1508.7049325000262,325.5,350.0
1509.0250578999985,325.5,350.0
1509.3460808000527,325.5,350.0
1509.646360600018,325.5,350.0
1509.9515935999807,325.5,350.0
1510.2742175000021,325.5,350.0
1510.5926135000773,325.5,350.0
1510.8943051000824,325.5,350.0
1511.2145312000066,325.5,350.0
1511.5169040000765,325.5,350.0
1511.840622000047,325.5,350.0
1512.1417158000404,325.5,350.0
1512.4631071999902,325.5,350.0
1512.7835071000736,325.5,350.0
1513.0871748999925,325.5,350.0
1513.389407300041,325.5,350.0
1513.7112168000313,325.5,350.0
1514.0303422000725,325.5,350.0
1514.3504124000901,325.6,350.0
1514.6381738000782,325.6,350.0
1514.9550883000484,325.6,350.0
1515.2743995999917,325.6,350.0
1515.5946535000112,325.6,350.0
1515.8844324999955,325.6,350.0
1516.2035459000617,325.6,350.0
1516.5241811000742,325.6,350.0
1516.8420459000627,325.6,350.0
1517.1618218000513,325.6,350.0
1517.4653764000395,325.6,350.0
1517.7880969999824,325.6,350.0
1518.1065357000334,325.6,350.0
1518.410938700079,325.6,350.0
1518.7307681000093,325.6,350.0
1519.033422700013,325.6,350.0
1519.3542867000215,325.6,350.0
1519.672530699987,325.6,350.0
1519.9627678000834,325.6,350.0
1520.2788512000116,325.6,350.0
1520.5995914000086,325.6,350.0
1520.9205490000313,325.6,350.0
1521.2411989000393,325.6,350.0
1521.5275395000353,325.6,350.0
1521.8474239000352,325.6,350.0
1522.1658303000731,325.6,350.0
1522.470090500079,325.6,350.0
1522.7899742000736,325.6,350.0
1523.109874100075,325.6,350.0
1523.4151934999973,325.6,350.0
1523.7164334000554,325.6,350.0
1524.0375065000262,325.6,350.0
1524.3588406000054,325.6,350.0
1524.6789348000893,325.6,350.0
1524.9680568000767,325.6,350.0
1525.2845077000093,325.6,350.0
1525.6054648000281,325.6,350.0
1525.9103170000017,325.70000000000005,350.0
1526.2299997000955,325.70000000000005,350.0
1526.5314295000862,325.70000000000005,350.0
1526.8520394000225,325.70000000000005,350.0
1527.1735123000108,325.70000000000005,350.0
1527.4743634000188,325.70000000000005,350.0
1527.7965981999878,325.70000000000005,350.0
1528.1163344000233,325.70000000000005,350.0
1528.4029584000818,325.70000000000005,350.0
1528.7243638000218,325.70000000000005,350.0
1529.0433742000023,325.70000000000005,350.0
1529.34857250005,325.70000000000005,350.0
1529.6643918000627,325.70000000000005,350.0
1529.968340100022,325.70000000000005,350.0
1530.2920976000605,325.70000000000005,350.0
1530.594231700059,325.70000000000005,350.0
1530.9150901000248,325.70000000000005,350.0
1531.2344486000948,325.70000000000005,350.0
1531.5533379000844,325.70000000000005,350.0
1531.8405058000935,325.70000000000005,350.0
1532.1609037000453,325.70000000000005,350.0
1532.4795237000799,325.70000000000005,350.0
1532.7850291000213,325.70000000000005,350.0
1533.102556400001,325.70000000000005,350.0
1533.4233419999946,325.70000000000005,350.0
1533.7267681000521,325.8,350.0
1534.0485804000637,325.8,350.0
1534.3536382000893,325.8,350.0
1534.6571276000468,325.8,350.0
1534.972700500046,325.8,350.0
1535.2930473000742,325.8,350.0
1535.6160191000672,325.8,350.0
1535.9029284000862,325.8,350.0
1536.2232531000627,325.8,350.0
1536.5420046000509,325.8,350.0
1536.863920200034,325.8,350.0
1537.1649751000805,325.8,350.0
1537.470425000065,325.8,350.0
1537.7892787000164,325.8,350.0
1538.1075876000104,325.8,350.0
1538.4145871000364,325.8,350.0
1538.7323227000888,325.8,350.0
1539.0339344000677,325.8,350.0
1539.356929200003,325.8,350.0
1539.661654000054,325.8,350.0
1539.9798847000347,325.8,350.0
1540.2852080999874,325.8,350.0
1540.605368199991,325.8,350.0
1540.9225694000488,325.90000000000003,350.0
1541.227010600036,325.90000000000003,350.0
1541.529968000017,325.90000000000003,350.0
1541.8513868000591,325.90000000000003,350.0
1542.1722254999913,325.90000000000003,350.0
1542.4757844000123,325.90000000000003,350.0
1542.7959868999897,325.90000000000003,350.0
1543.1155718000373,325.90000000000003,350.0
1543.402190700057,325.90000000000003,350.0
1543.7211003000848,325.90000000000003,350.0
1544.0403780000051,325.90000000000003,350.0
1544.3459863000317,325.90000000000003,350.0
1544.663571299985,325.90000000000003,350.0
1544.9866503000958,325.90000000000003,350.0
1545.290274100029,325.90000000000003,350.0
1545.5917319,325.90000000000003,350.0
1545.9125863000518,325.90000000000003,350.0
1546.23064110009,326.0,350.0
1546.5365507000824,326.0,350.0
1546.8550496000098,326.0,350.0
1547.157056300086,326.0,350.0
1547.476593600004,326.0,350.0
1547.7830237000016,326.0,350.0
1548.1018344000913,326.0,350.0
1548.4041492000688,326.0,350.0
1548.7238603000296,326.0,350.0
1549.045196400024,326.0,350.0
1549.350019400008,326.0,350.0
1549.6697091000387,326.0,350.0
1549.9748755000765,326.0,350.0
1550.2948502000654,326.0,350.0
1550.5975822000764,326.0,350.0
1550.9170773000224,326.0,350.0
1551.2375682999846,326.0,350.0
1551.542298000073,326.1,350.0
1551.8606059000595,326.1,350.0
1552.179319399991,326.1,350.0
1552.4969923000317,326.1,350.0
1552.8051321000094,326.1,350.0
1553.1053040000843,326.1,350.0
1553.42818659998,326.1,350.0
1553.7484188000672,326.1,350.0
1554.0648287000367,326.1,350.0
1554.3547345000552,326.1,350.0
1554.6746413999936,326.1,350.0
1554.992724700016,326.20000000000005,350.0
1555.3146234999876,326.20000000000005,350.0
1555.61815330002,326.20000000000005,350.0
1555.9218785000267,326.20000000000005,350.0
1556.2425427000271,326.20000000000005,350.0
1556.559279100038,326.20000000000005,350.0
1556.8801310000708,326.20000000000005,350.0
1557.184748700005,326.20000000000005,350.0
1557.4875905000372,326.20000000000005,350.0
1557.8081912000198,326.20000000000005,350.0
1558.1288140000543,326.20000000000005,350.0
1558.4322165000485,326.20000000000005,350.0
1558.7503457000712,326.20000000000005,350.0
1559.0549509000266,326.20000000000005,350.0
1559.3745746000204,326.20000000000005,350.0
1559.6788995000534,326.20000000000005,350.0
1559.9986732000252,326.20000000000005,350.0
1560.3188474000199,326.3,350.0
1560.6387626000214,326.3,350.0
1560.9435881000245,326.3,350.0
1561.2616899000714,326.3,350.0
1561.5837615000783,326.3,350.0
1561.870079800021,326.3,350.0
1562.1892009000294,326.3,350.0
1562.5087678000564,326.3,350.0
1562.8298527000006,326.3,350.0
1563.1336029000813,326.3,350.0
1563.4349353000289,326.3,350.0
1563.7569924000418,326.3,350.0
1564.059649300063,326.3,350.0
1564.377834300045,326.3,350.0
1564.6980023999931,326.3,350.0
1565.021237900015,326.3,350.0
1565.3083752000239,326.3,350.0
1565.6261736000888,326.3,350.0
1565.9446301000426,326.3,350.0
1566.2649129000492,326.3,350.0
1566.5856802000199,326.3,350.0
1566.8912797000958,326.3,350.0
1567.2088641000446,326.3,350.0
1567.5128039000556,326.3,350.0
1567.8353757000295,326.3,350.0
1568.1546943000285,326.3,350.0
1568.474529900006,326.3,350.0
1568.777201400022,326.3,350.0
1569.0795323000057,326.40000000000003,350.0
1569.4016716000624,326.40000000000003,350.0
1569.7060052000452,326.40000000000003,350.0
1570.0214793999912,326.40000000000003,350.0
1570.3425583000062,326.40000000000003,350.0
1570.6629934000084,326.40000000000003,350.0
1570.9489982000086,326.40000000000003,350.0
1571.2709147999994,326.40000000000003,350.0
1571.5906648000237,326.40000000000003,350.0
1571.8922705000732,326.40000000000003,350.0
1572.2152128000744,326.40000000000003,350.0
1572.5203754000831,326.40000000000003,350.0
1572.8363527000183,326.40000000000003,350.0
1573.1573076000204,326.40000000000003,350.0
1573.4601000000257,326.40000000000003,350.0
1573.783366000047,326.40000000000003,350.0
1574.1003185000736,326.40000000000003,350.0
1574.3868304000935,326.5,350.0
1574.7100199999986,326.5,350.0
1575.0297254000325,326.5,350.0
1575.333215999999,326.5,350.0
1575.6520455999998,326.5,350.0
1575.9717102000723,326.5,350.0
1576.2763605000218,326.5,350.0
1576.5940015000524,326.5,350.0
1576.8994666000362,326.5,350.0
1577.2193343000254,326.5,350.0
1577.521411600057,326.5,350.0
1577.8436415999895,326.5,350.0
1578.1446012000088,326.5,350.0
1578.4479683000827,326.5,350.0
1578.7677931000944,326.5,350.0
1579.090090700076,326.5,350.0
1579.394619800034,326.5,350.0
1579.7126251000445,326.6,350.0
1580.0152902000118,326.6,350.0
1580.3349296000088,326.6,350.0
1580.6562427000608,326.6,350.0
1580.962496299995,326.6,350.0
1581.2806242000079,326.6,350.0
1581.5834347000346,326.6,350.0
1581.9040660000173,326.6,350.0
1582.2078308000928,326.6,350.0
1582.5291399999987,326.6,350.0
1582.8481412000256,326.6,350.0
1583.14974360005,326.70000000000005,350.0
1583.4688492000569,326.70000000000005,350.0
1583.7730997999897,326.70000000000005,350.0
1584.09480229998,326.70000000000005,350.0
1584.4143424000358,326.70000000000005,350.0
1584.7339032000164,326.70000000000005,350.0
1585.0391555000097,326.70000000000005,350.0
1585.3428687000414,326.70000000000005,350.0
1585.6625637999969,326.70000000000005,350.0
1585.9794774000766,326.70000000000005,350.0
1586.3031194000505,326.70000000000005,350.0
1586.6059683000203,326.70000000000005,350.0
1586.924786800053,326.70000000000005,350.0
1587.2295583999949,326.70000000000005,350.0
1587.5483539000852,326.70000000000005,350.0
1587.8532962000463,326.70000000000005,350.0
1588.173685900052,326.70000000000005,350.0
1588.4768227000022,326.70000000000005,350.0
1588.7936522000236,326.70000000000005,350.0
1589.0987298000837,326.70000000000005,350.0
1589.4037859999808,326.70000000000005,350.0
1589.7218716000207,326.70000000000005,350.0
1590.044097600039,326.70000000000005,350.0
1590.3617967000464,326.8,350.0
1590.6673839000287,326.8,350.0
1590.98509750003,326.8,350.0
1591.2903440000955,326.8,350.0
1591.5916007000487,326.8,350.0
1591.9129089000635,326.8,350.0
1592.2317665000446,326.8,350.0
1592.536711600027,326.8,350.0
1592.8578214000445,326.8,350.0
1593.1613294000272,326.8,350.0
1593.4801112000132,326.8,350.0
1593.7998281000182,326.8,350.0
1594.1019155000104,326.8,350.0
1594.4083568000933,326.8,350.0
1594.7273035000544,326.8,350.0
1595.044959800085,326.8,350.0
1595.3495567000937,326.8,350.0
1595.6713347000768,326.8,350.0
1595.9752602000954,326.8,350.0
1596.293371799984,326.8,350.0
1596.5972936000908,326.8,350.0
1596.9181757000042,326.8,350.0
1597.2212422000011,326.8,350.0
1597.5428641000763,326.8,350.0
1597.8464923000429,326.8,350.0
1598.1639721000101,326.8,350.0
1598.486015100032,326.8,350.0
1598.7892757999944,326.8,350.0
1599.0905578000238,326.90000000000003,350.0
1599.4102368000895,326.90000000000003,350.0
1599.717047900078,326.90000000000003,350.0
1600.0373821000103,326.90000000000003,350.0
1600.3567455000011,326.90000000000003,350.0
1600.6777169000125,326.90000000000003,350.0
1600.9806490000337,326.90000000000003,350.0
1601.2968396000797,326.90000000000003,350.0
1601.6015340000158,326.90000000000003,350.0
1601.9211635000538,326.90000000000003,350.0
1602.24458519998,326.90000000000003,350.0
1602.5466293999925,326.90000000000003,350.0
1602.8674219000386,326.90000000000003,350.0
1603.185021799989,326.90000000000003,350.0
1603.4877045000903,326.90000000000003,350.0
1603.8103158000158,326.90000000000003,350.0
1604.1148979000282,326.90000000000003,350.0
1604.4327003000071,326.90000000000003,350.0
1604.7382539000828,326.90000000000003,350.0
1605.0581460000249,326.90000000000003,350.0
1605.362233699998,326.90000000000003,350.0
1605.6813084000023,326.90000000000003,350.0
1606.0007811000105,326.90000000000003,350.0
1606.3024003000464,326.90000000000003,350.0
1606.6225753000472,326.90000000000003,350.0
1606.9285159000428,326.90000000000003,350.0
1607.244635400013,326.90000000000003,350.0
1607.552497100085,326.90000000000003,350.0
1607.8703146000626,326.90000000000003,350.0
1608.1921674000332,326.90000000000003,350.0
1608.4935171999969,326.90000000000003,350.0
1608.8148996999953,326.90000000000003,350.0
1609.1194422000553,326.90000000000003,350.0
1609.4377058000537,326.90000000000003,350.0
1609.7397452000296,326.90000000000003,350.0
1610.059630600037,326.90000000000003,350.0
1610.366334100021,326.90000000000003,350.0
1610.6834145000903,326.90000000000003,350.0
1611.0052319000242,326.90000000000003,350.0
1611.3068368000677,326.90000000000003,350.0
1611.61295910005,326.90000000000003,350.0
1611.9310815000208,326.90000000000003,350.0
1612.2514770000707,326.90000000000003,350.0
1612.572953700088,326.90000000000003,350.0
1612.8749984999886,326.90000000000003,350.0
1613.1941780000925,326.90000000000003,350.0
1613.5137702000793,326.90000000000003,350.0
1613.8197591000935,326.90000000000003,350.0
1614.1400052000536,326.90000000000003,350.0
1614.444177800091,326.90000000000003,350.0
1614.7619844999863,326.90000000000003,350.0
1615.0807708000066,326.90000000000003,350.0
1615.3859540000558,326.90000000000003,350.0
1615.704695200082,326.90000000000003,350.0
1616.022965000011,326.90000000000003,350.0
1616.3282782000024,326.90000000000003,350.0
1616.6484328000806,326.90000000000003,350.0
1616.967376000015,326.90000000000003,350.0
1617.272971700062,326.90000000000003,350.0
1617.5760916,326.90000000000003,350.0
1617.8949331000913,326.90000000000003,350.0
1618.2006928999908,326.90000000000003,350.0
1618.5176012000302,326.90000000000003,350.0
1618.838752200012,326.90000000000003,350.0
1619.1595040999819,326.90000000000003,350.0
1619.4605967000825,326.90000000000003,350.0
1619.7644293000922,326.90000000000003,350.0
1620.0856407000683,326.90000000000003,350.0
1620.390397900017,326.90000000000003,350.0
1620.7078083000379,326.90000000000003,350.0
1621.027968600043,326.90000000000003,350.0
1621.3325844000792,326.90000000000003,350.0
1621.6511646000436,326.90000000000003,350.0
1621.9749322000425,326.90000000000003,350.0
1622.2787515000673,326.90000000000003,350.0
1622.5800763000734,326.90000000000003,350.0
1622.9010145000648,327.0,350.0
1623.2214404999977,327.0,350.0
1623.5241117000114,327.0,350.0
1623.8297458000015,327.0,350.0
1624.148999200086,327.0,350.0
1624.467874300084,327.0,350.0
1624.7691986000864,327.0,350.0
1625.0911207000026,327.0,350.0
1625.3958957000868,327.0,350.0
1625.7160462000174,327.0,350.0
1626.0177465000888,327.0,350.0
1626.337150700041,327.0,350.0
1626.642677100026,327.0,350.0
1626.9605149000417,327.0,350.0
1627.264783999999,327.0,350.0
1627.5860500000417,327.0,350.0
1627.9066868000664,327.0,350.0
1628.2092645000666,327.0,350.0
1628.5282964000944,327.0,350.0
1628.8329207000788,327.0,350.0
1629.1538271000609,327.0,350.0
1629.4578626999864,327.0,350.0
1629.773887700052,327.0,350.0
1630.079439699999,327.0,350.0
1630.3989854999818,327.0,350.0
1630.7042929000454,327.0,350.0
1631.0243229999905,327.0,350.0
1631.3407853000099,327.0,350.0
1631.6443119000178,327.0,350.0
1631.9677695999853,327.0,350.0
1632.2687423999887,327.0,350.0
1632.5893117000815,327.1,350.0
1632.9081037000287,327.1,350.0
1633.2113896000665,327.1,350.0
1633.535459100036,327.1,350.0
1633.835889799986,327.1,350.0
1634.1398689000634,327.1,350.0
1634.4599067000672,327.1,350.0
1634.7820962000405,327.1,350.0
1635.0827160000335,327.1,350.0
1635.4016426000744,327.1,350.0
1635.7084991000593,327.1,350.0
1636.0251847000327,327.1,350.0
1636.3305455000373,327.1,350.0
1636.6530124000274,327.1,350.0
1636.9700405000476,327.1,350.0
1637.2597696000012,327.1,350.0
1637.5799132999964,327.1,350.0
1637.8972968000453,327.1,350.0
1638.2169662000379,327.1,350.0
1638.5218680000398,327.1,350.0
1638.8407824999886,327.1,350.0
1639.1430985000916,327.1,350.0
1639.4635665999958,327.1,350.0
1639.7690108000534,327.1,350.0
1640.0889035,327.1,350.0
1640.408904800075,327.1,350.0
1640.7143428000854,327.1,350.0
1641.0322825000621,327.1,350.0
1641.3381014000624,327.1,350.0
1641.6571656999877,327.1,350.0
1641.958554300014,327.1,350.0
1642.2641986000817,327.1,350.0
1642.584241900011,327.1,350.0
1642.903900000034,327.1,350.0
1643.2236922000302,327.1,350.0
1643.5108140000375,327.1,350.0
1643.830200400087,327.1,350.0
1644.1499734000536,327.1,350.0
1644.4708785000257,327.1,350.0
1644.791022600024,327.1,350.0
1645.1117201000452,327.1,350.0
1645.4138488000026,327.1,350.0
1645.7166326000588,327.1,350.0
1646.0359470000258,327.1,350.0
1646.3584728999995,327.1,350.0
1646.6768395000836,327.1,350.0
1646.9636543000815,327.1,350.0
1647.285339700058,327.1,350.0
1647.6017496000277,327.1,350.0
1647.9220018000342,327.1,350.0
1648.2277419000166,327.1,350.0
1648.532465800061,327.20000000000005,350.0
1648.8528613999952,327.20000000000005,350.0
1649.169247200014,327.20000000000005,350.0
1649.4900963000255,327.20000000000005,350.0
1649.780183600029,327.20000000000005,350.0
1650.1002987000393,327.20000000000005,350.0
1650.4173923000926,327.20000000000005,350.0
1650.7199081000872,327.20000000000005,350.0
1651.0399014999857,327.20000000000005,350.0
1651.3467493000207,327.20000000000005,350.0
1651.6654417000245,327.20000000000005,350.0
1651.9840048000915,327.20000000000005,350.0
1652.289545500069,327.20000000000005,350.0
1652.5946703000227,327.20000000000005,350.0
1652.9107207000488,327.20000000000005,350.0
1653.2324049000163,327.20000000000005,350.0
1653.536026900052,327.20000000000005,350.0
1653.8561511000153,327.20000000000005,350.0
1654.1732771000825,327.20000000000005,350.0
1654.4784134000074,327.3,350.0
1654.782639299985,327.3,350.0
1655.1013851000462,327.3,350.0
1655.4217397000175,327.3,350.0
1655.7258985000663,327.3,350.0
1656.0451100000646,327.3,350.0
1656.3645368000725,327.3,350.0
1656.6853852000786,327.3,350.0
1656.9876837000484,327.3,350.0
1657.3076638000784,327.3,350.0
1657.6138560000109,327.3,350.0
1657.9305316000246,327.3,350.0
1658.2355726000387,327.40000000000003,350.0
1658.5570712999906,327.40000000000003,350.0
1658.8737841000548,327.40000000000003,350.0
1659.1818391000852,327.40000000000003,350.0
1659.4985549000558,327.40000000000003,350.0
1659.820838100044,327.40000000000003,350.0
1660.1402807000559,327.40000000000003,350.0
1660.4427786000306,327.40000000000003,350.0
1660.7606192000676,327.40000000000003,350.0
1661.0664915000089,327.40000000000003,350.0
1661.3681526000146,327.40000000000003,350.0
1661.6909203000832,327.40000000000003,350.0
1662.0098316000076,327.40000000000003,350.0
1662.3316745000193,327.40000000000003,350.0
1662.6510109000374,327.40000000000003,350.0
1662.9533255000133,327.40000000000003,350.0
1663.2732512000948,327.5,350.0
1663.5943956000265,327.5,350.0
1663.8975256000413,327.5,350.0
1664.2170413000276,327.5,350.0
1664.5368701000698,327.5,350.0
1664.8570083000232,327.5,350.0
1665.159818300046,327.5,350.0
1665.480069900048,327.5,350.0
1665.8011878000107,327.5,350.0
1666.101950100041,327.6,350.0
1666.4067231999943,327.6,350.0
1666.7268740000436,327.6,350.0
1667.04617960006,327.6,350.0
1667.3513897000812,327.6,350.0
1667.6683327000355,327.6,350.0
1667.990777200088,327.6,350.0
1668.2784377000062,327.6,350.0
1668.5984804000473,327.6,350.0
1668.9192214000504,327.6,350.0
1669.2362803000724,327.6,350.0
1669.5268757999875,327.70000000000005,350.0
1669.8455955000827,327.70000000000005,350.0
1670.1664905000944,327.70000000000005,350.0
1670.4820158000803,327.70000000000005,350.0
1670.7887945000548,327.70000000000005,350.0
1671.1066246000119,327.70000000000005,350.0
1671.4102106000064,327.70000000000005,350.0
1671.7293020000216,327.70000000000005,350.0
1672.0496584000066,327.70000000000005,350.0
1672.3398907000665,327.70000000000005,350.0
1672.6607256000862,327.70000000000005,350.0
1672.976421700092,327.8,350.0
1673.2991379000014,327.8,350.0
1673.6040101000108,327.8,350.0
1673.92310860008,327.8,350.0
1674.2267920000013,327.8,350.0
1674.5276282000123,327.8,350.0
1674.8492637000745,327.90000000000003,350.0
1675.1540336000035,327.90000000000003,350.0
1675.4704599999823,327.90000000000003,350.0
1675.7909300000174,327.90000000000003,350.0
1676.1118073000107,327.90000000000003,350.0
1676.417753100046,327.90000000000003,350.0
1676.720040300046,327.90000000000003,350.0
1677.042998000048,327.90000000000003,350.0
1677.3604923000094,327.90000000000003,350.0
1677.6629182000179,328.0,350.0
1677.9685609000735,328.0,350.0
1678.2867428000318,328.0,350.0
1678.6063226000406,328.0,350.0
1678.91232090001,328.0,350.0
1679.228330800077,328.0,350.0
1679.5523096000543,328.0,350.0
1679.8399880999932,328.0,350.0
1680.1582984999986,328.1,350.0
1680.4785787999863,328.1,350.0
1680.7949780999916,328.1,350.0
1681.1001307000406,328.1,350.0
1681.4228162000654,328.1,350.0
1681.7235287000658,328.1,350.0
1682.0303799000103,328.1,350.0
1682.3490933000576,328.1,350.0
1682.6661046000663,328.1,350.0
1682.9863446999807,328.1,350.0
1683.2899621999823,328.1,350.0
1683.5943511000369,328.1,350.0
1683.915534800035,328.1,350.0
1684.234669700032,328.1,350.0
1684.5368135999888,328.20000000000005,350.0
1684.8573595000198,328.20000000000005,350.0
1685.1618129999842,328.20000000000005,350.0
1685.482644700096,328.20000000000005,350.0
1685.8026144000469,328.20000000000005,350.0
1686.10778150009,328.20000000000005,350.0
1686.4260461000958,328.20000000000005,350.0
1686.7447641000617,328.20000000000005,350.0
1687.066834700061,328.20000000000005,350.0
1687.3681857000338,328.20000000000005,350.0
1687.6731251000892,328.20000000000005,350.0
1687.993051800062,328.20000000000005,350.0
1688.298172299983,328.20000000000005,350.0
1688.6153794000857,328.20000000000005,350.0
1688.93669100001,328.20000000000005,350.0
1689.257742500049,328.20000000000005,350.0
1689.5579752000049,328.20000000000005,350.0
1689.877256500069,328.20000000000005,350.0
1690.1991809000028,328.20000000000005,350.0
1690.5038007000694,328.20000000000005,350.0
1690.8240511000622,328.3,350.0
1691.1254952000454,328.3,350.0
1691.4449628000148,328.3,350.0
1691.749893900007,328.3,350.0
1692.07107429998,328.3,350.0
1692.3916319999844,328.3,350.0
1692.693914600066,328.3,350.0
1692.9979169000871,328.3,350.0
1693.317272300017,328.3,350.0
1693.636170700076,328.3,350.0
1693.9554798000026,328.3,350.0
1694.2583750000922,328.3,350.0
1694.5789463000838,328.3,350.0
1694.8847678999882,328.3,350.0
1695.1866723999847,328.3,350.0
1695.5061124000931,328.3,350.0
1695.8283292000415,328.3,350.0
1696.132379100076,328.3,350.0
1696.4359942000592,328.3,350.0
1696.7557932999916,328.40000000000003,350.0
1697.0591455000686,328.40000000000003,350.0
1697.3766656999942,328.40000000000003,350.0
1697.6970065000933,328.40000000000003,350.0
1698.0018235000316,328.40000000000003,350.0
1698.322952000075,328.40000000000003,350.0
1698.6403837000253,328.40000000000003,350.0
1698.9472107000183,328.40000000000003,350.0
1699.2671302000526,328.40000000000003,350.0
1699.587166100042,328.40000000000003,350.0
1699.9023876000429,328.40000000000003,350.0
1700.2089516000124,328.40000000000003,350.0
1700.5279514000285,328.40000000000003,350.0
1700.8310280999867,328.40000000000003,350.0
1701.1519655000884,328.40000000000003,350.0
1701.4549912000075,328.40000000000003,350.0
1701.7920794000383,328.40000000000003,349.0
1702.0797836000565,328.40000000000003,347.0
1702.3996529000578,328.40000000000003,345.0
1702.7039100000402,328.40000000000003,344.0
1703.0245781000704,328.40000000000003,342.0
1703.3266446000198,328.40000000000003,342.0
1703.6437142000068,328.40000000000003,341.0
1703.964289400028,328.40000000000003,339.0
1704.3173845000565,328.40000000000003,337.0
1704.6046778000891,328.40000000000003,335.0
1704.9248706999933,328.40000000000003,333.0
1705.229274900048,328.40000000000003,331.0
1705.5330918000545,328.40000000000003,329.0
1705.8525632000528,328.40000000000003,327.0
1706.1426627000328,328.40000000000003,326.0
1706.4598903000588,328.40000000000003,324.0
1706.7809418999823,328.40000000000003,322.0
1707.1179785000859,328.40000000000003,319.0
1707.4347315999912,328.40000000000003,317.0
1707.7243518000469,328.40000000000003,315.0
1708.0282734000357,328.40000000000003,315.0
1708.3319887000835,328.3,313.0
1708.6529633000027,328.3,313.0
1708.9522905000485,328.3,311.0
1709.2891916000517,327.20000000000005,310.0
1709.5763823000016,327.20000000000005,310.0
1709.8961075000698,327.20000000000005,310.0
1710.2196376000065,324.90000000000003,310.0
1710.5235811000457,324.90000000000003,310.0
1710.825635300018,322.70000000000005,310.0
1711.1432469000574,322.70000000000005,310.0
1711.4627099999925,322.70000000000005,310.0
1711.7696344000287,321.0,310.0
1712.0884771000128,321.0,310.0
1712.40729750006,321.0,310.0
1712.7121531000594,319.3,310.0
1713.0159369000467,319.3,310.0
1713.3339627999812,319.3,310.0
1713.6532714000205,318.20000000000005,310.0
1713.9572862000205,318.20000000000005,310.0
1714.2803571000695,318.20000000000005,310.0
1714.5830279000802,318.0,310.0
1714.8847799000796,318.0,310.0
1715.2042696999852,318.0,310.0
1715.5245878000278,317.3,310.0
1715.8466846999945,317.3,310.0
1716.166813399992,316.6,310.0
1716.4863678000402,316.6,310.0
1716.7917367999908,316.6,310.0
1717.1070728000486,315.8,310.0
1717.4109057000605,315.8,310.0
1717.7152158999816,315.8,310.0
1718.035304900026,315.0,310.0
1718.3582064000657,315.0,310.0
1718.659626699984,315.0,310.0
1718.9792265000287,314.1,310.0
1719.28271160007,314.1,310.0
1719.601214400027,314.1,310.0
1719.9074789000442,313.40000000000003,310.0
1720.2279090000084,313.40000000000003,310.0
1720.5486648000078,313.3,310.0
1720.8486570999958,313.3,310.0
1721.1699641000014,313.3,310.0
1721.4731260000262,312.70000000000005,310.0
1721.7918373000575,312.70000000000005,310.0
1722.1150581000838,312.70000000000005,310.0
1722.434830400045,312.70000000000005,310.0
1722.7534161000513,312.70000000000005,310.0
1723.0556679000147,312.70000000000005,310.0
1723.3604199000401,312.3,310.0
1723.6787068999838,312.3,310.0
1724.0017528000753,312.3,310.0
1724.3047644000035,312.0,310.0
1724.607109600096,312.0,310.0
1724.9264352000318,311.70000000000005,310.0
1725.2462712000124,311.70000000000005,310.0
1725.553103000042,311.70000000000005,310.0
1725.8730332000414,311.20000000000005,310.0
1726.173963700072,311.20000000000005,310.0
1726.4922332999995,311.20000000000005,310.0
1726.8010238000425,311.0,310.0
1727.1186533999862,311.0,310.0
1727.43642370007,311.0,310.0
1727.7592053000117,310.40000000000003,310.0
1728.0604956999887,310.40000000000003,310.0
1728.3810777000617,310.40000000000003,310.0
1728.702685700031,310.40000000000003,310.0
1729.006704700063,310.40000000000003,310.0
1729.3252634999808,310.0,310.0
1729.6271542999893,310.0,310.0
1729.9470848999918,310.0,310.0
1730.2670208000345,309.8,310.0
1730.586955600069,309.8,310.0
1730.8927606000798,309.8,310.0
1731.211381400004,309.70000000000005,310.0
1731.5315093999961,309.70000000000005,310.0
1731.836300300085,309.70000000000005,310.0
1732.154137500096,309.40000000000003,310.0
1732.4604142000899,309.40000000000003,310.0
1732.7784009000752,309.40000000000003,310.0
1733.0838579999981,309.40000000000003,310.0
1733.3997791000875,309.40000000000003,310.0
1733.7238351000706,308.90000000000003,310.0
1734.0253314999864,308.90000000000003,310.0
1734.3451757000294,308.90000000000003,310.0
1734.6637960000662,308.90000000000003,310.0
1734.966630000039,308.90000000000003,310.0
1735.2889373000944,308.90000000000003,310.0
1735.6079815999838,308.5,310.0
1735.912422100082,308.5,310.0
1736.232306000078,308.5,310.0
1736.5510320999892,308.40000000000003,310.0
1736.8731949999928,308.40000000000003,310.0
1737.17567710008,308.40000000000003,310.0
1737.4954875999829,308.20000000000005,310.0
1737.815024200012,308.20000000000005,310.0
1738.1189118000912,308.20000000000005,310.0
1738.4246331000468,307.90000000000003,310.0
1738.7421182000544,307.90000000000003,310.0
1739.0511008000467,308.0,310.0
1739.3665259000845,308.0,310.0
1739.6870357000735,308.0,310.0
1740.0059334000107,307.6,310.0
1740.3092454000143,307.6,310.0
1740.6129797000904,307.6,310.0
1740.9338260000804,307.70000000000005,310.0
1741.235737400013,307.70000000000005,310.0
1741.5578095000237,307.70000000000005,310.0
1741.8772994000465,307.40000000000003,310.0
1742.1786267000716,307.40000000000003,310.0
1742.4844475000864,307.40000000000003,310.0
1742.8038314000005,307.5,310.0
1743.1247119000182,307.5,310.0
1743.426364300074,307.3,310.0
1743.7466970999958,307.3,310.0
1744.0513955000788,307.3,310.0
1744.3727625000756,307.1,310.0
1744.6766106000869,307.1,310.0
1744.9949792000698,307.1,310.0
1745.3147206000285,307.3,310.0
1745.620078100008,307.3,310.0
1745.9389509999892,307.3,310.0
1746.2400676000398,307.0,310.0
1746.5603192000417,307.0,310.0
1746.8650201000273,307.0,310.0
1747.1831645000493,307.3,310.0
1747.4872188000008,307.3,310.0
1747.807261500042,307.1,310.0
1748.1139523000456,307.1,310.0
1748.4344787000446,307.1,310.0
1748.7359293000773,307.20000000000005,310.0
1749.0541194999823,307.20000000000005,310.0
1749.376425400027,307.20000000000005,310.0
1749.6803571000928,307.20000000000005,310.0
1749.9848498000065,307.20000000000005,310.0
1750.3019696000265,307.20000000000005,310.0
1750.6222323999973,307.1,310.0
1750.9275904999813,307.1,310.0
1751.2466843000147,307.1,310.0
1751.5651694000699,307.3,310.0
1751.8519835000625,307.3,310.0
1752.1717799000908,307.3,310.0
1752.494463799987,307.20000000000005,310.0
1752.811644900008,307.20000000000005,310.0
1753.1163317000028,307.40000000000003,310.0
1753.4214843000518,307.40000000000003,310.0
1753.7412319000578,307.40000000000003,310.0
1754.06125420006,307.3,310.0
1754.3643000000156,307.3,310.0
1754.6859378000954,307.3,310.0
1755.0049668999854,307.5,310.0
1755.3248137000483,307.5,310.0
1755.6298229000531,307.5,310.0
1755.9451251000864,307.40000000000003,310.0
1756.264789500041,307.40000000000003,310.0
1756.5705179000506,307.40000000000003,310.0
1756.8745108000003,307.5,310.0
1757.195463299984,307.5,310.0
1757.5155142000876,307.6,310.0
1757.81746010005,307.6,310.0
1758.1363252000883,307.6,310.0
1758.4554471999872,307.5,310.0
1758.7615182000445,307.5,310.0
1759.0655816000653,307.5,310.0
1759.383354700054,307.70000000000005,310.0
1759.7034140999895,307.70000000000005,310.0
1760.0100834000623,307.70000000000005,310.0
1760.312911099987,307.70000000000005,310.0
1760.6320662000217,307.70000000000005,310.0
1760.9528875000542,307.70000000000005,310.0
1761.269628399983,307.90000000000003,310.0
1761.5745423000772,307.90000000000003,310.0
1761.8936167000793,307.90000000000003,310.0
1762.2141363000264,307.90000000000003,310.0
1762.518037400092,307.90000000000003,310.0
1762.8372214999981,308.1,310.0
1763.158225000021,308.1,310.0
1763.4473892999813,308.1,310.0
1763.7674396000803,308.1,310.0
1764.0867411000654,308.1,310.0
1764.3876754000084,308.1,310.0
1764.7108588999836,308.1,310.0
1765.030961500015,308.1,310.0
1765.349939799984,308.1,310.0
1765.6350012000185,308.3,310.0
1765.9558243000647,308.3,310.0
1766.275127000059,308.3,310.0
1766.579748100019,308.3,310.0
1766.8993134000339,308.3,310.0
1767.2192503000842,308.5,310.0
1767.5212244000286,308.5,310.0
1767.8256660000188,308.5,310.0
1768.1475435000611,308.5,310.0
1768.4684643000364,308.5,310.0
1768.7879655000288,308.5,310.0
1769.0735034000827,308.6,310.0
1769.3957101000706,308.6,310.0
1769.7119509000331,308.6,310.0
1770.036101500038,308.6,310.0
1770.3221837000456,308.6,310.0
1770.643118900014,308.6,310.0
1770.9635721000377,308.70000000000005,310.0
1771.2811992000788,308.70000000000005,310.0
1771.5860239000758,308.8,310.0
1771.8883853000589,308.8,310.0
1772.2103371000849,308.8,310.0
1772.5289732000092,308.8,310.0
1772.833019200014,308.8,310.0
1773.151304500061,308.8,310.0
1773.4708205000497,308.90000000000003,310.0
1773.7764343000017,308.90000000000003,310.0
1774.0782392000547,308.90000000000003,310.0
1774.3977946999948,309.0,310.0
1774.7179244,309.0,310.0
1775.0232882000273,309.0,310.0
1775.3422046999913,309.1,310.0
1775.6628135000356,309.1,310.0
1775.9837494000094,309.20000000000005,310.0
1776.288198400056,309.20000000000005,310.0
1776.6045643000398,309.20000000000005,310.0
1776.9253023000201,309.3,310.0
1777.2304602999939,309.3,310.0
1777.5496701000957,309.3,310.0
1777.8505146000534,309.40000000000003,310.0
1778.154262600001,309.40000000000003,310.0
1778.4781300000614,309.40000000000003,310.0
1778.7808142000576,309.5,310.0
1779.1015469999984,309.5,310.0
1779.4196397000924,309.5,310.0
1779.738676500041,309.6,310.0
1780.0433473000303,309.6,310.0
1780.3474681000225,309.6,310.0
1780.652350999997,309.6,310.0
1780.9688237000955,309.6,310.0
1781.29019040009,309.8,310.0
1781.6086429000134,309.8,310.0
1781.9311041000765,309.8,310.0
1782.2351688999915,309.8,310.0
1782.552507000044,309.8,310.0
1782.8745671000797,309.8,310.0
1783.1792210000567,309.90000000000003,310.0
1783.4956906000152,309.90000000000003,310.0
1783.8148117000237,309.90000000000003,310.0
1784.1200345000252,309.90000000000003,310.0
1784.4243368000025,309.90000000000003,310.0
1784.7439828000497,309.90000000000003,310.0
1785.0641619000817,309.90000000000003,310.0
1785.3693384000799,309.90000000000003,310.0
1785.6733329000417,310.0,310.0
1785.9934047000716,310.0,310.0
1786.2964994000504,310.0,310.0
1786.6166271000402,310.0,310.0
1786.935213400051,310.0,310.0
1787.2557954000076,310.0,310.0
1787.5427982000401,310.1,310.0
1787.862002799986,310.1,310.0
1788.1815285000484,310.1,310.0
1788.4834789000452,310.1,310.0
1788.8064042000333,310.1,310.0
1789.1245604000287,310.1,310.0
1789.4305722999852,310.3,310.0
1789.7330728999805,310.3,310.0
1790.0538958000252,310.3,310.0
1790.369932300062,310.3,310.0
1790.6750526999822,310.3,310.0
1790.9947511000792,310.3,310.0
1791.3169510000153,310.3,310.0
1791.620009400067,310.3,310.0
1791.9214856000617,310.40000000000003,310.0
1792.2419859000947,310.40000000000003,310.0
1792.5480381000089,310.40000000000003,310.0
1792.8644999000244,310.40000000000003,310.0
1793.1844627000391,310.40000000000003,310.0
1793.5080910000252,310.40000000000003,310.0
1793.8097181000048,310.40000000000003,310.0
1794.1302156000165,310.40000000000003,310.0
1794.4497977000428,310.40000000000003,310.0
1794.7683623000048,310.40000000000003,310.0
1795.070777200046,310.40000000000003,310.0
1795.3934546000091,310.5,310.0
1795.7140867999988,310.5,310.0
1796.0152361000655,310.5,310.0
1796.3379579000175,310.40000000000003,310.0
1796.6575507000089,310.40000000000003,310.0
1796.9602117000613,310.40000000000003,310.0
1797.2787583000027,310.5,310.0
1797.5817338000052,310.5,310.0
1797.8871805000817,310.5,310.0
1798.205211100052,310.40000000000003,310.0
1798.5246342000319,310.40000000000003,310.0
1798.8298360999906,310.40000000000003,310.0
1799.1521093000192,310.40000000000003,310.0
1799.47105990001,310.40000000000003,310.0
1799.7756274000276,310.5,310.0
1800.0942533999914,310.5,310.0
1800.412049400038,310.5,310.0
1800.7163040000014,310.5,310.0
1801.0388911000919,310.5,310.0
1801.3411059000064,310.5,310.0
1801.6628414000152,310.6,310.0
1801.9780051000416,310.6,310.0
1802.2849214000162,310.6,310.0
1802.60282010003,310.5,310.0
1802.9228098000167,310.5,310.0
1803.2131197000854,310.70000000000005,310.0
1803.5308177000843,310.70000000000005,310.0
1803.8527375999838,310.70000000000005,310.0
1804.1710135000758,310.6,310.0
1804.4914251000155,310.6,310.0
1804.7800234000897,310.6,310.0
1805.098851900082,310.6,310.0
1805.4188564000651,310.6,310.0
1805.7218842000002,310.6,310.0
1806.0264196000062,310.6,310.0
1806.3458313000156,310.6,310.0
1806.6642207000405,310.6,310.0
1806.9700015999842,310.5,310.0
1807.2882067000028,310.5,310.0
1807.6095700000878,310.6,310.0
1807.930030300049,310.6,310.0
1808.2335362000158,310.6,310.0
1808.5523863000562,310.5,310.0
1808.8699626000598,310.5,310.0
1809.1774101000046,310.5,310.0
1809.4959448000882,310.6,310.0
1809.8139052999904,310.6,310.0
1810.1171233000932,310.6,310.0
1810.4221354000038,310.5,310.0
1810.7418352999957,310.5,310.0
1811.0621819000226,310.5,310.0
1811.3681282000616,310.6,310.0
1811.6705128999893,310.6,310.0
1811.990000299993,310.6,310.0
1812.3083587000147,310.5,310.0
1812.612397500081,310.5,310.0
1812.9340531000635,310.6,310.0
1813.2374842000427,310.6,310.0
1813.5577626000158,310.6,310.0
1813.861515800003,310.5,310.0
1814.1782264000503,310.5,310.0
1814.4992762000766,310.5,310.0
1814.8198824999854,310.40000000000003,310.0
1815.1218559000408,310.40000000000003,310.0
1815.4435676999856,310.40000000000003,310.0
1815.7629278000677,310.5,310.0
1816.0688017000211,310.5,310.0
1816.3883884000825,310.5,310.0
1816.6920911000343,310.40000000000003,310.0
1817.0081977000227,310.40000000000003,310.0
1817.3136553000659,310.5,310.0
1817.6351211,310.5,310.0
1817.9531286000274,310.5,310.0
1818.2439078000607,310.3,310.0
1818.5604329000926,310.3,310.0
1818.882426300086,310.3,310.0
1819.2007337000687,310.40000000000003,310.0
1819.506746900035,310.40000000000003,310.0
1819.8267248000484,310.40000000000003,310.0
1820.1425618000794,310.3,310.0
1820.463798700017,310.3,310.0
1820.7681860000594,310.3,310.0
1821.086425299989,310.3,310.0
1821.4068476000102,310.3,310.0
1821.7118038000772,310.3,310.0
1822.0161631000228,310.3,310.0
1822.3360987000633,310.3,310.0
1822.652737800032,310.20000000000005,310.0
1822.9606795000145,310.20000000000005,310.0
1823.26413460006,310.20000000000005,310.0
1823.5801600000123,310.3,310.0
1823.9029242000543,310.3,310.0
1824.2223003000254,310.3,310.0
1824.5279379000422,310.20000000000005,310.0
1824.8312086000806,310.20000000000005,310.0
1825.1472276999848,310.20000000000005,310.0
1825.4548515999923,310.20000000000005,310.0
1825.7730134000303,310.20000000000005,310.0
1826.0918719000183,310.1,310.0
1826.4139267000137,310.1,310.0
1826.7340829999885,310.1,310.0
1827.0350508000702,310.1,310.0
1827.3534481000388,310.1,310.0
1827.6778598000528,310.1,310.0
1827.9816052999813,310.1,310.0
1828.2851840000367,310.1,310.0
1828.6037824000232,310.1,310.0
1828.9083968000486,310.1,310.0
1829.228039800073,310.1,310.0
1829.5474903000286,310.1,310.0
1829.8518094000174,310.20000000000005,310.0
1830.1702985999873,310.20000000000005,310.0
1830.4882089000894,310.1,310.0
1830.81117250002,310.1,310.0
1831.115320699988,310.1,310.0
1831.4320786000462,310.20000000000005,310.0
1831.7551141000586,310.20000000000005,310.0
1832.0562793000136,310.20000000000005,310.0
1832.3769259999972,310.1,310.0
1832.695161700016,310.1,310.0
1833.0002992000664,310.1,310.0
1833.320885800058,310.20000000000005,310.0
1833.63864010002,310.20000000000005,310.0
1833.9446008000523,310.20000000000005,310.0
1834.2468308000825,310.1,310.0
1834.5682967000175,310.1,310.0
1834.8886162000708,310.0,310.0
1835.2065611000871,310.0,310.0
1835.508240199997,310.0,310.0
1835.8309889000375,310.1,310.0
1836.1349151000613,310.1,310.0
1836.4367671000073,310.1,310.0
1836.7565594000043,309.90000000000003,310.0
1837.079026899999,309.90000000000003,310.0
1837.3814538000152,309.90000000000003,310.0
1837.7000559000298,310.1,310.0
1838.0061191000277,310.1,310.0
1838.3061663000844,310.1,310.0
1838.6264403000241,310.0,310.0
1838.9483504000818,310.0,310.0
1839.2523799000774,310.0,310.0
1839.5723030000227,310.1,310.0
1839.893629200058,310.1,310.0
1840.1968021000503,310.1,310.0
1840.4968198999995,310.1,310.0
1840.8180099000456,310.1,310.0
1841.1223910000408,310.1,310.0
1841.4444436000194,310.1,310.0
1841.7641895000124,310.1,310.0
1842.0656249000458,310.1,310.0
1842.3860771000618,310.1,310.0
1842.7051559999818,310.1,310.0
1843.007396100089,310.0,310.0
1843.3121700000484,310.0,310.0
1843.6320484000025,310.0,310.0
1843.9533003000543,310.0,310.0
1844.2549365999876,310.0,310.0
1844.5599404000677,309.90000000000003,310.0
1844.8780394000933,309.90000000000003,310.0
1845.1984081000555,309.90000000000003,310.0
1845.5026768000098,310.0,310.0
1845.8211953000864,310.0,310.0
1846.1453335999977,310.0,310.0
1846.446412099991,310.0,310.0
1846.749064899981,310.0,310.0
1847.0709429000271,310.0,310.0
1847.3907149999868,310.1,310.0
1847.6958397000562,310.1,310.0
1848.0140735000605,310.1,310.0
1848.3356411000714,310.1,310.0
1848.654112600023,310.1,310.0
1848.9574871000368,310.1,310.0
1849.2759615000105,310.1,310.0
1849.5792108000023,310.1,310.0
1849.9022600000026,310.20000000000005,310.0
1850.2199553999817,310.20000000000005,310.0
1850.5263456000248,310.20000000000005,310.0
1850.8303493000567,310.1,310.0
1851.1469929000596,310.1,310.0
1851.4658752999967,310.1,310.0
1851.7722620000131,310.20000000000005,310.0
1852.073059400078,310.20000000000005,310.0
1852.3945074999938,310.20000000000005,310.0
1852.7156670000404,310.0,310.0
1853.0205505000195,310.0,310.0
1853.3404236000497,310.0,310.0
1853.6405961000128,310.1,310.0
1853.9601896000095,310.1,310.0
1854.2642387000378,310.0,310.0
1854.5854985000333,310.0,310.0
1854.8910629000748,310.0,310.0
1855.2071428000927,310.1,310.0
1855.529468200053,310.1,310.0
1855.8494524999987,310.1,310.0
1856.1522890999913,310.0,310.0
1856.4715071000392,310.0,310.0
1856.778003900079,310.0,310.0
1857.0786076000659,309.90000000000003,310.0
1857.401716900058,309.90000000000003,310.0
1857.7189761000918,309.90000000000003,310.0
1858.0221867000218,310.0,310.0
1858.3270388999954,310.0,310.0
1858.6462147000711,309.90000000000003,310.0
1858.9675709999865,309.90000000000003,310.0
1859.2863894000184,309.90000000000003,310.0
1859.5916431000223,310.0,310.0
1859.8932302000467,310.0,310.0
1860.215085200034,310.0,310.0
1860.5326934000477,309.90000000000003,310.0
1860.8384682000615,309.90000000000003,310.0
1861.1405735000735,309.90000000000003,310.0
1861.458828600007,310.0,310.0
1861.7782837999985,310.0,310.0
1862.083033700008,310.0,310.0
1862.3887476000236,309.90000000000003,310.0
1862.706980100018,309.90000000000003,310.0
1863.0288632999873,309.90000000000003,310.0
1863.3334629000165,309.90000000000003,310.0
1863.652769300039,309.90000000000003,310.0
1863.9552164000925,309.90000000000003,310.0
1864.273768800078,309.90000000000003,310.0
1864.5952146000927,309.90000000000003,310.0
1864.8991379000945,309.8,310.0
1865.2167574000778,309.8,310.0
1865.5235144000035,309.8,310.0
1865.8236179000232,309.90000000000003,310.0
1866.1446473000105,309.90000000000003,310.0
1866.4657607000554,309.90000000000003,310.0
1866.7690820000134,309.8,310.0
1867.0906654000282,309.8,310.0
1867.3949625000823,309.8,310.0
1867.7115265000612,309.8,310.0
1868.03287980007,309.8,310.0
1868.3371965000406,309.70000000000005,310.0
1868.6575138000771,309.70000000000005,310.0
1868.97469120007,309.70000000000005,310.0
1869.2794032000238,309.70000000000005,310.0
1869.58292299998,309.70000000000005,310.0
1869.9034089000197,309.70000000000005,310.0
1870.2091423000675,309.70000000000005,310.0
1870.5244538000552,309.70000000000005,310.0
1870.828505499987,309.70000000000005,310.0
1871.1488449000753,309.70000000000005,310.0
1871.454763900023,309.70000000000005,310.0
1871.774960800074,309.70000000000005,310.0
1872.0955774000613,309.8,310.0
1872.3998502000468,309.8,310.0
1872.718939100043,309.70000000000005,310.0
1873.018981500063,309.70000000000005,310.0
1873.3270235999953,309.70000000000005,310.0
1873.6430976000847,309.90000000000003,310.0
1873.962756599998,309.90000000000003,310.0
1874.2664476000937,309.90000000000003,310.0
1874.587253900012,309.8,310.0
1874.9075124000665,309.8,310.0
1875.1933331000619,309.8,310.0
1875.5132308000466,309.90000000000003,310.0
1875.835787100019,309.90000000000003,310.0
1876.1565901000286,309.90000000000003,310.0
1876.4571476000128,309.8,310.0
1876.7802672000835,309.8,310.0
1877.0988774000434,309.70000000000005,310.0
1877.4032415000256,309.70000000000005,310.0
1877.7076074000215,309.70000000000005,310.0
1878.0236778000835,309.8,310.0
1878.3450102000497,309.8,310.0
1878.6484780000756,309.8,310.0
1878.9535305000609,309.70000000000005,310.0
1879.2730813000817,309.70000000000005,310.0
1879.578437200049,309.70000000000005,310.0
1879.8985020000255,309.8,310.0
1880.2146496000933,309.8,310.0
1880.538266699994,309.8,310.0
1880.8248068999965,309.8,310.0
1881.1443804000737,309.8,310.0
1881.4642813000828,309.8,310.0
1881.7837454000255,309.90000000000003,310.0
1882.0848729000427,309.90000000000003,310.0
1882.4047173000872,309.8,310.0
1882.7250086000422,309.8,310.0
1883.0456102000317,309.8,310.0
1883.3518931000726,309.8,310.0
1883.6700223000953,309.8,310.0
1883.9756803000346,309.8,310.0
1884.276317400043,309.8,310.0
1884.596776499995,309.8,310.0
1884.9165868000127,309.8,310.0
1885.237211800064,309.70000000000005,310.0
1885.539761400083,309.70000000000005,310.0
1885.8448367000092,309.70000000000005,310.0
1886.1629592999816,309.8,310.0
1886.4697814000538,309.8,310.0
1886.7890498000197,309.70000000000005,310.0
1887.109269700013,309.70000000000005,310.0
1887.427870500018,309.70000000000005,310.0
1887.7175756000215,309.8,310.0
1888.0373270000564,309.8,310.0
1888.3535785999848,309.8,310.0
1888.676912200055,309.8,310.0
1888.9776341000106,309.8,310.0
1889.3005462000147,309.8,310.0
1889.6168054000009,309.90000000000003,310.0
1889.93631800008,309.90000000000003,310.0
1890.239984499989,309.90000000000003,310.0
1890.5595427000662,309.90000000000003,310.0
1890.8817466000328,309.90000000000003,310.0
1891.1687528000912,309.90000000000003,310.0
1891.4881615000777,309.90000000000003,310.0
1891.8096968000755,309.90000000000003,310.0
1892.126787599991,309.90000000000003,310.0
1892.4304847000167,309.90000000000003,310.0
1892.7359558000462,309.90000000000003,310.0
1893.0570437000133,309.8,310.0
1893.3733999000397,309.8,310.0
1893.68165709998,309.8,310.0
1893.9980433000019,309.90000000000003,310.0
1894.3009501000633,309.90000000000003,310.0
1894.622572900029,309.90000000000003,310.0
1894.9430179999908,309.8,310.0
1895.2322522000177,309.8,310.0
1895.550904200063,309.8,310.0
1895.8696196000092,309.90000000000003,310.0
1896.175569800078,309.90000000000003,310.0
1896.4949535999913,309.90000000000003,310.0
1896.8143449000781,309.90000000000003,310.0
1897.119112299988,309.90000000000003,310.0
1897.4200574000133,309.90000000000003,310.0
1897.7422756000888,309.90000000000003,310.0
1898.059924900066,309.90000000000003,310.0
1898.3657832000172,310.0,310.0
1898.670081700082,310.0,310.0
1898.9856871000957,310.0,310.0
1899.3062412000727,309.90000000000003,310.0
1899.6265731999883,309.90000000000003,310.0
1899.9319402000401,309.90000000000003,310.0
1900.2335160000948,310.0,310.0
1900.5542187000392,310.0,310.0
1900.8752452000044,309.90000000000003,310.0
1901.178728900035,309.90000000000003,310.0
1901.4818947000895,309.90000000000003,310.0
1901.7997810000088,310.0,310.0
1902.1236713000108,310.0,310.0
1902.4400469000684,310.0,310.0
1902.7268647000892,309.90000000000003,310.0
1903.0470312000252,309.90000000000003,310.0
1903.367144800024,309.90000000000003,310.0
1903.6885563000105,309.90000000000003,310.0
1903.99330620002,309.90000000000003,310.0
1904.3131254999898,309.90000000000003,310.0
1904.6178328000242,309.90000000000003,310.0
1904.918173299986,309.90000000000003,310.0
1905.2414239000063,309.90000000000003,310.0
1905.5573909999803,309.90000000000003,310.0
1905.865333700087,309.90000000000003,310.0
1906.1841090000235,310.0,310.0
1906.486111300066,310.0,310.0
1906.8046116000041,310.0,310.0
1907.1085294000804,309.90000000000003,310.0
1907.4292293000035,309.90000000000003,310.0
1907.7495030000573,309.90000000000003,310.0
1908.0703446000116,310.1,310.0
1908.375597700011,310.1,310.0
1908.693790600053,310.1,310.0
1909.0126294000074,310.0,310.0
1909.314909900073,310.0,310.0
1909.636671400047,310.1,310.0
1909.9383404999971,310.1,310.0
1910.2583512000274,310.1,310.0
1910.5621025,310.0,310.0
1910.88587680005,310.0,310.0
1911.2014961000532,310.0,310.0
1911.5082898000255,310.1,310.0
1911.8095119000645,310.1,310.0
1912.1320112000685,310.1,310.0
1912.4522347000893,310.1,310.0
1912.772186200018,310.1,310.0
1913.0750162000768,310.1,310.0
1913.3799881000305,310.0,310.0
1913.6994021000573,310.0,310.0
1914.003310100059,310.0,310.0
1914.3230832000263,310.1,310.0
1914.643197300029,310.1,310.0
1914.9434733000817,310.0,310.0
1915.2629590000724,310.0,310.0
1915.5706796000013,310.0,310.0
1915.871923900093,310.1,310.0
1916.1944013000466,310.1,310.0
1916.5101766000735,310.1,310.0
1916.8297703000717,310.0,310.0
1917.1211109000724,310.0,310.0
1917.4376816999866,310.0,310.0
1917.7596683000447,310.0,310.0
1918.0802988000214,310.0,310.0
1918.3829809000017,310.0,310.0
1918.686984900036,310.0,310.0
1919.007411400089,310.0,310.0
1919.3269421000732,310.0,310.0
1919.6321848999942,310.0,310.0
1919.9507370000938,310.0,310.0
1920.2542518000118,310.0,310.0
1920.5750719000353,310.0,310.0
1920.8930093999952,310.0,310.0
1921.1983107000124,309.90000000000003,310.0
1921.5185357000446,309.90000000000003,310.0
1921.8344149000477,309.90000000000003,310.0
1922.142496900051,310.0,310.0
1922.4614292000188,310.0,310.0
1922.7816778999986,310.0,310.0
1923.082934300066,310.0,310.0
1923.403729200014,310.0,310.0
1923.706278000027,310.0,310.0
1924.0246394000715,310.0,310.0
1924.3320947000757,310.0,309.0
1924.6510802999837,310.0,307.0
1924.9566994000925,310.0,305.0
1925.2760603000643,310.0,303.0
1925.5765354000032,310.0,302.0
1925.895896900096,310.0,301.0
1926.201540100039,310.0,300.0
1926.5218635000056,310.0,300.0
1926.8407395000104,310.0,300.0
1927.1585681000724,310.0,300.0
1927.4501485000364,309.40000000000003,300.0
1927.769254200044,309.40000000000003,300.0
1928.0868045000825,309.40000000000003,300.0
1928.393642900046,308.1,300.0
1928.7126990000252,308.1,300.0
1929.0328587000258,306.40000000000003,300.0
1929.3370517999865,306.40000000000003,300.0
1929.6377346999943,306.40000000000003,300.0
1929.9610096000833,304.8,300.0
1930.280445100041,304.8,300.0
1930.6007874000352,304.8,300.0
1930.8849130000453,303.90000000000003,300.0
1931.2044850999955,303.90000000000003,300.0
1931.5246551000746,303.90000000000003,300.0
1931.8469380000606,304.0,300.0
1932.150348199997,304.0,300.0
1932.4682628000155,304.0,300.0
1932.7873815000057,303.5,300.0
1933.0950717000524,303.5,300.0
1933.410856100032,303.6,300.0
1933.733030400006,303.6,300.0
1934.0536328000017,303.6,300.0
1934.3415058000246,303.5,300.0
1934.6579443000956,303.5,300.0
1934.9816034000833,303.5,300.0
1935.2997917000903,303.2,300.0
1935.601200300036,303.2,300.0
1935.9051025999943,303.2,300.0
1936.2274443000788,302.7,300.0
1936.5321240000194,302.7,300.0
1936.850652400055,302.7,300.0
1937.171799200005,302.1,300.0
1937.474208300002,302.1,300.0
1937.7914772999939,301.8,300.0
1938.0964387999848,301.8,300.0
1938.4177468999987,301.8,300.0
1938.736334300018,301.2,300.0
1939.0255937000038,301.2,300.0
1939.346063300036,301.2,300.0
1939.6652769000502,301.40000000000003,300.0
1939.9662107999902,301.40000000000003,300.0
1940.2863539999817,301.40000000000003,300.0
1940.6057158000767,301.2,300.0
1940.9291920000687,301.2,300.0
1941.2145500000333,301.2,300.0
1941.5346435999963,301.3,300.0
1941.8558776000282,301.3,300.0
1942.1733547000913,301.3,300.0
1942.4631359000923,301.40000000000003,300.0
1942.7824137000134,301.40000000000003,300.0
1943.1028861000668,301.2,300.0
1943.422338400036,301.2,300.0
1943.723584900028,301.2,300.0
1944.045941999997,301.1,300.0
1944.364980900078,301.1,300.0
1944.6854519000044,301.1,300.0
1944.9898053000215,300.5,300.0
1945.3096794000594,300.5,300.0
1945.610076699988,300.5,300.0
1945.932189400075,300.5,300.0
1946.2515764000127,300.5,300.0
1946.555314600002,300.5,300.0
1946.85778630001,299.90000000000003,300.0
1947.1793712000363,299.90000000000003,300.0
1947.4986759000458,300.0,300.0
1947.8022424000083,300.0,300.0
1948.122780200094,300.0,300.0
1948.4273451000918,299.8,300.0
1948.7288785000565,299.8,300.0
1949.0491283000447,299.8,300.0
1949.3688690999988,299.7,300.0
1949.6743928000797,299.7,300.0
1949.9922109000618,299.7,300.0
1950.3150819999864,299.8,300.0
1950.6158610000275,299.8,300.0
1950.9221684000222,299.8,300.0
1951.2399758000392,299.6,300.0
1951.5586710000644,299.6,300.0
1951.8630137,299.6,300.0
1952.1838964000344,299.6,300.0
1952.4880346000427,299.6,300.0
1952.806224900065,299.2,300.0
1953.110216400004,299.2,300.0
1953.4305616000202,299.2,300.0
1953.752807400073,299.3,300.0
1954.0536276000785,299.3,300.0
1954.35991930007,299.3,300.0
1954.6793633000925,298.90000000000003,300.0
1954.998326400062,298.90000000000003,300.0
1955.3029576999834,298.90000000000003,300.0
1955.6210147000384,298.8,300.0
1955.925624800031,298.8,300.0
1956.2462587000336,298.8,300.0
1956.5660301999887,298.7,300.0
1956.8829683000222,298.7,300.0
1957.1897690000478,298.6,300.0
1957.5084017000627,298.6,300.0
1957.82922710001,298.6,300.0
1958.134306800086,298.8,300.0
1958.4356153000845,298.8,300.0
1958.7571463000495,298.8,300.0
1959.0766646000557,298.6,300.0
1959.3945347000845,298.6,300.0
1959.6987827999983,298.6,300.0
1960.001801000093,298.7,300.0
1960.3216575999977,298.7,300.0
1960.6275743000442,298.7,300.0
1960.946401400026,298.40000000000003,300.0
1961.2641492000548,298.40000000000003,300.0
1961.5847681000596,298.5,300.0
1961.8896709000692,298.5,300.0
1962.211468600086,298.5,300.0
1962.5312339999946,298.3,300.0
1962.8509717000416,298.3,300.0
1963.1378042000579,298.3,300.0
1963.455753599992,298.2,300.0
1963.757997800014,298.2,300.0
1964.078111300012,298.2,300.0
1964.3996319000144,298.3,300.0
1964.719726899988,298.3,300.0
1965.0095777000533,298.3,300.0
1965.342721800087,298.1,300.0
1965.6466158999829,298.1,300.0
1965.9524132000515,298.40000000000003,300.0
1966.2716086000437,298.40000000000003,300.0
1966.5914286000188,298.40000000000003,300.0
1966.892234000028,298.3,300.0
1967.2155712000094,298.3,300.0
1967.5173213999951,298.3,300.0
1967.8400477999821,298.5,300.0
1968.1585655000526,298.5,300.0
1968.4471654000226,298.5,300.0
1968.7632963000797,298.40000000000003,300.0
1969.0861890000524,298.40000000000003,300.0
1969.4027086000424,298.40000000000003,300.0
1969.7090008000378,298.40000000000003,300.0
1970.0266441000858,298.40000000000003,300.0
1970.329616800067,298.40000000000003,300.0
1970.6501012000954,298.40000000000003,300.0
1970.9695442999946,298.40000000000003,300.0
1971.2740473999875,298.2,300.0
1971.577807100024,298.2,300.0
1971.9009444999974,298.2,300.0
1972.2210886999965,298.40000000000003,300.0
1972.5393653000938,298.40000000000003,300.0
1972.8563410000643,298.40000000000003,300.0
1973.1605417000828,298.3,300.0
1973.481770100072,298.3,300.0
1973.7863894000184,298.3,300.0
1974.1071835000766,298.5,300.0
1974.4108808999881,298.5,300.0
1974.7269388000714,298.5,300.0
1975.0310013000853,298.5,300.0
1975.351740000071,298.5,300.0
1975.6723790999968,298.7,300.0
1975.9916986000026,298.7,300.0
1976.2816238000523,298.7,300.0
1976.6007745000534,298.7,300.0
1976.9198124000104,298.7,300.0
1977.2244911000598,298.7,300.0
1977.5441753000487,298.7,300.0
1977.8475997000933,298.7,300.0
1978.1677617999958,298.7,300.0
1978.4877600000473,298.90000000000003,300.0
1978.7910382000264,298.90000000000003,300.0
1979.0930522000417,298.90000000000003,300.0
1979.4121139000636,298.8,300.0
1979.7161929000868,298.8,300.0
1980.0427150999894,299.0,300.0
1980.3425087000942,299.0,300.0
1980.6593753000489,299.0,300.0
1980.9811523000244,298.90000000000003,300.0
1981.286582400091,298.90000000000003,300.0
1981.60657240008,298.90000000000003,300.0
1981.908807800035,299.0,300.0
1982.2117134000873,299.0,300.0
1982.5492737999884,299.0,300.0
1982.8512027000543,299.1,300.0
1983.1557396000717,299.1,300.0
1983.4739648000104,299.1,300.0
1983.797163499985,299.1,300.0
1984.1147121000104,299.1,300.0
1984.4172597000143,299.3,300.0
1984.7555764000863,299.3,300.0
1985.057057500002,299.3,300.0
1985.3756866999902,299.2,300.0
1985.695763100055,299.2,300.0
1986.0190043000039,299.2,300.0
1986.3200294000562,299.40000000000003,300.0
1986.6263028000249,299.40000000000003,300.0
1986.9429302000208,299.40000000000003,300.0
1987.2638350999914,299.3,300.0
1987.5674923000624,299.3,300.0
1987.8862284000497,299.3,300.0
1988.1924245000118,299.40000000000003,300.0
1988.514054600033,299.40000000000003,300.0
1988.8133263000054,299.3,300.0
1989.1332515000831,299.3,300.0
1989.4565277000656,299.3,300.0
1989.7570258000633,299.3,300.0
1990.0627246000804,299.3,300.0
1990.3818975000177,299.3,300.0
1990.686630000011,299.40000000000003,300.0
1991.0061829000479,299.40000000000003,300.0
1991.327993300045,299.40000000000003,300.0
1991.6472137999954,299.3,300.0
1991.9324626000598,299.3,300.0
1992.2672831000527,299.3,300.0
1992.571965900017,299.5,300.0
1992.8934817999834,299.5,300.0
1993.2132996000582,299.5,300.0
1993.53217650007,299.5,300.0
1993.83812510001,299.5,300.0
1994.1579676000401,299.7,300.0
1994.4577733000042,299.7,300.0
1994.7641783000436,299.7,300.0
1995.0823389000725,299.7,300.0
1995.3868029000005,299.7,300.0
1995.7076231000246,299.7,300.0
1996.0086876000278,299.8,300.0
1996.3297730000922,299.8,300.0
1996.6491641000612,299.8,300.0
1996.9682517000474,299.7,300.0
1997.27453960001,299.7,300.0
1997.5777775000315,299.7,300.0
1997.8962126000552,299.7,300.0
1998.2020322000608,299.7,300.0
1998.5227124000667,299.8,300.0
1998.8409417000366,299.8,300.0
1999.161053800024,299.8,300.0
1999.464244300034,299.7,300.0
1999.7839837000938,299.7,300.0
2000.1023662000662,299.7,300.0
2000.4060919000767,299.8,300.0
2000.7262784000486,299.8,300.0
2001.0465214999858,299.8,300.0
2001.351168800029,299.8,300.0
2001.6692459000042,299.8,300.0
2001.9741307999939,299.8,300.0
2002.2802741000196,299.90000000000003,300.0
2002.5997943000402,299.90000000000003,300.0
2002.9184150000801,299.90000000000003,300.0
2003.2374739000807,299.90000000000003,300.0
2003.5440145999892,299.90000000000003,300.0
2003.846444100025,300.0,300.0
2004.1636142000789,300.0,300.0
2004.4715371000348,300.0,300.0
2004.787728400086,300.0,300.0
2005.0938432000112,300.0,300.0
2005.4127608999843,300.0,300.0
2005.73440690001,300.0,300.0
2006.0338359000161,300.0,300.0
2006.3573286000174,300.0,300.0
2006.6618623000104,300.1,300.0
2006.977264199988,300.1,300.0
2007.28545700002,300.0,300.0
2007.6051918000448,300.0,300.0
2007.9237512000836,300.0,300.0
2008.2258721999824,300.1,300.0
2008.5311797000468,300.1,300.0
2008.850781599991,300.1,300.0
2009.1712821000256,300.0,300.0
2009.4747205000604,300.0,300.0
2009.7953019000124,300.0,300.0
2010.1134591000155,300.1,300.0
2010.4156641000882,300.1,300.0
2010.736389500089,300.1,300.0
2011.038531600032,300.1,300.0
2011.3593128999928,300.1,300.0
2011.6971232000506,300.1,300.0
2011.982419900014,300.1,300.0
2012.3030418000417,300.1,300.0
2012.6234003000427,300.2,300.0
2012.9455779000418,300.2,300.0
2013.2461733000819,300.2,300.0
2013.5662676000502,300.2,300.0
2013.8707368000178,300.2,300.0
