Time (s),Actual Temperature (C),Target Temperature (C)
0.2885451999027282,162.10000000000002,170.0
0.6108296999009326,162.10000000000002,170.0
0.9288534999359399,162.10000000000002,170.0
1.2329985999967903,163.10000000000002,170.0
1.5495017999783158,163.10000000000002,170.0
1.8570074999006465,163.10000000000002,170.0
2.175989600014873,163.70000000000002,170.0
2.4959748999681324,163.70000000000002,170.0
2.8009779999265447,164.10000000000002,170.0
3.118279399932362,164.10000000000002,170.0
3.4242836999474093,164.10000000000002,170.0
3.7422294999705628,164.3,170.0
4.061227999976836,164.3,170.0
4.365062199998647,164.3,170.0
4.669677699916065,164.3,170.0
4.987745199934579,164.3,170.0
5.293387099984102,164.3,170.0
5.613036399940029,165.0,170.0
5.934507199912332,165.0,170.0
6.2362548999954015,165.0,170.0
6.541207099915482,164.9,170.0
6.861148500000127,164.9,170.0
7.178837199928239,165.8,170.0
7.481061399914324,165.8,170.0
7.804147699964233,165.8,170.0
8.105855599977076,165.9,170.0
8.425967799965292,165.9,170.0
8.74594849999994,165.9,170.0
9.05008839990478,166.4,170.0
9.371147700003348,166.4,170.0
9.687912299996242,166.4,170.0
10.008731700014323,166.8,170.0
10.33030669996515,166.8,170.0
10.618446999927983,166.8,170.0
10.935870499932207,167.0,170.0
11.258450399967842,167.0,170.0
11.577454999904148,167.4,170.0
11.88146579999011,167.4,170.0
12.201846499927342,167.4,170.0
12.50127559993416,167.3,170.0
12.808170499978587,167.3,170.0
13.126050299964845,167.3,170.0
13.447776799905114,167.9,170.0
13.768627299927175,167.9,170.0
14.086853799992241,167.9,170.0
14.404282299918123,167.70000000000002,170.0
14.711605799966492,167.70000000000002,170.0
15.030547900008969,167.70000000000002,170.0
15.332863199990243,168.3,170.0
15.652903600013815,168.3,170.0
15.974546100012958,168.3,170.0
16.292562999995425,168.3,170.0
16.610064700013027,168.3,170.0
16.898632999975234,168.60000000000002,170.0
17.2199108999921,168.60000000000002,170.0
17.541668699937873,168.60000000000002,170.0
17.841372199938633,168.9,170.0
18.162237499956973,168.9,170.0
18.482245899969712,168.9,170.0
18.785170799936168,169.0,170.0
19.09141140000429,169.0,170.0
19.40777990000788,169.0,170.0
19.729333599912934,169.4,170.0
20.03228849999141,169.4,170.0
20.352745799929835,169.3,170.0
20.674382099998184,169.3,170.0
20.962913299910724,169.3,170.0
21.281262999982573,169.8,170.0
21.60247729998082,169.8,170.0
21.919548899983056,169.8,170.0
22.24141429993324,169.70000000000002,170.0
22.544469799962826,169.70000000000002,170.0
22.864997599972412,169.70000000000002,170.0
23.18137309991289,170.10000000000002,170.0
23.500628600013442,170.10000000000002,170.0
23.80758409993723,170.10000000000002,170.0
24.110013799974695,170.20000000000002,170.0
24.430318099912256,170.20000000000002,170.0
24.73273229994811,170.20000000000002,170.0
25.05428869999014,170.3,170.0
25.375137499999255,170.3,170.0
25.676463500014506,170.60000000000002,170.0
25.982100199908018,170.60000000000002,170.0
26.29995529993903,170.60000000000002,170.0
26.62126539996825,170.5,170.0
26.923773199901916,170.5,170.0
27.242730199941434,170.5,170.0
27.564882699982263,171.0,170.0
27.866662599961273,171.0,170.0
28.186515199951828,171.0,170.0
28.505085599957965,170.70000000000002,170.0
28.82662760000676,170.70000000000002,170.0
29.146171299973503,170.70000000000002,170.0
29.45084229996428,171.20000000000002,170.0
29.76878439995926,171.20000000000002,170.0
30.07511199999135,171.10000000000002,170.0
30.392404799931683,171.10000000000002,170.0
30.714474799926393,171.10000000000002,170.0
31.03131729993038,171.4,170.0
31.338036499917507,171.4,170.0
31.64179859997239,171.4,170.0
31.960420699906535,171.5,170.0
32.27775309991557,171.5,170.0
32.599523399956524,171.5,170.0
32.91802189999726,171.5,170.0
33.22333619999699,171.5,170.0
33.544901599991135,171.5,170.0
33.847922199987806,171.8,170.0
34.150649999966845,171.8,170.0
34.472515899920836,171.60000000000002,170.0
34.79040419997182,171.60000000000002,170.0
35.09169839997776,171.60000000000002,170.0
35.41284030000679,172.10000000000002,170.0
35.73127150000073,172.10000000000002,170.0
36.03869219997432,172.10000000000002,170.0
36.33892249991186,171.8,170.0
36.66100570000708,171.8,170.0
36.982230599969625,171.8,170.0
37.30076899996493,172.20000000000002,170.0
37.62199549993966,172.20000000000002,170.0
37.92445049993694,172.20000000000002,170.0
38.24383189994842,172.10000000000002,170.0
38.56151309993584,172.10000000000002,170.0
38.86582890001591,172.20000000000002,170.0
39.18707350001205,172.20000000000002,170.0
39.491433599963784,172.20000000000002,170.0
39.793755599996075,172.4,170.0
40.11613499990199,172.4,170.0
40.43303199997172,172.4,170.0
40.736028100014664,172.20000000000002,170.0
41.05932999996003,172.20000000000002,170.0
41.3634180999361,172.20000000000002,170.0
41.66530120000243,172.5,170.0
41.98305509996135,172.5,170.0
42.30545300000813,172.5,170.0
42.607338099973276,172.20000000000002,170.0
42.928589599905536,172.20000000000002,170.0
43.24695319996681,172.60000000000002,170.0
43.56932789995335,172.60000000000002,170.0
43.88750889990479,172.60000000000002,170.0
44.19009329995606,172.3,170.0
44.51199209992774,172.3,170.0
44.81652180000674,172.3,170.0
45.11630039999727,172.5,170.0
45.45476079999935,172.5,170.0
45.7574988999404,172.5,170.0
46.063555900007486,172.4,170.0
46.381669399910606,172.4,170.0
46.69911819999106,172.4,170.0
47.020299799973145,172.4,170.0
47.33850829990115,172.4,170.0
47.662029600003734,172.5,170.0
47.981182399904355,172.5,170.0
48.28391110000666,172.5,170.0
48.589020999963395,172.3,170.0
48.90499989991076,172.3,170.0
49.22555909992661,172.3,170.0
49.54774299997371,172.60000000000002,170.0
49.852284999913536,172.60000000000002,170.0
50.15304030000698,172.60000000000002,170.0
50.47470599994995,172.20000000000002,170.0
50.79173629998695,172.20000000000002,170.0
51.09809340001084,172.20000000000002,170.0
51.41936389997136,172.5,170.0
51.72265139990486,172.5,170.0
52.02462619997095,172.20000000000002,170.0
52.34319929999765,172.20000000000002,170.0
52.662069399957545,172.20000000000002,170.0
52.967759599909186,172.3,170.0
53.288703799946234,172.3,170.0
53.60567779990379,172.3,170.0
53.913064099964686,172.3,170.0
54.215397399966605,172.3,170.0
54.533689499949105,172.3,170.0
54.856468399986625,172.20000000000002,170.0
55.160874799941666,172.20000000000002,170.0
55.479237899999134,172.20000000000002,170.0
55.79651659994852,172.3,170.0
56.100214099977165,172.3,170.0
56.42183239990845,172.0,170.0
56.724947799928486,172.0,170.0
57.02681680000387,172.0,170.0
57.34895829996094,172.20000000000002,170.0
57.66780169995036,172.20000000000002,170.0
57.98734320001677,172.20000000000002,170.0
58.292074400000274,171.8,170.0
58.596911999979056,171.8,170.0
58.91679920000024,171.8,170.0
59.217491999967024,172.0,170.0
59.53876109991688,172.0,170.0
59.85893879993819,172.0,170.0
60.1605106999632,171.8,170.0
60.46610339998733,171.8,170.0
60.783791499910876,171.8,170.0
61.1034260999877,171.8,170.0
61.42349419998936,171.8,170.0
61.7303694000002,171.9,170.0
62.05069760000333,171.9,170.0
62.370680399937555,171.9,170.0
62.68725139996968,171.60000000000002,170.0
63.00759819999803,171.60000000000002,170.0
63.313790699932724,171.60000000000002,170.0
63.63046539993957,171.8,170.0
63.94967279990669,171.8,170.0
64.2559868999524,171.8,170.0
64.56044429994654,171.4,170.0
64.87755350000225,171.4,170.0
65.19764739996754,171.4,170.0
65.503640800016,171.60000000000002,170.0
65.82006579998415,171.60000000000002,170.0
66.14043149992358,171.4,170.0
66.46140979998745,171.4,170.0
66.77952729992103,171.4,170.0
67.08642850001343,171.4,170.0
67.40363179997075,171.4,170.0
67.7244747999357,171.4,170.0
68.02750500000548,171.4,170.0
68.3501293999143,171.4,170.0
68.66800019994844,171.4,170.0
68.98549320001621,171.20000000000002,170.0
69.30900139990263,171.20000000000002,170.0
69.61181109992322,171.3,170.0
69.93014770001173,171.3,170.0
70.23614099994302,171.3,170.0
70.5557655999437,171.0,170.0
70.87306149990764,171.0,170.0
71.17883389990311,171.0,170.0
71.48289019998629,171.20000000000002,170.0
71.80024889996275,171.20000000000002,170.0
72.12194589991122,171.20000000000002,170.0
72.43968479998875,170.8,170.0
72.72679270000663,170.8,170.0
73.04843540000729,170.8,170.0
73.36901489994489,171.0,170.0
73.68545819993597,171.0,170.0
73.99374790000729,171.0,170.0
74.2959572999971,170.8,170.0
74.61645909992512,170.8,170.0
74.93610219995026,170.8,170.0
75.23845019994769,170.8,170.0
75.54432879993692,170.8,170.0
75.86227839998901,170.8,170.0
76.18282899993937,170.8,170.0
76.5004229999613,170.8,170.0
76.80705619999208,170.60000000000002,170.0
77.12514219991863,170.60000000000002,170.0
77.4430978000164,170.60000000000002,170.0
77.74726829992142,170.70000000000002,170.0
78.06823809992056,170.70000000000002,170.0
78.37295280001126,170.70000000000002,170.0
78.69366200000513,170.4,170.0
78.99647979997098,170.4,170.0
79.31650099996477,170.60000000000002,170.0
79.61767489998601,170.60000000000002,170.0
79.9393252999289,170.60000000000002,170.0
80.25985099992249,170.20000000000002,170.0
80.56053309992421,170.20000000000002,170.0
80.88107030000538,170.20000000000002,170.0
81.20137369993608,170.3,170.0
81.51938149996568,170.3,170.0
81.84382629999891,170.3,170.0
82.1623465999728,170.20000000000002,170.0
82.4667722999584,170.20000000000002,170.0
82.78510649991222,170.20000000000002,170.0
83.1062906999141,170.10000000000002,170.0
83.40731449995656,170.10000000000002,170.0
83.72996709996369,170.3,170.0
84.03195959993172,170.3,170.0
84.35367360000964,170.3,170.0
84.65495539992116,170.0,170.0
84.97494709992316,170.0,170.0
85.28036370000336,170.0,170.0
85.59959489991888,170.20000000000002,170.0
85.91759329999331,170.20000000000002,170.0
86.22408770001493,170.20000000000002,170.0
86.53985920001287,169.8,170.0
86.84727639995981,169.8,170.0
87.16500499995891,169.8,170.0
87.46708269999363,170.0,170.0
87.78829029994085,170.0,170.0
88.09391019993927,169.8,170.0
88.41343089996371,169.8,170.0
88.73051469994243,169.8,170.0
89.05229559994768,169.9,170.0
89.37301390001085,169.9,170.0
89.6742016999051,169.9,170.0
89.9945912999101,169.9,170.0
90.31403999996837,169.9,170.0
90.63501099997666,169.9,170.0
90.936714499956,169.70000000000002,170.0
91.25743769994006,169.70000000000002,170.0
91.57653939991724,169.70000000000002,170.0
91.88032909994945,169.9,170.0
92.1857470999239,169.9,170.0
92.50670709996484,169.60000000000002,170.0
92.82638629991561,169.60000000000002,170.0
93.1273900999222,169.60000000000002,170.0
93.42969569994602,169.8,170.0
93.75166439998429,169.8,170.0
94.07264689996373,169.8,170.0
94.3933868999593,169.60000000000002,170.0
94.71300949994475,169.60000000000002,170.0
95.01572409993969,169.60000000000002,170.0
95.33347800001502,169.70000000000002,170.0
95.65617899992503,169.70000000000002,170.0
95.97241109993774,169.70000000000002,170.0
96.29470229998697,169.60000000000002,170.0
96.5970471999608,169.60000000000002,170.0
96.91778779996093,169.60000000000002,170.0
97.22120639996137,169.60000000000002,170.0
97.53899749997072,169.60000000000002,170.0
97.84744599997066,169.70000000000002,170.0
98.16364419995807,169.70000000000002,170.0
98.48520100000314,169.70000000000002,170.0
98.7872597000096,169.4,170.0
99.09317120001651,169.4,170.0
99.4124919999158,169.4,170.0
99.73035759991035,169.70000000000002,170.0
100.03728499996942,169.70000000000002,170.0
100.35508619993925,169.70000000000002,170.0
100.67348519992083,169.4,170.0
100.99312469991855,169.4,170.0
101.31480519997422,169.60000000000002,170.0
101.6037050000159,169.60000000000002,170.0
101.92316449992359,169.60000000000002,170.0
102.24147989996709,169.4,170.0
102.5444434999954,169.4,170.0
102.86616390000563,169.4,170.0
103.16906739992555,169.5,170.0
103.48767910001334,169.5,170.0
103.80593179992866,169.5,170.0
104.11172469996382,169.5,170.0
104.43349279998802,169.5,170.0
104.73639430000912,169.5,170.0
105.03874959994573,169.4,170.0
105.36005099990871,169.4,170.0
105.678116499912,169.60000000000002,170.0
105.99949459999334,169.60000000000002,170.0
106.30181899992749,169.60000000000002,170.0
106.624239299912,169.3,170.0
106.94125599996187,169.3,170.0
107.22959849995095,169.3,170.0
107.55134999996517,169.60000000000002,170.0
107.87048939999659,169.60000000000002,170.0
108.18743059993722,169.60000000000002,170.0
108.4905639999779,169.3,170.0
108.79641899990384,169.3,170.0
109.1179871999193,169.3,170.0
109.43771129997913,169.5,170.0
109.74200769991148,169.5,170.0
110.04508089995943,169.5,170.0
110.36108379997313,169.4,170.0
110.68408269993961,169.4,170.0
110.98559299996123,169.4,170.0
111.29030989995226,169.4,170.0
111.62372759997379,169.4,170.0
111.91351859993301,169.60000000000002,170.0
112.23297069990076,169.60000000000002,170.0
112.55372249998618,169.60000000000002,170.0
112.85592379991431,169.3,170.0
113.1779755000025,169.3,170.0
113.47831289994065,169.3,170.0
113.79998609994072,169.60000000000002,170.0
114.1045895999996,169.60000000000002,170.0
114.42198819993064,169.60000000000002,170.0
114.74564979993738,169.3,170.0
115.0453761999961,169.3,170.0
115.36760439991485,169.5,170.0
115.6881304999115,169.5,170.0
115.99141039990354,169.5,170.0
116.30953259998932,169.3,170.0
116.63073889992665,169.3,170.0
116.93558849999681,169.3,170.0
117.25480110000353,169.4,170.0
117.57424609991722,169.4,170.0
117.89337919990066,169.4,170.0
118.19488699990325,169.60000000000002,170.0
118.5161625999026,169.60000000000002,170.0
118.84290849999525,169.60000000000002,170.0
119.15695099998266,169.4,170.0
119.45872709993273,169.4,170.0
119.76372079993598,169.70000000000002,170.0
120.08543149998877,169.70000000000002,170.0
120.40249000000767,169.70000000000002,170.0
120.72333609999623,169.4,170.0
121.01137989992276,169.4,170.0
121.32841199997347,169.4,170.0
121.65188479993958,169.70000000000002,170.0
121.96755229996052,169.70000000000002,170.0
122.2745957999723,169.70000000000002,170.0
122.59321279998403,169.4,170.0
122.91503199993167,169.4,170.0
123.21458209992852,169.4,170.0
123.53882299992256,169.60000000000002,170.0
123.85660900000948,169.60000000000002,170.0
124.1777692999458,169.60000000000002,170.0
124.49454019998666,169.60000000000002,170.0
124.79757809999865,169.60000000000002,170.0
125.1208243999863,169.60000000000002,170.0
125.4372484999476,169.60000000000002,170.0
125.7581485999981,169.60000000000002,170.0
126.08003079995979,169.70000000000002,170.0
126.36724890000187,169.70000000000002,170.0
126.68402869999409,169.70000000000002,170.0
127.00597980001476,169.5,170.0
127.32733539992478,169.5,170.0
127.64505449996796,169.5,170.0
127.96633540000767,169.8,170.0
128.26895109994803,169.8,170.0
128.57157499995083,169.5,170.0
128.89212340000086,169.5,170.0
129.21409219992347,169.5,170.0
129.5315416000085,169.70000000000002,170.0
129.83344969991595,169.70000000000002,170.0
130.15648189990316,169.70000000000002,170.0
130.4574940999737,169.60000000000002,170.0
130.78064729995094,169.60000000000002,170.0
131.08400639996398,169.60000000000002,170.0
131.38863499998115,169.70000000000002,170.0
131.7052912999643,169.70000000000002,170.0
132.02565259998664,169.70000000000002,170.0
132.3295893999748,169.8,170.0
132.6345708000008,169.8,170.0
132.9513808999909,169.70000000000002,170.0
133.27261539991014,169.70000000000002,170.0
133.57771759992465,169.70000000000002,170.0
133.89707469998393,170.0,170.0
134.20101819990668,170.0,170.0
134.51814780000132,170.0,170.0
134.82520899991505,169.70000000000002,170.0
135.14534019993152,169.70000000000002,170.0
135.46523490000982,169.70000000000002,170.0
135.76473169995006,169.9,170.0
136.08907859993633,169.9,170.0
136.39082209998742,169.9,170.0
136.70830870000646,169.70000000000002,170.0
137.01270039996598,169.70000000000002,170.0
137.31594319990836,169.70000000000002,170.0
137.6370997999329,169.9,170.0
138.0063131999923,169.9,171.0
138.27636749995872,169.8,171.0
138.5950945999939,169.8,173.0
138.8861789999064,169.8,175.0
139.21925229998305,169.8,175.0
139.5084931999445,169.8,175.0
139.82674489996862,169.8,175.0
140.1458196999738,170.0,175.0
140.45133259997237,170.0,175.0
140.77255559992045,170.0,175.0
141.09058219997678,169.70000000000002,175.0
141.39712589990813,169.70000000000002,175.0
141.6972769999411,169.70000000000002,175.0
142.0167630999349,171.20000000000002,175.0
142.3402123999549,171.20000000000002,175.0
142.64421880000737,172.20000000000002,175.0
142.9604559999425,172.20000000000002,175.0
143.28132069995627,172.20000000000002,175.0
143.58297939994372,172.9,175.0
143.88949289999437,172.9,175.0
144.2109612999484,172.9,175.0
144.52647059992887,174.0,175.0
144.83345519995783,174.0,175.0
145.1502151999157,174.0,175.0
145.4577465999173,174.3,175.0
145.77372119994834,174.3,175.0
146.09403659997042,174.3,175.0
146.41489619994536,173.9,175.0
146.71981479995884,173.9,175.0
147.03728879999835,173.4,175.0
147.35621499991976,173.4,175.0
147.6777768000029,173.4,175.0
147.99868690001313,173.20000000000002,175.0
148.30272229993716,173.20000000000002,175.0
148.6193084999686,173.20000000000002,176.0
148.92478070000652,172.70000000000002,176.0
149.22704429994337,172.70000000000002,177.0
149.55014299997129,172.70000000000002,176.0
149.8528323000064,173.60000000000002,175.0
150.18604810000397,173.60000000000002,175.0
150.4921486999374,173.60000000000002,175.0
150.79716750001535,174.3,175.0
151.11337259993888,174.3,175.0
151.43520800000988,174.8,175.0
151.75492300000042,174.8,175.0
152.04281699995045,174.8,175.0
152.360745199956,175.3,175.0
152.68258789996617,175.3,175.0
152.9869200999383,175.3,175.0
153.30649009998888,175.20000000000002,175.0
153.60831699997652,175.20000000000002,175.0
153.92839159991127,175.20000000000002,175.0
154.23387879994698,174.9,175.0
154.55338499997742,174.9,175.0
154.87072110001463,174.9,175.0
155.19010319991503,174.4,175.0
155.49693629995454,174.4,175.0
155.81405279994942,174.8,175.0
156.11893220001366,174.8,175.0
156.45697519998066,174.8,176.0
156.75905250001233,174.60000000000002,178.0
157.06471009994857,174.60000000000002,179.0
157.38092549995054,174.60000000000002,180.0
157.70141129998956,175.3,180.0
158.00360940000974,175.3,180.0
158.32429069990758,175.3,180.0
158.6306776999263,175.8,180.0
158.94866989995353,175.8,180.0
159.26874590001535,175.8,180.0
159.59000869991723,176.10000000000002,180.0
159.8908958999673,176.10000000000002,180.0
160.2123798999237,177.5,180.0
160.53071690001525,177.5,180.0
160.83643639995717,177.5,180.0
161.14113989996258,178.5,180.0
161.45963099994697,178.5,180.0
161.78032859996893,178.5,180.0
162.0833933999529,179.4,180.0
162.38412249996327,179.4,180.0
162.70481589995325,179.4,180.0
163.02813659992535,179.60000000000002,180.0
163.3301909000147,179.60000000000002,180.0
163.63215779990423,179.60000000000002,180.0
163.95221989997663,179.60000000000002,180.0
164.27323549997527,179.60000000000002,180.0
164.577687199926,179.60000000000002,180.0
164.89707959990483,179.0,180.0
165.21429709997028,179.0,180.0
165.51971059991047,179.0,180.0
165.83819109993055,179.0,180.0
166.1440274999477,179.0,180.0
166.44909499993082,179.20000000000002,180.0
166.76494589995127,179.20000000000002,180.0
167.0848611999536,179.20000000000002,180.0
167.3908740999177,179.20000000000002,180.0
167.7095326000126,179.20000000000002,180.0
168.03184619999956,179.20000000000002,180.0
168.33241069992073,180.3,180.0
168.65253580000717,180.3,180.0
168.9722674000077,180.3,180.0
169.27896109991707,180.60000000000002,180.0
169.59890219999943,180.60000000000002,180.0
169.9183016999159,181.20000000000002,180.0
170.2381096999161,181.20000000000002,180.0
170.53948819998186,181.20000000000002,180.0
170.84143609995954,181.3,180.0
171.16506409994327,181.3,180.0
171.48577869997825,181.3,180.0
171.788043599925,181.20000000000002,180.0
172.08901589992456,181.20000000000002,180.0
172.411068999907,181.20000000000002,180.0
172.72849809995387,180.8,180.0
173.05122589995153,180.8,180.0
173.3529256999027,180.8,180.0
173.65822340000886,180.8,180.0
173.97746779990848,180.8,180.0
174.29567749996204,181.10000000000002,180.0
174.6022607999621,181.10000000000002,180.0
174.90541469992604,181.10000000000002,180.0
175.22547289996874,180.9,180.0
175.54473339999095,180.9,180.0
175.8616892999271,180.9,180.0
176.16894869995303,181.8,180.0
176.48800599994138,181.8,180.0
176.80471599998418,181.8,180.0
177.12870459991973,182.0,180.0
177.41387659998145,182.0,180.0
177.73454669991042,182.0,180.0
178.0554383000126,182.3,180.0
178.37165320001077,182.3,180.0
178.67806850001216,182.10000000000002,180.0
178.98345539998263,182.10000000000002,180.0
179.2995224999031,182.10000000000002,180.0
179.62030299997423,182.0,180.0
179.92551619990263,182.0,180.0
180.24452710000332,182.0,180.0
180.54641830001492,181.70000000000002,180.0
180.86999219993595,181.70000000000002,180.0
181.1738505999092,181.70000000000002,180.0
181.48926399997436,181.60000000000002,180.0
181.8101796999108,181.60000000000002,180.0
182.1150128999725,181.60000000000002,180.0
182.43287749995943,182.0,180.0
182.73762989998795,182.0,180.0
183.04390179994516,182.0,180.0
183.3619037999306,181.8,180.0
183.68397309991997,181.8,180.0
183.98615849995986,182.4,180.0
184.3069664000068,182.4,180.0
184.62460199999623,182.4,180.0
184.92917579994537,182.3,180.0
185.23212699999567,182.3,180.0
185.55318789999,182.3,180.0
185.8702772000106,182.4,180.0
186.19192099990323,182.4,180.0
186.4970486999955,182.4,180.0
186.8160048999125,182.10000000000002,180.0
187.11781859991606,182.10000000000002,180.0
187.44016200001352,182.10000000000002,180.0
187.75628889992367,181.9,180.0
188.07853499997873,181.9,180.0
188.38033239997458,181.8,180.0
188.70193699991796,181.8,180.0
189.00595309992786,181.8,180.0
189.30715399992187,181.60000000000002,180.0
189.62835499993525,181.60000000000002,180.0
189.9497850999469,181.60000000000002,180.0
190.2522112999577,182.0,180.0
190.57044369995128,182.0,180.0
190.89186619990505,182.0,180.0
191.19507249991875,181.70000000000002,180.0
191.5160877999151,181.70000000000002,180.0
191.83313039992936,181.70000000000002,180.0
192.15367339993827,182.10000000000002,180.0
192.46049470000435,182.10000000000002,180.0
192.78056699992158,181.8,180.0
193.0961726999376,181.8,180.0
193.41930009995122,181.8,180.0
193.73829020000994,181.8,180.0
194.0418772000121,181.8,180.0
194.34434469998814,181.8,180.0
194.66563429997768,181.5,180.0
194.9689677999122,181.5,180.0
195.28827659995295,181.5,180.0
195.59401090000756,181.3,180.0
195.9119263999164,181.3,180.0
196.2175083999755,181.3,180.0
196.5373830999015,181.4,180.0
196.85697869991418,181.4,180.0
197.15837989991996,181.10000000000002,180.0
197.47829779994208,181.10000000000002,180.0
197.7848132000072,181.10000000000002,180.0
198.10060669993982,181.5,180.0
198.42297449999023,181.5,180.0
198.7244204999879,181.5,180.0
199.0438176000025,181.20000000000002,180.0
199.36453849996906,181.20000000000002,180.0
199.6861262000166,181.20000000000002,180.0
199.98834989999887,181.4,180.0
200.29370459995698,181.4,180.0
200.6135016999906,181.4,180.0
200.93439479998779,181.10000000000002,180.0
201.2542153999675,181.10000000000002,180.0
201.554493399919,181.0,180.0
201.8766961999936,181.0,180.0
202.19440829998348,181.0,180.0
202.51537719997577,180.9,180.0
202.81791649991646,180.9,180.0
203.13999409996904,180.9,180.0
203.44293829996604,180.70000000000002,180.0
203.7471368999686,180.70000000000002,180.0
204.06615440000314,180.70000000000002,180.0
204.38661349995527,180.9,180.0
204.6885724000167,180.9,180.0
205.0109167000046,180.9,180.0
205.31304679997265,180.60000000000002,180.0
205.6307497000089,180.60000000000002,180.0
205.93577370001003,180.60000000000002,180.0
206.2578217999544,180.8,180.0
206.5774302999489,180.8,180.0
206.87942869996186,180.5,180.0
207.19715029990766,180.5,180.0
207.50373409991153,180.5,180.0
207.82486309995875,180.60000000000002,180.0
208.14201479998883,180.60000000000002,180.0
208.44501119991764,180.60000000000002,180.0
208.76749699993525,180.4,180.0
209.08524059993215,180.4,180.0
209.40659469994716,180.4,180.0
209.70943930000067,180.4,180.0
210.02783069992438,180.4,180.0
210.33524709998164,180.4,180.0
210.65461319999304,180.4,180.0
210.97172749997117,180.4,180.0
211.29029719997197,180.10000000000002,180.0
211.59738549997564,180.10000000000002,180.0
211.91565249999985,180.10000000000002,180.0
212.23360179993324,180.4,180.0
212.52547929994762,180.4,180.0
212.84165899991058,180.4,180.0
213.16061299992725,180.10000000000002,180.0
213.48326729994733,180.10000000000002,180.0
213.78617139998823,180.10000000000002,180.0
214.08842079993337,180.3,180.0
214.41003729996737,180.3,180.0
214.72991949995048,180.3,180.0
215.03130259993486,180.10000000000002,180.0
215.35141439992003,180.10000000000002,180.0
215.65732399991248,180.10000000000002,180.0
215.9761373999063,180.10000000000002,180.0
216.2978267999133,180.10000000000002,180.0
216.60048989998177,180.10000000000002,180.0
216.90382149990182,180.10000000000002,180.0
217.22524990001693,180.10000000000002,180.0
217.54378949990496,179.9,180.0
217.861288499902,179.9,180.0
218.18348509992938,179.9,180.0
218.5041258999845,180.10000000000002,180.0
218.80676949990448,180.10000000000002,180.0
219.12609149992932,180.10000000000002,180.0
219.44514729990624,179.8,180.0
219.75199909997173,179.8,180.0
220.07189389993437,180.10000000000002,180.0
220.38829189992975,180.10000000000002,180.0
220.67542889993638,180.10000000000002,180.0
220.99648370000068,179.8,180.0
221.31527909997385,179.8,180.0
221.6217542999657,179.8,180.0
221.93841659999453,179.9,180.0
222.26019880000968,179.9,180.0
222.57815819990356,179.9,180.0
222.89945699996315,179.8,180.0
223.2035743999295,179.8,180.0
223.52144669997506,179.8,180.0
223.82793389994185,179.8,180.0
224.14511629997287,179.8,180.0
224.46808799996506,179.9,180.0
224.7712713999208,179.9,180.0
225.09165129996836,179.9,180.0
225.39207599998917,179.70000000000002,180.0
225.71302009990904,179.70000000000002,180.0
226.03027979994658,179.70000000000002,180.0
226.3229669999564,180.0,180.0
226.6418784999987,180.0,180.0
226.96194840001408,180.0,180.0
227.28152289998252,179.70000000000002,180.0
227.58456200000364,179.70000000000002,180.0
227.90188739995938,179.70000000000002,180.0
228.2210665999446,179.9,180.0
228.54245459998492,179.9,180.0
228.86091449996457,179.70000000000002,180.0
229.16499640000984,179.70000000000002,180.0
229.4856796999229,179.70000000000002,180.0
229.80614509992301,179.8,180.0
230.1269305999158,179.8,180.0
230.43141819990706,179.8,180.0
230.7514881999232,179.8,180.0
231.06962989992462,179.8,180.0
231.37067139998544,179.8,180.0
231.69084239995573,179.70000000000002,180.0
232.01386790000834,179.70000000000002,180.0
232.3335531000048,179.70000000000002,180.0
232.6194109999342,179.9,180.0
232.93979569990188,179.9,180.0
233.26029329991434,179.60000000000002,180.0
233.57716839993373,179.60000000000002,180.0
233.88383449998219,179.60000000000002,180.0
234.1878111999249,179.9,180.0
234.50737529993057,179.9,180.0
234.82783359999303,179.9,180.0
235.13005479995627,179.60000000000002,180.0
235.4504269999452,179.60000000000002,180.0
235.76778529991861,179.60000000000002,180.0
236.08882249996532,179.8,180.0
236.39058010000736,179.8,180.0
236.71104159997776,179.8,180.0
237.03127729997505,179.70000000000002,180.0
237.35022989998106,179.70000000000002,180.0
237.671680899919,179.70000000000002,180.0
237.95806659990922,179.70000000000002,180.0
238.279687799979,179.70000000000002,180.0
238.60100509994663,179.9,180.0
238.9209422999993,179.9,180.0
239.23621939995792,179.9,180.0
239.55770559993107,179.60000000000002,180.0
239.8635313999839,179.60000000000002,180.0
240.1836341000162,179.60000000000002,180.0
240.4997634999454,180.0,180.0
240.8068677999545,180.0,180.0
241.10974200000055,180.0,180.0
241.42955459991936,179.70000000000002,180.0
241.7499815999763,179.70000000000002,180.0
242.05174279992934,179.9,180.0
242.3580678999424,179.9,180.0
242.67388819996268,179.9,180.0
242.99750830000266,179.70000000000002,180.0
243.31709049991332,179.70000000000002,180.0
243.61933949997183,179.70000000000002,180.0
243.92166349990293,179.8,180.0
244.2419651999371,179.8,180.0
244.56214019993786,179.8,180.0
244.86397519998718,179.8,180.0
245.16871919995174,179.8,180.0
245.4895273000002,179.8,180.0
245.81019789993297,179.70000000000002,180.0
246.11133400001563,179.70000000000002,180.0
246.43375789991114,179.9,180.0
246.73628189996816,179.9,180.0
247.05683379992843,179.9,180.0
247.3768209000118,179.60000000000002,180.0
247.69418839993887,179.60000000000002,180.0
248.01672790001612,179.60000000000002,180.0
248.31950619991403,179.9,180.0
248.62481740000658,179.9,180.0
248.9415143999504,179.9,180.0
249.26020499994047,179.60000000000002,180.0
249.58227049990091,179.60000000000002,180.0
249.8700973999221,179.60000000000002,180.0
250.1880437999498,179.8,180.0
250.50899839994963,179.8,180.0
250.8292009999277,179.70000000000002,180.0
251.13368999992963,179.70000000000002,180.0
251.45482799992897,179.70000000000002,180.0
251.772427399992,179.70000000000002,180.0
252.07467080000788,179.70000000000002,180.0
252.39810099999886,179.70000000000002,180.0
252.71504179993644,179.9,180.0
253.03535529994406,179.9,180.0
253.34010929998476,179.9,180.0
253.658678399981,179.70000000000002,180.0
253.98036819999106,179.70000000000002,180.0
254.29767180001363,179.70000000000002,180.0
254.61598329991102,180.0,180.0
254.93728559999727,180.0,180.0
255.24072170001455,179.70000000000002,180.0
255.54316659993492,179.70000000000002,180.0
255.86492899991572,179.70000000000002,180.0
256.1850663999794,180.0,180.0
256.50456479995046,180.0,180.0
256.82659859990235,180.0,180.0
257.1271222999785,179.8,180.0
257.44874019990675,179.8,180.0
257.7527791999746,179.8,180.0
258.07366409990937,179.9,180.0
258.3911938999081,179.9,180.0
258.69542979996186,179.9,180.0
258.99665559991263,179.9,180.0
259.31608889997005,179.9,180.0
259.62228070001584,179.8,180.0
259.94310149992816,179.8,180.0
260.2626154999016,179.8,180.0
260.5806229999289,180.0,180.0
260.8832312999293,180.0,180.0
261.20488569990266,180.0,180.0
261.522620899952,179.8,180.0
261.8425466999179,179.8,180.0
262.14885909995064,179.8,180.0
262.45416729990393,180.0,180.0
262.77178820001427,180.0,180.0
263.09346499992535,180.0,180.0
263.39554769999813,179.70000000000002,180.0
263.71688209997956,179.70000000000002,180.0
264.020655100001,179.9,180.0
264.3223082999466,179.9,180.0
264.6441135999048,179.9,180.0
264.9611444999464,179.8,180.0
265.2650784999132,179.8,180.0
265.587638399913,179.8,180.0
265.9061422999948,179.9,180.0
266.20996090001427,179.9,180.0
266.52893499995116,179.9,180.0
266.8307975999778,180.0,180.0
267.1506240000017,180.0,180.0
267.4716523999814,180.0,180.0
267.77440290001687,179.8,180.0
268.09525589994155,179.8,180.0
268.41593739995733,180.10000000000002,180.0
268.7171414999757,180.10000000000002,180.0
269.03861239994876,180.10000000000002,180.0
269.3601264999015,179.8,180.0
269.6622003999073,179.8,180.0
269.98287609999534,179.8,180.0
270.30068049998954,180.10000000000002,180.0
270.61948230001144,180.10000000000002,180.0
270.94001389993355,180.10000000000002,180.0
271.26178459997755,179.8,180.0
271.5668935999274,179.8,180.0
271.88545890001114,179.8,180.0
272.1894117000047,180.0,180.0
272.50663650000934,180.0,180.0
272.8116015999112,180.0,180.0
273.13231689995155,180.0,180.0
273.4346689999802,180.0,180.0
273.75655910000205,179.9,180.0
274.0590055999346,179.9,180.0
274.3799032999668,179.9,180.0
274.70013919996563,180.10000000000002,180.0
275.0019128000131,180.10000000000002,180.0
275.3238849999616,180.10000000000002,180.0
275.62559109996073,179.8,180.0
275.9440948999254,179.8,180.0
276.2672750999918,179.8,180.0
276.56908829999156,180.10000000000002,180.0
276.88693199993577,180.10000000000002,180.0
277.1936270999722,180.10000000000002,180.0
277.5140324999811,179.8,180.0
277.8301744000055,179.8,180.0
278.1343854999868,180.0,180.0
278.456011799979,180.0,180.0
278.75834069994744,180.0,180.0
279.07783119997475,180.0,180.0
279.39867359993514,180.0,180.0
279.71910609991755,180.0,180.0
280.0204575000098,180.0,180.0
280.32795229996555,180.0,180.0
280.6445449999301,180.0,180.0
280.96481489995494,180.10000000000002,180.0
281.2669562000083,180.10000000000002,180.0
281.5877748999046,180.10000000000002,180.0
281.89052709995303,180.0,180.0
282.21154489996843,180.0,180.0
282.51820880000014,180.20000000000002,180.0
282.83366989996284,180.20000000000002,180.0
283.155860299943,180.20000000000002,180.0
283.459281599964,179.9,180.0
283.76462749997154,179.9,180.0
284.0840989999706,179.9,180.0
284.4021874999162,180.20000000000002,180.0
284.70623679994605,180.20000000000002,180.0
285.02498709992506,180.20000000000002,180.0
285.347277999972,179.9,180.0
285.6647131999489,179.9,180.0
285.9699876999948,179.9,180.0
286.2916393999476,180.10000000000002,180.0
286.6074627999915,180.10000000000002,180.0
286.91293899994344,180.10000000000002,180.0
287.2312613999238,180.10000000000002,180.0
287.5344015000155,180.10000000000002,180.0
287.8544014999643,180.0,180.0
288.16056180000305,180.0,180.0
288.46354449994396,180.0,180.0
288.7846162999049,180.20000000000002,180.0
289.1049147999147,180.20000000000002,180.0
289.421118499944,180.20000000000002,180.0
289.7429004999576,179.9,180.0
290.0464809999103,179.9,180.0
290.3674412999535,179.9,180.0
290.6881422000006,180.20000000000002,180.0
291.0054739000043,180.20000000000002,180.0
291.3098110000137,179.9,180.0
291.62714779993985,179.9,180.0
291.93105649994686,179.9,180.0
292.26820069993846,180.20000000000002,180.0
292.57156999991275,180.20000000000002,180.0
292.8748897999758,180.20000000000002,180.0
293.19656229997054,180.0,180.0
293.5169780999422,180.0,180.0
293.83778750000056,180.0,180.0
294.14070499991067,180.10000000000002,180.0
294.45780470001046,180.10000000000002,180.0
294.76377259998117,180.10000000000002,180.0
295.0811753999442,180.20000000000002,180.0
295.4041514999699,180.20000000000002,180.0
295.7219015000155,180.0,180.0
296.00868219998665,180.0,180.0
296.3286090999609,180.0,180.0
296.651563399937,180.3,180.0
296.954820199986,180.3,180.0
297.2721740999259,180.3,180.0
297.57480079995,179.9,180.0
297.89690409996547,179.9,180.0
298.19943779997993,179.9,180.0
298.53475719993,180.20000000000002,180.0
298.84192429995164,180.20000000000002,180.0
299.17556899995543,180.20000000000002,180.0
299.4785228999099,180.0,180.0
299.7981015999103,180.0,180.0
300.1166296999436,180.10000000000002,180.0
300.4221794999903,180.10000000000002,180.0
300.7400211999193,180.10000000000002,180.0
301.04360869992524,180.10000000000002,180.0
301.3642846000148,180.10000000000002,180.0
301.68677179992665,180.10000000000002,180.0
301.98863239993807,180.0,180.0
302.2941865999019,180.0,180.0
302.61109539994504,180.0,180.0
302.93467220000457,180.20000000000002,180.0
303.2382185999304,180.20000000000002,180.0
303.54184439999517,180.20000000000002,180.0
303.87416130001657,179.9,180.0
304.18067129992414,179.9,180.0
304.4994222999085,180.20000000000002,180.0
304.8010637999978,180.20000000000002,180.0
305.1069511999376,180.20000000000002,180.0
305.4254267999204,179.9,180.0
305.7441006000154,179.9,180.0
306.05110529996455,179.9,180.0
306.35227849998046,180.20000000000002,180.0
306.67447269998956,180.20000000000002,180.0
306.9765800999012,180.20000000000002,180.0
307.2969263999257,180.0,180.0
307.61463909992017,180.0,180.0
307.9373444999801,180.0,180.0
308.23783499991987,180.10000000000002,180.0
308.5427189999027,180.10000000000002,180.0
308.8642555999104,180.10000000000002,180.0
309.1815730999224,180.20000000000002,180.0
309.53605329990387,180.20000000000002,182.0
309.7905832999386,180.0,183.0
310.11008709995076,180.0,185.0
310.44579149992205,180.0,187.0
310.73231379990466,180.20000000000002,187.0
311.05492229992524,180.20000000000002,188.0
311.35888899990823,180.20000000000002,189.0
311.6787973999744,179.9,189.0
311.97979069990106,179.9,189.0
312.299830099917,179.9,190.0
312.6069338999223,181.10000000000002,190.0
312.923901299946,181.10000000000002,190.0
313.2281424999237,181.10000000000002,190.0
313.5491605999414,182.8,190.0
313.86981549998745,182.8,190.0
314.1888412999688,183.8,190.0
314.47651009995025,183.8,190.0
314.79534009995405,183.8,190.0
315.11582880001515,185.4,190.0
315.43652370001655,185.4,190.0
315.73993229994085,185.4,190.0
316.041099099908,186.9,190.0
316.3626799999038,186.9,190.0
316.66800119995605,186.9,190.0
316.9854652999202,187.8,190.0
317.2906743999338,187.8,190.0
317.60991529992316,187.8,190.0
317.9276763999369,187.5,190.0
318.2340916999383,187.5,190.0
318.554472799995,187.4,190.0
318.87128739990294,187.4,190.0
319.17428179993294,187.4,190.0
319.49719499994535,186.8,190.0
319.8170066999737,186.8,190.0
320.1176099999575,186.8,190.0
320.4401733999839,187.0,190.0
320.7606605999172,187.0,190.0
321.07690909993835,187.0,190.0
321.3836913999403,187.5,190.0
321.6855609999038,187.5,190.0
322.0039996999549,187.5,190.0
322.31008620001376,187.70000000000002,190.0
322.627020200016,187.70000000000002,190.0
322.94707379990723,188.9,190.0
323.2664645999903,188.9,190.0
323.5573535999283,188.9,190.0
323.8756055999547,189.5,190.0
324.19659669999965,189.5,190.0
324.51583910000045,189.5,190.0
324.8197780000046,190.0,190.0
325.14018250000663,190.0,190.0
325.4442437000107,190.0,190.0
325.76062600000296,189.8,190.0
326.067404899979,189.8,190.0
326.3884156999411,189.8,190.0
326.6924134999281,189.70000000000002,190.0
327.0087436999893,189.70000000000002,190.0
327.3291830999078,189.70000000000002,190.0
327.6503206999041,189.0,190.0
327.9548720999155,189.0,190.0
328.27397569990717,189.20000000000002,190.0
328.5768618999282,189.20000000000002,190.0
328.8981308999937,189.20000000000002,190.0
329.2143183000153,189.60000000000002,190.0
329.5215886000078,189.60000000000002,190.0
329.82254159997683,189.60000000000002,190.0
330.1435307000065,189.70000000000002,190.0
330.46369169990066,189.70000000000002,190.0
330.78419939999003,189.70000000000002,190.0
331.0702699999092,190.60000000000002,190.0
331.39050330000464,190.60000000000002,190.0
331.71163799997885,190.60000000000002,190.0
332.029854399967,190.9,190.0
332.3353059999645,190.9,190.0
332.65522399998736,191.3,190.0
332.9753226999892,191.3,190.0
333.2773060000036,191.3,190.0
333.59740329999477,191.0,190.0
333.91701879992615,191.0,190.0
334.23814659996424,191.0,190.0
334.5378966999706,191.0,190.0
334.8413201000076,191.0,190.0
335.1646983999526,191.0,190.0
335.4849386999849,190.60000000000002,190.0
335.78734729997814,190.60000000000002,190.0
336.0895104999654,190.60000000000002,190.0
336.4084376000101,190.60000000000002,190.0
336.7312953999499,190.60000000000002,190.0
337.0489788999548,191.10000000000002,190.0
337.3717078999616,191.10000000000002,190.0
337.6886419999646,191.10000000000002,190.0
338.0104250999866,191.10000000000002,190.0
338.31170269998256,191.10000000000002,190.0
338.63476499996614,191.10000000000002,190.0
338.93563259998336,191.8,190.0
339.2569550999906,191.8,190.0
339.57397509994917,191.8,190.0
339.87821250001434,191.8,190.0
340.2151332999347,191.8,190.0
340.518781999941,191.8,190.0
340.8251210999442,192.0,190.0
341.14324939996004,192.0,190.0
341.460220900015,191.60000000000002,190.0
341.76771719998214,191.60000000000002,190.0
342.08387329999823,191.60000000000002,190.0
342.4076670999639,191.60000000000002,190.0
342.71100509993266,191.60000000000002,190.0
343.01511329994537,191.60000000000002,190.0
343.333452599938,191.4,190.0
343.6369362999685,191.4,190.0
343.95536389993504,191.4,190.0
344.2588033999782,191.3,190.0
344.57861590001266,191.3,190.0
344.9003956000088,191.3,190.0
345.2024115999229,191.8,190.0
345.52367619995493,191.8,190.0
345.8428281999659,191.60000000000002,190.0
346.14493029995356,191.60000000000002,190.0
346.4672795999795,191.60000000000002,190.0
346.7704695999855,192.10000000000002,190.0
347.0727413999848,192.10000000000002,190.0
347.394630099996,192.10000000000002,190.0
347.7135554999113,192.0,190.0
348.0195242000045,192.0,190.0
348.33620429993607,192.0,190.0
348.65801979997195,192.10000000000002,190.0
348.9756529999431,192.10000000000002,190.0
349.2820053999312,192.10000000000002,190.0
349.6007800999796,191.70000000000002,190.0
349.90279089997057,191.70000000000002,190.0
350.2224421999417,191.70000000000002,190.0
350.5419247999089,191.70000000000002,190.0
350.8448150999611,191.70000000000002,190.0
351.16810909996275,191.70000000000002,190.0
351.4886208999669,191.70000000000002,190.0
351.79009879997466,191.70000000000002,190.0
352.1103454999393,191.4,190.0
352.4294569999911,191.4,190.0
352.73453419993166,191.4,190.0
353.0555591000011,191.8,190.0
353.3709012999898,191.8,190.0
353.69059439993,191.8,190.0
353.9966695999028,191.60000000000002,190.0
354.31809249997605,191.60000000000002,190.0
354.6341350999428,191.8,190.0
354.9568278999068,191.8,190.0
355.2599528999999,191.8,190.0
355.5619737999514,191.60000000000002,190.0
355.8840936999768,191.60000000000002,190.0
356.20442570000887,191.60000000000002,190.0
356.50828319997527,191.5,190.0
356.8125519999303,191.5,190.0
357.1323508999776,191.5,190.0
357.4502302999608,191.3,190.0
357.7701953999931,191.3,190.0
358.0719334000023,191.3,190.0
358.3934773999499,191.10000000000002,190.0
358.7142957999604,191.10000000000002,190.0
359.0343660999788,191.3,190.0
359.3351640999317,191.3,190.0
359.64058909995947,191.3,190.0
359.9606243999442,191.0,190.0
360.26579639990814,191.0,190.0
360.5821977999294,191.0,190.0
360.902474100003,191.3,190.0
361.2240955999587,191.3,190.0
361.5129348000046,191.3,190.0
361.8305923999287,191.0,190.0
362.1502228999743,191.0,190.0
362.4548469999572,191.0,190.0
362.7732679999899,191.10000000000002,190.0
363.07583380001597,191.10000000000002,190.0
363.39886139996815,191.10000000000002,190.0
363.71938089991454,190.9,190.0
364.02269299991895,190.9,190.0
364.3391538999276,190.8,190.0
364.646123399958,190.8,190.0
364.9472869000165,190.8,190.0
365.2687573999865,190.70000000000002,190.0
365.57038579997607,190.70000000000002,190.0
365.90743399993517,190.70000000000002,190.0
366.2105506999651,190.5,190.0
366.51720539992675,190.5,190.0
366.83282179990783,190.5,190.0
367.15420979994815,190.8,190.0
367.45676570001524,190.8,190.0
367.7778460999252,190.8,190.0
368.0809776999522,190.4,190.0
368.4016102999449,190.4,190.0
368.70700729999226,190.70000000000002,190.0
369.02533460000996,190.70000000000002,190.0
369.34490529994946,190.70000000000002,190.0
369.64889859990217,190.4,190.0
369.96700109995436,190.4,190.0
370.2872185999295,190.4,190.0
370.6099894999061,190.5,190.0
370.9125853999285,190.5,190.0
371.22924379992764,190.5,190.0
371.53310409991536,190.4,190.0
371.85629859997425,190.4,190.0
372.1602880000137,190.4,190.0
372.4771817999426,190.20000000000002,190.0
372.7840506999055,190.20000000000002,190.0
373.102387299994,190.3,190.0
373.42206419992726,190.3,190.0
373.7247223999584,190.3,190.0
374.03070289990865,190.0,190.0
374.346948399907,190.0,190.0
374.66739319998305,190.0,190.0
374.97461209993344,190.4,190.0
375.29357969993725,190.4,190.0
375.5946249999106,190.4,190.0
375.9169705999084,190.0,190.0
376.21872629993595,190.0,190.0
376.54078549996484,190.0,190.0
376.86080089991447,190.3,190.0
377.1779174999101,190.3,190.0
377.4808559999801,190.10000000000002,190.0
377.80133689998183,190.10000000000002,190.0
378.12156839994714,190.10000000000002,190.0
378.4395423999522,190.10000000000002,190.0
378.75954220001586,190.10000000000002,190.0
379.06293449993245,190.10000000000002,190.0
379.3855653000064,190.10000000000002,190.0
379.70698479993735,190.10000000000002,190.0
380.02238589990884,190.10000000000002,190.0
380.34266989992466,189.9,190.0
380.64993919990957,189.9,190.0
380.95255069993436,189.9,190.0
381.2693726000143,190.20000000000002,190.0
381.5744257000042,190.20000000000002,190.0
381.9097561999224,189.8,190.0
382.23146859998815,189.8,190.0
382.53397449990734,189.8,190.0
382.8563908999786,190.10000000000002,190.0
383.17522510001436,190.10000000000002,190.0
383.49209549999796,190.10000000000002,190.0
383.79547129990533,189.8,190.0
384.11669159994926,189.8,190.0
384.4222208999563,189.8,190.0
384.7399734999053,190.0,190.0
385.0612922,190.0,190.0
385.38242739997804,190.0,190.0
385.69983930001035,189.9,190.0
386.02102909993846,189.9,190.0
386.3086086999392,189.9,190.0
386.6258795999456,189.9,190.0
386.9463201999897,189.9,190.0
387.2656842999859,190.0,190.0
387.57234079996124,190.0,190.0
387.87519109994173,190.0,190.0
388.194812099915,189.70000000000002,190.0
388.5138843000168,189.70000000000002,190.0
388.81739989994094,189.70000000000002,190.0
389.12050319998525,190.0,190.0
389.4398483999539,190.0,190.0
389.7607440999709,190.0,190.0
390.08180679997895,189.70000000000002,190.0
390.3838569999207,189.70000000000002,190.0
390.70438639994245,190.0,190.0
391.02578819997143,190.0,190.0
391.3429680999834,190.0,190.0
391.64961329998914,189.70000000000002,190.0
391.967491599964,189.70000000000002,190.0
392.2730842999881,189.70000000000002,190.0
392.5743920999812,189.8,190.0
392.89511319994926,189.8,190.0
393.2124706999166,189.8,190.0
393.53453389997594,189.9,190.0
393.8419789999025,189.9,190.0
394.1560274999356,189.9,190.0
394.47590469999705,189.70000000000002,190.0
394.79659149993677,189.70000000000002,190.0
395.09969539998565,189.9,190.0
395.4059699999634,189.9,190.0
395.72251659992617,189.9,190.0
396.0297902999446,189.60000000000002,190.0
396.3471892999951,189.60000000000002,190.0
396.66850309993606,189.60000000000002,190.0
396.9874988999218,189.9,190.0
397.28906619991176,189.9,190.0
397.6093381999526,189.9,190.0
397.9309825999662,189.60000000000002,190.0
398.25148729991633,189.60000000000002,190.0
398.55357999994885,189.60000000000002,190.0
398.875601299922,189.8,190.0
399.1931761999149,189.8,190.0
399.5133488000138,189.70000000000002,190.0
399.81618460000027,189.70000000000002,190.0
400.1374042999232,189.70000000000002,190.0
400.4562061999459,189.70000000000002,190.0
400.77684319997206,189.70000000000002,190.0
401.09455939999316,189.70000000000002,190.0
401.39982960000634,189.8,190.0
401.70471499999985,189.8,190.0
402.0226842999691,189.8,190.0
402.3407753999345,189.60000000000002,190.0
402.6471681999974,189.60000000000002,190.0
402.9521498999093,189.60000000000002,190.0
403.2714845999144,189.9,190.0
403.58904619992245,189.9,190.0
403.894450499909,189.60000000000002,190.0
404.21468939993065,189.60000000000002,190.0
404.51642329990864,189.60000000000002,190.0
404.83814249990974,189.8,190.0
405.14307190000545,189.8,190.0
405.45842929999344,189.8,190.0
405.77844679995906,189.70000000000002,190.0
406.09963409998454,189.70000000000002,190.0
406.419937599916,189.70000000000002,190.0
406.7215711999452,189.70000000000002,190.0
407.04123879992403,189.70000000000002,190.0
407.36195489997044,189.70000000000002,190.0
407.68274989991914,189.70000000000002,190.0
407.98739679995924,189.70000000000002,190.0
408.30803680000827,189.60000000000002,190.0
408.6095565999858,189.60000000000002,190.0
408.92788969993126,189.60000000000002,190.0
409.24729669990484,189.8,190.0
409.55462399998214,189.8,190.0
409.8575711000012,189.8,190.0
410.1749415999511,189.5,190.0
410.4987935000099,189.5,190.0
410.8002443999285,189.5,190.0
411.1207307999721,189.8,190.0
411.4409616999328,189.8,190.0
411.75774559995625,189.8,190.0
412.06416989990976,189.5,190.0
412.38444469997194,189.5,190.0
412.7029551999876,189.70000000000002,190.0
413.02338769997004,189.70000000000002,190.0
413.32575309998356,189.70000000000002,190.0
413.64601359993685,189.60000000000002,190.0
413.96581949992105,189.60000000000002,190.0
414.268017699942,189.60000000000002,190.0
414.5740145999007,189.60000000000002,190.0
414.8952212999575,189.60000000000002,190.0
415.21065639995504,189.60000000000002,190.0
415.5312106999336,189.8,190.0
415.8368582999101,189.8,190.0
416.1387054999359,189.8,190.0
416.4604724999517,189.60000000000002,190.0
416.7775028999895,189.60000000000002,190.0
417.0999537999742,189.9,190.0
417.4176056999713,189.9,190.0
417.7393383999588,189.9,190.0
418.02700209990144,189.60000000000002,190.0
418.3474882999435,189.60000000000002,190.0
418.6641865000129,189.60000000000002,190.0
418.98429439996835,189.9,190.0
419.27500499994494,189.9,190.0
419.5910257999785,189.9,190.0
419.9119683000026,189.70000000000002,190.0
420.2327263999032,189.70000000000002,190.0
420.5370743999956,189.70000000000002,190.0
420.8426347000059,189.8,190.0
421.1605540999444,189.8,190.0
421.48117029992864,189.9,190.0
421.79716879990883,189.9,190.0
422.10257350001484,189.9,190.0
422.4220444000093,189.70000000000002,190.0
422.7435041000135,189.70000000000002,190.0
423.0442051999271,189.70000000000002,190.0
423.3664982999908,190.0,190.0
423.6856567999348,190.0,190.0
423.99090659990907,190.0,190.0
424.2941223999951,189.70000000000002,190.0
424.6151885999134,189.70000000000002,190.0
424.9352171999635,189.70000000000002,190.0
425.2352711999556,190.0,190.0
425.55662389995996,190.0,190.0
425.8742110999301,190.0,190.0
426.1776287999237,189.70000000000002,190.0
426.49761289998423,189.70000000000002,190.0
426.81951579998713,189.9,190.0
427.1408627999481,189.9,190.0
427.4415979000041,189.9,190.0
427.74472109996714,189.8,190.0
428.06600919994526,189.8,190.0
428.36887120001484,189.8,190.0
428.6907782999333,189.8,190.0
429.0080612999154,189.8,190.0
429.32852069998626,189.8,190.0
429.63134540000465,190.0,190.0
429.9518727000104,190.0,190.0
430.2702346999431,189.8,190.0
430.5771487999009,189.8,190.0
430.8946592999855,189.8,190.0
431.21659209998325,190.10000000000002,190.0
431.52045859990176,190.10000000000002,190.0
431.8376261999365,190.10000000000002,190.0
432.16041659994517,189.8,190.0
432.4472231999971,189.8,190.0
432.7656208999688,189.8,190.0
433.08534280001186,190.10000000000002,190.0
433.4055293999845,190.10000000000002,190.0
433.7113765999675,190.10000000000002,190.0
434.0290887999581,189.9,190.0
434.35046429990325,189.9,190.0
434.65249359991867,189.9,190.0
434.9727079999866,189.9,190.0
435.29436940001324,189.9,190.0
435.59559589996934,190.0,190.0
435.9150186999468,190.0,190.0
436.2205599999288,190.0,190.0
436.537731599994,189.9,190.0
436.8408519999357,189.9,190.0
437.16189709992614,189.9,190.0
437.4686110999901,190.10000000000002,190.0
437.7882950999774,190.10000000000002,190.0
438.10617439995985,190.10000000000002,190.0
438.4277924000053,189.9,190.0
438.7320432999404,189.9,190.0
439.04710929992143,189.9,190.0
439.36829339992255,190.20000000000002,190.0
439.69015759998,190.20000000000002,190.0
440.0088918999536,189.9,190.0
440.314480299945,189.9,190.0
440.6303961999947,189.9,190.0
440.9505247999914,190.10000000000002,190.0
441.27181780000683,190.10000000000002,190.0
441.5930070999311,190.10000000000002,190.0
441.8947493999731,190.0,190.0
442.1994748999132,190.0,190.0
442.51726210000925,190.0,190.0
442.8386335999239,190.0,190.0
443.1404820999596,190.0,190.0
443.44665569998324,190.0,190.0
443.7672437999863,190.20000000000002,190.0
444.0839328999864,190.20000000000002,190.0
444.4040416999487,190.0,190.0
444.6909137999173,190.0,190.0
445.0111432999838,190.0,190.0
445.3323520999402,190.3,190.0
445.65093479992356,190.3,190.0
445.97108719998505,190.3,190.0
446.2773716999218,190.0,190.0
446.5972696999088,190.0,190.0
446.9169518999988,190.0,190.0
447.23340229992755,190.20000000000002,190.0
447.5400573000079,190.20000000000002,190.0
447.84315580001567,190.20000000000002,190.0
448.1602676999755,190.0,190.0
448.4670809999807,190.0,190.0
448.78696119994856,190.20000000000002,190.0
449.10598270001356,190.20000000000002,190.0
449.40832149994094,190.20000000000002,190.0
449.7281808999833,190.20000000000002,190.0
450.04875789990183,190.20000000000002,190.0
450.36928719992284,190.20000000000002,190.0
450.6732498999918,190.0,190.0
450.9939208999276,190.0,190.0
451.2936410999391,190.0,190.0
451.61421979998704,190.3,190.0
451.93270020000637,190.3,190.0
452.2366680999985,190.3,190.0
452.54468059993815,190.0,190.0
452.8623373999726,190.0,190.0
453.1830580999376,190.3,190.0
453.48544239997864,190.3,190.0
453.8044119999977,190.3,190.0
454.1254459999036,190.0,190.0
454.42710839991923,190.0,190.0
454.7502353999298,190.0,190.0
455.05240539996885,190.20000000000002,190.0
455.35746570001356,190.20000000000002,190.0
455.67623569990974,190.20000000000002,190.0
455.9978546999628,190.10000000000002,190.0
456.3144054999575,190.10000000000002,190.0
456.6357722999528,190.10000000000002,190.0
456.9397837999277,190.10000000000002,190.0
457.2610666999826,190.10000000000002,190.0
457.5774910999462,190.3,190.0
457.88196809997316,190.3,190.0
458.18416639999487,190.3,190.0
458.50455289997626,190.10000000000002,190.0
458.82765059999656,190.10000000000002,190.0
459.1289234999567,190.10000000000002,190.0
459.451312799938,190.4,190.0
459.7525079000043,190.4,190.0
460.07256659993436,190.4,190.0
460.39401759998873,190.0,190.0
460.71402889990713,190.0,190.0
461.0164024999831,190.0,190.0
461.3373721999815,190.3,190.0
461.6393880000105,190.3,190.0
461.9614543999778,190.0,190.0
462.2773336999817,190.0,190.0
462.5835765999509,190.0,190.0
462.8885082999477,190.20000000000002,190.0
463.2047617000062,190.20000000000002,190.0
463.52813220000826,190.20000000000002,190.0
463.82766720000654,190.20000000000002,190.0
464.1490333999973,190.20000000000002,190.0
464.4689672999084,190.20000000000002,190.0
464.77475450001657,190.10000000000002,190.0
465.09399919991847,190.10000000000002,190.0
465.41156409995165,190.10000000000002,190.0
465.73051279992796,190.3,190.0
466.0363533999771,190.3,190.0
466.3555997000076,189.9,190.0
466.660414999933,189.9,190.0
466.97702469991054,189.9,190.0
467.28175490000285,190.3,190.0
467.60399639990646,190.3,190.0
467.92270070000086,190.3,190.0
468.2580364999594,189.9,190.0
468.5640432999935,189.9,190.0
468.88198629999533,189.9,190.0
469.20193749992177,190.20000000000002,190.0
469.50421319995075,190.20000000000002,190.0
469.8248992000008,190.20000000000002,190.0
470.12744949990883,190.10000000000002,190.0
470.44814719993155,190.10000000000002,190.0
470.75295039999764,190.10000000000002,190.0
471.0696871000109,190.10000000000002,190.0
471.3918190000113,190.10000000000002,190.0
471.69609430001583,190.3,190.0
472.0151821000036,190.3,190.0
472.3207959999563,190.3,190.0
472.6368214999093,190.0,190.0
472.9581857000012,190.0,190.0
473.2792046999093,190.0,190.0
473.5995141000021,190.3,190.0
473.90311869990546,190.3,190.0
474.22073579998687,190.3,190.0
474.5405540999491,190.0,190.0
474.86130439990666,190.0,190.0
475.17866390000563,190.20000000000002,190.0
475.48521369998343,190.20000000000002,190.0
475.80625809996855,190.20000000000002,190.0
476.1071817999473,190.0,190.0
476.42854039999656,190.0,190.0
476.74561729992274,190.0,190.0
477.0487528999802,190.10000000000002,190.0
477.35423940001056,190.10000000000002,190.0
477.6740438999841,190.10000000000002,190.0
477.99344599992037,190.10000000000002,190.0
478.3162330999039,190.10000000000002,190.0
478.6002216999186,190.10000000000002,190.0
478.9209841999691,190.0,190.0
479.2419701999752,190.0,190.0
479.56167319999076,190.20000000000002,190.0
479.86625979992095,190.20000000000002,190.0
480.16688839998096,190.20000000000002,190.0
480.4891962999245,189.9,190.0
480.80631369992625,189.9,190.0
481.1282040999504,189.9,190.0
481.4296825999627,190.20000000000002,190.0
481.7508829999715,190.20000000000002,190.0
482.0710050999187,190.20000000000002,190.0
482.3755306999665,189.8,190.0
482.6939456999535,189.8,190.0
483.0145251000067,189.8,190.0
483.33620429993607,190.10000000000002,190.0
483.63653209991753,190.10000000000002,190.0
483.9561832000036,189.9,190.0
484.27525159996003,189.9,190.0
484.58281920000445,189.9,190.0
484.9016562999459,190.0,190.0
485.20473619992845,190.0,190.0
485.5234408999095,190.0,190.0
485.841860699933,190.10000000000002,190.0
486.1499408999225,190.10000000000002,190.0
486.4675538999727,190.10000000000002,190.0
486.78931849997025,189.9,190.0
487.10753899998963,189.9,190.0
487.4274595999159,189.9,190.0
487.7453011999605,190.20000000000002,190.0
488.05181029997766,190.20000000000002,190.0
488.35298999992665,189.8,190.0
488.67564729996957,189.8,190.0
488.99399350001477,189.8,190.0
489.31470499990974,190.10000000000002,190.0
489.6327061000047,190.10000000000002,190.0
489.95072699990124,190.10000000000002,190.0
490.2726705999812,189.8,190.0
490.5784635999007,189.8,190.0
490.8951996999094,189.8,190.0
491.2164082999807,190.0,190.0
491.53335069993045,190.0,190.0
491.8379192999564,190.0,190.0
492.1589815999614,190.0,190.0
492.4652495000046,190.0,190.0
492.78364199993666,189.9,190.0
493.1003298999276,189.9,190.0
493.42007310001645,189.9,190.0
493.72376029996667,190.10000000000002,190.0
494.06117120001,190.10000000000002,190.0
494.36426840000786,190.10000000000002,190.0
494.66942449996714,189.8,190.0
494.9895978999557,189.8,190.0
495.3073626999976,189.8,190.0
495.6294999999227,190.20000000000002,190.0
495.93417579995,190.20000000000002,190.0
496.25284709990956,190.20000000000002,190.0
496.57065359991975,189.8,190.0
496.8917309999233,189.8,190.0
497.19301099993754,190.10000000000002,190.0
497.5004087999696,190.10000000000002,190.0
497.816479699919,190.10000000000002,190.0
498.12454449990764,189.9,190.0
498.44074859994,189.9,190.0
498.7623582999222,189.9,190.0
499.07985129998997,190.0,190.0
499.40235059999395,190.0,190.0
499.7045983999269,190.0,190.0
500.02539439999964,190.10000000000002,190.0
500.32668139995076,190.10000000000002,190.0
500.64648969995324,190.10000000000002,190.0
500.95215129991993,189.9,190.0
501.2719927999424,189.9,190.0
501.59386269992683,190.20000000000002,190.0
501.90920759993605,190.20000000000002,190.0
502.2152286999626,190.20000000000002,190.0
502.53656279994175,189.9,190.0
502.85590709990356,189.9,190.0
503.1730510999914,189.9,190.0
503.49486779992003,190.20000000000002,190.0
503.797997299931,190.20000000000002,190.0
504.1195085999789,190.20000000000002,190.0
504.4357763999142,189.9,190.0
504.75798669992946,189.9,190.0
505.07892739993986,190.0,190.0
505.3808140999172,190.0,190.0
505.70017819991335,190.0,190.0
506.02158409997355,190.0,190.0
506.34090619999915,190.0,190.0
506.64299580000807,190.0,190.0
506.9612385999644,189.9,190.0
507.26856759993825,189.9,190.0
507.5700307999505,189.9,190.0
507.8897170999553,190.10000000000002,190.0
508.20906569994986,190.10000000000002,190.0
508.53027859993745,190.10000000000002,190.0
508.8320259999018,189.8,190.0
509.1396655999124,189.8,190.0
509.4564865999855,190.20000000000002,190.0
509.7791738999076,190.20000000000002,190.0
510.07954810000956,190.20000000000002,190.0
510.40063129994087,189.9,190.0
510.70439209998585,189.9,190.0
511.02258999994956,189.9,190.0
511.3279891000129,190.10000000000002,190.0
511.64786629995797,190.10000000000002,190.0
511.96988799993414,190.10000000000002,190.0
512.2704677999718,189.9,190.0
512.5904677999206,189.9,190.0
512.9094059999334,189.9,190.0
513.2285336999921,190.0,190.0
513.5346812999342,190.0,190.0
513.8382216999307,190.0,190.0
514.1577083999291,190.10000000000002,190.0
514.475369199994,190.10000000000002,190.0
514.795683400007,189.9,190.0
515.1025095999939,189.9,190.0
515.4046316000167,189.9,190.0
515.7267298999941,190.20000000000002,190.0
516.043038600008,190.20000000000002,190.0
516.3627764999401,190.20000000000002,190.0
516.6853671999415,189.9,190.0
516.986368099926,189.9,190.0
517.2898717999924,189.9,190.0
517.626064299955,190.10000000000002,190.0
517.9333008999238,190.10000000000002,190.0
518.2350527999224,190.10000000000002,190.0
518.5558517999016,189.9,190.0
518.8740042999852,189.9,190.0
519.1774387999903,190.10000000000002,190.0
519.4801620999351,190.10000000000002,190.0
519.803180799936,190.10000000000002,190.0
520.1227050999878,190.0,190.0
520.4391456999583,190.0,190.0
520.7607703999383,190.0,190.0
521.065073399921,190.0,190.0
521.3846340999007,190.0,190.0
521.70389289991,190.0,190.0
522.0090587999439,190.10000000000002,190.0
522.3099045999115,190.10000000000002,190.0
522.6308576000156,190.10000000000002,190.0
522.9491627999814,189.8,190.0
523.2692473999923,189.8,190.0
523.5763996000169,190.20000000000002,190.0
523.8930600999156,190.20000000000002,190.0
524.2137261999305,190.20000000000002,190.0
524.5349133999553,189.9,190.0
524.8423162999097,189.9,190.0
525.1585797999287,189.9,190.0
525.4753909999272,190.20000000000002,190.0
525.7948195999488,190.20000000000002,190.0
526.0999203999527,190.20000000000002,190.0
526.4223124999553,190.0,190.0
526.7212924999185,190.0,190.0
527.0439315999392,190.10000000000002,190.0
527.3644408999244,190.10000000000002,190.0
527.6849147999892,190.10000000000002,190.0
527.9856602000073,190.20000000000002,190.0
528.2914872999536,190.20000000000002,190.0
528.6107747999486,190.20000000000002,190.0
528.9310778999934,190.0,190.0
529.2355182999745,190.0,190.0
529.5520992999664,190.0,190.0
529.8751907999394,190.20000000000002,190.0
530.1937631999608,190.20000000000002,190.0
530.5131729999557,190.20000000000002,190.0
530.8187596999342,189.9,190.0
531.1348736999789,189.9,190.0
531.4417195999995,189.9,190.0
531.7619182999479,190.20000000000002,190.0
532.063942699926,190.20000000000002,190.0
532.3843963999534,189.9,190.0
532.7027691999683,189.9,190.0
533.0220932000084,189.9,190.0
533.3288519999478,190.10000000000002,190.0
533.6443413000088,190.10000000000002,190.0
533.9662988999626,190.10000000000002,190.0
534.288220699993,190.10000000000002,190.0
534.5883192999754,190.10000000000002,190.0
534.9087511999533,190.10000000000002,190.0
535.2281744999345,190.0,190.0
535.5350182999391,190.0,190.0
535.8547371999593,190.10000000000002,190.0
536.1576266000047,190.10000000000002,190.0
536.4739662999054,190.10000000000002,190.0
536.7811700999737,189.9,190.0
537.0981305999449,189.9,190.0
537.4213547999971,189.9,190.0
537.7222632999765,190.20000000000002,190.0
538.0428386999993,190.20000000000002,190.0
538.3480598999886,190.20000000000002,190.0
538.6682045999914,189.9,190.0
538.9843402999686,189.9,190.0
539.2900056999642,189.9,190.0
539.610213899985,190.10000000000002,190.0
539.9303071999457,190.10000000000002,190.0
540.2338627999416,190.10000000000002,190.0
540.5537873000139,190.0,190.0
540.8749864000129,190.0,190.0
541.1782920999685,190.10000000000002,190.0
541.4803204999771,190.10000000000002,190.0
541.7982877999311,190.10000000000002,190.0
542.1187909999862,190.10000000000002,190.0
542.4408356999047,190.10000000000002,190.0
542.7456844999688,190.10000000000002,190.0
543.0473063999088,190.0,190.0
543.3678451000014,190.0,190.0
543.6882173999911,190.0,190.0
543.9887292999774,190.20000000000002,190.0
544.3091016999679,190.20000000000002,190.0
544.6309860999463,190.20000000000002,190.0
544.9319627999794,189.8,190.0
545.2554473999189,189.8,190.0
545.5744844999863,190.20000000000002,190.0
545.8909584999783,190.20000000000002,190.0
546.1817155999597,190.20000000000002,190.0
546.4981782999821,189.9,190.0
546.8194556999952,189.9,190.0
547.1416514000157,189.9,190.0
547.4577208999544,190.10000000000002,190.0
547.7610248000128,190.10000000000002,190.0
548.0828281999566,190.10000000000002,190.0
548.403165299911,190.0,190.0
548.7217853999464,190.0,190.0
549.0433884999948,189.9,190.0
549.3607499999925,189.9,190.0
549.6804701999063,189.9,190.0
550.0013551999582,190.10000000000002,190.0
550.3044286000077,190.10000000000002,190.0
550.6228680999484,190.10000000000002,190.0
550.9461371999932,189.9,190.0
551.2666708999313,189.9,190.0
551.5835366999963,189.9,190.0
551.8900242999662,190.20000000000002,190.0
552.2069407999516,190.20000000000002,190.0
552.5290397999343,190.20000000000002,190.0
552.8473081999691,189.8,190.0
553.1693003999535,189.8,190.0
553.4857188999886,190.10000000000002,190.0
553.8084660000168,190.10000000000002,190.0
554.1251466999529,190.10000000000002,190.0
554.4279557999689,189.9,190.0
554.7351610999322,189.9,190.0
555.0558956000023,189.9,190.0
555.3733586999588,190.0,190.0
555.6952097999165,190.0,190.0
555.9972489000065,190.0,190.0
556.318787499913,190.0,190.0
556.6356473999331,190.0,190.0
556.9557162999408,190.0,190.0
557.2741552999942,189.9,190.0
557.5974540999159,189.9,190.0
557.8974615999032,190.10000000000002,190.0
558.2022950999672,190.10000000000002,190.0
558.5222367999377,190.10000000000002,190.0
558.8405063999817,189.8,190.0
559.1470610999968,189.8,190.0
559.4505218999693,189.8,190.0
559.7685683999443,190.10000000000002,190.0
560.0891760999803,190.10000000000002,190.0
560.3940002999734,190.10000000000002,190.0
560.7137568999315,189.8,190.0
561.0152878999943,189.8,190.0
561.3376914999681,189.8,190.0
561.6565389999887,190.0,190.0
561.9623776999069,190.0,190.0
562.2645049999701,189.9,190.0
562.5826237999136,189.9,190.0
562.9025319999782,189.9,190.0
563.2231368999928,189.9,190.0
563.5421851999126,189.9,190.0
563.8469054999296,189.9,190.0
564.1673118999461,190.10000000000002,190.0
564.4680089999456,190.10000000000002,190.0
564.7888135999674,190.10000000000002,190.0
565.0923780999146,189.8,190.0
565.4131882999791,189.8,190.0
565.7185507999966,189.8,190.0
566.035889599938,190.20000000000002,190.0
566.3558171999175,190.20000000000002,190.0
566.6619768999517,189.9,190.0
566.9804038999137,189.9,190.0
567.2825814000098,189.9,190.0
567.6037416999461,190.10000000000002,190.0
567.9094568999717,190.10000000000002,190.0
568.2297446000157,190.10000000000002,190.0
568.5301269999472,189.9,190.0
568.8514968999662,189.9,190.0
569.1718214999419,189.9,190.0
569.473946699989,190.0,190.0
569.7794562999625,190.0,190.0
570.0984456000151,190.0,190.0
570.4158456999576,190.10000000000002,190.0
570.7367994999513,190.10000000000002,190.0
571.0561715000076,189.9,190.0
571.3784546999959,189.9,190.0
571.6649544999236,189.9,190.0
571.9825179999461,190.20000000000002,190.0
572.3038428999716,190.20000000000002,190.0
572.6253612999571,190.20000000000002,190.0
572.9281509999419,189.8,190.0
573.2461685999297,189.8,190.0
573.5683103000047,189.8,190.0
573.8711860999465,190.20000000000002,190.0
574.1888064999366,190.20000000000002,190.0
574.5097880999092,190.20000000000002,190.0
574.828163899947,189.8,190.0
575.1345621999353,189.8,190.0
575.4373341999017,190.0,190.0
575.7590086999116,190.0,190.0
576.0792101999978,190.0,190.0
576.3795503999572,190.0,190.0
576.7018912999192,190.0,190.0
577.0040926999645,190.0,190.0
577.309527299949,189.9,190.0
577.6279806999955,189.9,190.0
577.9476537000155,189.9,190.0
578.2502608000068,190.10000000000002,190.0
578.5700548000168,190.10000000000002,190.0
578.8923016999615,190.10000000000002,190.0
579.1806818000041,189.9,190.0
579.4987486999016,189.9,190.0
579.8201812999323,189.9,190.0
580.1217967999401,190.3,190.0
580.4410911999876,190.3,190.0
580.7631523999153,189.9,190.0
581.078966400004,189.9,190.0
581.3707724999404,189.9,190.0
581.6885419999016,190.20000000000002,190.0
582.0096691999352,190.20000000000002,190.0
582.3295172000071,190.20000000000002,190.0
582.6314037999837,190.0,190.0
582.9372135999147,190.0,190.0
583.2536150999367,190.0,190.0
583.5749046999263,190.10000000000002,190.0
583.8795966999605,190.10000000000002,190.0
584.1991314999759,190.10000000000002,190.0
584.5020549999317,190.10000000000002,190.0
584.8231863999972,190.10000000000002,190.0
585.1252041999251,190.0,190.0
585.4447860999499,190.0,190.0
585.7631928999908,190.0,190.0
586.0550407000119,190.20000000000002,190.0
586.3730478999205,190.20000000000002,190.0
586.69476819993,190.20000000000002,190.0
587.0109837999335,189.9,190.0
587.3157348999521,189.9,190.0
587.6339060999453,189.9,190.0
587.9552345999982,190.20000000000002,190.0
588.2435711999424,190.20000000000002,190.0
588.5615812999895,190.20000000000002,190.0
588.8824270999758,189.9,190.0
589.1847250999417,189.9,190.0
589.507099499926,189.9,190.0
589.8247021000134,190.10000000000002,190.0
590.1315518999472,190.10000000000002,190.0
590.4321722999448,190.0,190.0
590.7552923999028,190.0,190.0
591.0724470999558,190.0,190.0
591.3791764999041,190.0,190.0
591.6957830999745,190.0,190.0
592.0171202999773,190.0,190.0
592.3049834999256,190.20000000000002,190.0
592.6261506999144,190.20000000000002,190.0
592.9415991000133,190.20000000000002,190.0
593.264860700001,190.0,190.0
593.5653940999182,190.0,190.0
593.8732102999929,190.0,190.0
594.1921526999213,190.3,190.0
594.5083811999066,190.3,190.0
594.8313285999466,190.0,190.0
595.1483377999393,190.0,190.0
595.470739100012,190.0,190.0
595.7887696999824,190.20000000000002,190.0
596.1110398999881,190.20000000000002,190.0
596.4144220999442,190.20000000000002,190.0
596.7188345999457,190.0,190.0
597.0357716999715,190.0,190.0
597.341943699983,190.0,190.0
597.659659900004,190.10000000000002,190.0
597.9801072999835,190.10000000000002,190.0
598.3012220999226,190.10000000000002,190.0
598.5882172000129,190.10000000000002,190.0
598.9079092999455,190.10000000000002,190.0
599.2248860999243,190.0,190.0
599.5476533999899,190.0,190.0
599.8493576999754,190.0,190.0
600.1713668999728,190.20000000000002,190.0
600.4745818999363,190.20000000000002,190.0
600.7761315999087,190.20000000000002,190.0
601.0995612000115,190.0,190.0
601.4180652999785,190.0,190.0
601.7188946999377,190.0,190.0
602.0264973000158,190.20000000000002,190.0
602.3429795999546,190.20000000000002,190.0
602.6651867999462,190.20000000000002,190.0
602.9844875999261,189.9,190.0
603.2896713999799,189.9,190.0
603.5904261999531,190.10000000000002,190.0
603.9091464999365,190.10000000000002,190.0
604.2300310999854,190.10000000000002,190.0
604.536154499976,190.0,190.0
604.8565538999392,190.0,190.0
605.1749047999037,190.0,190.0
605.4957970000105,190.10000000000002,190.0
605.7979390999535,190.10000000000002,190.0
606.1190359999891,190.10000000000002,190.0
606.4220746000065,190.20000000000002,190.0
606.7390764999436,190.20000000000002,190.0
607.0628755999496,190.20000000000002,190.0
607.3628001000034,190.0,190.0
607.6698362999596,190.0,190.0
607.986634299974,190.3,190.0
608.2937464999268,190.3,190.0
608.6134191999445,190.3,190.0
608.9312972999178,189.9,190.0
609.2504279999994,189.9,190.0
609.5536431999644,189.9,190.0
609.8598783999914,190.20000000000002,190.0
610.1770047999453,190.20000000000002,190.0
610.4822792999912,190.20000000000002,190.0
610.8036871999502,189.9,190.0
611.1209853999317,189.9,190.0
611.4235338999424,189.9,190.0
611.7275888000149,190.10000000000002,190.0
612.0474328999408,190.10000000000002,190.0
612.3686624999391,190.10000000000002,190.0
612.6896790999454,190.10000000000002,190.0
613.0063632999081,190.10000000000002,190.0
613.3118880999973,190.0,190.0
613.6317703999812,190.0,190.0
613.9528368999017,190.0,190.0
614.25510509999,190.20000000000002,190.0
614.5764012999134,190.20000000000002,190.0
614.8805673999013,190.20000000000002,190.0
615.1972243000055,189.9,190.0
615.5030198999448,189.9,190.0
615.8225695999572,189.9,190.0
616.1243158999132,190.20000000000002,190.0
616.4452413999243,190.20000000000002,190.0
616.7478363999398,190.20000000000002,190.0
617.069100099965,189.9,190.0
617.3899551999057,189.9,190.0
617.6937283999287,190.10000000000002,190.0
617.995056899963,190.10000000000002,190.0
618.3171778999968,190.10000000000002,190.0
618.6338938999688,190.0,190.0
618.9574422999285,190.0,190.0
619.2599014999578,190.0,190.0
619.5777782999212,190.10000000000002,190.0
619.8994990999345,190.10000000000002,190.0
620.2016886000056,190.10000000000002,190.0
620.5235424999846,190.20000000000002,190.0
620.8414314999245,190.20000000000002,190.0
621.1625436999602,190.20000000000002,190.0
621.4644457999384,190.0,190.0
621.7866304999916,190.0,190.0
622.1068998000119,190.3,190.0
622.4081024999032,190.3,190.0
622.7303662999766,190.3,190.0
623.0334032999817,189.9,190.0
623.3540451999288,189.9,190.0
623.6556740999222,189.9,190.0
623.9773718999932,190.20000000000002,190.0
624.2943955999799,190.20000000000002,190.0
624.6140774999512,190.20000000000002,190.0
624.9018032999011,189.9,190.0
625.2244392000139,189.9,190.0
625.5422697999747,189.9,190.0
625.8468019999564,190.10000000000002,190.0
626.1661977999611,190.10000000000002,190.0
626.4706812999211,190.0,190.0
626.7872854999732,190.0,190.0
627.1106164999073,190.0,190.0
627.4131631999044,189.9,190.0
627.7320623999694,189.9,190.0
628.0535844999831,189.9,190.0
628.3581859999103,190.20000000000002,190.0
628.674089099979,190.20000000000002,190.0
628.981729399995,190.20000000000002,190.0
629.2994747000048,189.8,190.0
629.6200658999151,189.8,190.0
629.9402075000107,189.8,190.0
630.2277338999556,190.10000000000002,190.0
630.5470671999501,190.10000000000002,190.0
630.8663614999969,189.8,190.0
631.1845390999224,189.8,190.0
631.4906865999801,189.8,190.0
631.8108924999833,190.10000000000002,190.0
632.1122024999931,190.10000000000002,190.0
632.4300586999161,190.10000000000002,190.0
632.7504206999438,190.0,190.0
633.0566954999231,190.0,190.0
633.358353999909,190.0,190.0
633.6816686999518,189.9,190.0
633.9996731999563,189.9,190.0
634.3207086999901,189.9,190.0
634.6240718999179,190.10000000000002,190.0
634.9420060999691,190.10000000000002,190.0
635.2640687999083,189.9,190.0
635.5663248999044,189.9,190.0
635.885567799909,189.9,190.0
636.2034009000054,190.10000000000002,190.0
636.4910846999846,190.10000000000002,190.0
636.8278617999749,190.10000000000002,190.0
637.1339776999084,189.8,190.0
637.4358444999671,189.8,190.0
637.7579983999021,189.8,190.0
638.0767717999406,190.10000000000002,190.0
638.3780139000155,190.10000000000002,190.0
638.7008647999028,190.10000000000002,190.0
639.003461599932,189.9,190.0
639.3236324999016,189.9,190.0
639.6274454999948,189.9,190.0
639.9449029999087,190.0,190.0
640.2668759999797,190.0,190.0
640.569943599985,190.0,190.0
640.8886922999518,190.0,190.0
641.2087805999909,190.0,190.0
641.5288701999234,189.9,190.0
641.8512759999139,189.9,190.0
642.1530644999584,189.9,190.0
642.4718084000051,190.10000000000002,190.0
642.792489000014,190.10000000000002,190.0
643.1144230999053,190.10000000000002,190.0
643.4011425999925,189.8,190.0
643.7180319000036,189.8,190.0
644.0391569999047,189.8,190.0
644.3601530999877,190.10000000000002,190.0
644.6616224999307,190.10000000000002,190.0
644.9683779999614,189.8,190.0
645.2861180999316,189.8,190.0
645.5915903999703,189.8,190.0
645.9093173999572,190.0,190.0
646.2310134000145,190.0,190.0
646.5333693999564,190.0,190.0
646.8523348999443,189.9,190.0
647.1547194999876,189.9,190.0
647.4609117999207,189.9,190.0
647.7787362999516,190.0,190.0
648.1008824999444,190.0,190.0
648.4178869999014,190.0,190.0
648.7253834999865,190.10000000000002,190.0
649.0441122999182,190.10000000000002,190.0
649.363896099967,189.9,190.0
649.6523434999399,189.9,190.0
649.9687651999993,189.9,190.0
650.2923905999633,190.10000000000002,190.0
650.5945652999217,190.10000000000002,190.0
650.9147627999773,190.10000000000002,190.0
651.2330128999893,189.8,190.0
651.5356896999292,189.8,190.0
651.843672499992,189.8,190.0
652.160502799903,190.10000000000002,190.0
652.4647856999654,190.10000000000002,190.0
652.7853848999366,190.10000000000002,190.0
653.1032151000109,189.8,190.0
653.4238098999485,189.8,190.0
653.7458388999803,190.0,190.0
654.0624090000056,190.0,190.0
654.3655846999027,190.0,190.0
654.6707418999868,190.0,190.0
654.9908845999744,190.0,190.0
655.3096600999124,190.0,190.0
655.6126066999277,189.9,190.0
655.9354745999444,189.9,190.0
656.2543636999326,189.9,190.0
656.5417873999104,190.10000000000002,190.0
656.8590145999333,190.10000000000002,190.0
657.1806840999052,190.10000000000002,190.0
657.4833665000042,189.8,190.0
657.8055628999136,189.8,190.0
658.1249748999253,189.8,190.0
658.441790599958,190.10000000000002,190.0
658.7648136999924,190.10000000000002,190.0
659.065807399922,189.8,190.0
659.3732470999239,189.8,190.0
659.6915610999567,189.8,190.0
660.0128395999782,190.10000000000002,190.0
660.3146661999635,190.10000000000002,190.0
660.6340831000125,190.10000000000002,190.0
660.9546639999608,189.9,190.0
661.2561505999183,189.9,190.0
661.5593208000064,189.9,190.0
661.8806349999504,190.0,190.0
662.1989643999841,190.0,190.0
662.5065913000144,190.0,190.0
662.825966799981,190.10000000000002,190.0
663.1278076999588,190.10000000000002,190.0
663.4482514999108,189.9,190.0
663.7502457000082,189.9,190.0
664.0715874999296,189.9,190.0
664.3921977999853,190.10000000000002,190.0
664.6941051000031,190.10000000000002,190.0
664.9991774999071,190.10000000000002,190.0
665.317373399972,189.8,190.0
665.636454799911,189.8,190.0
665.9438007000135,189.8,190.0
666.2460266000126,190.10000000000002,190.0
666.5674440999283,190.10000000000002,190.0
666.8856740999036,190.10000000000002,190.0
667.1902820999967,189.8,190.0
667.5062890999252,189.8,190.0
667.8102270999225,190.0,190.0
668.1168003999628,190.0,190.0
668.4379675999517,190.0,190.0
668.7542144999607,190.0,190.0
669.0751324999146,190.0,190.0
669.3808279999066,190.0,190.0
669.6827853999566,189.9,190.0
670.0027523000026,189.9,190.0
670.3242103999946,189.9,190.0
670.6411422999809,190.10000000000002,190.0
670.9461514999857,190.10000000000002,190.0
671.2497408000054,190.10000000000002,190.0
671.5671182000078,189.8,190.0
671.8879530999111,189.8,190.0
672.2098005999578,190.10000000000002,190.0
672.5262599999551,190.10000000000002,190.0
672.8298398999032,190.10000000000002,190.0
673.1507723999675,189.8,190.0
673.4552436999511,189.8,190.0
673.776657099952,189.8,190.0
674.0769260999514,190.10000000000002,190.0
674.3980492999544,190.10000000000002,190.0
674.7037654999876,190.10000000000002,190.0
675.0216669999063,190.0,190.0
675.3281322999392,190.0,190.0
675.6450777999125,190.0,190.0
675.9662329999264,190.0,190.0
676.2841801999602,190.0,190.0
676.602849299903,190.0,190.0
676.9074019999243,190.10000000000002,190.0
677.2299380999757,190.10000000000002,190.0
677.5344899999909,189.9,190.0
677.8524134999607,189.9,190.0
678.1726900999201,189.9,190.0
678.4752088999376,190.20000000000002,190.0
678.7783732999815,190.20000000000002,190.0
679.1009973000037,190.20000000000002,190.0
679.4174125000136,189.9,190.0
679.7239161999896,189.9,190.0
680.0415376999881,189.9,190.0
680.3631775999675,190.20000000000002,190.0
680.6502930999268,190.20000000000002,190.0
680.971352799912,190.20000000000002,190.0
681.2895691000158,189.9,190.0
681.6100897999713,189.9,190.0
681.9110175999813,190.10000000000002,190.0
682.2186115999939,190.10000000000002,190.0
682.5350969999563,190.10000000000002,190.0
682.8562323999358,190.10000000000002,190.0
683.1738840999315,190.10000000000002,190.0
683.4946374999126,190.10000000000002,190.0
683.7973586999578,190.0,190.0
684.1189401999582,190.0,190.0
684.4401291999966,190.0,190.0
684.757933099987,190.20000000000002,190.0
685.0632822999032,190.20000000000002,190.0
685.3813915000064,190.20000000000002,190.0
685.703370400006,189.9,190.0
686.005100099952,189.9,190.0
686.3111999999965,190.20000000000002,190.0
686.6286542000016,190.20000000000002,190.0
686.9499119999819,190.20000000000002,190.0
687.2526255999692,189.9,190.0
687.5735913999379,189.9,190.0
687.8763289999915,189.9,190.0
688.1937875999138,190.20000000000002,190.0
688.499702299945,190.20000000000002,190.0
688.820001599961,190.20000000000002,190.0
689.1371122999117,190.0,190.0
689.4448210999835,190.0,190.0
689.7634059999837,190.0,190.0
690.0837679000106,190.10000000000002,190.0
690.4038265999407,190.10000000000002,190.0
690.7069250999484,190.20000000000002,190.0
691.0271294999402,190.20000000000002,190.0
691.331339999917,190.20000000000002,190.0
691.6507408999605,190.0,190.0
691.9529585000128,190.0,190.0
692.2727042000042,190.0,190.0
692.5942293999251,190.3,190.0
692.8962268999312,190.3,190.0
693.201539499918,190.3,190.0
693.5210998000111,189.9,190.0
693.8417987999273,189.9,190.0
694.1607628999045,189.9,190.0
694.4466747000115,190.20000000000002,190.0
694.7664213000098,190.20000000000002,190.0
695.0876539999153,189.9,190.0
695.4041410000063,189.9,190.0
695.710641499958,189.9,190.0
696.0321053999942,190.10000000000002,190.0
696.3510478999233,190.10000000000002,190.0
696.6683063999517,190.10000000000002,190.0
696.9871087999782,190.10000000000002,190.0
697.3087507999735,190.10000000000002,190.0
697.6112131999107,190.10000000000002,190.0
697.9333840999752,190.0,190.0
698.2377419999102,190.0,190.0
698.5383787999162,190.0,190.0
698.8604004000081,190.10000000000002,190.0
699.1790284999879,190.10000000000002,190.0
699.5006226999685,189.9,190.0
699.8049935000017,189.9,190.0
700.108421199955,189.9,190.0
700.42572379997,190.20000000000002,190.0
700.7312491999473,190.20000000000002,190.0
701.0480931999628,190.20000000000002,190.0
701.3693442000076,189.9,190.0
701.6880492999917,189.9,190.0
701.9795106999809,189.9,190.0
702.2988661999116,190.20000000000002,190.0
702.6167290000012,190.20000000000002,190.0
702.9356694999151,190.20000000000002,190.0
703.2564614999574,190.0,190.0
703.5776087999111,190.0,190.0
703.8793416999979,190.10000000000002,190.0
704.1812141999835,190.10000000000002,190.0
704.5011980999261,190.10000000000002,190.0
704.8225127999904,190.10000000000002,190.0
705.124398099957,190.10000000000002,190.0
705.4327895999886,190.10000000000002,190.0
705.7513589999871,190.0,190.0
706.0709844999947,190.0,190.0
706.3751620999537,190.0,190.0
706.6928180999821,190.20000000000002,190.0
707.0153231999138,190.20000000000002,190.0
707.3173002999974,190.20000000000002,190.0
707.6369470999343,189.9,190.0
707.9383307999233,189.9,190.0
708.258068599971,189.9,190.0
708.5650086000096,190.20000000000002,190.0
708.8856832999736,190.20000000000002,190.0
709.1887566999067,189.9,190.0
709.5091852999758,189.9,190.0
709.8109950999497,189.9,190.0
710.1317180999322,190.10000000000002,190.0
710.4484018000076,190.10000000000002,190.0
710.7538291999372,190.10000000000002,190.0
711.0747840999393,190.0,190.0
711.3926086999709,190.0,190.0
711.714163800003,190.0,190.0
712.0341106000124,190.0,190.0
712.3392792999512,190.0,190.0
712.6577394999331,190.0,190.0
712.974531399901,190.20000000000002,190.0
713.2800447999034,190.20000000000002,190.0
713.6019066999434,189.9,190.0
713.918338199961,189.9,190.0
714.2384400999872,189.9,190.0
714.5417438999284,190.20000000000002,190.0
714.8649528999813,190.20000000000002,190.0
715.1817382000154,190.20000000000002,190.0
715.4884814999532,189.9,190.0
715.8055119999917,189.9,190.0
716.1081588999368,189.9,190.0
716.431611899985,190.20000000000002,190.0
716.735771699925,190.20000000000002,190.0
717.0518459000159,190.20000000000002,190.0
717.3593104999745,190.0,190.0
717.6791515999939,190.0,190.0
717.9944314999739,190.10000000000002,190.0
718.3148763999343,190.10000000000002,190.0
718.6203745999373,190.10000000000002,190.0
718.9395845999243,190.10000000000002,190.0
719.2604518999578,190.10000000000002,190.0
719.5809485999634,190.10000000000002,190.0
719.882397599984,190.0,190.0
720.2009636999574,190.0,190.0
720.5236923999619,190.0,190.0
720.8402439999627,190.20000000000002,190.0
721.162591899978,190.20000000000002,190.0
721.4653961999575,190.20000000000002,190.0
721.7860541999107,189.9,190.0
722.1046922999667,189.9,190.0
722.4250260000117,190.20000000000002,190.0
722.7301694999915,190.20000000000002,190.0
723.032412200002,190.20000000000002,190.0
723.3516499999678,189.9,190.0
723.6555329000112,189.9,190.0
723.9755458999425,189.9,190.0
724.2968705999665,190.10000000000002,190.0
724.5975414999994,190.10000000000002,190.0
724.9045333999675,190.10000000000002,190.0
725.2250036000041,190.0,190.0
725.5411788999336,190.0,190.0
725.8466149999294,190.0,190.0
726.1642250999575,190.0,190.0
726.4709592999425,190.0,190.0
726.7880739999237,190.10000000000002,190.0
727.093639299972,190.10000000000002,190.0
727.4141227999935,190.10000000000002,190.0
727.7339383999351,189.9,190.0
728.0371669000015,189.9,190.0
728.3579362999881,189.9,190.0
728.6760602999711,190.20000000000002,190.0
728.9974656999111,190.20000000000002,190.0
729.3153725999873,190.20000000000002,190.0
729.6342440999579,189.9,190.0
729.9561130999355,189.9,190.0
730.2444739999482,189.9,190.0
730.564505099901,190.20000000000002,190.0
730.8830205999548,190.20000000000002,190.0
731.2029361999594,189.9,190.0
731.5041471999139,189.9,190.0
731.8261110999156,189.9,190.0
732.1315184999257,190.0,190.0
732.4338548999513,190.0,190.0
732.7515236999607,190.0,190.0
733.0721490000142,190.10000000000002,190.0
733.3945920999395,190.10000000000002,190.0
733.6971199999098,190.10000000000002,190.0
733.9997961999616,189.9,190.0
734.3202913999557,189.9,190.0
734.6261033999035,189.9,190.0
734.9438066999428,190.20000000000002,190.0
735.2650892999955,190.20000000000002,190.0
735.5675828999374,189.9,190.0
735.870892399922,189.9,190.0
736.1914972999366,189.9,190.0
736.5090980000095,190.20000000000002,190.0
736.8280615999829,190.20000000000002,190.0
737.1329049000051,190.20000000000002,190.0
737.4378997000167,189.8,190.0
737.7581624999875,189.8,190.0
738.0775935999118,189.8,190.0
738.3788881999208,190.0,190.0
738.6861903999234,190.0,190.0
739.0035126999719,190.0,190.0
739.3245069999248,189.9,190.0
739.6421198999742,189.9,190.0
739.9637522000121,189.9,190.0
740.2666078999173,189.9,190.0
740.585781199974,189.9,190.0
740.8924725999823,190.10000000000002,190.0
741.2129397999961,190.10000000000002,190.0
741.5154353999533,190.10000000000002,190.0
741.8382156000007,189.9,190.0
742.1530580999097,189.9,190.0
742.4741908999858,189.9,190.0
742.7604842999717,190.20000000000002,190.0
743.0822764999466,190.20000000000002,190.0
743.398743800004,190.20000000000002,190.0
743.7046982999891,189.9,190.0
744.0234289999353,189.9,190.0
744.3290725999977,189.9,190.0
744.6460754999425,190.10000000000002,190.0
744.9529074999737,190.10000000000002,190.0
745.27303079993,189.9,190.0
745.591189699946,189.9,190.0
745.8944135999773,189.9,190.0
746.2169811999192,190.0,190.0
746.518150699907,190.0,190.0
746.8387163999723,190.0,190.0
747.1599367999006,190.0,190.0
747.4780276999809,190.0,190.0
747.7994282,190.0,190.0
748.0834096999606,189.9,190.0
748.404319299967,189.9,190.0
748.7247995999642,189.9,190.0
749.0421035999898,190.10000000000002,190.0
749.3485145999584,190.10000000000002,190.0
749.666853099945,189.8,190.0
749.9879274999257,189.8,190.0
750.2760460999561,189.8,190.0
750.5972245999146,190.10000000000002,190.0
750.9149132999592,190.10000000000002,190.0
751.2346797999926,190.10000000000002,190.0
751.5379724999657,189.8,190.0
751.8430151999928,189.8,190.0
752.1620859999675,189.8,190.0
752.4672915999545,190.0,190.0
752.7860227999045,190.0,190.0
753.1042058999883,190.0,190.0
753.4267473999644,189.9,190.0
753.7275422000093,189.9,190.0
754.0489859000081,189.9,190.0
754.367123199976,189.9,190.0
754.6863405999029,189.9,190.0
754.9933301999699,190.10000000000002,190.0
755.296966599999,190.10000000000002,190.0
755.617266499903,190.10000000000002,190.0
755.933302499936,189.9,190.0
756.2405638999771,189.9,190.0
756.5578259999165,189.9,190.0
756.8605744999368,190.20000000000002,190.0
757.1823561999481,190.20000000000002,190.0
757.5000193999149,190.20000000000002,190.0
757.8227595000062,189.9,190.0
758.1433288999833,189.9,190.0
758.4611906999489,190.10000000000002,190.0
758.7786658999976,190.10000000000002,190.0
759.0868691999931,190.10000000000002,190.0
759.4039782999316,189.9,190.0
759.72630999994,189.9,190.0
760.04327559995,189.9,190.0
760.3638216999825,190.0,190.0
760.6819180999883,190.0,190.0
761.0042019999819,190.0,190.0
761.3077861999627,190.0,190.0
761.6279144999571,190.0,190.0
761.948146599927,190.0,190.0
762.2669385999907,189.9,190.0
762.5677450000076,189.9,190.0
762.8751819999889,190.10000000000002,190.0
763.1928243999137,190.10000000000002,190.0
763.4980892000021,190.10000000000002,190.0
763.8158709999407,189.9,190.0
764.136172199971,189.9,190.0
764.4424820999848,189.9,190.0
764.7622829999309,190.10000000000002,190.0
765.0805536999833,190.10000000000002,190.0
765.4002600999083,190.10000000000002,190.0
765.7214663999621,189.8,190.0
766.0214571999386,189.8,190.0
766.3433536000084,189.8,190.0
766.6470228999387,190.0,190.0
766.9511780999601,190.0,190.0
767.2680358999642,189.9,190.0
767.5890142999124,189.9,190.0
767.9113537999801,189.9,190.0
768.2137954999926,190.0,190.0
768.5336252999259,190.0,190.0
768.8548539999174,190.0,190.0
769.1559632999124,190.10000000000002,190.0
769.478132499964,190.10000000000002,190.0
769.7963795999531,190.10000000000002,190.0
770.101471300004,189.9,190.0
770.4178016999504,189.9,190.0
770.7386320999358,189.9,190.0
771.0599228999345,190.20000000000002,190.0
771.3797020999482,190.20000000000002,190.0
771.684283999959,189.9,190.0
771.9854327999055,189.9,190.0
772.3059460999211,189.9,190.0
772.6242994999047,190.10000000000002,190.0
772.9158560999203,190.10000000000002,190.0
773.2345675999532,190.10000000000002,190.0
773.5521856999258,189.9,190.0
773.8556629999075,189.9,190.0
774.1778526999988,189.9,190.0
774.4985610999865,190.0,190.0
774.8022618999239,190.0,190.0
775.1044503999874,190.0,190.0
775.4255500999279,190.0,190.0
775.7433671999024,190.0,190.0
776.0485495999455,189.9,190.0
776.3650860999478,189.9,190.0
776.6869916999713,189.9,190.0
776.9923134999117,190.10000000000002,190.0
777.3081537999678,190.10000000000002,190.0
777.6134411999956,190.10000000000002,190.0
777.916233099997,189.8,190.0
778.2362123999046,189.8,190.0
778.5572456999216,189.8,190.0
778.8597994999727,190.10000000000002,190.0
779.1822739999043,190.10000000000002,190.0
779.4846188999945,190.10000000000002,190.0
779.8053731999826,189.8,190.0
780.108526899945,189.8,190.0
780.4255948999198,190.0,190.0
780.7456893000053,190.0,190.0
781.0524977999739,190.0,190.0
781.3539297999814,189.9,190.0
781.6729269999778,189.9,190.0
781.9936514999717,189.9,190.0
782.3123811999103,189.9,190.0
782.6180427999934,189.9,190.0
782.9368672999553,189.9,190.0
783.2552205999382,190.10000000000002,190.0
783.577030699933,190.10000000000002,190.0
783.8794028999982,190.10000000000002,190.0
784.1849355999148,189.9,190.0
784.5061321000103,189.9,190.0
784.8223639999051,189.9,190.0
785.1295258000027,190.20000000000002,190.0
785.4467741999542,190.20000000000002,190.0
785.753123799921,189.8,190.0
786.0691929999739,189.8,190.0
786.374287399929,189.8,190.0
786.6949365999317,190.10000000000002,190.0
787.0153189999983,190.10000000000002,190.0
787.3195949000074,190.10000000000002,190.0
787.6366794999922,189.8,190.0
787.9417795999907,189.8,190.0
788.2603768999688,189.8,190.0
788.5794250000035,190.0,190.0
788.9019113999093,190.0,190.0
789.2023499999195,190.0,190.0
789.5254374999786,190.0,190.0
789.8282521999208,190.0,190.0
790.1472610000055,189.9,190.0
790.4685734999366,189.9,190.0
790.7853463999927,189.9,190.0
791.1087469999911,190.10000000000002,190.0
791.4114805000136,190.10000000000002,190.0
791.7314594999189,190.10000000000002,190.0
792.0496989999665,189.8,190.0
792.3713367999298,189.8,190.0
792.6733186999336,189.8,190.0
792.9942253999179,190.10000000000002,190.0
793.2983349999413,190.10000000000002,190.0
793.6013887999579,190.10000000000002,190.0
793.922534699901,189.8,190.0
794.2408441000152,189.8,190.0
794.5620139999082,190.10000000000002,190.0
794.8653188999742,190.10000000000002,190.0
795.1815297999419,190.10000000000002,190.0
795.488502799999,190.0,190.0
795.7895899999421,190.0,190.0
796.1109143999638,190.0,190.0
796.4312326000072,190.0,190.0
796.7494550999254,190.0,190.0
797.0557736000046,190.0,190.0
797.3580065999413,190.20000000000002,190.0
797.6790673999349,190.20000000000002,190.0
797.9828240999486,190.20000000000002,190.0
798.2991561999079,190.0,190.0
798.6189636999043,190.0,190.0
798.9256996999029,190.20000000000002,190.0
799.2424752999796,190.20000000000002,190.0
799.5629432999995,190.20000000000002,190.0
799.8841498999391,189.9,190.0
800.205584899988,189.9,190.0
800.5084900999209,189.9,190.0
800.8251981999492,190.20000000000002,190.0
801.1467922999291,190.20000000000002,190.0
801.4649828999536,190.20000000000002,190.0
801.7890120999655,190.0,190.0
802.1057809999911,190.0,190.0
802.4117234000005,190.0,190.0
802.7162482999265,190.10000000000002,190.0
803.0376347999554,190.10000000000002,190.0
803.352558100014,190.10000000000002,190.0
803.6548596000066,190.10000000000002,190.0
803.9759073999012,190.10000000000002,190.0
804.2986347000115,190.0,190.0
804.6000709999353,190.0,190.0
804.9044828999322,190.0,190.0
805.2251216999721,190.20000000000002,190.0
805.5431882999837,190.20000000000002,190.0
805.8470136999385,190.20000000000002,190.0
806.1683450000128,189.9,190.0
806.4704958999064,189.9,190.0
806.792665499961,189.9,190.0
807.1086721000029,190.20000000000002,190.0
807.4302045999793,190.20000000000002,190.0
807.7491471999092,189.9,190.0
808.0702325999737,189.9,190.0
808.3720793999964,189.9,190.0
808.6922137999209,190.10000000000002,190.0
809.0137993999524,190.10000000000002,190.0
809.3341807000106,190.10000000000002,190.0
809.6342760999687,190.0,190.0
809.9566360999597,190.0,190.0
810.2770901999902,190.0,190.0
810.5792506999569,190.0,190.0
810.9007039999124,190.0,190.0
811.2176036000019,190.0,190.0
811.5244865999557,190.10000000000002,190.0
811.8272501999745,190.10000000000002,190.0
812.1483668999281,189.9,190.0
812.4646393000148,189.9,190.0
812.7713323999196,189.9,190.0
813.0894394000061,190.20000000000002,190.0
813.4114089999348,190.20000000000002,190.0
813.7140114000067,190.20000000000002,190.0
814.0149582999293,189.8,190.0
814.3370849000057,189.8,190.0
814.656373100006,189.8,190.0
814.961838999996,190.10000000000002,190.0
815.2636825999944,190.10000000000002,190.0
815.5845100999577,190.10000000000002,190.0
815.9057884999784,189.8,190.0
816.2066842999775,189.8,190.0
816.5278277999023,190.0,190.0
816.8316086999839,190.0,190.0
817.1494637000142,190.0,190.0
817.4711049000034,190.0,190.0
817.7881649999181,190.0,190.0
818.1106022999156,190.0,190.0
818.4278887999244,189.9,190.0
818.7502849999582,189.9,190.0
819.053719199961,189.9,190.0
819.356571799959,190.10000000000002,190.0
819.6790047999239,190.10000000000002,190.0
819.9985995999305,190.10000000000002,190.0
820.3140383999562,189.9,190.0
820.6218906999566,189.9,190.0
820.9396575000137,190.20000000000002,190.0
821.259240699932,190.20000000000002,190.0
821.5772687999997,190.20000000000002,190.0
821.8835270999698,189.9,190.0
822.2005633999361,189.9,190.0
822.5235578999855,189.9,190.0
822.8402631999925,190.10000000000002,190.0
823.1469197999686,190.10000000000002,190.0
823.4494605999207,190.10000000000002,190.0
823.7671587999212,190.0,190.0
824.0877506999532,190.0,190.0
824.4068597999867,190.0,190.0
824.698024299927,190.0,190.0
825.0169695999939,190.0,190.0
825.3365251999348,190.10000000000002,190.0
825.6571611999534,190.10000000000002,190.0
825.9585532000056,190.10000000000002,190.0
826.2634638999589,189.9,190.0
826.5832391999429,189.9,190.0
826.9026184999384,189.9,190.0
827.204571899958,190.10000000000002,190.0
827.5264290999621,190.10000000000002,190.0
827.8465390999336,190.10000000000002,190.0
828.1635203999467,189.8,190.0
828.4693107999628,189.8,190.0
828.7905219999375,189.8,190.0
829.1093979999423,190.10000000000002,190.0
829.4113152999198,190.10000000000002,190.0
829.7334601999028,189.8,190.0
830.0542079999577,189.8,190.0
830.3732767999172,189.8,190.0
830.6748153999215,190.0,190.0
830.9781871999148,190.0,190.0
831.3151230999501,190.0,190.0
831.6014580999035,189.9,190.0
831.9216950999107,189.9,190.0
832.2433435999556,189.9,190.0
832.5621574999532,189.9,190.0
832.8660243999911,189.9,190.0
833.187863899977,189.9,190.0
833.5071631999454,190.10000000000002,190.0
833.8097863999428,190.10000000000002,190.0
834.1311625000089,189.8,190.0
834.4467142999638,189.8,190.0
834.7676157999085,189.8,190.0
835.0886064999504,190.10000000000002,190.0
835.3908656999702,190.10000000000002,190.0
835.7118751999224,190.10000000000002,190.0
836.0323003999656,189.8,190.0
836.349300300004,189.8,190.0
836.6543560000136,189.8,190.0
836.9755284999264,190.10000000000002,190.0
837.2959214999573,190.10000000000002,190.0
837.596735799918,190.10000000000002,190.0
837.9176508999662,189.9,190.0
838.238296699943,189.9,190.0
838.5553353999276,190.0,190.0
838.8752669999376,190.0,190.0
839.180162900011,190.0,190.0
839.486875899951,190.10000000000002,190.0
839.8030020999722,190.10000000000002,190.0
840.1236510999734,190.10000000000002,190.0
840.4454355000053,189.9,190.0
840.7480566999875,189.9,190.0
841.0682484999998,189.9,190.0
841.3868124999572,190.10000000000002,190.0
841.6918136000168,190.10000000000002,190.0
842.0083492000122,190.10000000000002,190.0
842.313991199946,189.8,190.0
842.6336018999573,189.8,190.0
842.955136399949,190.10000000000002,190.0
843.2566851999145,190.10000000000002,190.0
843.5620298999129,190.10000000000002,190.0
843.8800924000097,189.8,190.0
844.1850454999367,189.8,190.0
844.5058200999629,189.8,190.0
844.8262472999049,190.0,190.0
845.1460814999882,190.0,190.0
845.4479210999561,190.0,190.0
845.7700405999785,189.9,190.0
846.0865070999134,189.9,190.0
846.4090522999177,189.9,190.0
846.7282393999631,189.9,190.0
847.0288963000057,189.9,190.0
847.3511149999686,190.0,190.0
847.6683755000122,190.0,190.0
847.989644599962,190.0,190.0
848.3116755000083,189.8,190.0
848.6148423999548,189.8,190.0
848.9153892999748,189.8,190.0
849.2375601999229,190.10000000000002,190.0
849.5549862999469,190.10000000000002,190.0
849.859026299906,190.10000000000002,190.0
850.1801978999283,189.8,190.0
850.4985063999193,189.8,190.0
850.8206684999168,189.8,190.0
851.1236756999278,190.10000000000002,190.0
851.4420278999023,190.10000000000002,190.0
851.7475976999849,189.9,190.0
852.0684329000069,189.9,190.0
852.3860761999385,189.9,190.0
852.6919697999256,190.0,190.0
852.9933365999022,190.0,190.0
853.3136076999363,190.0,190.0
853.63425309991,190.0,190.0
853.9514763999032,190.0,190.0
854.2422411999432,190.0,190.0
854.5594048999483,189.8,190.0
854.8808077999856,189.8,190.0
855.2022418999113,189.8,190.0
855.5204967999598,190.10000000000002,190.0
855.8078995000105,190.10000000000002,190.0
856.1255799999926,189.8,190.0
856.4485961999744,189.8,190.0
856.7692558999406,189.8,190.0
857.0545002999716,190.10000000000002,190.0
857.3750624000095,190.10000000000002,190.0
857.6930648999987,190.10000000000002,190.0
858.014887599973,189.9,190.0
858.3196872000117,189.9,190.0
858.6223084999947,189.9,190.0
858.9391753999516,190.10000000000002,190.0
859.2596105999546,190.10000000000002,190.0
859.5796486999607,190.10000000000002,190.0
859.8856684999773,190.0,190.0
860.2055937999394,190.0,190.0
860.5217754999176,189.9,190.0
860.8415095999371,189.9,190.0
861.1452639999334,189.9,190.0
861.4530207999051,190.10000000000002,190.0
861.771309099975,190.10000000000002,190.0
862.0900973000098,190.10000000000002,190.0
862.3958803999703,189.8,190.0
862.7160614999011,189.8,190.0
863.0182913999306,189.8,190.0
863.3201131999958,190.20000000000002,190.0
863.640572299948,190.20000000000002,190.0
863.963276399998,190.20000000000002,190.0
864.2800138000166,189.9,190.0
864.5826837999048,189.9,190.0
864.8889260999858,189.9,190.0
865.2086972999386,190.20000000000002,190.0
865.5287496999372,190.20000000000002,190.0
865.8300688999007,190.0,190.0
866.1377059000079,190.0,190.0
866.4536691999529,190.0,190.0
866.7767377999844,190.10000000000002,190.0
867.0774355999893,190.10000000000002,190.0
867.3963664999465,190.10000000000002,190.0
867.7012830999447,190.10000000000002,190.0
868.0216440999648,190.10000000000002,190.0
868.3407229000004,190.10000000000002,190.0
868.6641112999059,190.0,190.0
868.9825562000042,190.0,190.0
869.302595899906,190.0,190.0
869.590319699957,190.20000000000002,190.0
869.907950899913,190.20000000000002,190.0
870.2303032999625,189.9,190.0
870.5504228000063,189.9,190.0
870.8693367999513,189.9,190.0
871.1865936999675,190.20000000000002,190.0
871.4936051999684,190.20000000000002,190.0
871.8111981999828,190.20000000000002,190.0
872.1297635999508,189.9,190.0
872.4493659000145,189.9,190.0
872.7696118999738,189.9,190.0
873.0744413000066,190.10000000000002,190.0
873.3936580999289,190.10000000000002,190.0
873.7152052999008,190.0,190.0
874.0341495999601,190.0,190.0
874.3540003999369,190.0,190.0
874.6744754000101,190.0,190.0
874.9779575999128,190.0,190.0
875.2802038999507,190.0,190.0
875.5998314999742,190.20000000000002,190.0
875.9205054999329,190.20000000000002,190.0
876.2234320999123,190.20000000000002,190.0
876.5451661999105,189.9,190.0
876.864861399983,189.9,190.0
877.1820777999237,189.9,190.0
877.5032956999494,190.3,190.0
877.8220637999475,190.3,190.0
878.1429933999898,189.9,190.0
878.4447517999215,189.9,190.0
878.7672302999999,189.9,190.0
879.0837119999342,190.20000000000002,190.0
879.4036060000071,190.20000000000002,190.0
879.7091328999959,190.20000000000002,190.0
880.013752699946,190.0,190.0
880.3310971999308,190.0,190.0
880.6523031999823,190.0,190.0
880.953997500008,190.10000000000002,190.0
881.2602562999818,190.10000000000002,190.0
881.58099269995,190.10000000000002,190.0
881.8979968999047,190.10000000000002,190.0
882.2191660999088,190.10000000000002,190.0
882.5383777999086,190.0,190.0
882.8410909000086,190.0,190.0
883.1623396999203,190.0,190.0
883.4815484000137,190.20000000000002,190.0
883.7839685999788,190.20000000000002,190.0
884.103082299931,190.20000000000002,190.0
884.4091469999403,189.9,190.0
884.7121047999244,189.9,190.0
885.0338600999676,189.9,190.0
885.3540759999305,190.20000000000002,190.0
885.6736705999356,190.20000000000002,190.0
885.9744927999564,190.20000000000002,190.0
886.2819053999847,189.9,190.0
886.5985528000165,189.9,190.0
886.9179864999605,190.10000000000002,190.0
887.2252505999058,190.10000000000002,190.0
887.5269042999716,190.10000000000002,190.0
887.8480893999804,190.0,190.0
888.165680599981,190.0,190.0
888.4850311999908,190.0,190.0
888.7904191999696,190.0,190.0
889.093827100005,190.0,190.0
889.41475789994,190.0,190.0
889.7354913000017,190.20000000000002,190.0
890.0549465999939,190.20000000000002,190.0
890.3549395999871,190.20000000000002,190.0
890.6743470999645,189.9,190.0
890.9943224999588,189.9,190.0
891.3147294999799,190.20000000000002,190.0
891.6365889000008,190.20000000000002,190.0
891.9371284999652,190.20000000000002,190.0
892.2585031999042,189.9,190.0
892.5774934999645,189.9,190.0
892.8841395999771,189.9,190.0
893.2047965999227,190.20000000000002,190.0
893.5245550000109,190.20000000000002,190.0
893.8397913000081,190.20000000000002,190.0
894.1463600000134,190.0,190.0
894.4480940999929,190.0,190.0
894.7691037999466,190.0,190.0
895.0906391999451,190.10000000000002,190.0
895.4102484999457,190.10000000000002,190.0
895.7139272999484,190.10000000000002,190.0
896.0190944999922,190.10000000000002,190.0
896.3345132999821,190.10000000000002,190.0
896.6552090999903,190.0,190.0
896.9583596999291,190.0,190.0
897.2796318999026,190.0,190.0
897.6004790000152,190.20000000000002,190.0
897.9207304000156,190.20000000000002,190.0
898.2387152999872,190.20000000000002,190.0
898.5250292000128,189.9,190.0
898.8466815999709,189.9,190.0
899.1665870000143,189.9,190.0
899.48401679995,190.20000000000002,190.0
899.7899550999282,190.20000000000002,190.0
900.0938880000031,189.9,190.0
900.4110389999114,189.9,190.0
900.7174047000008,189.9,190.0
901.0347715999233,190.10000000000002,190.0
901.3564107000129,190.10000000000002,190.0
901.6576345999492,190.10000000000002,190.0
901.9791274999734,190.0,190.0
902.298347099917,190.0,190.0
902.6187781000044,190.0,190.0
902.9219066000078,190.0,190.0
903.2441640999168,190.0,190.0
903.5473918999778,190.0,190.0
903.8672635999974,190.20000000000002,190.0
904.186547899968,190.20000000000002,190.0
904.4908326999284,189.9,190.0
904.792692399933,189.9,190.0
905.1148021999979,189.9,190.0
905.4337585999165,190.3,190.0
905.7503044999903,190.3,190.0
906.0420707999729,190.3,190.0
906.3600984999212,189.9,190.0
906.6798614999279,189.9,190.0
906.9855020999676,189.9,190.0
907.3025961999083,190.20000000000002,190.0
907.6053674999857,190.20000000000002,190.0
907.9426983000012,190.20000000000002,190.0
908.2290035999613,190.0,190.0
908.5498571000062,190.0,190.0
908.8705252999207,190.0,190.0
909.1751018000068,190.10000000000002,190.0
909.4953326999675,190.10000000000002,190.0
909.797601899947,190.10000000000002,190.0
910.1190992000047,190.10000000000002,190.0
910.4204284999287,190.10000000000002,190.0
910.7405621999642,190.0,190.0
911.0624826999847,190.0,190.0
911.3660647999495,190.0,190.0
911.6700472999364,190.20000000000002,190.0
911.9878058999311,190.20000000000002,190.0
912.3076878999127,190.20000000000002,190.0
912.6291486999253,189.9,190.0
912.9168209999334,189.9,190.0
913.2361669999082,189.9,190.0
913.5534968000138,190.20000000000002,190.0
913.8746029000031,190.20000000000002,190.0
914.1759074999718,190.20000000000002,190.0
914.4823640999384,189.8,190.0
914.8033658999484,189.8,190.0
915.1058229999617,190.0,190.0
915.4240023999009,190.0,190.0
915.7468229999067,190.0,190.0
916.0661189999664,189.9,190.0
916.3658980999608,189.9,190.0
916.671796199982,189.9,190.0
916.9895535999676,190.0,190.0
917.3127614000114,190.0,190.0
917.6140641999664,190.0,190.0
917.9361767999362,190.10000000000002,190.0
918.2392377000069,190.10000000000002,190.0
918.5447037999984,190.10000000000002,190.0
918.8612514999695,189.9,190.0
919.1810715999454,189.9,190.0
919.5012907999335,190.20000000000002,190.0
919.8047049000161,190.20000000000002,190.0
920.1252616000129,190.20000000000002,190.0
920.4472649999661,189.9,190.0
920.7650924999034,189.9,190.0
921.0689735999331,189.9,190.0
921.3900503999321,190.10000000000002,190.0
921.692682199995,190.10000000000002,190.0
922.0129195000045,190.10000000000002,190.0
922.3312935999129,189.9,190.0
922.6513726999983,189.9,190.0
922.9572364999913,189.9,190.0
923.2741678999737,190.0,190.0
923.5954969999148,190.0,190.0
923.8980073999846,190.0,190.0
924.2186954999343,190.0,190.0
924.5372637999244,190.0,190.0
924.8572285999544,189.9,190.0
925.1625414999435,189.9,190.0
925.4804700999521,189.9,190.0
925.8027499999152,190.20000000000002,190.0
926.0868384999922,190.20000000000002,190.0
926.4087188999401,190.20000000000002,190.0
926.7263086999301,189.9,190.0
927.0453329000156,189.9,190.0
927.3492237000028,189.9,190.0
927.6554181999527,190.20000000000002,190.0
927.9758943999186,190.20000000000002,190.0
928.2932225000113,189.8,190.0
928.6144621999701,189.8,190.0
928.9162745999638,189.8,190.0
929.238644399913,190.0,190.0
929.5577095999615,190.0,190.0
929.8604017999023,190.0,190.0
930.1793404999189,190.0,190.0
930.5001666999888,190.0,190.0
930.8044776999159,190.0,190.0
931.125608399976,190.0,190.0
931.4427597000031,190.0,190.0
931.7644271999598,190.0,190.0
932.0700358999893,190.10000000000002,190.0
932.372331099934,190.10000000000002,190.0
932.6926086000167,189.9,190.0
933.0098186999094,189.9,190.0
933.315082199988,189.9,190.0
933.6366010999773,190.20000000000002,190.0
933.9390623999061,190.20000000000002,190.0
934.2601327999728,190.20000000000002,190.0
934.5629839999601,189.8,190.0
934.881187699968,189.8,190.0
935.2021911999909,189.8,190.0
935.5224735999946,190.10000000000002,190.0
935.8257682999829,190.10000000000002,190.0
936.146313300007,190.10000000000002,190.0
936.4640724000055,189.9,190.0
936.7667005999247,189.9,190.0
937.0879096999997,190.0,190.0
937.406072099926,190.0,190.0
937.713650599937,190.0,190.0
938.0305269999662,190.0,190.0
938.3344163999427,190.0,190.0
938.6372200999176,190.0,190.0
938.9602491999976,189.9,190.0
939.2778393999906,189.9,190.0
939.5990862000035,189.9,190.0
939.8866618999746,190.10000000000002,190.0
940.2044083999936,190.10000000000002,190.0
940.5261781999143,190.10000000000002,190.0
940.8278811000055,189.70000000000002,190.0
941.1465263999999,189.70000000000002,190.0
941.468244299991,190.0,190.0
941.7745236000046,190.0,190.0
942.0741384999128,190.0,190.0
942.396487299935,189.70000000000002,190.0
942.7004209000152,189.70000000000002,190.0
943.0191768999211,189.70000000000002,190.0
943.3405989999883,190.0,190.0
943.6582759999437,190.0,190.0
943.964424500009,190.0,190.0
944.2652259999886,189.9,190.0
944.583798800013,189.9,190.0
944.8897897999268,189.9,190.0
945.2095108999638,189.9,190.0
945.5296774000162,189.9,190.0
945.8385100999149,189.9,190.0
946.1382222999819,190.0,190.0
946.4540982999606,190.0,190.0
946.7744942000136,189.8,190.0
947.0807308999356,189.8,190.0
947.4016569999512,189.8,190.0
947.7017869999399,190.10000000000002,190.0
948.0212049999973,190.10000000000002,190.0
948.3276742999442,190.10000000000002,190.0
948.6454346999526,189.70000000000002,190.0
948.9667533999309,189.70000000000002,190.0
949.27149189997,189.70000000000002,190.0
949.5884338999167,190.0,190.0
949.8951944999862,190.0,190.0
950.212036699988,190.0,190.0
950.5185822999338,189.8,190.0
950.8352026999928,189.8,190.0
951.1408863000106,189.9,190.0
951.462534399936,189.9,190.0
951.7813199999509,189.9,190.0
952.081740399939,190.0,190.0
952.4014159999788,190.0,190.0
952.724123599939,190.0,190.0
953.0267778999405,189.9,190.0
953.3479530999903,189.9,190.0
953.6670367999468,189.9,190.0
953.9714416000061,190.10000000000002,190.0
954.2902578999056,190.10000000000002,190.0
954.6112208999693,190.10000000000002,190.0
954.9159690999659,189.8,190.0
955.2319571999833,189.8,190.0
955.5531593000051,190.0,190.0
955.8717156999046,190.0,190.0
956.1929596000118,190.0,190.0
956.4799701999873,189.70000000000002,190.0
956.7999326999998,189.70000000000002,190.0
957.1184891000157,189.70000000000002,190.0
957.4251753999852,190.0,190.0
957.7413458999945,190.0,190.0
958.0457592000021,190.0,190.0
958.3656323999166,189.9,190.0
958.6712675999152,189.9,190.0
958.9924972999142,189.9,190.0
959.3114228999475,189.9,190.0
959.6120434999466,189.9,190.0
959.9334205999039,190.10000000000002,190.0
960.2550820999313,190.10000000000002,190.0
960.5733109000139,190.10000000000002,190.0
960.8750112999696,189.8,190.0
961.1963482999709,189.8,190.0
961.5147637999617,189.8,190.0
961.8180917999707,190.10000000000002,190.0
962.1250096999574,190.10000000000002,190.0
962.4460790000157,190.10000000000002,190.0
962.7649022999685,189.70000000000002,190.0
963.0843518999172,189.70000000000002,190.0
963.3870065999217,189.70000000000002,190.0
963.7073244999629,190.0,190.0
964.0271919999504,190.0,190.0
964.348591899965,189.8,190.0
964.6499895999441,189.8,190.0
964.9531030999497,189.8,190.0
965.274980599992,189.9,190.0
965.5942107000155,189.9,190.0
965.8977864999324,189.9,190.0
966.2185891999397,190.0,190.0
966.5219786999514,190.0,190.0
966.8239518000046,190.0,190.0
967.1433385999408,189.9,190.0
967.4634353999281,189.9,190.0
967.7852836999809,189.9,190.0
968.1017332999036,190.10000000000002,190.0
968.4242384999525,190.10000000000002,190.0
968.7261690999148,190.10000000000002,190.0
969.0310702999122,189.8,190.0
969.3524506000103,189.8,190.0
969.6723661000142,190.10000000000002,190.0
969.9744475999614,190.10000000000002,190.0
970.2925632999977,190.10000000000002,190.0
970.6132701999741,189.8,190.0
970.9188160999911,189.8,190.0
971.2369158999063,189.8,190.0
971.5551505999174,190.0,190.0
971.8753620999632,190.0,190.0
972.1808291999623,190.0,190.0
972.4832637999207,189.9,190.0
972.8049957999028,189.9,190.0
973.124445399968,189.9,190.0
973.4442449999042,190.0,190.0
973.7458734000102,190.0,190.0
974.0669292999664,190.10000000000002,190.0
974.3870084999362,190.10000000000002,190.0
974.6908409999451,190.10000000000002,190.0
975.0093558999943,190.0,190.0
975.3135543999961,190.0,190.0
975.6352416999871,190.0,190.0
975.9365727999248,190.20000000000002,190.0
976.2564501999877,190.20000000000002,190.0
976.5784653999144,190.20000000000002,190.0
976.8816710999236,189.9,190.0
977.1984942000126,189.9,190.0
977.5207686999347,189.9,190.0
977.8069649999961,190.20000000000002,190.0
978.1291572999908,190.20000000000002,190.0
978.4466235999716,189.9,190.0
978.752534499974,189.9,190.0
979.0687211999903,189.9,190.0
979.3757298999699,190.10000000000002,190.0
979.6959388999967,190.10000000000002,190.0
980.0150479999138,190.10000000000002,190.0
980.3178096999181,190.0,190.0
980.6379563999362,190.0,190.0
980.9392525999574,190.0,190.0
981.2602322999155,190.0,190.0
981.5637050999794,190.0,190.0
981.8830461999169,190.0,190.0
982.2051783999195,190.20000000000002,190.0
982.4936423999025,190.20000000000002,190.0
982.8107165999245,189.9,190.0
983.1334451999282,189.9,190.0
983.4490336999297,189.9,190.0
983.7697089000139,190.20000000000002,190.0
984.0756493000081,190.20000000000002,190.0
984.3924632999115,190.20000000000002,190.0
984.7142251000041,189.9,190.0
985.0193591999123,189.9,190.0
985.3373006999027,189.9,190.0
985.6439203999471,190.20000000000002,190.0
985.9606876999605,190.20000000000002,190.0
986.2791362999706,190.20000000000002,190.0
986.6019425999839,190.0,190.0
986.9211622999283,190.0,190.0
987.2223460999085,190.0,190.0
987.5281498999102,190.0,190.0
987.8479345999658,190.0,190.0
988.1697133999551,190.10000000000002,190.0
988.471805499983,190.10000000000002,190.0
988.7905824999325,190.10000000000002,190.0
989.1129793999717,189.9,190.0
989.3987849999685,189.9,190.0
989.7198680000147,189.9,190.0
990.036952800001,190.20000000000002,190.0
990.3573413999984,190.20000000000002,190.0
990.6592939000111,190.20000000000002,190.0
990.9663362000138,189.9,190.0
991.2872977999505,189.9,190.0
991.6051746999146,190.10000000000002,190.0
991.9102749999147,190.10000000000002,190.0
992.2279360999819,190.10000000000002,190.0
992.5495826000115,189.9,190.0
992.8521625999128,189.9,190.0
993.1578098000027,189.9,190.0
993.4774037000025,190.0,190.0
993.7941653999733,190.0,190.0
994.1126628000056,190.0,190.0
994.4205881999806,190.0,190.0
994.7385675999103,190.0,190.0
995.0568381999619,190.0,190.0
995.3786314999452,189.9,190.0
995.6991680999054,189.9,190.0
996.0157721999567,190.10000000000002,190.0
996.3066038999241,190.10000000000002,190.0
996.6257532999152,190.10000000000002,190.0
996.9427224999527,189.8,190.0
997.2490407999139,189.8,190.0
997.5688927000156,189.8,190.0
997.889754200005,190.10000000000002,190.0
998.2088818999473,190.10000000000002,190.0
998.4965729999822,190.10000000000002,190.0
998.8146881000139,189.8,190.0
999.134838799946,189.8,190.0
999.4370677999686,189.8,190.0
999.7589224999538,190.0,190.0
1000.0769673999166,190.0,190.0
1000.3987559999805,190.0,190.0
1000.7019484000048,189.9,190.0
1001.0195570999058,189.9,190.0
1001.3396880999207,190.0,190.0
1001.6445248000091,190.0,190.0
1001.9640769999241,190.0,190.0
1002.2666733999504,190.10000000000002,190.0
1002.5880778999999,190.10000000000002,190.0
1002.8925525000086,190.10000000000002,190.0
1003.2139246999286,189.8,190.0
1003.5166782999877,189.8,190.0
1003.8332351999125,189.8,190.0
1004.1550607999088,190.10000000000002,190.0
1004.4581612999318,190.10000000000002,190.0
1004.7800342999399,190.10000000000002,190.0
1005.0829024999402,189.8,190.0
1005.4036466999678,189.8,190.0
1005.721817899961,190.10000000000002,190.0
1006.0397033999907,190.10000000000002,190.0
1006.346446499927,190.10000000000002,190.0
1006.6636201000074,189.8,190.0
1006.9848626999883,189.8,190.0
1007.2884677000111,189.8,190.0
1007.5930294999853,190.0,190.0
1007.9139332999475,190.0,190.0
1008.2302044999087,190.0,190.0
1008.537106600008,190.0,190.0
1008.8422011999646,190.0,190.0
1009.1571465999587,190.0,190.0
1009.4786935999291,189.9,190.0
1009.7985540999798,189.9,190.0
1010.1205893999431,190.10000000000002,190.0
1010.4394090999849,190.10000000000002,190.0
1010.7268852000125,190.10000000000002,190.0
1011.0443151999498,189.8,190.0
1011.3653848000104,189.8,190.0
1011.6871168999933,189.8,190.0
1011.9913373999298,190.20000000000002,190.0
1012.2947437999537,190.20000000000002,190.0
1012.6120390999131,190.20000000000002,190.0
1012.9140007999958,189.8,190.0
1013.2378313000081,189.8,190.0
1013.5556802999927,189.8,190.0
1013.8596232999116,190.10000000000002,190.0
1014.1778256999096,190.10000000000002,190.0
1014.4985405999469,189.9,190.0
1014.8047534999205,189.9,190.0
1015.1218387999106,189.9,190.0
1015.4426954999799,190.0,190.0
1015.7599959999789,190.0,190.0
1016.0830390999326,190.0,190.0
1016.3678498999216,190.10000000000002,190.0
1016.6912194999168,190.10000000000002,190.0
1017.009922600002,190.10000000000002,190.0
1017.3269435999682,189.9,190.0
1017.6339706999715,189.9,190.0
1017.95135629992,189.9,190.0
1018.2714355000062,190.20000000000002,190.0
1018.5898328999756,190.20000000000002,190.0
1018.8971801999724,189.9,190.0
1019.2148836000124,189.9,190.0
1019.5366152999923,189.9,190.0
1019.8424074999057,190.20000000000002,190.0
1020.1438837999012,190.20000000000002,190.0
1020.4456646000035,190.20000000000002,190.0
1020.7678747999016,189.9,190.0
1021.0862168999156,189.9,190.0
1021.4069511999842,189.9,190.0
1021.7092384999851,190.0,190.0
1022.0297116999282,190.0,190.0
1022.3334618000081,190.0,190.0
1022.63664469996,189.9,190.0
1022.955049799988,189.9,190.0
1023.2767185999546,189.9,190.0
1023.5805712000001,189.9,190.0
1023.8976877999958,189.9,190.0
1024.2193365999265,190.10000000000002,190.0
1024.5209160000086,190.10000000000002,190.0
1024.827891199966,190.10000000000002,190.0
1025.145671700011,189.8,190.0
1025.4683336999733,189.8,190.0
1025.7839014999336,189.8,190.0
1026.0903594999108,190.10000000000002,190.0
1026.407872300013,190.10000000000002,190.0
1026.7290373999858,190.10000000000002,190.0
1027.0316767999902,189.8,190.0
1027.352737499983,189.8,190.0
1027.6703377999365,189.8,190.0
1027.9772167999763,190.10000000000002,190.0
1028.2951056999154,190.10000000000002,190.0
1028.6148457999807,189.9,190.0
1028.9341839000117,189.9,190.0
1029.24086609995,189.9,190.0
1029.5433899000054,190.0,190.0
1029.8612500999589,190.0,190.0
1030.1826945999637,190.0,190.0
1030.486941399984,190.0,190.0
1030.804451999953,190.0,190.0
1031.108073499985,190.0,190.0
1031.4292617999017,189.9,190.0
1031.7485172000015,189.9,190.0
1032.0699253999628,189.9,190.0
1032.386788200005,190.10000000000002,190.0
1032.693723000004,190.10000000000002,190.0
1033.0122923000017,189.8,190.0
1033.3156330999918,189.8,190.0
1033.6213392999489,189.8,190.0
1033.9401278999867,190.10000000000002,190.0
1034.260587799945,190.10000000000002,190.0
1034.577896600007,190.10000000000002,190.0
1034.8807637999998,189.9,190.0
1035.204200899927,189.9,190.0
1035.50632029993,189.9,190.0
1035.8131363999564,190.0,190.0
1036.1288330999669,190.0,190.0
1036.4512230999535,190.0,190.0
1036.767194999964,189.9,190.0
1037.0741042000009,189.9,190.0
1037.3906731999014,189.9,190.0
1037.7112168999156,189.9,190.0
1038.0321131999372,189.9,190.0
1038.3540770999389,190.10000000000002,190.0
1038.6707232999615,190.10000000000002,190.0
1038.9776039000135,190.10000000000002,190.0
1039.2796655999264,189.8,190.0
1039.5971553999698,189.8,190.0
1039.9197105999338,189.8,190.0
1040.2237037000014,190.10000000000002,190.0
1040.540363600012,190.10000000000002,190.0
1040.8611458999803,190.10000000000002,190.0
1041.1515118000098,189.8,190.0
1041.4694281999255,189.8,190.0
1041.7896682999562,190.10000000000002,190.0
1042.110527999932,190.10000000000002,190.0
1042.4118589999853,190.10000000000002,190.0
1042.7323916999158,189.9,190.0
1043.0537308999337,189.9,190.0
1043.3713140999898,189.9,190.0
1043.6780272999313,190.0,190.0
1043.980276599992,190.0,190.0
1044.2993257999187,190.0,190.0
1044.6201727999141,190.10000000000002,190.0
1044.9400662999833,190.10000000000002,190.0
1045.2417941999156,190.10000000000002,190.0
1045.5458679000149,189.9,190.0
1045.8655337999808,189.9,190.0
1046.1870660999557,190.10000000000002,190.0
1046.5074247999582,190.10000000000002,190.0
1046.8101911999984,190.10000000000002,190.0
1047.127124199993,189.8,190.0
1047.4512570999796,189.8,190.0
1047.754254499916,189.8,190.0
1048.074220999959,190.10000000000002,190.0
1048.3784149999265,190.10000000000002,190.0
1048.6936688999413,190.10000000000002,190.0
1049.0012399000116,189.8,190.0
1049.3195180000039,189.8,190.0
1049.6249188999645,189.8,190.0
1049.9425169999013,190.0,190.0
1050.263775200001,190.0,190.0
1050.5659966999665,190.0,190.0
1050.887244099984,190.0,190.0
1051.1901683999458,190.0,190.0
1051.5109347999096,190.0,190.0
1051.8137459999416,190.0,190.0
1052.1348236999474,190.0,190.0
1052.4516370999627,190.20000000000002,190.0
1052.7555960000027,190.20000000000002,190.0
1053.0767478999915,190.20000000000002,190.0
1053.3966766999802,190.0,190.0
1053.7178606999805,190.0,190.0
1054.0188291999511,190.0,190.0
1054.3382382999407,190.3,190.0
1054.6587425000034,190.3,190.0
1054.9652311999816,189.9,190.0
1055.2835438000038,189.9,190.0
1055.6045927999076,189.9,190.0
1055.9206751999445,190.20000000000002,190.0
1056.225563099957,190.20000000000002,190.0
1056.530669700005,190.20000000000002,190.0
1056.8513844999252,190.0,190.0
1057.1514470999828,190.0,190.0
1057.4721441000002,190.0,190.0
1057.775864599971,190.20000000000002,190.0
1058.095805299934,190.20000000000002,190.0
1058.4165586999152,190.20000000000002,190.0
1058.7376738999737,190.20000000000002,190.0
1059.0421323999763,190.20000000000002,190.0
1059.3608598000137,190.10000000000002,190.0
1059.677839400014,190.10000000000002,190.0
1059.9833616999676,190.10000000000002,190.0
1060.3007189999335,190.3,190.0
1060.6243583000032,190.3,190.0
1060.9256214000052,190.3,190.0
1061.228424699977,190.0,190.0
1061.54899749998,190.0,190.0
1061.8698154999875,190.0,190.0
1062.1915852999082,190.3,190.0
1062.479496199987,190.3,190.0
1062.7985066999681,190.3,190.0
1063.118166900007,190.0,190.0
1063.4379872999853,190.0,190.0
1063.7398110999493,190.0,190.0
1064.0423040000023,190.20000000000002,190.0
1064.3649898999138,190.20000000000002,190.0
1064.682876399951,190.10000000000002,190.0
1064.987063299981,190.10000000000002,190.0
1065.3086586999707,190.10000000000002,190.0
1065.6094115999294,190.10000000000002,190.0
1065.929362099967,190.10000000000002,190.0
1066.249416799983,190.10000000000002,190.0
1066.5710403999547,190.3,190.0
1066.8733495000051,190.3,190.0
1067.1930486999918,190.3,190.0
1067.5119282999076,190.0,190.0
1067.815783899976,190.0,190.0
1068.1222016999964,190.0,190.0
1068.4384179000044,190.4,190.0
1068.7601517000003,190.4,190.0
1069.064721499919,190.0,190.0
1069.3842285999563,190.0,190.0
1069.6867088999134,190.0,190.0
1070.008997799945,190.3,190.0
1070.3290272000013,190.3,190.0
1070.629372700001,190.3,190.0
1070.9484418999637,190.10000000000002,190.0
1071.25401959999,190.10000000000002,190.0
1071.5747707999544,190.10000000000002,190.0
1071.8931959999027,190.10000000000002,190.0
1072.2134886999847,190.10000000000002,190.0
1072.535041199997,190.10000000000002,190.0
1072.8229865999892,190.20000000000002,190.0
1073.1387043999275,190.20000000000002,190.0
1073.4593831999227,190.0,190.0
1073.7791593999136,190.0,190.0
1074.084893799969,190.0,190.0
1074.389908400015,190.3,190.0
1074.7058041999117,190.3,190.0
1075.0253840999212,190.3,190.0
1075.3312093999702,190.0,190.0
1075.6511822999455,190.0,190.0
1075.9690745999105,190.0,190.0
1076.2881953999167,190.3,190.0
1076.5928901999723,190.3,190.0
1076.912710399949,190.3,190.0
1077.2347936999286,190.0,190.0
1077.5386675999034,190.0,190.0
1077.843263699906,190.20000000000002,190.0
1078.162880799966,190.20000000000002,190.0
1078.4790794999572,190.20000000000002,190.0
1078.7837241999805,190.0,190.0
1079.1041271999711,190.0,190.0
1079.422175899963,190.0,190.0
1079.7274073999142,190.10000000000002,190.0
1080.0293523999862,190.10000000000002,190.0
1080.351886499906,190.10000000000002,190.0
1080.6556723999092,190.20000000000002,190.0
1080.9769697999582,190.20000000000002,190.0
1081.292421799968,190.20000000000002,190.0
1081.6143871999811,190.0,190.0
1081.9159086999716,190.0,190.0
1082.236785999965,190.3,190.0
1082.558338999981,190.3,190.0
1082.8603678999934,190.3,190.0
1083.1803823999362,190.0,190.0
1083.500304199988,190.0,190.0
1083.820134999929,190.0,190.0
1084.1242456999607,190.20000000000002,190.0
1084.444025499979,190.20000000000002,190.0
1084.762126699905,190.20000000000002,190.0
1085.0827345999423,189.9,190.0
1085.373219299945,189.9,190.0
1085.6926306999521,189.9,190.0
1086.0089830999495,190.10000000000002,190.0
1086.313405899913,190.10000000000002,190.0
1086.634693,190.10000000000002,190.0
1086.9551654999377,190.10000000000002,190.0
1087.2732059999835,190.10000000000002,190.0
1087.591723499936,189.9,190.0
1087.898596099927,189.9,190.0
1088.2013723999262,189.9,190.0
1088.5206730999053,190.20000000000002,190.0
1088.841763000004,190.20000000000002,190.0
1089.1434459999437,190.20000000000002,190.0
1089.4663193000015,189.9,190.0
1089.7686473999638,189.9,190.0
1090.0699166000122,189.9,190.0
1090.4079851999413,190.20000000000002,190.0
1090.7267740999814,190.20000000000002,190.0
1091.0481440000003,189.8,190.0
1091.3505207999842,189.8,190.0
1091.6542101999512,189.8,190.0
1091.9752876999555,190.10000000000002,190.0
1092.2949117999524,190.10000000000002,190.0
1092.6147737000138,190.10000000000002,190.0
1092.9162477999926,190.0,190.0
1093.238979299902,190.0,190.0
1093.5574460999342,190.0,190.0
1093.8595747000072,190.0,190.0
1094.1808602999663,190.0,190.0
1094.4984622999327,190.0,190.0
1094.8043904999504,190.20000000000002,190.0
1095.1061886999523,190.20000000000002,190.0
1095.4273564999457,190.20000000000002,190.0
1095.748557999963,190.0,190.0
1096.0648129999172,190.0,190.0
1096.3852088999702,190.20000000000002,190.0
1096.7073385999538,190.20000000000002,190.0
1097.0102866999805,190.20000000000002,190.0
1097.3282906999812,189.9,190.0
1097.6489954999415,189.9,190.0
1097.9691882999614,189.9,190.0
1098.2748245999683,190.20000000000002,190.0
1098.576846199925,190.20000000000002,190.0
1098.8968828999205,190.20000000000002,190.0
1099.219024799997,189.9,190.0
1099.519485399942,189.9,190.0
1099.8387190999929,189.9,190.0
1100.1614354999037,190.0,190.0
1100.44771759992,190.0,190.0
1100.7696997999446,190.0,190.0
1101.0881648999639,190.0,190.0
1101.3919765999308,190.0,190.0
1101.7127419000026,190.0,190.0
1102.0281890999759,190.0,190.0
1102.3349509999389,190.0,190.0
1102.6364369000075,190.20000000000002,190.0
1102.9598650999833,190.20000000000002,190.0
1103.2765237999847,190.20000000000002,190.0
1103.5979665999766,189.9,190.0
1103.8995035999687,189.9,190.0
1104.2197596000042,189.9,190.0
1104.5414532999275,190.20000000000002,190.0
1104.8597490999382,190.20000000000002,190.0
1105.1657599000027,189.8,190.0
1105.4677914999193,189.8,190.0
1105.789670899976,189.8,190.0
1106.109337199945,190.10000000000002,190.0
1106.4132392999018,190.10000000000002,190.0
1106.7295637999196,190.10000000000002,190.0
1107.0499815999065,190.0,190.0
1107.3378901999677,190.0,190.0
1107.6580900999252,190.0,190.0
1107.9759535999037,190.0,190.0
1108.2966831999365,190.0,190.0
1108.603490700014,190.0,190.0
1108.9059244999662,190.20000000000002,190.0
1109.2237728999462,190.20000000000002,190.0
1109.5308707999066,190.0,190.0
1109.8487813000102,190.0,190.0
1110.1694590999978,190.0,190.0
1110.4878263999708,190.20000000000002,190.0
1110.8065929999575,190.20000000000002,190.0
1111.1287842999445,190.20000000000002,190.0
1111.42953329999,189.9,190.0
1111.7503513999982,189.9,190.0
1112.0727509999415,189.9,190.0
1112.3896277999738,190.20000000000002,190.0
1112.695240299916,190.20000000000002,190.0
1113.0153486999916,190.20000000000002,190.0
1113.3195157999871,189.9,190.0
1113.6351273999317,189.9,190.0
1113.9557450999273,190.0,190.0
1114.2757220999338,190.0,190.0
1114.5972569999285,190.0,190.0
1114.9002960999496,190.0,190.0
1115.2211124999449,190.0,190.0
1115.5417318999534,190.0,190.0
1115.8576064999215,190.0,190.0
1116.1490036000032,190.0,190.0
1116.4652649000054,190.0,190.0
1116.7869855999015,190.20000000000002,190.0
1117.104642799939,190.20000000000002,190.0
1117.4093755999347,190.20000000000002,190.0
1117.7318162999582,189.9,190.0
1118.0343201999785,189.9,190.0
1118.3557949999813,190.20000000000002,190.0
1118.6569101999048,190.20000000000002,190.0
1118.9780615000054,190.20000000000002,190.0
1119.2993616999593,189.8,190.0
1119.6033197999932,189.8,190.0
1119.9203274999745,189.8,190.0
1120.2398866999429,190.10000000000002,190.0
1120.558440899942,190.10000000000002,190.0
1120.86552449991,190.10000000000002,190.0
1121.1825382999377,189.9,190.0
1121.5032430000138,189.9,190.0
1121.8050463999389,189.9,190.0
1122.1257504000096,190.0,190.0
1122.446418199921,190.0,190.0
1122.7643746999092,190.10000000000002,190.0
1123.0703298000153,190.10000000000002,190.0
1123.3718802999938,190.10000000000002,190.0
1123.694705599919,189.9,190.0
1124.014635899919,189.9,190.0
1124.3168005999178,189.9,190.0
1124.637926699943,190.20000000000002,190.0
1124.9418168999255,190.20000000000002,190.0
1125.2584351999685,190.20000000000002,190.0
1125.5823332999134,189.8,190.0
1125.9019465999445,189.8,190.0
1126.2025510999374,189.8,190.0
1126.5238884999417,190.10000000000002,190.0
1126.8429738999112,190.10000000000002,190.0
1127.1634381999029,189.8,190.0
1127.465170099982,189.8,190.0
1127.7860691999085,189.8,190.0
1128.1063990999246,190.0,190.0
1128.427951599937,190.0,190.0
1128.7305559999077,190.0,190.0
1129.0478286999278,190.0,190.0
1129.3696616999805,190.0,190.0
1129.6898931999458,190.0,190.0
1129.9899293999188,189.9,190.0
1130.311581099988,189.9,190.0
1130.6330841999734,190.10000000000002,190.0
1130.952601499972,190.10000000000002,190.0
1131.2734752999386,190.10000000000002,190.0
1131.5904191000154,189.8,190.0
1131.8971077000024,189.8,190.0
1132.2134058999363,189.8,190.0
1132.53241539991,190.10000000000002,190.0
1132.8386161999078,190.10000000000002,190.0
1133.1586085999152,190.10000000000002,190.0
1133.4790075999917,189.8,190.0
1133.7951766999904,189.8,190.0
1134.100321099977,189.8,190.0
1134.405541599961,190.10000000000002,190.0
1134.7256775000133,190.10000000000002,190.0
1135.0431399999652,190.0,190.0
1135.3506016999017,190.0,190.0
1135.6516376999207,190.0,190.0
1135.9696896999376,190.0,190.0
1136.2906391000142,190.0,190.0
1136.5970343999797,190.0,190.0
1136.9159806999378,190.10000000000002,190.0
1137.2338251000037,190.10000000000002,190.0
1137.5372820999473,190.10000000000002,190.0
1137.8594338999828,190.0,190.0
1138.163669499918,190.0,190.0
1138.4660658999346,190.0,190.0
1138.7870789999142,190.20000000000002,190.0
1139.107712799916,190.20000000000002,190.0
1139.4268950999249,190.20000000000002,190.0
1139.7294540000148,189.9,190.0
1140.0343579999171,189.9,190.0
1140.354603499989,190.20000000000002,190.0
1140.6565670999698,190.20000000000002,190.0
1140.976266499958,190.20000000000002,190.0
1141.294560099952,189.9,190.0
1141.5998533999082,189.9,190.0
1141.9053748999722,189.9,190.0
1142.2225347999483,190.10000000000002,190.0
1142.5436096999329,190.10000000000002,190.0
1142.8486069999635,190.10000000000002,190.0
1143.1638795000035,190.0,190.0
1143.4839695999399,190.0,190.0
1143.803295699996,190.0,190.0
1144.1089986999286,190.0,190.0
1144.430659799953,190.0,190.0
1144.749253399903,190.20000000000002,190.0
1145.0511968999635,190.20000000000002,190.0
1145.3734027999453,190.20000000000002,190.0
1145.6754939999664,189.9,190.0
1145.9811119999504,189.9,190.0
1146.298440799932,189.9,190.0
1146.6201243000105,190.20000000000002,190.0
1146.9385047999676,190.20000000000002,190.0
1147.2574412999675,190.20000000000002,190.0
1147.579076499911,189.9,190.0
1147.8837905999972,189.9,190.0
1148.2026141999522,189.9,190.0
1148.5038744999329,190.10000000000002,190.0
1148.8257356999675,190.10000000000002,190.0
1149.1281902999617,190.0,190.0
1149.4347616999876,190.0,190.0
1149.7523740999168,190.0,190.0
1150.074734899914,190.0,190.0
1150.392565599992,190.0,190.0
1150.7143581999699,190.0,190.0
1151.0153303999687,190.10000000000002,190.0
1151.3370149999391,190.10000000000002,190.0
1151.638976899907,190.10000000000002,190.0
1151.960135399946,189.9,190.0
1152.2771909999428,189.9,190.0
1152.584489199915,189.9,190.0
1152.9009185999166,190.20000000000002,190.0
1153.222321499954,190.20000000000002,190.0
1153.5441507999785,189.8,190.0
1153.8451114000054,189.8,190.0
1154.16375539999,189.8,190.0
1154.4855277999304,190.10000000000002,190.0
1154.786677600001,190.10000000000002,190.0
1155.0926340000005,190.10000000000002,190.0
1155.4129926000023,189.9,190.0
1155.7309239999158,189.9,190.0
1156.0340603999794,189.9,190.0
1156.3570377000142,190.0,190.0
1156.6742204999318,190.0,190.0
1156.997377499938,190.0,190.0
1157.3004877999192,190.0,190.0
1157.6206594000105,190.0,190.0
1157.9213550999993,189.9,190.0
1158.242027399945,189.9,190.0
1158.5630348999985,189.9,190.0
1158.864069800009,190.10000000000002,190.0
1159.1695328999776,190.10000000000002,190.0
1159.4879224000033,190.10000000000002,190.0
1159.8098576999037,189.8,190.0
1160.1123766999226,189.8,190.0
1160.4329417999834,189.8,190.0
1160.7366440999322,190.10000000000002,190.0
1161.0556894999463,190.10000000000002,190.0
1161.3757255999371,190.10000000000002,190.0
1161.6795833999058,189.8,190.0
1161.9848922999809,189.8,190.0
1162.3006228000158,189.8,190.0
1162.623262799927,190.10000000000002,190.0
1162.9408953000093,190.10000000000002,190.0
1163.262522200006,189.9,190.0
1163.5804957000073,189.9,190.0
1163.903537199949,189.9,190.0
1164.204440600006,190.0,190.0
1164.525269899983,190.0,190.0
1164.8276090999134,190.0,190.0
1165.1489087999798,190.0,190.0
1165.4703827999765,190.0,190.0
1165.7719783999491,190.0,190.0
1166.0925713999895,189.9,190.0
1166.412750999909,189.9,190.0
1166.733752299915,190.20000000000002,190.0
1167.0520582000026,190.20000000000002,190.0
1167.3563803000143,190.20000000000002,190.0
1167.6728266999125,189.8,190.0
1167.9937764999922,189.8,190.0
1168.316278400016,189.8,190.0
1168.6183146999683,190.10000000000002,190.0
1168.9394614999183,190.10000000000002,190.0
1169.2553200999973,190.10000000000002,190.0
1169.5754527999088,189.9,190.0
1169.8828772999113,189.9,190.0
1170.1858502000105,189.9,190.0
1170.502392299939,190.0,190.0
1170.8230672999052,190.0,190.0
1171.1441856999882,190.0,190.0
1171.4624979000073,190.0,190.0
1171.7850304999156,190.0,190.0
1172.0699249999598,189.9,190.0
1172.391413299949,189.9,190.0
1172.7121541999513,189.9,190.0
1173.0287436000071,190.10000000000002,190.0
1173.3170772999292,190.10000000000002,190.0
1173.6380851999857,190.10000000000002,190.0
1173.9592865000013,189.8,190.0
1174.2759813999292,189.8,190.0
1174.5980513999239,189.8,190.0
1174.9004842999857,190.10000000000002,190.0
1175.222748399945,190.10000000000002,190.0
1175.5388320999919,189.8,190.0
1175.8591437999858,189.8,190.0
1176.1647344999947,189.8,190.0
1176.46813319996,190.10000000000002,190.0
1176.7865007999353,190.10000000000002,190.0
1177.107574799913,190.10000000000002,190.0
1177.4131569999736,189.9,190.0
1177.7305124999257,189.9,190.0
1178.0335733999964,189.9,190.0
1178.3540304999333,190.0,190.0
1178.6731716999784,190.0,190.0
1178.995859000017,190.0,190.0
1179.3147630000021,190.10000000000002,190.0
1179.6035686999094,190.10000000000002,190.0
1179.9194631999126,189.9,190.0
1180.2394314999692,189.9,190.0
1180.5606088999193,189.9,190.0
1180.8631358999992,190.10000000000002,190.0
1181.1663312999299,190.10000000000002,190.0
1181.488550900016,190.10000000000002,190.0
1181.7914397999411,189.8,190.0
1182.1124705999391,189.8,190.0
1182.4301887999754,189.8,190.0
1182.7355911999475,190.10000000000002,190.0
1183.052752999938,190.10000000000002,190.0
1183.3750232999446,190.10000000000002,190.0
1183.6766495999182,189.8,190.0
1183.9982015999267,189.8,190.0
1184.3181087999837,190.0,190.0
1184.6383981999243,190.0,190.0
1184.9414079999551,190.0,190.0
1185.2622686999384,189.9,190.0
1185.5796580999158,189.9,190.0
1185.901543200016,189.9,190.0
1186.2214141999139,189.9,190.0
1186.5220236999448,189.9,190.0
1186.8281304999255,189.9,190.0
1187.1452822999563,190.0,190.0
1187.468963899999,190.0,190.0
1187.7706132999156,190.0,190.0
1188.0894428999163,189.8,190.0
1188.412807399989,189.8,190.0
1188.7144077999983,190.10000000000002,190.0
1189.0358201999916,190.10000000000002,190.0
1189.3538251999998,190.10000000000002,190.0
1189.658533699927,189.8,190.0
1189.9780211999314,189.8,190.0
1190.2811863999814,189.8,190.0
1190.6026010999922,190.10000000000002,190.0
1190.9041571000125,190.10000000000002,190.0
1191.224231399945,190.10000000000002,190.0
1191.5452413000166,189.9,190.0
1191.8621285000117,189.9,190.0
1192.167987099965,189.9,190.0
1192.4858313999139,190.0,190.0
1192.8068834999576,190.0,190.0
1193.1269492999418,190.0,190.0
1193.4449436999857,190.0,190.0
1193.7667722000042,190.0,190.0
1194.0705375999678,189.8,190.0
1194.3887375999475,189.8,190.0
1194.7105636999477,189.8,190.0
1195.0278894999065,190.10000000000002,190.0
1195.350085199927,190.10000000000002,190.0
1195.6521916999482,190.10000000000002,190.0
1195.9731734999223,189.8,190.0
1196.2935567999957,189.8,190.0
1196.6135705999332,189.8,190.0
1196.9008659999818,190.10000000000002,190.0
1197.2199765999103,190.10000000000002,190.0
1197.5401890999638,189.8,190.0
1197.861137699918,189.8,190.0
1198.1485108999768,189.8,190.0
1198.4674014999764,190.0,190.0
1198.7857299000025,190.0,190.0
1199.106588399969,190.0,190.0
1199.426079500001,189.9,190.0
1199.730117799947,189.9,190.0
1200.033935299958,189.9,190.0
1200.3530460000038,189.9,190.0
1200.671961599961,189.9,190.0
1200.9781249999069,189.9,190.0
1201.2972398999846,190.10000000000002,190.0
1201.5977992999833,190.10000000000002,190.0
1201.9027032000013,190.10000000000002,190.0
1202.2214896999067,189.8,190.0
1202.5416831999319,189.8,190.0
1202.8646709999302,190.10000000000002,190.0
1203.1815621999558,190.10000000000002,190.0
1203.5024627000093,190.10000000000002,190.0
1203.8079498999286,189.8,190.0
1204.1244192000013,189.8,190.0
1204.4460450999904,189.8,190.0
1204.7481578999432,190.0,190.0
1205.0680407999316,190.0,190.0
1205.3707944999915,190.0,190.0
1205.691267499933,189.8,190.0
1206.012744699954,189.8,190.0
1206.3346430999227,189.9,190.0
1206.6512476999778,189.9,190.0
1206.9537271999288,189.9,190.0
1207.2602176999208,190.0,190.0
1207.5817029000027,190.0,190.0
1207.9014491999988,190.0,190.0
1208.2183497999795,189.9,190.0
1208.5381686999463,189.9,190.0
1208.8431845000014,189.9,190.0
1209.1613196999533,190.10000000000002,190.0
1209.4828469000058,190.10000000000002,190.0
1209.785833299975,190.10000000000002,190.0
1210.1036667999579,189.8,190.0
1210.4262067999225,189.8,190.0
1210.727769899997,190.10000000000002,190.0
1211.0471276999451,190.10000000000002,190.0
1211.3694763999665,190.10000000000002,190.0
1211.687883000006,189.8,190.0
1211.9782581999898,189.8,190.0
1212.2943426999263,189.8,190.0
1212.6157525999006,190.0,190.0
1212.933736499981,190.0,190.0
1213.2388217999833,190.0,190.0
1213.5606071999064,189.9,190.0
1213.863561599981,189.9,190.0
1214.1827449999982,189.9,190.0
1214.4875252000056,189.9,190.0
1214.804842799902,189.9,190.0
1215.1074912999757,190.10000000000002,190.0
1215.428098000004,190.10000000000002,190.0
1215.7354911000002,190.10000000000002,190.0
1216.0529684999492,189.9,190.0
1216.3739322999027,189.9,190.0
1216.6749648000114,189.9,190.0
1216.9967067999532,190.20000000000002,190.0
1217.3143049000064,190.20000000000002,190.0
1217.634353499976,190.20000000000002,190.0
1217.9401917000068,189.9,190.0
1218.2569798999466,189.9,190.0
1218.564367200015,189.9,190.0
1218.8810825999826,190.20000000000002,190.0
1219.1875816999236,190.20000000000002,190.0
1219.5052746000001,190.20000000000002,190.0
1219.8240206999471,190.0,190.0
1220.13106039993,190.0,190.0
1220.4330219000112,190.0,190.0
1220.7531019999878,190.0,190.0
1221.0715364000062,190.0,190.0
1221.3750595999882,190.10000000000002,190.0
1221.6971004999941,190.10000000000002,190.0
1222.0176830999553,190.10000000000002,190.0
1222.3200051999884,189.9,190.0
1222.640061999904,189.9,190.0
1222.9604314999888,189.9,190.0
1223.278521799948,190.20000000000002,190.0
1223.5828772999812,190.20000000000002,190.0
1223.9031776000047,190.20000000000002,190.0
1224.2243606999982,189.9,190.0
1224.541161299916,189.9,190.0
1224.8471972999396,190.20000000000002,190.0
1225.1677654999075,190.20000000000002,190.0
1225.4703096000012,190.20000000000002,190.0
1225.787051399937,189.9,190.0
1226.0938640999375,189.9,190.0
1226.4138753999723,189.9,190.0
1226.7308666999452,190.10000000000002,190.0
1227.0336824000115,190.10000000000002,190.0
1227.3419700999511,190.10000000000002,190.0
1227.6600495999446,190.0,190.0
1227.979699099902,190.0,190.0
1228.296595599968,190.0,190.0
1228.6030703999568,190.0,190.0
1228.9246395999799,190.0,190.0
1229.2411043999018,190.20000000000002,190.0
1229.5633832999738,190.20000000000002,190.0
1229.883620699984,190.20000000000002,190.0
1230.1833473999286,189.9,190.0
1230.5055454999674,189.9,190.0
1230.827217599959,189.9,190.0
1231.1454495999496,190.3,190.0
1231.4499250999652,190.3,190.0
1231.766197699937,190.3,190.0
1232.0869260999607,189.9,190.0
1232.3930016999366,189.9,190.0
1232.7114861999871,189.9,190.0
1233.0133052999154,190.20000000000002,190.0
1233.3333416999085,190.20000000000002,190.0
1233.6537614999106,190.0,190.0
1233.9742223999929,190.0,190.0
1234.292434599949,190.0,190.0
1234.6134249999886,190.10000000000002,190.0
1234.9004626999376,190.10000000000002,190.0
1235.221298999968,190.10000000000002,190.0
1235.5421901999507,190.10000000000002,190.0
1235.8625035999576,190.10000000000002,190.0
1236.1654207999818,190.10000000000002,190.0
1236.4865354999201,190.0,190.0
1236.8060833999189,190.0,190.0
1237.1234739999054,190.20000000000002,190.0
1237.4260990999173,190.20000000000002,190.0
1237.733195799985,190.20000000000002,190.0
1238.0535878000082,189.9,190.0
1238.3690649999771,189.9,190.0
1238.6759127000114,189.9,190.0
1238.993929499993,190.20000000000002,190.0
1239.3146885999013,190.20000000000002,190.0
1239.6169031999307,190.20000000000002,190.0
1239.9391651999904,189.9,190.0
1240.2589934999123,189.9,190.0
1240.577724999981,189.9,190.0
1240.8810004999395,190.10000000000002,190.0
1241.1832859999267,190.10000000000002,190.0
1241.5035572999623,190.0,190.0
1241.8068861999782,190.0,190.0
1242.1293546999805,190.0,190.0
1242.4459832999855,190.0,190.0
1242.7690442999592,190.0,190.0
1243.0708968999097,190.0,190.0
1243.3739204999292,190.20000000000002,190.0
1243.694977200008,190.20000000000002,190.0
1244.01483130001,190.20000000000002,190.0
1244.3203035999322,190.0,190.0
1244.6227580999257,190.0,190.0
1244.9426577999257,190.0,190.0
1245.2622193999123,190.3,190.0
1245.5654114999343,190.3,190.0
1245.8713303999975,190.3,190.0
1246.1883357999614,189.9,190.0
1246.510347399977,189.9,190.0
1246.8266566999955,190.20000000000002,190.0
1247.1482626999496,190.20000000000002,190.0
1247.4684167999076,190.20000000000002,190.0
1247.772572399932,190.0,190.0
1248.0737385000102,190.0,190.0
1248.3943100000033,190.0,190.0
1248.7155567000154,190.10000000000002,190.0
1249.0361521999585,190.10000000000002,190.0
1249.3234428999713,190.10000000000002,190.0
1249.6446699999506,190.10000000000002,190.0
1249.9624468999682,190.10000000000002,190.0
1250.2644595999736,190.10000000000002,190.0
1250.5868606999284,190.0,190.0
1250.907274199999,190.0,190.0
1251.208939999924,190.20000000000002,190.0
1251.529395999969,190.20000000000002,190.0
1251.8480625000084,190.20000000000002,190.0
1252.1681493999204,189.9,190.0
1252.4698417999316,189.9,190.0
1252.7780252000084,189.9,190.0
1253.0936829999555,190.20000000000002,190.0
1253.4145707999123,190.20000000000002,190.0
1253.7367812999291,190.20000000000002,190.0
1254.0535360999638,189.9,190.0
1254.3582282999996,189.9,190.0
1254.6787995999912,189.9,190.0
1254.9987340999069,190.10000000000002,190.0
1255.3039171999553,190.10000000000002,190.0
1255.6220891999546,190.0,190.0
1255.9436598999891,190.0,190.0
1256.2611939999042,190.0,190.0
1256.58013389993,190.0,190.0
1256.9017406000057,190.0,190.0
1257.2034637999022,190.0,190.0
1257.525679799961,190.20000000000002,190.0
1257.8296230999986,190.20000000000002,190.0
1258.147288099979,190.20000000000002,190.0
1258.4663139999611,189.9,190.0
1258.7718191000167,189.9,190.0
1259.07292029995,189.9,190.0
1259.3942337000044,190.20000000000002,190.0
1259.7153871000046,190.20000000000002,190.0
1260.0331746999873,189.9,190.0
1260.3540589999175,189.9,190.0
1260.6575424999464,189.9,190.0
1260.978412299999,190.20000000000002,190.0
1261.2972306999145,190.20000000000002,190.0
1261.6013970999047,190.20000000000002,190.0
1261.9187481999397,190.0,190.0
1262.2403941999655,190.0,190.0
1262.5602304999484,190.0,190.0
1262.8655919999583,190.10000000000002,190.0
1263.1849169000052,190.10000000000002,190.0
1263.5054157999111,190.10000000000002,190.0
1263.8218913999153,190.10000000000002,190.0
1264.142555899918,190.10000000000002,190.0
1264.4475014999043,190.0,190.0
1264.750389499939,190.0,190.0
1265.0700331999687,190.0,190.0
1265.3747404000023,190.20000000000002,190.0
1265.692404499976,190.20000000000002,190.0
1266.0133951999014,190.20000000000002,190.0
1266.33078129997,189.9,190.0
1266.651574999909,189.9,190.0
1266.9725080999779,189.9,190.0
1267.2590107999276,190.10000000000002,190.0
1267.581900499994,190.10000000000002,190.0
1267.9001245999243,190.10000000000002,190.0
1268.2034776000073,189.8,190.0
1268.5249777999707,189.8,190.0
1268.8414945999393,190.10000000000002,190.0
1269.1478379999753,190.10000000000002,190.0
1269.4687650999986,190.10000000000002,190.0
1269.787452599965,190.0,190.0
1270.1044593999395,190.0,190.0
1270.4089843999827,190.0,190.0
1270.7314543999964,190.0,190.0
1271.034442299977,190.0,190.0
1271.3553132999223,190.0,190.0
1271.6571164999623,190.10000000000002,190.0
1271.9776877999539,190.10000000000002,190.0
1272.2952311999397,190.10000000000002,190.0
1272.6160862999968,189.9,190.0
1272.9205840999493,189.9,190.0
1273.2416075000074,190.20000000000002,190.0
1273.5611493999604,190.20000000000002,190.0
1273.8635857999325,190.20000000000002,190.0
1274.181272399961,189.8,190.0
1274.484226499917,189.8,190.0
1274.7906849000137,189.8,190.0
1275.1093764000107,190.10000000000002,190.0
1275.4282045,190.10000000000002,190.0
1275.7336521999678,190.10000000000002,190.0
1276.051273799967,189.9,190.0
1276.373831899953,189.9,190.0
1276.676068999921,189.9,190.0
1276.9986616999377,190.0,190.0
1277.298776499927,190.0,190.0
1277.6201983999927,190.0,190.0
1277.924893999938,190.0,190.0
1278.2431055000052,190.0,190.0
1278.565540199983,189.9,190.0
1278.8530836999416,189.9,190.0
1279.170185499941,189.9,190.0
1279.4912252000067,190.10000000000002,190.0
1279.8127699999604,190.10000000000002,190.0
1280.1145395999774,190.10000000000002,190.0
1280.4353233999573,189.8,190.0
1280.7388184999581,189.8,190.0
1281.0588475000113,189.8,190.0
1281.376489499933,190.10000000000002,190.0
1281.6982726999559,190.10000000000002,190.0
1282.0174030999187,189.8,190.0
1282.3190628999146,189.8,190.0
1282.6246853999328,189.8,190.0
1282.9446509999689,190.0,190.0
1283.265343499952,190.0,190.0
1283.5668938999297,190.0,190.0
1283.8733945999993,190.0,190.0
1284.189031799906,190.0,190.0
1284.510872899904,190.0,190.0
1284.830768899992,190.0,190.0
1285.1189379999414,190.0,190.0
1285.4396290999139,190.0,190.0
1285.7571273999056,190.10000000000002,190.0
1286.0785531000001,190.10000000000002,190.0
1286.379760999931,190.10000000000002,190.0
1286.7013107999228,189.9,190.0
1287.0027734999312,189.9,190.0
1287.3091329999734,190.20000000000002,190.0
1287.6286259999033,190.20000000000002,190.0
1287.9466700999765,190.20000000000002,190.0
1288.2666371999076,189.8,190.0
1288.5889664000133,189.8,190.0
1288.8907386999344,189.8,190.0
1289.2100265999325,190.10000000000002,190.0
1289.531292699976,190.10000000000002,190.0
1289.8359476999613,190.10000000000002,190.0
1290.1366983999033,189.9,190.0
1290.45639019995,189.9,190.0
1290.7767368999775,189.9,190.0
1291.0799963999307,190.10000000000002,190.0
1291.4008115999168,190.10000000000002,190.0
1291.7194497999735,190.0,190.0
1292.0428547000047,190.0,190.0
1292.3587168999948,190.0,190.0
1292.6494466000004,190.0,190.0
1292.968626899994,190.0,190.0
1293.2858105999185,190.0,190.0
1293.6060070999665,190.20000000000002,190.0
1293.9127717999509,190.20000000000002,190.0
1294.213561099954,190.20000000000002,190.0
1294.5352012999356,189.9,190.0
1294.8538402999984,189.9,190.0
1295.1601908999728,189.9,190.0
1295.476955799968,190.20000000000002,190.0
1295.798588900012,190.20000000000002,190.0
1296.102567999973,189.8,190.0
1296.4234280999517,189.8,190.0
1296.7415529999416,189.8,190.0
1297.0621010999894,190.10000000000002,190.0
1297.3645697999746,190.10000000000002,190.0
1297.683011499932,190.10000000000002,190.0
1297.9865456999978,190.0,190.0
1298.293191100005,190.0,190.0
1298.61301239999,190.0,190.0
1298.932578500011,190.10000000000002,190.0
1299.2500071999384,190.10000000000002,190.0
1299.5548066999763,190.10000000000002,190.0
1299.8729501999915,190.20000000000002,190.0
1300.1957501999568,190.20000000000002,190.0
1300.516107399948,190.0,190.0
1300.8175585999852,190.0,190.0
1301.137777499971,190.0,190.0
1301.443066000007,190.20000000000002,190.0
1301.7619430999039,190.20000000000002,190.0
1302.0832749999827,190.20000000000002,190.0
1302.3869607999222,189.9,190.0
1302.7045472000027,189.9,190.0
1303.009100599913,189.9,190.0
1303.32930089999,190.20000000000002,190.0
1303.646709499997,190.20000000000002,190.0
1303.9683521999978,190.20000000000002,190.0
1304.2892598999897,189.9,190.0
1304.592996399966,189.9,190.0
1304.9093371999916,190.0,190.0
1305.2154891999671,190.0,190.0
1305.5368325999007,190.0,190.0
1305.8529002999421,190.0,190.0
1306.1602387999883,190.0,190.0
1306.4617913999828,190.0,190.0
1306.7841017999453,189.9,190.0
1307.1009178999811,189.9,190.0
1307.4215705000097,189.9,190.0
1307.725956399925,190.10000000000002,190.0
1308.0468932999065,190.10000000000002,190.0
1308.3657806999981,190.10000000000002,190.0
1308.682802299969,189.8,190.0
1308.9883602999616,189.8,190.0
1309.3087991999928,190.10000000000002,190.0
1309.6300478999037,190.10000000000002,190.0
1309.9469796000049,190.10000000000002,190.0
1310.2683721999638,189.8,190.0
1310.5691403999226,189.8,190.0
1310.8889853999717,189.8,190.0
1311.2107642999617,190.10000000000002,190.0
1311.5314324999927,190.10000000000002,190.0
1311.8348650999833,190.10000000000002,190.0
1312.1393398999935,189.9,190.0
1312.4555511999642,189.9,190.0
1312.7754001999274,189.9,190.0
1313.0983692000154,190.0,190.0
1313.4183141000103,190.0,190.0
1313.7211424999405,190.0,190.0
1314.0419622999616,190.0,190.0
1314.3580347999232,190.0,190.0
1314.6799910999835,189.9,190.0
1315.0011004999978,189.9,190.0
1315.3032098999247,189.9,190.0
1315.6092789999675,190.20000000000002,190.0
1315.9268921999028,190.20000000000002,190.0
1316.247183999978,190.20000000000002,190.0
1316.5488891999703,189.8,190.0
1316.8704528999515,189.8,190.0
1317.175755299977,189.8,190.0
1317.49522599997,190.10000000000002,190.0
1317.7952609999338,190.10000000000002,190.0
1318.117413799977,189.8,190.0
1318.4366086999653,189.8,190.0
1318.757464599912,189.8,190.0
1319.0599237999413,190.0,190.0
1319.3806656999514,190.0,190.0
1319.6976953999838,190.0,190.0
1320.0213198999409,189.9,190.0
1320.32446969999,189.9,190.0
1320.6451956999954,189.9,190.0
1320.961148399976,189.9,190.0
1321.2822110999841,189.9,190.0
1321.6014105000068,190.10000000000002,190.0
1321.920889699948,190.10000000000002,190.0
1322.2275083999848,190.10000000000002,190.0
1322.5319807999767,189.8,190.0
1322.8478472999996,189.8,190.0
1323.154018900008,189.8,190.0
1323.473981799907,190.10000000000002,190.0
1323.7912290999666,190.10000000000002,190.0
1324.111929000006,190.10000000000002,190.0
1324.416222599917,189.8,190.0
1324.7359759999672,189.8,190.0
1325.0573441999732,189.8,190.0
1325.3739484999096,190.10000000000002,190.0
1325.6810915999813,190.10000000000002,190.0
1325.9975183999632,189.9,190.0
1326.3187978999922,189.9,190.0
1326.6385721999686,189.9,190.0
1326.9585795999737,190.0,190.0
1327.2459190000081,190.0,190.0
1327.5671728999587,190.0,190.0
1327.8876039999304,190.0,190.0
1328.1873802999035,190.0,190.0
1328.5086389000062,190.0,190.0
1328.8299766000127,189.9,190.0
1329.1330676999642,189.9,190.0
1329.4538763999008,189.9,190.0
1329.7716081999242,190.10000000000002,190.0
1330.0927801999496,190.10000000000002,190.0
1330.3973123999313,189.8,190.0
1330.714110699948,189.8,190.0
1331.020434099948,189.8,190.0
1331.3410003999015,190.10000000000002,190.0
1331.6601396999322,190.10000000000002,190.0
1331.9808469999116,190.10000000000002,190.0
1332.298027999932,189.9,190.0
1332.6005376999965,189.9,190.0
1332.9225804000162,189.9,190.0
1333.2268413999118,190.0,190.0
1333.5466586999828,190.0,190.0
1333.8491939000087,190.0,190.0
1334.1689052999718,189.9,190.0
1334.4863355999114,189.9,190.0
1334.807304799906,189.9,190.0
1335.1265241999645,189.9,190.0
1335.4484033999033,189.9,190.0
1335.7496380999219,190.0,190.0
1336.0692996999715,190.0,190.0
1336.390601699939,190.0,190.0
1336.6942402999848,189.8,190.0
1336.9984744999092,189.8,190.0
1337.3168977999594,189.8,190.0
1337.6377246999182,190.10000000000002,190.0
1337.9433553999988,190.10000000000002,190.0
1338.2598562999628,190.10000000000002,190.0
1338.5662894999841,189.8,190.0
1338.884451599908,189.8,190.0
1339.2043545999331,190.10000000000002,190.0
1339.5068048000103,190.10000000000002,190.0
1339.830309299985,190.10000000000002,190.0
1340.1478507999564,189.9,190.0
1340.4680859999498,189.9,190.0
1340.7854705000063,189.9,190.0
1341.1090427999152,190.0,190.0
1341.4098026999272,190.0,190.0
1341.7309678000165,190.0,190.0
1342.035932199913,190.10000000000002,190.0
1342.356291999924,190.10000000000002,190.0
1342.6593640999636,190.10000000000002,190.0
1342.9764553999994,189.8,190.0
1343.2984830999048,189.8,190.0
1343.5995827999432,190.10000000000002,190.0
1343.9193190999795,190.10000000000002,190.0
1344.224960399908,190.10000000000002,190.0
1344.5468564999755,189.8,190.0
1344.8628265999723,189.8,190.0
1345.1670952999266,189.8,190.0
1345.5024845999433,190.10000000000002,190.0
1345.8253548999783,190.10000000000002,190.0
1346.127412199974,190.10000000000002,190.0
1346.4458875999553,189.8,190.0
1346.7493622999173,189.8,190.0
1347.0716930999188,189.8,190.0
1347.390145399957,190.0,190.0
1347.6919131999603,190.0,190.0
1348.0124517999357,189.9,190.0
1348.3164940999122,189.9,190.0
1348.6194478999823,189.9,190.0
1348.9420050999615,189.9,190.0
1349.259567399975,189.9,190.0
1349.5807362999767,189.9,190.0
1349.8853092999198,190.0,190.0
1350.2047524999361,190.0,190.0
1350.5261237999657,190.0,190.0
1350.8300081999041,189.8,190.0
1351.14816969994,189.8,190.0
1351.4688767999178,189.8,190.0
1351.7712125999387,190.10000000000002,190.0
1352.0912153999088,190.10000000000002,190.0
1352.3967243999941,189.8,190.0
1352.7139966000104,189.8,190.0
1353.0319741999265,189.8,190.0
1353.338588399929,190.0,190.0
1353.641295999987,190.0,190.0
1353.9632940000156,190.0,190.0
1354.2662801999832,189.9,190.0
1354.5843214999186,189.9,190.0
1354.9065885000164,189.9,190.0
1355.2076292999554,190.0,190.0
1355.5292347999057,190.0,190.0
1355.8465067999205,190.0,190.0
1356.168672199943,190.0,190.0
1356.4736175999278,190.0,190.0
1356.7754792999476,190.0,190.0
1357.0947173999157,189.9,190.0
1357.414231600007,189.9,190.0
1357.7330591999926,190.10000000000002,190.0
1358.0398475999245,190.10000000000002,190.0
1358.342483999906,190.10000000000002,190.0
1358.6605498999124,189.8,190.0
1358.9833161999704,189.8,190.0
1359.2828927999362,189.8,190.0
1359.5903073999798,190.10000000000002,190.0
1359.9090037000133,190.10000000000002,190.0
1360.2284956999356,190.10000000000002,190.0
1360.5470997999655,189.9,190.0
1360.865232000011,189.9,190.0
1361.1861451999284,189.9,190.0
1361.4736001999117,190.10000000000002,190.0
1361.7967929999577,190.10000000000002,190.0
1362.1147345999489,190.0,190.0
1362.4359697999898,190.0,190.0
1362.7384776999243,190.0,190.0
1363.058871999965,189.9,190.0
1363.3598779999884,189.9,190.0
1363.6658317999681,189.9,190.0
1363.9862309999298,190.20000000000002,190.0
1364.2877009999938,190.20000000000002,190.0
1364.6105835000053,190.20000000000002,190.0
1364.9289333999623,189.9,190.0
1365.2324235999258,189.9,190.0
1365.5497974999016,189.9,190.0
1365.8551971999696,190.20000000000002,190.0
1366.1766313000116,190.20000000000002,190.0
1366.4970533999149,189.9,190.0
1366.80003449996,189.9,190.0
1367.1180676999502,189.9,190.0
1367.4235317999264,190.20000000000002,190.0
1367.7407927999739,190.20000000000002,190.0
1368.044975799974,190.20000000000002,190.0
1368.3658479999285,190.0,190.0
1368.6690932000056,190.0,190.0
1368.9917843999574,190.0,190.0
1369.311019299901,190.10000000000002,190.0
1369.6116676999955,190.10000000000002,190.0
1369.93051440001,190.10000000000002,190.0
1370.2373888000147,190.10000000000002,190.0
1370.5545969000086,190.10000000000002,190.0
1370.8588913999265,190.10000000000002,190.0
1371.1783741000108,190.0,190.0
1371.4850215999177,190.0,190.0
1371.8045906999614,190.20000000000002,190.0
1372.1236092000036,190.20000000000002,190.0
1372.4251604999881,190.20000000000002,190.0
1372.7306901999982,189.9,190.0
1373.050797099946,189.9,190.0
1373.3686145999236,189.9,190.0
1373.673677099985,190.20000000000002,190.0
1373.9939919000026,190.20000000000002,190.0
1374.2951147999847,190.20000000000002,190.0
1374.61827430001,189.9,190.0
1374.920078599942,189.9,190.0
1375.239577399916,189.9,190.0
1375.5463821999729,190.10000000000002,190.0
1375.864715399919,190.10000000000002,190.0
1376.1833556999918,190.0,190.0
1376.4886751999147,190.0,190.0
1376.790434399969,190.0,190.0
1377.1104617000092,190.0,190.0
1377.4150427000131,190.0,190.0
1377.7325945999473,190.0,190.0
1378.0553897999926,190.10000000000002,190.0
1378.3600397999398,190.10000000000002,190.0
1378.663803500007,190.10000000000002,190.0
1378.9960820999695,189.9,190.0
1379.3029998999555,189.9,190.0
1379.6201228999998,189.9,190.0
1379.9230584999314,190.20000000000002,190.0
1380.2462507999735,190.20000000000002,190.0
1380.5473242999287,189.9,190.0
1380.8694150999654,189.9,190.0
1381.1711588999024,189.9,190.0
1381.4739943000022,190.20000000000002,190.0
1381.8124945999589,190.20000000000002,190.0
1382.1167306000134,190.20000000000002,190.0
1382.4182945999783,189.9,190.0
1382.7374012999935,189.9,190.0
1383.0410327999853,189.9,190.0
1383.3629137999378,190.10000000000002,190.0
1383.6804694000166,190.10000000000002,190.0
1383.983576299972,190.10000000000002,190.0
1384.3047148999758,190.10000000000002,190.0
1384.6260171999456,190.10000000000002,190.0
1384.9286560999462,190.10000000000002,190.0
1385.2329382000025,189.9,190.0
1385.5532742999494,189.9,190.0
1385.857881099917,190.20000000000002,190.0
1386.1744934999151,190.20000000000002,190.0
1386.4809628999792,190.20000000000002,190.0
1386.801499699941,189.9,190.0
1387.120869699982,189.9,190.0
1387.421671899967,189.9,190.0
1387.745225199964,190.20000000000002,190.0
1388.0454222999979,190.20000000000002,190.0
1388.3651406000135,190.20000000000002,190.0
1388.671476299991,189.8,190.0
1388.9892369000008,189.8,190.0
1389.3102970999898,189.8,190.0
1389.6135898999637,190.0,190.0
1389.9338848999469,190.0,190.0
1390.2388017999474,189.9,190.0
1390.541231899988,189.9,190.0
1390.8590132999234,189.9,190.0
1391.1796018999303,189.9,190.0
1391.4858510999475,189.9,190.0
1391.8053353999276,189.9,190.0
1392.1059635999845,190.10000000000002,190.0
1392.4274447999196,190.10000000000002,190.0
1392.7326250999467,190.10000000000002,190.0
1393.0503716999665,189.9,190.0
1393.3695261999965,189.9,190.0
1393.6728465999477,189.9,190.0
1393.9763264999492,190.20000000000002,190.0
1394.2956616999581,190.20000000000002,190.0
1394.6196224999148,190.20000000000002,190.0
1394.9386816999177,189.9,190.0
1395.243006899953,189.9,190.0
1395.562201099936,190.10000000000002,190.0
1395.8806243999861,190.10000000000002,190.0
1396.1985562999034,190.10000000000002,190.0
1396.5060706000077,189.9,190.0
1396.808066700003,189.9,190.0
1397.126884499914,189.9,190.0
1397.4478905999567,190.0,190.0
1397.750296699931,190.0,190.0
1398.0693430999527,190.0,190.0
1398.375336099998,190.0,190.0
1398.692574399989,190.0,190.0
1398.9987656999147,190.0,190.0
1399.3169415999437,190.0,190.0
1399.6386288999347,190.0,190.0
1399.9398702000035,190.20000000000002,190.0
1400.2621903999243,190.20000000000002,190.0
1400.5627811999293,190.20000000000002,190.0
1400.8834501999663,189.9,190.0
1401.188608599943,189.9,190.0
1401.4936962999636,189.9,190.0
1401.8132733999519,190.20000000000002,190.0
1402.1298924000002,190.20000000000002,190.0
1402.4341691000154,190.20000000000002,190.0
1402.7538771999534,189.9,190.0
1403.058448900003,189.9,190.0
1403.3781817000126,189.9,190.0
1403.6812750999816,190.10000000000002,190.0
1404.0202017999254,190.10000000000002,190.0
1404.3238376999507,189.9,190.0
1404.6258654999547,189.9,190.0
1404.9289417999098,189.9,190.0
1405.2502777999034,190.0,190.0
1405.5703298000153,190.0,190.0
1405.871494699968,190.0,190.0
1406.1945892999647,190.20000000000002,190.0
1406.498517400003,190.20000000000002,190.0
1406.81398909993,190.20000000000002,190.0
1407.1221570000052,190.0,190.0
1407.4413432999281,190.0,190.0
1407.7600041999249,190.0,190.0
1408.0620088999858,190.3,190.0
1408.3833031000104,190.3,190.0
1408.702341999975,190.3,190.0
1409.0077967999969,190.0,190.0
1409.3111912999302,190.0,190.0
1409.6274501999142,190.20000000000002,190.0
1409.9331321999198,190.20000000000002,190.0
1410.2531652000034,190.20000000000002,190.0
1410.5726464999607,189.9,190.0
1410.8769072999712,189.9,190.0
1411.1794897000073,189.9,190.0
1411.499219099991,190.10000000000002,190.0
1411.8188140999991,190.10000000000002,190.0
1412.1396655999124,190.10000000000002,190.0
1412.4440848999657,190.10000000000002,190.0
1412.7487134999828,190.10000000000002,190.0
1413.0661159999436,190.10000000000002,190.0
1413.3860757999355,190.0,190.0
1413.707154499949,190.0,190.0
1413.9939234999474,190.20000000000002,190.0
1414.3147502999054,190.20000000000002,190.0
1414.617614399991,190.20000000000002,190.0
1414.9540727999993,189.9,190.0
1415.2582643999485,189.9,190.0
1415.562523099943,189.9,190.0
1415.8816820000065,190.20000000000002,190.0
1416.201997499913,190.20000000000002,190.0
1416.5040921999607,190.20000000000002,190.0
1416.8077548999572,189.9,190.0
1417.1297885999084,189.9,190.0
1417.4305559999775,189.9,190.0
1417.753119800007,190.10000000000002,190.0
1418.0730252999347,190.10000000000002,190.0
1418.3742334999843,190.0,190.0
1418.6933738999069,190.0,190.0
1418.9995307999197,190.0,190.0
1419.317447599955,190.10000000000002,190.0
1419.6367530999705,190.10000000000002,190.0
1419.939958699979,190.10000000000002,190.0
1420.247298299917,190.20000000000002,190.0
1420.5638387999497,190.20000000000002,190.0
1420.8829563999316,190.20000000000002,190.0
1421.189396700007,190.0,190.0
1421.492237499915,190.0,190.0
1421.8138421999756,190.0,190.0
1422.1306080999784,190.3,190.0
1422.434315499966,190.3,190.0
1422.757436899934,190.3,190.0
1423.0607164999237,190.0,190.0
1423.3790649999864,190.0,190.0
1423.6838348999154,190.20000000000002,190.0
1424.001910699997,190.20000000000002,190.0
1424.3199325000169,190.20000000000002,190.0
1424.6426394999726,190.0,190.0
1424.9458772999933,190.0,190.0
1425.2661343999207,190.0,190.0
1425.5849184999242,190.10000000000002,190.0
1425.9053521999158,190.10000000000002,190.0
1426.2110510999337,190.10000000000002,190.0
1426.5110184999648,190.10000000000002,190.0
1426.832140799961,190.10000000000002,190.0
1427.1513070999645,190.10000000000002,190.0
1427.456298599951,190.0,190.0
1427.7765725000063,190.0,190.0
1428.0975963999517,190.3,190.0
1428.416278299992,190.3,190.0
1428.718344999943,190.3,190.0
1429.0389115000144,190.0,190.0
1429.340827499982,190.0,190.0
1429.6633371999487,190.0,190.0
1429.9663071999094,190.20000000000002,190.0
1430.286238099914,190.20000000000002,190.0
1430.6035736999474,190.20000000000002,190.0
1430.9099711999297,189.9,190.0
1431.2139053000137,189.9,190.0
1431.5310305999592,189.9,190.0
1431.8383009999525,190.20000000000002,190.0
1432.1723074999172,190.20000000000002,190.0
1432.4770088999067,190.10000000000002,190.0
1432.7966693999479,190.10000000000002,190.0
1433.0995186999207,190.10000000000002,190.0
1433.4200245999964,190.10000000000002,190.0
1433.7231249999022,190.10000000000002,190.0
1434.0264650000026,190.10000000000002,190.0
1434.3482173999073,190.20000000000002,190.0
1434.6504238999914,190.20000000000002,190.0
1434.9691472999984,190.20000000000002,190.0
1435.2764609999722,190.0,190.0
1435.596105900011,190.0,190.0
1435.8978029999416,190.0,190.0
1436.2345140000107,190.3,190.0
1436.5385339999339,190.3,190.0
1436.841710299952,190.3,190.0
1437.1583024999127,189.9,190.0
1437.4803655999713,189.9,190.0
1437.7861582000041,190.20000000000002,190.0
1438.102838599938,190.20000000000002,190.0
1438.4085300000152,190.20000000000002,190.0
1438.7290642999578,190.0,190.0
1439.0313633999322,190.0,190.0
1439.3360469999025,190.0,190.0
1439.67252059991,190.10000000000002,190.0
1439.9903898999328,190.10000000000002,190.0
1440.2919768999564,190.10000000000002,190.0
1440.6121608999092,190.10000000000002,190.0
1440.9153745999793,190.10000000000002,190.0
1441.2355779999634,190.10000000000002,190.0
1441.5405270999763,190.0,190.0
1441.86191159999,190.0,190.0
1442.1825806999113,190.20000000000002,190.0
1442.4821099999826,190.20000000000002,190.0
1442.8051703999517,190.20000000000002,190.0
1443.107882399927,189.9,190.0
1443.4261362999678,189.9,190.0
1443.73148149997,189.9,190.0
1444.052383299917,190.20000000000002,190.0
1444.3700800999068,190.20000000000002,190.0
1444.672958799987,190.20000000000002,190.0
1444.9785507000051,189.8,190.0
1445.2977275999729,189.8,190.0
1445.602041099919,189.8,190.0
1445.9393827000167,190.10000000000002,190.0
1446.242714199936,190.10000000000002,190.0
1446.5464240999427,190.0,190.0
1446.8646442999598,190.0,190.0
1447.1855691999663,190.0,190.0
1447.488064599922,190.10000000000002,190.0
1447.7909696999704,190.10000000000002,190.0
1448.114079699968,190.10000000000002,190.0
1448.4143657999812,190.20000000000002,190.0
1448.733368899906,190.20000000000002,190.0
1449.054454899975,190.20000000000002,190.0
1449.3743420999963,189.9,190.0
1449.6927478999132,189.9,190.0
1449.9981512000086,189.9,190.0
1450.318185799988,190.20000000000002,190.0
1450.6209539999254,190.20000000000002,190.0
1450.9582773000002,189.8,190.0
1451.2436701999977,189.8,190.0
1451.5656431999523,189.8,190.0
1451.8681405999232,190.10000000000002,190.0
1452.1901908,190.10000000000002,190.0
1452.493354999926,190.10000000000002,190.0
1452.8116163999075,189.9,190.0
1453.1310532999923,189.9,190.0
1453.4494706999976,189.9,190.0
1453.753694199957,190.0,190.0
1454.0590920000104,190.0,190.0
1454.3806395999854,190.0,190.0
1454.6843028999865,190.0,190.0
1455.0191324999323,190.0,190.0
1455.3242065999657,190.0,190.0
1455.6284544999944,189.9,190.0
1455.9477568999864,189.9,190.0
1456.2643771999283,190.10000000000002,190.0
1456.5682496000081,190.10000000000002,190.0
1456.8732952999417,190.10000000000002,190.0
1457.192159499973,189.8,190.0
1457.4991393999662,189.8,190.0
1457.8161714000162,189.8,190.0
1458.1368152999785,190.10000000000002,190.0
1458.4378050999949,190.10000000000002,190.0
1458.7423108000075,190.10000000000002,190.0
1459.062836600002,189.8,190.0
1459.381687499932,189.8,190.0
1459.7044707000023,189.8,190.0
1460.0078868999844,190.0,190.0
1460.3126386000076,190.0,190.0
1460.63217170001,189.9,190.0
1460.9477052999428,189.9,190.0
1461.2551811999874,189.9,190.0
1461.5595206000144,190.0,190.0
1461.878084499971,190.0,190.0
1462.1988439999986,190.0,190.0
1462.5025288999313,190.10000000000002,190.0
1462.822338399943,190.10000000000002,190.0
1463.1220346000046,190.10000000000002,190.0
1463.4290004000068,189.9,190.0
1463.746351199923,189.9,190.0
1464.0675079999492,189.9,190.0
1464.3854398999829,190.20000000000002,190.0
1464.6904618999688,190.20000000000002,190.0
1465.0118413999444,190.20000000000002,190.0
1465.315616899985,189.8,190.0
1465.6364160999656,189.8,190.0
1465.9365120999282,190.10000000000002,190.0
1466.2581001999788,190.10000000000002,190.0
1466.5637817999814,190.10000000000002,190.0
1466.8831264999462,189.8,190.0
1467.1850672999863,189.8,190.0
1467.5055092999246,189.8,190.0
1467.8252191999927,190.0,190.0
1468.1269469999243,190.0,190.0
1468.4311473999405,190.0,190.0
1468.75028129993,190.0,190.0
1469.0700501999818,190.0,190.0
1469.376065999968,190.0,190.0
1469.697133300011,189.9,190.0
1470.0008546999888,189.9,190.0
1470.316546099959,190.10000000000002,190.0
1470.6401239999104,190.10000000000002,190.0
1470.9430019999854,190.10000000000002,190.0
1471.2470229999162,189.8,190.0
1471.566806399962,189.8,190.0
1471.8673330999445,189.8,190.0
1472.1899303999962,190.10000000000002,190.0
1472.4922492000042,190.10000000000002,190.0
1472.8112718999619,190.10000000000002,190.0
1473.1155654999893,189.8,190.0
1473.435285699903,189.8,190.0
1473.754033299978,189.8,190.0
1474.061883599963,190.10000000000002,190.0
1474.3785481000086,190.10000000000002,190.0
1474.6849399999483,190.10000000000002,190.0
1475.002381999977,189.9,190.0
1475.3070978999604,189.9,190.0
1475.625186399906,190.0,190.0
1475.9293640999822,190.0,190.0
1476.2503176999744,190.0,190.0
1476.5685167999472,190.10000000000002,190.0
1476.8899529000046,190.10000000000002,190.0
1477.195808099932,190.10000000000002,190.0
1477.4983350000111,189.9,190.0
1477.815361799905,189.9,190.0
1478.1224339999026,189.9,190.0
1478.4416758000152,190.10000000000002,190.0
1478.7432714999886,190.10000000000002,190.0
1479.0621199000161,190.10000000000002,190.0
1479.3847647999646,189.8,190.0
1479.685713899904,189.8,190.0
1479.9892792999744,190.10000000000002,190.0
1480.3264149999013,190.10000000000002,190.0
1480.6314374000067,190.10000000000002,190.0
1480.9483697999967,189.9,190.0
1481.2527900999412,189.9,190.0
1481.5560036000097,189.9,190.0
1481.8775007999502,190.0,190.0
1482.1959499999648,190.0,190.0
1482.503128399956,190.0,190.0
1482.8201292000012,189.9,190.0
1483.1265181999188,189.9,190.0
1483.4457151999231,189.9,190.0
1483.7654570000013,189.9,190.0
1484.0685697000008,189.9,190.0
1484.3883955999045,190.0,190.0
1484.6908901999705,190.0,190.0
1484.9967033999274,190.0,190.0
1485.3129698999692,189.8,190.0
1485.6325393000152,189.8,190.0
1485.936661100015,189.8,190.0
1486.258089400013,190.10000000000002,190.0
1486.561374599929,190.10000000000002,190.0
1486.8805328999879,190.10000000000002,190.0
1487.1852841000073,189.8,190.0
1487.491064199945,189.8,190.0
1487.8085790999467,189.8,190.0
1488.1302561999764,190.10000000000002,190.0
1488.4317633999744,190.10000000000002,190.0
1488.7540011999663,190.10000000000002,190.0
1489.0708355999086,189.9,190.0
1489.3765215999447,189.9,190.0
1489.6813957999693,190.0,190.0
1490.0008654999547,190.0,190.0
1490.318506599986,190.0,190.0
1490.6383700999431,190.0,190.0
1490.941895899945,190.0,190.0
1491.2463339999085,190.0,190.0
1491.565244599944,189.9,190.0
1491.887273899978,189.9,190.0
1492.1898556000087,189.9,190.0
1492.4945235999767,190.10000000000002,190.0
1492.8284732999746,190.10000000000002,190.0
1493.1338787999703,190.10000000000002,190.0
1493.4522170999553,189.8,190.0
1493.756368399947,189.8,190.0
1494.0587150999345,190.10000000000002,190.0
1494.3814919999568,190.10000000000002,190.0
1494.6974260999123,190.10000000000002,190.0
1495.0039274999872,189.9,190.0
1495.3239354999969,189.9,190.0
1495.6267933999188,189.9,190.0
1495.9301146999933,190.10000000000002,190.0
1496.2485754999798,190.10000000000002,190.0
1496.5695295999758,190.10000000000002,190.0
1496.8877819000045,190.0,190.0
1497.17979929992,190.0,190.0
1497.4999363999814,190.0,190.0
1497.8195780999959,189.9,190.0
1498.1379195000045,189.9,190.0
1498.4413610999472,189.9,190.0
1498.7621989999898,190.10000000000002,190.0
1499.0640911000082,190.10000000000002,190.0
1499.3864365000045,189.8,190.0
1499.6866297000088,189.8,190.0
1499.9916484999703,189.8,190.0
1500.3133121000137,190.20000000000002,190.0
1500.6321157999337,190.20000000000002,190.0
1500.9524722999195,190.20000000000002,190.0
1501.2541929999134,189.9,190.0
1501.5597277999623,189.9,190.0
1501.877398599987,189.9,190.0
1502.1795619999757,190.10000000000002,190.0
1502.5018294999609,190.10000000000002,190.0
1502.8222050999757,190.10000000000002,190.0
1503.1247319999384,190.0,190.0
1503.4444517999655,190.0,190.0
1503.7494379999116,190.0,190.0
1504.0680635999888,190.0,190.0
1504.3861065999372,190.0,190.0
1504.6913912999444,190.10000000000002,190.0
1505.012330599944,190.10000000000002,190.0
1505.3154760999605,190.10000000000002,190.0
1505.6357950000092,189.9,190.0
1505.9390821999405,189.9,190.0
1506.2594774999889,189.9,190.0
1506.561956499936,190.20000000000002,190.0
1506.881858299952,190.20000000000002,190.0
1507.1866451000096,190.20000000000002,190.0
1507.5045005999273,189.9,190.0
1507.8106818000088,189.9,190.0
1508.1275929999538,189.9,190.0
1508.433898499934,190.20000000000002,190.0
1508.7534566000104,190.20000000000002,190.0
1509.0728252999252,189.9,190.0
1509.3748715999536,189.9,190.0
1509.6817358999979,189.9,190.0
1510.0138900999445,190.10000000000002,190.0
1510.3201102999737,190.10000000000002,190.0
1510.6393259000033,190.10000000000002,190.0
1510.9430666000117,190.0,190.0
1511.2477305999491,190.0,190.0
1511.5679948999314,190.0,190.0
1511.8680261999834,190.0,190.0
1512.189891899936,190.0,190.0
1512.4945367999608,190.0,190.0
1512.811773699941,190.10000000000002,190.0
1513.1317191999406,190.10000000000002,190.0
1513.4538550999714,189.8,190.0
1513.7564734999323,189.8,190.0
1514.0604515000014,189.8,190.0
1514.3784308999311,190.20000000000002,190.0
1514.6990354999434,190.20000000000002,190.0
1515.001394599909,190.20000000000002,190.0
1515.3060411999468,189.8,190.0
1515.626318699913,189.8,190.0
1515.9474097999046,189.8,190.0
1516.2682333999546,190.10000000000002,190.0
1516.570221300004,190.10000000000002,190.0
1516.8749142999295,190.10000000000002,190.0
1517.195911699906,189.9,190.0
1517.497394899954,189.9,190.0
1517.8155523999594,189.9,190.0
1518.12303779996,190.0,190.0
1518.4398576999083,190.0,190.0
1518.7435089999344,190.0,190.0
1519.062031099922,190.0,190.0
1519.3841075999662,190.0,190.0
1519.689060900011,189.9,190.0
1520.0065240999684,189.9,190.0
1520.3258132999763,189.9,190.0
1520.630379899987,190.10000000000002,190.0
1520.9334830999142,190.10000000000002,190.0
1521.2526811999269,190.10000000000002,190.0
1521.5563586999197,189.8,190.0
1521.8786890999181,189.8,190.0
1522.1987149999477,189.8,190.0
1522.5000099999597,190.10000000000002,190.0
1522.806144299917,190.10000000000002,190.0
1523.1231141999597,189.9,190.0
1523.4442988999654,189.9,190.0
1523.749510900001,189.9,190.0
1524.0660725999624,190.0,190.0
1524.3725157999434,190.0,190.0
1524.6935408000136,190.0,190.0
1524.9945222999668,190.0,190.0
1525.3129510999424,190.0,190.0
1525.6358781999443,190.0,190.0
1525.93998679996,189.9,190.0
1526.243649699958,189.9,190.0
1526.5604038999882,189.9,190.0
1526.8836466999492,190.10000000000002,190.0
1527.186417199904,190.10000000000002,190.0
1527.508047399926,189.9,190.0
1527.8077597999945,189.9,190.0
1528.1271788999438,189.9,190.0
1528.4319649999961,190.20000000000002,190.0
1528.7510492999572,190.20000000000002,190.0
1529.0705427000066,190.20000000000002,190.0
1529.377106299973,189.9,190.0
1529.6971795000136,189.9,190.0
1530.000403199927,189.9,190.0
1530.3184108999558,190.10000000000002,190.0
1530.6225574999116,190.10000000000002,190.0
1530.9447650999064,190.10000000000002,190.0
1531.2464612999465,189.9,190.0
1531.5669206000166,189.9,190.0
1531.885371399927,189.9,190.0
1532.204317900003,190.0,190.0
1532.5086869999068,190.0,190.0
1532.8285933999578,190.0,190.0
1533.149925399921,190.0,190.0
1533.4545806999085,190.0,190.0
1533.774800300016,189.9,190.0
1534.0774832000025,189.9,190.0
1534.3949281999376,189.9,190.0
1534.6999576999806,190.20000000000002,190.0
1535.0182839999907,190.20000000000002,190.0
1535.340316799935,190.20000000000002,190.0
1535.6435662999284,189.9,190.0
1535.946058499976,189.9,190.0
1536.2649648999795,189.9,190.0
1536.5863974000094,190.20000000000002,190.0
1536.8921709000133,190.20000000000002,190.0
1537.2106339000165,189.9,190.0
1537.5145781999454,189.9,190.0
1537.8349944999209,189.9,190.0
1538.1382343999576,190.10000000000002,190.0
1538.4572951999726,190.10000000000002,190.0
1538.7589323999127,190.10000000000002,190.0
1539.0798153999494,190.0,190.0
1539.384555800003,190.0,190.0
1539.7055343999527,190.0,190.0
1540.0240328999935,189.9,190.0
1540.3268517999677,189.9,190.0
1540.6458791999612,189.9,190.0
1540.9681895999238,190.10000000000002,190.0
1541.2704614999238,190.10000000000002,190.0
1541.5741320999805,190.10000000000002,190.0
1541.892300699954,189.9,190.0
1542.2005039999494,189.9,190.0
1542.518525499967,190.20000000000002,190.0
1542.8383374999976,190.20000000000002,190.0
1543.142005099915,190.20000000000002,190.0
1543.4464232999599,189.9,190.0
1543.765443100012,189.9,190.0
1544.0836875999812,189.9,190.0
1544.3897097000154,190.10000000000002,190.0
1544.7059482999612,190.10000000000002,190.0
1545.0129663000116,190.10000000000002,190.0
1545.3328927999828,189.9,190.0
1545.650900800014,189.9,190.0
1545.9534694999456,189.9,190.0
1546.2612219000002,190.0,190.0
1546.5803480999311,190.0,190.0
1546.8961556999711,190.0,190.0
1547.2185977000045,190.0,190.0
1547.5207039999077,190.0,190.0
1547.8240997999674,189.9,190.0
1548.1473313999595,189.9,190.0
1548.462934799958,189.9,190.0
1548.767579699983,190.10000000000002,190.0
1549.0895083999494,190.10000000000002,190.0
1549.3939180999296,190.10000000000002,190.0
1549.7131884999108,189.8,190.0
1550.0148455000017,189.8,190.0
1550.3368684999878,189.8,190.0
1550.6539052999578,190.10000000000002,190.0
1550.9609968999866,190.10000000000002,190.0
1551.2642819999019,189.8,190.0
1551.5814293000149,189.8,190.0
1551.8857764999848,189.8,190.0
1552.2060345999198,190.0,190.0
1552.5084945999552,190.0,190.0
1552.832603399991,190.0,190.0
1553.1515523999697,189.9,190.0
1553.455733699957,189.9,190.0
1553.7727094999282,189.9,190.0
1554.0754315999802,189.9,190.0
1554.3955560999457,189.9,190.0
1554.7005111000035,189.9,190.0
1555.0354391,190.10000000000002,190.0
1555.3390017999336,190.10000000000002,190.0
1555.6598186999327,190.10000000000002,190.0
1555.980478500016,189.9,190.0
1556.2829181000125,189.9,190.0
1556.5862823999487,190.20000000000002,190.0
1556.9246057999553,190.20000000000002,190.0
1557.2262939999346,190.20000000000002,190.0
1557.529768700013,189.8,190.0
1557.8498316999758,189.8,190.0
1558.1713598999195,189.8,190.0
1558.4749898000155,190.10000000000002,190.0
1558.77677389991,190.10000000000002,190.0
1559.0953162999358,190.10000000000002,190.0
1559.416608099942,189.9,190.0
1559.7230471000075,189.9,190.0
1560.024610399967,189.9,190.0
1560.3432551999576,190.0,190.0
1560.6657395999646,190.0,190.0
1560.970014499966,190.0,190.0
1561.286919599981,190.0,190.0
1561.589491599938,190.0,190.0
1561.9125717999414,189.9,190.0
1562.2303284999216,189.9,190.0
1562.533953999984,189.9,190.0
1562.8527156999335,190.10000000000002,190.0
1563.156960299937,190.10000000000002,190.0
1563.4614431000082,190.10000000000002,190.0
1563.7833304000087,189.8,190.0
1564.100130799925,189.8,190.0
1564.403189899982,189.8,190.0
1564.7244553999044,190.10000000000002,190.0
1565.0305216999259,190.10000000000002,190.0
1565.3505739999237,189.8,190.0
1565.6502647999441,189.8,190.0
1565.9744158999529,189.8,190.0
1566.2760695999023,190.0,190.0
1566.5956571999704,190.0,190.0
1566.9158311999636,190.0,190.0
1567.2185938999755,189.9,190.0
1567.5398669999558,189.9,190.0
1567.8594988000114,189.9,190.0
1568.1639561000047,189.9,190.0
1568.4650756999617,189.9,190.0
1568.7859611000167,189.9,190.0
1569.1039135999745,190.10000000000002,190.0
1569.4108388000168,190.10000000000002,190.0
1569.7127161999233,190.10000000000002,190.0
1570.0343607999384,189.9,190.0
1570.3364573,189.9,190.0
1570.6745073999045,190.20000000000002,190.0
1570.9767731999746,190.20000000000002,190.0
1571.2779225999257,190.20000000000002,190.0
1571.5987444999628,189.8,190.0
1571.9053343000123,189.8,190.0
1572.225322399987,189.8,190.0
1572.526336699957,190.10000000000002,190.0
1572.8475664999569,190.10000000000002,190.0
1573.1494475000072,190.10000000000002,190.0
1573.4697577999905,189.9,190.0
1573.7908724999288,189.9,190.0
1574.0952673999127,189.9,190.0
1574.3988875999348,190.0,190.0
1574.715591199929,190.0,190.0
1575.0384083999088,190.0,190.0
1575.357872499968,190.0,190.0
1575.6603785000043,190.0,190.0
1575.9660869999789,189.9,190.0
1576.2850887000095,189.9,190.0
1576.5864844999742,189.9,190.0
1576.925476299948,190.20000000000002,190.0
1577.2114688999718,190.20000000000002,190.0
1577.5307152000023,190.20000000000002,190.0
1577.850534599973,189.9,190.0
1578.1728108999087,189.9,190.0
1578.4754776000045,189.9,190.0
1578.7780846999958,190.10000000000002,190.0
1579.0968864999013,190.10000000000002,190.0
1579.4034878999228,190.10000000000002,190.0
1579.7208360999357,189.8,190.0
1580.0423998999177,189.8,190.0
1580.3432404999621,190.10000000000002,190.0
1580.6697041000007,190.10000000000002,190.0
1580.9689662000164,190.10000000000002,190.0
1581.2896344999317,190.0,190.0
1581.5910565999802,190.0,190.0
1581.912522999919,190.0,190.0
1582.232097400003,190.0,190.0
1582.5340725999558,190.0,190.0
1582.8538432999048,190.0,190.0
1583.1574575999985,190.20000000000002,190.0
1583.4641377999214,190.20000000000002,190.0
1583.784768100013,190.20000000000002,190.0
1584.1024374999106,190.0,190.0
1584.4050971999532,190.0,190.0
1584.7114856999833,190.20000000000002,190.0
1585.0300705999834,190.20000000000002,190.0
1585.3482087999582,190.20000000000002,190.0
1585.655123299919,189.9,190.0
1585.9749386999756,189.9,190.0
1586.2756752999267,189.9,190.0
1586.5985123999417,190.20000000000002,190.0
1586.8987798999297,190.20000000000002,190.0
1587.233967499924,190.20000000000002,190.0
1587.5380629999563,190.0,190.0
1587.84378799994,190.0,190.0
1588.1615944999503,190.0,190.0
1588.4698545999127,190.10000000000002,190.0
1588.785426599905,190.10000000000002,190.0
1589.0922462999588,190.10000000000002,190.0
1589.4088935999898,190.10000000000002,190.0
1589.7132689999416,190.10000000000002,190.0
1590.0316866999492,190.0,190.0
1590.3536937999306,190.0,190.0
1590.657997299917,190.0,190.0
1590.9777641999535,190.20000000000002,190.0
1591.283141599968,190.20000000000002,190.0
1591.5986607999075,190.20000000000002,190.0
1591.919421199942,189.9,190.0
1592.22434039996,189.9,190.0
1592.5444545999635,189.9,190.0
1592.8646982999053,190.20000000000002,190.0
1593.165457899915,190.20000000000002,190.0
1593.4886104000034,190.20000000000002,190.0
1593.7899971000152,189.8,190.0
1594.11182250001,189.8,190.0
1594.4301085999468,190.10000000000002,190.0
1594.7328112999676,190.10000000000002,190.0
1595.0539672999876,190.10000000000002,190.0
1595.357056699926,190.0,190.0
1595.6797725999495,190.0,190.0
1595.9955589999445,190.0,190.0
1596.299003999913,190.0,190.0
1596.621681699995,190.0,190.0
1596.9248730000108,190.0,190.0
1597.24521069997,190.10000000000002,190.0
1597.562953799963,190.10000000000002,190.0
1597.8659860999323,190.10000000000002,190.0
1598.1882483999943,189.9,190.0
1598.4905581999337,189.9,190.0
1598.7954216999933,190.20000000000002,190.0
1599.1135115999496,190.20000000000002,190.0
1599.4179050999228,190.20000000000002,190.0
1599.7396029999945,189.9,190.0
1600.0583825999638,189.9,190.0
1600.3633024999872,189.9,190.0
1600.6817063000053,190.20000000000002,190.0
1600.9989596999949,190.20000000000002,190.0
1601.3052772999508,190.20000000000002,190.0
1601.6253574999282,189.9,190.0
1601.9279127999907,189.9,190.0
1602.2486351999687,189.9,190.0
1602.5516253999667,190.10000000000002,190.0
1602.8565520999255,190.10000000000002,190.0
1603.173795999959,190.10000000000002,190.0
1603.480102499947,190.10000000000002,190.0
1603.801008099923,190.10000000000002,190.0
1604.1194968000054,189.9,190.0
1604.4243386000162,189.9,190.0
1604.7414184999652,189.9,190.0
1605.0466016000137,190.10000000000002,190.0
1605.3643553999718,190.10000000000002,190.0
1605.6851665999275,190.10000000000002,190.0
1605.987147299922,189.9,190.0
1606.311239899951,189.9,190.0
1606.610621699947,189.9,190.0
1606.9320689999731,190.10000000000002,190.0
1607.2347486999352,190.10000000000002,190.0
1607.5407383999554,190.10000000000002,190.0
1607.8617060999386,189.8,190.0
1608.1783858999843,189.8,190.0
1608.483471399988,190.0,190.0
1608.8012098999461,190.0,190.0
1609.1076081999345,190.0,190.0
1609.425068099983,190.0,190.0
1609.7483219999122,190.0,190.0
1610.0512660999084,190.0,190.0
1610.368042099988,190.0,190.0
1610.690622099908,190.0,190.0
1610.9911597999744,190.0,190.0
1611.3136316000018,190.10000000000002,190.0
1611.6304108999902,190.10000000000002,190.0
1611.9370072999736,190.10000000000002,190.0
1612.254031599965,189.9,190.0
1612.562002499937,189.9,190.0
1612.8817303999094,190.20000000000002,190.0
1613.197757899994,190.20000000000002,190.0
1613.5029650999932,190.20000000000002,190.0
1613.821608499973,189.9,190.0
1614.1258123000152,189.9,190.0
1614.4455248999875,189.9,190.0
1614.765327299945,190.10000000000002,190.0
1615.0706896999618,190.10000000000002,190.0
1615.3915538999718,190.10000000000002,190.0
1615.694085199968,189.9,190.0
1616.015701700002,189.9,190.0
1616.317269399995,189.9,190.0
1616.6207893999526,190.0,190.0
1616.9407618999248,190.0,190.0
1617.261449499987,190.0,190.0
1617.5624906999292,190.0,190.0
1617.883657499915,190.0,190.0
1618.1867002999643,190.0,190.0
1618.5090217000106,190.0,190.0
1618.8281763999257,190.0,190.0
1619.1318384999176,190.20000000000002,190.0
1619.4341920999577,190.20000000000002,190.0
1619.7537345999153,190.20000000000002,190.0
1620.0752325999783,189.9,190.0
1620.3961454000091,189.9,190.0
1620.7156903999858,189.9,190.0
1621.0352357999654,190.10000000000002,190.0
1621.3524637999944,190.10000000000002,190.0
1621.6582752999384,189.8,190.0
1621.9776764999842,189.8,190.0
1622.2782306999434,189.8,190.0
1622.598672799999,190.10000000000002,190.0
1622.9198441999033,190.10000000000002,190.0
1623.225938599906,190.10000000000002,190.0
1623.5448433000129,189.9,190.0
1623.8654571999796,189.9,190.0
1624.1690945000155,189.9,190.0
1624.5046114999568,190.0,190.0
1624.8084174999967,190.0,190.0
1625.1246607999783,190.0,190.0
1625.4289974999847,190.20000000000002,190.0
1625.7339828999247,190.20000000000002,190.0
1626.051655499963,190.20000000000002,190.0
1626.3748482000083,189.9,190.0
1626.6764820999233,189.9,190.0
1626.995988599956,190.20000000000002,190.0
1627.3004441999365,190.20000000000002,190.0
1627.6191781999078,190.20000000000002,190.0
1627.941837499966,189.8,190.0
1628.2448316999944,189.8,190.0
1628.5459620999172,189.8,190.0
1628.8654747999972,190.10000000000002,190.0
1629.2033721999032,190.10000000000002,190.0
1629.504934699973,190.10000000000002,190.0
1629.8122787999455,189.8,190.0
1630.130803899956,189.8,190.0
1630.432096399949,189.8,190.0
1630.752675900003,190.0,190.0
1631.0722490999615,190.0,190.0
1631.3761088999454,190.0,190.0
1631.6983423999045,190.0,190.0
1632.0181635000044,190.0,190.0
1632.318122799974,189.9,190.0
1632.6410834999988,189.9,190.0
1632.943292699987,189.9,190.0
1633.2649519999977,190.10000000000002,190.0
1633.5988420000067,190.10000000000002,190.0
1633.888157099951,190.10000000000002,190.0
1634.2075396999717,189.9,190.0
1634.511490099947,189.9,190.0
1634.8288158999057,189.9,190.0
1635.1520502999192,190.20000000000002,190.0
1635.4554694999242,190.20000000000002,190.0
1635.7747415999183,189.9,190.0
1636.0778133999556,189.9,190.0
1636.3984952999745,189.9,190.0
1636.7183009999571,190.10000000000002,190.0
1637.0206234999932,190.10000000000002,190.0
1637.3394362999825,190.10000000000002,190.0
1637.6451597999549,190.0,190.0
1637.9663868999342,190.0,190.0
1638.297976300004,190.0,190.0
1638.6018498999765,190.0,190.0
1638.9214404999511,190.0,190.0
1639.228013999993,190.0,190.0
1639.546750599984,190.10000000000002,190.0
1639.867863399908,190.10000000000002,190.0
1640.1727426999714,189.9,190.0
1640.4913864999544,189.9,190.0
1640.8079991999548,189.9,190.0
1641.1136440999107,190.20000000000002,190.0
1641.4352647999767,190.20000000000002,190.0
1641.7391631999053,190.20000000000002,190.0
1642.0571266999468,189.8,190.0
1642.3761518999236,189.8,190.0
1642.6621459999587,189.8,190.0
1642.9824359999038,190.10000000000002,190.0
1643.3036899999715,190.10000000000002,190.0
1643.60629409994,190.10000000000002,190.0
1643.927120200009,189.9,190.0
1644.233080899925,189.9,190.0
1644.5497449999675,190.0,190.0
1644.8708997999784,190.0,190.0
1645.1741212999914,190.0,190.0
1645.4947048999602,190.0,190.0
1645.796348499949,190.0,190.0
1646.1157919999678,190.0,190.0
1646.4366294000065,189.9,190.0
1646.7404470999027,189.9,190.0
1647.0460585999535,189.9,190.0
1647.363617899944,190.10000000000002,190.0
1647.684761099983,190.10000000000002,190.0
1647.9861855999334,190.10000000000002,190.0
1648.292661699932,189.8,190.0
1648.6104348999215,189.8,190.0
1648.9296558999922,189.8,190.0
1649.2363036999013,190.20000000000002,190.0
1649.5571206999011,190.20000000000002,190.0
1649.8763263999717,189.9,190.0
1650.1788236999419,189.9,190.0
1650.5151976000052,189.9,190.0
1650.8171074999264,190.20000000000002,190.0
1651.1355940999929,190.20000000000002,190.0
1651.458725699922,190.20000000000002,190.0
1651.760464199935,190.0,190.0
1652.079049999942,190.0,190.0
1652.398682900006,190.0,190.0
1652.7045712999534,190.0,190.0
1653.0253170999931,190.0,190.0
1653.3279749999056,190.10000000000002,190.0
1653.6474746000022,190.10000000000002,190.0
1653.9683030999731,190.10000000000002,190.0
1654.2710957999807,189.9,190.0
1654.593292400008,189.9,190.0
1654.896831399994,189.9,190.0
1655.2133461999474,190.20000000000002,190.0
1655.5333204999333,190.20000000000002,190.0
1655.853921199916,190.20000000000002,190.0
1656.17548789992,189.9,190.0
1656.478473700001,189.9,190.0
1656.7816536999308,189.9,190.0
1657.103395299986,190.20000000000002,190.0
1657.40563319996,190.20000000000002,190.0
1657.7242212999845,190.20000000000002,190.0
1658.0463454999262,189.9,190.0
1658.3497445000103,189.9,190.0
1658.6659137000097,190.10000000000002,190.0
1658.9882616999093,190.10000000000002,190.0
1659.2941686999984,190.10000000000002,190.0
1659.6297467999393,190.0,190.0
1659.9327344999183,190.0,190.0
1660.233318099985,190.0,190.0
1660.540499900002,190.0,190.0
1660.8563605999807,190.0,190.0
1661.1795513000106,190.0,190.0
1661.4974428999703,190.10000000000002,190.0
1661.8009186999407,190.10000000000002,190.0
1662.1228342999239,190.10000000000002,190.0
1662.4263452999294,189.8,190.0
1662.7444191999966,189.8,190.0
1663.0647116999608,190.20000000000002,190.0
1663.3685966999037,190.20000000000002,190.0
1663.6864931999007,190.20000000000002,190.0
1663.9905867999187,189.9,190.0
1664.3132471999852,189.9,190.0
1664.615306199994,189.9,190.0
1664.936538000009,190.20000000000002,190.0
1665.2373119000113,190.20000000000002,190.0
1665.558180599939,190.20000000000002,190.0
1665.861429499928,190.0,190.0
1666.183788599912,190.0,190.0
1666.4840317999478,190.0,190.0
1666.8032366000116,190.10000000000002,190.0
1667.1260700999992,190.10000000000002,190.0
1667.4293190999888,190.10000000000002,190.0
1667.7494546999224,190.10000000000002,190.0
1668.0513614999363,190.10000000000002,190.0
1668.370905199903,189.9,190.0
1668.676147799939,189.9,190.0
1668.9958101999946,189.9,190.0
1669.2972502999473,190.10000000000002,190.0
1669.6011042000027,190.10000000000002,190.0
1669.9249990999233,190.10000000000002,190.0
1670.2443297000136,189.8,190.0
1670.544786299928,189.8,190.0
1670.865351299988,189.8,190.0
1671.1861165999435,190.20000000000002,190.0
1671.489671099931,190.20000000000002,190.0
1671.808604999911,190.20000000000002,190.0
1672.1109380999114,189.9,190.0
1672.4317769999616,189.9,190.0
1672.7527541999007,190.0,190.0
1673.054592099972,190.0,190.0
1673.3772479000036,190.0,190.0
1673.6982315999921,190.0,190.0
1673.998062599916,190.0,190.0
1674.320771300001,190.0,190.0
1674.6254885999952,189.9,190.0
1674.9428993999027,189.9,190.0
1675.2619454999221,189.9,190.0
1675.5645263999468,190.10000000000002,190.0
1675.8850329999113,190.10000000000002,190.0
1676.191921099904,190.10000000000002,190.0
1676.5112257999135,189.8,190.0
1676.8295499999076,189.8,190.0
1677.134929999942,190.20000000000002,190.0
1677.4525256999768,190.20000000000002,190.0
1677.7739431000082,190.20000000000002,190.0
1678.0760921000037,189.8,190.0
1678.3970037999097,189.8,190.0
1678.6985595999286,189.8,190.0
1679.0216808000114,190.10000000000002,190.0
1679.3379823999712,190.10000000000002,190.0
1679.6447740999283,190.10000000000002,190.0
1679.9622953999788,189.9,190.0
1680.2648575999774,189.9,190.0
1680.587541899993,189.9,190.0
1680.905539899948,190.0,190.0
1681.2105249000015,190.0,190.0
1681.5316437999718,190.0,190.0
1681.8375310999108,190.0,190.0
1682.1363274999894,190.0,190.0
1682.456649599946,189.9,190.0
1682.7595412000082,189.9,190.0
1683.0815027999924,189.9,190.0
1683.4028765999246,190.10000000000002,190.0
1683.7199627999216,190.10000000000002,190.0
1684.024168199976,190.10000000000002,190.0
1684.3266639999347,189.8,190.0
1684.645843999926,189.8,190.0
1684.9677413000027,189.8,190.0
1685.2726125000045,190.10000000000002,190.0
1685.5929301999277,190.10000000000002,190.0
1685.89564969996,189.8,190.0
1686.2127078999765,189.8,190.0
1686.53355069994,189.8,190.0
1686.8515869999537,190.0,190.0
1687.1756480999757,190.0,190.0
1687.4790474999463,190.0,190.0
1687.7954078000039,189.9,190.0
1688.1158348999452,189.9,190.0
1688.437099999981,189.9,190.0
1688.7394990999019,189.9,190.0
1689.061202300014,189.9,190.0
1689.3641366999364,189.9,190.0
1689.6851046999218,190.10000000000002,190.0
1689.9882623999147,190.10000000000002,190.0
1690.3060532999225,189.9,190.0
1690.6255023999838,189.9,190.0
1690.9302532000002,189.9,190.0
1691.2486220999854,190.20000000000002,190.0
1691.56939650001,190.20000000000002,190.0
1691.8748180000111,190.20000000000002,190.0
1692.1957016999368,189.9,190.0
1692.4981130999513,189.9,190.0
1692.8155984999612,189.9,190.0
1693.1369387999875,190.20000000000002,190.0
1693.4387004999444,190.20000000000002,190.0
1693.7609750999836,190.20000000000002,190.0
1694.0657478999346,189.9,190.0
1694.3838061999995,189.9,190.0
1694.7038631999167,190.0,190.0
1695.0059511999134,190.0,190.0
1695.3117823000066,190.0,190.0
1695.632675700006,190.10000000000002,190.0
1695.9689071999164,190.10000000000002,190.0
1696.2688994999044,190.10000000000002,190.0
1696.575054799905,189.9,190.0
1696.895200299914,189.9,190.0
1697.2151444999035,189.9,190.0
1697.5168771999888,190.20000000000002,190.0
1697.841823900002,190.20000000000002,190.0
1698.1416776999831,190.20000000000002,190.0
1698.4599922999041,189.9,190.0
1698.7785282999976,189.9,190.0
1699.085328899906,189.9,190.0
1699.403113599983,190.20000000000002,190.0
1699.7248176999856,190.20000000000002,190.0
1700.0295758999418,189.9,190.0
1700.345484099933,189.9,190.0
1700.6657731999876,189.9,190.0
1700.968514899956,190.0,190.0
1701.2727321999846,190.0,190.0
1701.5939700999297,190.0,190.0
1701.912705799914,189.9,190.0
1702.234310299973,189.9,190.0
1702.5386690999148,189.9,190.0
1702.8590574999107,189.9,190.0
1703.1613571000053,189.9,190.0
1703.4823434000136,189.9,190.0
1703.7864816999063,190.10000000000002,190.0
1704.102568399976,190.10000000000002,190.0
1704.4097951999865,189.9,190.0
1704.7104724999517,189.9,190.0
1705.03296709992,189.9,190.0
1705.349596499931,190.20000000000002,190.0
1705.6556657999754,190.20000000000002,190.0
1705.9751743999077,190.20000000000002,190.0
1706.279193699942,189.9,190.0
1706.5976833999157,189.9,190.0
1706.9198750999058,189.9,190.0
1707.2377992999973,190.10000000000002,190.0
1707.5394360999344,190.10000000000002,190.0
1707.8457322999602,190.10000000000002,190.0
1708.16577959992,189.9,190.0
1708.4864231999964,189.9,190.0
1708.7890278999694,190.0,190.0
1709.124849200016,190.0,190.0
1709.4260749999667,190.0,190.0
1709.7314454999287,190.0,190.0
1710.052746500005,190.0,190.0
1710.3567521999357,190.0,190.0
1710.6758312999737,189.9,190.0
1710.9938323999522,189.9,190.0
1711.3005262999795,189.9,190.0
1711.6177003999474,190.20000000000002,190.0
1711.9220739000011,190.20000000000002,190.0
1712.242074299953,190.20000000000002,190.0
1712.5631635999307,189.9,190.0
1712.8805745999562,189.9,190.0
1713.201523699914,190.20000000000002,190.0
1713.506166499923,190.20000000000002,190.0
1713.8089819999877,190.20000000000002,190.0
1714.1300925000105,189.8,190.0
1714.4486740999855,189.8,190.0
1714.7504174999194,189.8,190.0
1715.0708049999084,190.10000000000002,190.0
1715.3743415999925,190.10000000000002,190.0
1715.697133300011,190.10000000000002,190.0
1716.0129149999702,189.9,190.0
1716.3183279999066,189.9,190.0
1716.640100199962,189.9,190.0
1716.9407158999238,189.9,190.0
1717.2483574999496,189.9,190.0
1717.5638947999105,189.9,190.0
1717.8834143999266,190.10000000000002,190.0
1718.2073686999502,190.10000000000002,190.0
1718.5092498000013,189.9,190.0
1718.8298116999213,189.9,190.0
1719.1472358999308,189.9,190.0
1719.4699239999754,190.20000000000002,190.0
1719.7728703999892,190.20000000000002,190.0
1720.0910668999422,190.20000000000002,190.0
1720.397507000016,189.9,190.0
1720.7143119999673,189.9,190.0
1721.016750199953,189.9,190.0
1721.338746799971,190.10000000000002,190.0
1721.6441839999752,190.10000000000002,190.0
1721.963673899998,190.10000000000002,190.0
1722.2817950999597,189.9,190.0
1722.5719538999256,189.9,190.0
1722.8874854999594,190.0,190.0
1723.2114623999223,190.0,190.0
1723.5463511999696,190.0,190.0
1723.846605699975,190.0,190.0
1724.1707573999884,190.0,190.0
1724.4722432999406,190.0,190.0
1724.7931765000103,189.9,190.0
1725.096334300004,189.9,190.0
1725.4137093999889,189.9,190.0
1725.7176237999229,190.10000000000002,190.0
1726.038345500012,190.10000000000002,190.0
1726.3593120999867,190.10000000000002,190.0
1726.6606390000088,189.9,190.0
1726.9838170999428,189.9,190.0
1727.2854841999942,190.10000000000002,190.0
1727.590899999952,190.10000000000002,190.0
1727.9111173999263,190.10000000000002,190.0
1728.2270029999781,189.8,190.0
1728.5341315999394,189.8,190.0
1728.8520029999781,189.8,190.0
1729.1571868999163,190.10000000000002,190.0
1729.4759830000112,190.10000000000002,190.0
1729.7966452999972,190.10000000000002,190.0
1730.0990230999887,189.9,190.0
1730.4188167999964,189.9,190.0
1730.7235107999295,189.9,190.0
1731.0253245999338,190.0,190.0
1731.347136999946,190.0,190.0
1731.6671215000097,190.20000000000002,190.0
1731.9720712999115,190.20000000000002,190.0
1732.2757786000147,190.20000000000002,190.0
1732.59622019995,189.9,190.0
1732.9133549999679,189.9,190.0
1733.234523299965,189.9,190.0
1733.5376398999942,190.20000000000002,190.0
1733.8586261000019,190.20000000000002,190.0
1734.1606568999123,190.20000000000002,190.0
1734.481044499902,189.9,190.0
1734.8009430000093,189.9,190.0
1735.0857848000014,189.9,190.0
1735.406083400012,190.20000000000002,190.0
1735.7255635999609,190.20000000000002,190.0
1736.030608000001,190.20000000000002,190.0
1736.348881199956,189.9,190.0
1736.653394899913,189.9,190.0
1736.9739306999836,190.0,190.0
1737.2931352999294,190.0,190.0
1737.5961009999737,190.0,190.0
1737.9193830000004,190.10000000000002,190.0
1738.2192679999862,190.10000000000002,190.0
1738.5426187999547,190.10000000000002,190.0
1738.8612373999786,189.9,190.0
1739.1659568999894,189.9,190.0
1739.4681929999497,189.9,190.0
1739.78785600001,190.20000000000002,190.0
1740.0902932999888,190.20000000000002,190.0
1740.4102482999442,190.20000000000002,190.0
1740.717650400009,189.9,190.0
1741.0344913000008,189.9,190.0
1741.3377437999006,190.20000000000002,190.0
1741.659989799955,190.20000000000002,190.0
1741.9786162999226,190.20000000000002,190.0
1742.2800186999375,189.8,190.0
1742.6009836000158,189.8,190.0
1742.9208827000111,189.8,190.0
1743.2270396999083,190.10000000000002,190.0
1743.5460643999977,190.10000000000002,190.0
1743.8486160999164,190.10000000000002,190.0
1744.1520862999605,190.0,190.0
1744.4726746999659,190.0,190.0
1744.7934544999152,190.0,190.0
1745.1137395999394,190.0,190.0
1745.4320512999548,190.0,190.0
1745.7357398999156,190.10000000000002,190.0
1746.0535844999831,190.10000000000002,190.0
1746.3587593999691,190.10000000000002,190.0
1746.6777710999595,190.0,190.0
1746.9985004999908,190.0,190.0
1747.300230899942,190.0,190.0
1747.6210247999988,190.20000000000002,190.0
1747.927497399971,190.20000000000002,190.0
1748.2448120999616,190.20000000000002,190.0
1748.5646248999983,189.9,190.0
1748.886318499921,189.9,190.0
1749.191137899994,189.9,190.0
1749.5077724999283,190.10000000000002,190.0
1749.8122042999603,190.10000000000002,190.0
1750.1341018999228,189.9,190.0
1750.4364687999478,189.9,190.0
1750.7576008999022,189.9,190.0
1751.0772395000095,190.0,190.0
1751.38038639992,190.0,190.0
1751.69793819997,190.0,190.0
1752.003736399929,190.0,190.0
1752.3206493000034,190.0,190.0
1752.6596453000093,190.0,190.0
1752.9781474999618,189.9,190.0
1753.2954632999608,189.9,190.0
1753.6148631999968,189.9,190.0
1753.920540299965,190.20000000000002,190.0
1754.2418354999973,190.20000000000002,190.0
1754.5429754999932,189.8,190.0
1754.864861399983,189.8,190.0
1755.185121199931,189.8,190.0
1755.4883402999258,190.10000000000002,190.0
1755.8071080999216,190.10000000000002,190.0
1756.1133133999538,190.10000000000002,190.0
1756.4303785999073,189.8,190.0
1756.752596699982,189.8,190.0
1757.053779699956,189.8,190.0
1757.3735321999993,190.10000000000002,190.0
1757.6800536999945,190.10000000000002,190.0
1757.9997858999996,190.10000000000002,190.0
1758.3181783999316,190.0,190.0
1758.63507999992,190.0,190.0
1758.940113699995,190.0,190.0
1759.2623905999353,190.0,190.0
1759.5636998999398,190.0,190.0
1759.8845627999399,190.10000000000002,190.0
1760.1896411000052,190.10000000000002,190.0
1760.509279299993,190.10000000000002,190.0
1760.829133799998,189.9,190.0
1761.1308090999955,189.9,190.0
1761.4529561999952,189.9,190.0
1761.7560498999665,190.20000000000002,190.0
1762.0737388000125,190.20000000000002,190.0
1762.378360099974,190.20000000000002,190.0
1762.6826186999679,189.8,190.0
1763.0027178999735,189.8,190.0
1763.3204664000077,189.8,190.0
1763.6275204999838,190.10000000000002,190.0
1763.9474739999278,190.10000000000002,190.0
1764.2499309999403,189.9,190.0
1764.5692655999446,189.9,190.0
1764.8884320999496,189.9,190.0
1765.1907690999797,190.0,190.0
1765.5110874999082,190.0,190.0
1765.8333638999611,190.0,190.0
1766.1189819999272,190.0,190.0
1766.4386577999685,190.0,190.0
1766.7600598999998,190.0,190.0
1767.0625632000156,190.0,190.0
1767.380691499915,190.0,190.0
1767.7012956999242,190.0,190.0
1768.0048139999853,190.10000000000002,190.0
1768.3091179999756,190.10000000000002,190.0
1768.630437899963,189.8,190.0
1768.9480163999833,189.8,190.0
1769.2690607999684,189.8,190.0
1769.573716099956,190.10000000000002,190.0
1769.87406870001,190.10000000000002,190.0
1770.1798936999403,190.10000000000002,190.0
1770.5152209999505,189.8,190.0
1770.8183646999532,189.8,190.0
1771.1230699999724,189.8,190.0
1771.4427771999035,190.10000000000002,190.0
1771.7445953999413,190.10000000000002,190.0
1772.0676423999248,190.10000000000002,190.0
1772.3886622999562,189.9,190.0
1772.689701299998,189.9,190.0
1773.0102462999057,190.0,190.0
1773.314323599916,190.0,190.0
1773.635435699951,190.0,190.0
1773.9508642000146,190.20000000000002,190.0
1774.2555130999535,190.20000000000002,190.0
1774.5627030999167,190.20000000000002,190.0
1774.8792429999448,189.9,190.0
1775.1987267999211,189.9,190.0
1775.5028512999415,189.9,190.0
1775.8080695999088,190.20000000000002,190.0
1776.128750099917,190.20000000000002,190.0
1776.4451215999434,190.20000000000002,190.0
1776.753257000004,189.9,190.0
1777.0685991999926,189.9,190.0
1777.374657599954,189.9,190.0
1777.6945072999224,190.10000000000002,190.0
1778.0154982999666,190.10000000000002,190.0
1778.3168674999615,189.9,190.0
1778.6397359999828,189.9,190.0
1778.942510599969,189.9,190.0
1779.2447176999412,190.0,190.0
1779.5807069999864,190.0,190.0
1779.8989553999854,190.0,190.0
1780.203420399921,190.0,190.0
1780.5243171999464,190.0,190.0
1780.8275905000046,190.0,190.0
1781.1485627999064,189.9,190.0
1781.4675714999903,189.9,190.0
1781.770403399947,189.9,190.0
1782.0912669999525,190.10000000000002,190.0
1782.3944967999123,190.10000000000002,190.0
1782.715417200001,189.9,190.0
1783.0334040999878,189.9,190.0
1783.3552315999987,189.9,190.0
1783.6751607999904,190.10000000000002,190.0
1783.9624658999965,190.10000000000002,190.0
1784.297225599992,190.10000000000002,190.0
1784.602284399909,189.8,190.0
1784.9058579999255,189.8,190.0
1785.226142599946,189.8,190.0
1785.5456499999855,190.10000000000002,190.0
1785.8662532999879,190.10000000000002,190.0
1786.1817873999244,190.10000000000002,190.0
1786.4872040000046,190.0,190.0
1786.808651899919,190.0,190.0
1787.1112553999992,190.0,190.0
1787.4316361999372,190.0,190.0
1787.733752699918,190.0,190.0
1788.0388203999028,190.10000000000002,190.0
1788.3574499000097,190.10000000000002,190.0
1788.679145699949,190.10000000000002,190.0
1788.9821473999182,190.0,190.0
1789.2994709999766,190.0,190.0
1789.6071195999393,190.0,190.0
1789.923869799939,190.20000000000002,190.0
1790.2453007999575,190.20000000000002,190.0
1790.5493632999714,190.20000000000002,190.0
1790.869614599971,189.9,190.0
1791.1717708999058,189.9,190.0
1791.4934317999287,190.10000000000002,190.0
1791.811489499989,190.10000000000002,190.0
1792.1153127999278,190.10000000000002,190.0
1792.4180411999114,189.9,190.0
1792.753957399982,189.9,190.0
1793.0590792999137,189.9,190.0
1793.3775048999814,190.0,190.0
1793.6987193999812,190.0,190.0
1794.0026970999315,190.0,190.0
1794.3222575999098,190.0,190.0
1794.6249682999915,190.0,190.0
1794.9464030999225,190.0,190.0
1795.263079599943,190.0,190.0
1795.5686724999687,190.0,190.0
1795.8895372999832,190.0,190.0
1796.190008400008,190.20000000000002,190.0
1796.5136236000108,190.20000000000002,190.0
1796.8162530999398,189.9,190.0
1797.1192074000137,189.9,190.0
1797.4526480999775,189.9,190.0
1797.7440794999711,190.20000000000002,190.0
1798.062111999956,190.20000000000002,190.0
1798.38307719992,190.20000000000002,190.0
1798.683651899919,189.9,190.0
1799.007334999973,189.9,190.0
1799.3265607999638,189.9,190.0
1799.6293256999925,190.10000000000002,190.0
1799.950353299966,190.10000000000002,190.0
1800.2532116000075,190.10000000000002,190.0
1800.5732563999481,190.0,190.0
1800.8898823999334,190.0,190.0
1801.1965092999162,190.0,190.0
1801.5151924999664,190.0,190.0
1801.805174899986,190.0,190.0
1802.1213178999024,190.10000000000002,190.0
1802.4414645999204,190.10000000000002,190.0
1802.7444770999718,190.10000000000002,190.0
1803.0667856999207,189.9,190.0
1803.3869672999717,189.9,190.0
1803.687993099913,189.9,190.0
1804.008832099964,190.20000000000002,190.0
1804.311280499911,190.20000000000002,190.0
1804.6332317999331,190.20000000000002,190.0
1804.9540727999993,189.9,190.0
1805.258744199993,189.9,190.0
1805.576713599963,190.20000000000002,190.0
1805.8801991000073,190.20000000000002,190.0
1806.1860088999383,190.20000000000002,190.0
1806.5018772999756,189.9,190.0
1806.8234275999712,189.9,190.0
1807.126367299934,189.9,190.0
1807.4493151999777,190.10000000000002,190.0
1807.7528034999268,190.10000000000002,190.0
1808.0705989999697,190.10000000000002,190.0
1808.3899639999727,190.0,190.0
1808.6927367999451,190.0,190.0
1809.0132498999592,190.0,190.0
1809.3158751999727,190.0,190.0
1809.6378187999362,190.0,190.0
1809.954910499975,190.0,190.0
1810.259347599931,190.10000000000002,190.0
1810.5642622999148,190.10000000000002,190.0
1810.8852272999939,189.9,190.0
1811.1871812999016,189.9,190.0
1811.5057698999299,189.9,190.0
1811.8109146999195,190.20000000000002,190.0
1812.131048399955,190.20000000000002,190.0
1812.450420100009,190.20000000000002,190.0
1812.7565505999373,189.9,190.0
1813.075013399939,189.9,190.0
1813.3763732999796,189.9,190.0
1813.7003569999943,190.10000000000002,190.0
1814.003659699927,190.10000000000002,190.0
1814.3225367999403,190.10000000000002,190.0
1814.6424640999176,190.0,190.0
1814.9449448999949,190.0,190.0
1815.263940499979,190.10000000000002,190.0
1815.5866935999366,190.10000000000002,190.0
1815.9030290999217,190.10000000000002,190.0
1816.2065768999746,190.10000000000002,190.0
1816.5119300999213,190.10000000000002,190.0
1816.8294915999286,190.10000000000002,190.0
1817.149382099975,189.9,190.0
1817.4562187999254,189.9,190.0
1817.7763646999374,189.9,190.0
1818.0954128999729,190.20000000000002,190.0
1818.399868999957,190.20000000000002,190.0
1818.7183400999056,190.20000000000002,190.0
1819.0380904999329,189.8,190.0
1819.3593161999015,189.8,190.0
1819.6608459999552,190.20000000000002,190.0
1819.9802850999404,190.20000000000002,190.0
1820.2847827000078,190.20000000000002,190.0
1820.5902453999734,189.9,190.0
1820.907781399903,189.9,190.0
1821.2303823999828,189.9,190.0
1821.5332979999948,190.10000000000002,190.0
1821.8506327999057,190.10000000000002,190.0
1822.1696771999123,190.10000000000002,190.0
1822.4736625999212,190.0,190.0
1822.7807961999206,190.0,190.0
1823.0978040999034,190.0,190.0
1823.4199613999808,189.9,190.0
1823.7202299999772,189.9,190.0
1824.0252678999677,189.9,190.0
1824.3445907999994,190.10000000000002,190.0
1824.6506135999225,190.10000000000002,190.0
1824.9693718999624,189.8,190.0
1825.2883645999245,189.8,190.0
1825.5907621999504,189.8,190.0
1825.9137432000134,190.20000000000002,190.0
1826.2329823999899,190.20000000000002,190.0
1826.5352684999816,190.20000000000002,190.0
1826.8565013000043,189.8,190.0
1827.1583477999084,189.8,190.0
1827.4795067999512,189.8,190.0
1827.797889099922,190.10000000000002,190.0
1828.085900999955,190.10000000000002,190.0
1828.4068668999244,190.10000000000002,190.0
1828.725699899951,190.0,190.0
1829.028081699973,190.0,190.0
1829.3481751999352,190.0,190.0
1829.6683252999792,190.0,190.0
1829.9736612999113,190.0,190.0
1830.277409399976,190.10000000000002,190.0
1830.5944112999132,190.10000000000002,190.0
1830.9158338999841,190.10000000000002,190.0
1831.2359391999198,189.9,190.0
1831.5412035000045,189.9,190.0
1831.8456561999628,189.9,190.0
1832.1651663999073,190.20000000000002,190.0
1832.4833563999273,190.20000000000002,190.0
1832.789002800011,190.20000000000002,190.0
1833.0893557999516,189.8,190.0
1833.4095738999313,189.8,190.0
1833.729030599934,189.8,190.0
1834.0354275999125,190.10000000000002,190.0
1834.3538201999618,190.10000000000002,190.0
1834.6595343999797,189.9,190.0
1834.9789237999357,189.9,190.0
1835.2970813999418,189.9,190.0
1835.5996470999671,190.0,190.0
1835.9211919999216,190.0,190.0
1836.2239566999488,190.0,190.0
1836.5273004999617,189.9,190.0
1836.8621176999295,189.9,190.0
1837.184736099909,189.9,190.0
1837.4871631999267,189.9,190.0
1837.7909350999398,189.9,190.0
1838.1119509999407,189.9,190.0
1838.4284983999096,190.10000000000002,190.0
1838.734245599946,190.10000000000002,190.0
1839.0535808999557,189.8,190.0
1839.3576642000116,189.8,190.0
1839.6770880999975,189.8,190.0
1839.9957611999707,190.20000000000002,190.0
1840.298837899929,190.20000000000002,190.0
1840.619817800005,190.20000000000002,190.0
1840.9404536999064,189.8,190.0
1841.2452949999133,189.8,190.0
1841.5630566999316,189.8,190.0
1841.8657555999234,190.10000000000002,190.0
1842.17243279994,190.10000000000002,190.0
1842.4928004000103,190.10000000000002,190.0
1842.7934858999215,189.9,190.0
1843.116454700008,189.9,190.0
1843.433618400013,190.0,190.0
1843.7403290999355,190.0,190.0
1844.0440139999846,190.0,190.0
1844.3598252999363,190.10000000000002,190.0
1844.6799971999135,190.10000000000002,190.0
1844.9992492999882,190.10000000000002,190.0
1845.3067470999667,189.9,190.0
1845.623437399976,189.9,190.0
1845.9276652999688,189.9,190.0
1846.2464612999465,190.10000000000002,190.0
1846.5513336999575,190.10000000000002,190.0
1846.8557186999824,190.10000000000002,190.0
1847.1766528999433,189.8,190.0
1847.479061699938,189.8,190.0
1847.7992193999235,189.8,190.0
1848.1175441999221,190.10000000000002,190.0
1848.4221755999606,190.10000000000002,190.0
1848.7285773999756,189.8,190.0
1849.048309899983,189.8,190.0
1849.363786599948,189.8,190.0
1849.6869926999789,190.0,190.0
1849.989919399959,190.0,190.0
1850.308308799984,190.0,190.0
1850.6130352999317,189.9,190.0
1850.9328966999892,189.9,190.0
1851.2362095999997,189.9,190.0
1851.5377925999928,189.9,190.0
1851.8600712999469,189.9,190.0
1852.179190899944,189.9,190.0
1852.5000916999998,190.10000000000002,190.0
1852.804509999929,190.10000000000002,190.0
1853.1264904999407,189.9,190.0
1853.4275616999948,189.9,190.0
1853.7450217999285,189.9,190.0
1854.0640083999606,190.20000000000002,190.0
1854.3873514999868,190.20000000000002,190.0
1854.7234067999525,190.20000000000002,190.0
1855.0254107000073,189.8,190.0
1855.3267395999283,189.8,190.0
1855.646510999999,189.8,190.0
1855.953008399927,190.10000000000002,190.0
1856.2718176000053,190.10000000000002,190.0
1856.578088499955,190.10000000000002,190.0
1856.8939416999929,189.9,190.0
1857.2133564999094,189.9,190.0
1857.5183095999528,190.0,190.0
1857.8426720999414,190.0,190.0
1858.1447496999754,190.0,190.0
1858.4628468999872,190.0,190.0
1858.7820596999954,190.0,190.0
1859.072028699913,190.0,190.0
1859.3918574999552,189.9,190.0
1859.7094301999314,189.9,190.0
1860.0151771999663,189.9,190.0
1860.332943599904,190.20000000000002,190.0
1860.6387942999136,190.20000000000002,190.0
1860.954689499922,190.20000000000002,190.0
1861.2779124999652,189.8,190.0
1861.5819240999408,189.8,190.0
1861.8990936999908,190.10000000000002,190.0
1862.205352799967,190.10000000000002,190.0
1862.505020899931,190.10000000000002,190.0
1862.8449120000005,189.8,190.0
1863.1607302000048,189.8,190.0
1863.4681750999298,189.8,190.0
1863.7846214999445,190.0,190.0
1864.107840499957,190.0,190.0
1864.4111571999965,190.0,190.0
1864.7123533999547,189.9,190.0
1865.0356492999708,189.9,190.0
1865.3553472999483,189.9,190.0
1865.657151099993,189.9,190.0
1865.9785681999056,189.9,190.0
1866.2961434999015,190.10000000000002,190.0
1866.6022937999805,190.10000000000002,190.0
1866.9197103999322,190.10000000000002,190.0
1867.225454099942,189.8,190.0
1867.5419414999196,189.8,190.0
1867.8654456000077,189.8,190.0
1868.1648638999322,190.10000000000002,190.0
1868.487264700001,190.10000000000002,190.0
1868.7920071999542,190.10000000000002,190.0
1869.110851699952,189.8,190.0
1869.4327716999687,189.8,190.0
1869.7338043999625,189.8,190.0
1870.053758499911,190.10000000000002,190.0
1870.3721560999984,190.10000000000002,190.0
1870.6782967000036,190.10000000000002,190.0
1870.9956527999602,189.9,190.0
1871.3008943999885,189.9,190.0
1871.6201193999732,190.0,190.0
1871.9225397999398,190.0,190.0
1872.245118199964,190.0,190.0
1872.5487701999955,190.0,190.0
1872.8500576999504,190.0,190.0
1873.1730323999655,190.0,190.0
1873.4899916999275,189.9,190.0
1873.7938409999479,189.9,190.0
1874.1153677999973,189.9,190.0
1874.4324889999116,190.10000000000002,190.0
1874.7389062999282,190.10000000000002,190.0
1875.0433908000123,190.10000000000002,190.0
1875.3610107999993,189.8,190.0
1875.6830797999864,189.8,190.0
1876.000340999919,190.10000000000002,190.0
1876.3038596999831,190.10000000000002,190.0
1876.6094153999584,190.10000000000002,190.0
1876.9280102999182,189.8,190.0
1877.2300664999057,189.8,190.0
1877.5535668999655,189.8,190.0
1877.8556141000008,190.0,190.0
1878.1739811999723,190.0,190.0
1878.4931380999042,190.0,190.0
1878.7987387999892,189.9,190.0
1879.1168722999282,189.9,190.0
1879.4400230000028,189.9,190.0
1879.7424515999155,189.9,190.0
1880.061947099981,189.9,190.0
1880.365326799918,190.10000000000002,190.0
1880.686907599913,190.10000000000002,190.0
1880.9875761999283,190.10000000000002,190.0
1881.3089516999898,189.9,190.0
1881.629580299952,189.9,190.0
1881.9484215999255,189.9,190.0
1882.2540255999193,190.20000000000002,190.0
1882.5705948999384,190.20000000000002,190.0
1882.876093699946,190.20000000000002,190.0
1883.1972120999126,189.9,190.0
1883.4997901999159,189.9,190.0
1883.8170377999777,189.9,190.0
1884.1391678999644,190.10000000000002,190.0
1884.4399907999905,190.10000000000002,190.0
1884.7461102999514,190.10000000000002,190.0
1885.0682110999478,189.9,190.0
1885.3871807999676,189.9,190.0
1885.688410099945,190.0,190.0
1885.993294899934,190.0,190.0
1886.311214699992,190.0,190.0
1886.631573599996,190.10000000000002,190.0
1886.9534925000044,190.10000000000002,190.0
1887.2581241999287,190.10000000000002,190.0
1887.560836599907,189.9,190.0
1887.8782384999795,189.9,190.0
1888.2015122999437,189.9,190.0
1888.5044159999816,190.20000000000002,190.0
1888.8230547999265,190.20000000000002,190.0
1889.1281787999906,190.20000000000002,190.0
1889.4307087999769,189.8,190.0
1889.7517683999613,189.8,190.0
1890.0691058000084,190.10000000000002,190.0
1890.3746969999047,190.10000000000002,190.0
1890.694037099951,190.10000000000002,190.0
1890.9979712999193,189.8,190.0
1891.3178045999957,189.8,190.0
1891.6373411999084,189.8,190.0
1891.9388447999954,190.0,190.0
1892.2596455999883,190.0,190.0
1892.563667099923,190.0,190.0
1892.8830629999284,189.9,190.0
1893.2027204999467,189.9,190.0
1893.506243199925,189.9,190.0
1893.8274236000143,189.9,190.0
1894.131416099961,189.9,190.0
1894.4493103999412,190.10000000000002,190.0
1894.7557980999118,190.10000000000002,190.0
1895.0562573999632,190.10000000000002,190.0
1895.3785182000138,189.9,190.0
1895.6996632999508,189.9,190.0
1895.9987931000069,189.9,190.0
1896.3223419999704,190.20000000000002,190.0
1896.6243861999828,190.20000000000002,190.0
1896.9425750999944,190.20000000000002,190.0
1897.2629279999528,189.8,190.0
1897.5680458999705,189.8,190.0
1897.8897945999634,189.8,190.0
1898.1922130999155,190.10000000000002,190.0
1898.5117389999796,190.10000000000002,190.0
1898.8325624999125,190.10000000000002,190.0
1899.1195846999763,189.8,190.0
1899.438349999953,189.8,190.0
1899.7585472000064,190.0,190.0
1900.0640711999731,190.0,190.0
1900.383884999901,190.0,190.0
1900.7007819999708,189.9,190.0
1901.0044357000152,189.9,190.0
1901.3262670999393,189.9,190.0
1901.6310532999923,189.9,190.0
1901.94868079992,189.9,190.0
1902.2503073000116,189.9,190.0
1902.5721680999268,190.10000000000002,190.0
1902.893220799975,190.10000000000002,190.0
1903.196252899943,190.10000000000002,190.0
1903.5139125999995,189.8,190.0
1903.8353613999207,189.8,190.0
1904.140622499981,190.10000000000002,190.0
1904.4589277999476,190.10000000000002,190.0
1904.7613344999263,190.10000000000002,190.0
1905.0815572999418,189.8,190.0
1905.4016236999305,189.8,190.0
1905.703729199944,189.8,190.0
1906.0266343000112,190.10000000000002,190.0
1906.3469352999236,190.10000000000002,190.0
1906.6482667999808,190.10000000000002,190.0
1906.968958399957,189.9,190.0
1907.2704876000062,189.9,190.0
1907.5938818999566,189.9,190.0
1907.8780375999631,190.0,190.0
1908.2016934999265,190.0,190.0
1908.5176427999977,190.0,190.0
1908.82504279993,190.10000000000002,190.0
1909.141457199934,190.10000000000002,190.0
1909.463965700008,189.9,190.0
1909.7652855999768,189.9,190.0
1910.0875113999937,189.9,190.0
1910.3909064999316,190.20000000000002,190.0
1910.709904099931,190.20000000000002,190.0
1911.0316136999754,190.20000000000002,190.0
1911.3313871999271,189.9,190.0
1911.6513893000083,189.9,190.0
1911.9727759999223,189.9,190.0
1912.2764245999279,190.20000000000002,190.0
1912.578272499959,190.20000000000002,190.0
1912.8976924999151,190.20000000000002,190.0
1913.2038691999624,190.0,190.0
1913.5214004999725,190.0,190.0
1913.826606299961,190.10000000000002,190.0
1914.1491722000064,190.10000000000002,190.0
1914.4654983999208,190.10000000000002,190.0
1914.7701325999806,190.10000000000002,190.0
1915.0909149999497,190.10000000000002,190.0
1915.4119430999272,190.10000000000002,190.0
1915.7155862000072,190.0,190.0
1916.0320626999019,190.0,190.0
1916.3543075999478,190.0,190.0
1916.674971499946,190.20000000000002,190.0
1916.9774284999585,190.20000000000002,190.0
1917.2800774999196,190.20000000000002,190.0
1917.6010780999204,189.9,190.0
1917.9032085000072,189.9,190.0
1918.2240639999509,190.20000000000002,190.0
1918.5453149999958,190.20000000000002,190.0
1918.8468648999697,190.20000000000002,190.0
1919.1684995999094,189.9,190.0
1919.4729657999706,189.9,190.0
1919.7884960999945,189.9,190.0
1920.1091865999624,190.10000000000002,190.0
1920.41568919993,190.10000000000002,190.0
1920.7328045999166,190.10000000000002,190.0
1921.039333899971,190.0,190.0
1921.3574278999586,190.0,190.0
1921.6923335999018,190.0,190.0
1921.9822170999832,190.10000000000002,190.0
1922.300453200005,190.10000000000002,190.0
1922.6060100999894,190.20000000000002,190.0
1922.924648599932,190.20000000000002,190.0
1923.2447975999676,190.20000000000002,190.0
1923.5482369000092,190.0,190.0
1923.865007199929,190.0,190.0
1924.1881715999916,190.0,190.0
1924.4898126999615,190.20000000000002,190.0
1924.8114279999863,190.20000000000002,190.0
1925.1152533999411,190.20000000000002,190.0
1925.4191498999717,189.9,190.0
1925.7367351999274,189.9,190.0
1926.0584448999725,189.9,190.0
1926.3608540999703,190.20000000000002,190.0
1926.6803037999198,190.20000000000002,190.0
1926.9850895999698,190.20000000000002,190.0
1927.305068799993,189.9,190.0
1927.6099440999096,189.9,190.0
1927.9277742999839,190.10000000000002,190.0
1928.2506172999274,190.10000000000002,190.0
1928.5510778999887,190.10000000000002,190.0
1928.8734470999334,190.10000000000002,190.0
1929.193603899912,190.10000000000002,190.0
1929.5103918999666,190.10000000000002,190.0
1929.816297299927,190.0,190.0
1930.134529999923,190.0,190.0
1930.4373853999423,190.0,190.0
1930.7600353999296,190.20000000000002,190.0
1931.0637868999038,190.20000000000002,190.0
1931.3825668999925,190.20000000000002,190.0
1931.699755599955,189.9,190.0
1932.0029404999223,189.9,190.0
1932.3258020000067,190.20000000000002,190.0
1932.6282011999283,190.20000000000002,190.0
1932.9484398999484,190.20000000000002,190.0
1933.253249399946,189.9,190.0
1933.569799699937,189.9,190.0
1933.8776306000073,189.9,190.0
1934.1952540999046,190.10000000000002,190.0
1934.4979135999456,190.10000000000002,190.0
1934.8175769000081,190.10000000000002,190.0
