Time (s),Actual Temperature (C),Target Temperature (C)
0.06363360001705587,300.3,300.0
0.36837610008660704,300.3,300.0
0.6892067000735551,300.2,300.0
0.9899647000711411,300.2,300.0
1.3132740000728518,300.2,300.0
1.6328552000923082,300.3,300.0
1.9508746000938118,300.3,300.0
2.25532740005292,300.3,300.0
2.574793400010094,300.3,300.0
2.8785430000862107,300.3,300.0
3.1828699000179768,300.3,300.0
3.500580499996431,300.2,300.0
3.823853300069459,300.2,300.0
4.124710400006734,300.3,300.0
4.444142400054261,300.3,300.0
4.750658200006001,300.3,300.0
5.054022700060159,300.2,300.0
5.371822300017811,300.2,300.0
5.690735600073822,300.2,300.0
5.995275799999945,300.40000000000003,300.0
6.315321300062351,300.40000000000003,300.0
6.638105300022289,300.40000000000003,300.0
6.94147000007797,300.3,300.0
7.259462100104429,300.3,300.0
7.5613624000689015,300.3,300.0
7.8680773000232875,300.40000000000003,300.0
8.189120700000785,300.40000000000003,300.0
8.506021800101735,300.40000000000003,300.0
8.824604400084354,300.3,300.0
9.130206100060605,300.3,300.0
9.451894900063053,300.3,300.0
9.76925090001896,300.3,300.0
10.089720800053328,300.3,300.0
10.392268300056458,300.40000000000003,300.0
10.714273300021887,300.40000000000003,300.0
11.0344409000827,300.40000000000003,300.0
11.338398899999447,300.3,300.0
11.656248700106516,300.3,300.0
11.975479900022037,300.3,300.0
12.29580150009133,300.40000000000003,300.0
12.59862730000168,300.40000000000003,300.0
12.921192800044082,300.40000000000003,300.0
13.241249700076878,300.3,300.0
13.54431010002736,300.3,300.0
13.863715400104411,300.5,300.0
14.166431999998167,300.5,300.0
14.486016200040467,300.5,300.0
14.791997599997558,300.40000000000003,300.0
15.110879800049588,300.40000000000003,300.0
15.429253000067547,300.40000000000003,300.0
15.734726900001988,300.40000000000003,300.0
16.0523119000718,300.40000000000003,300.0
16.375667300075293,300.40000000000003,300.0
16.676657000090927,300.40000000000003,300.0
16.980879300041124,300.40000000000003,300.0
17.2989319000626,300.40000000000003,300.0
17.602896800031886,300.3,300.0
17.923437000019476,300.3,300.0
18.230166800087318,300.40000000000003,300.0
18.549851300078444,300.40000000000003,300.0
18.869969799998216,300.40000000000003,300.0
19.17219140008092,300.2,300.0
19.49385990004521,300.2,300.0
19.809958100086078,300.2,300.0
20.113994700019248,300.40000000000003,300.0
20.419244199991226,300.40000000000003,300.0
20.738471000106074,300.40000000000003,300.0
21.043850300018676,300.3,300.0
21.361763300024904,300.3,300.0
21.684362600091845,300.3,300.0
21.984028600039892,300.40000000000003,300.0
22.30785179999657,300.40000000000003,300.0
22.611590799991973,300.3,300.0
22.927670900011435,300.3,300.0
23.25118750007823,300.3,300.0
23.53721460001543,300.3,300.0
23.857274000067264,300.3,300.0
24.17879860009998,300.3,300.0
24.49695060006343,300.40000000000003,300.0
24.802474100026302,300.40000000000003,300.0
25.12162420002278,300.40000000000003,300.0
25.421474100090563,300.2,300.0
25.72625250008423,300.2,300.0
26.046867600060068,300.2,300.0
26.36699850007426,300.40000000000003,300.0
26.685767500079237,300.40000000000003,300.0
26.98861780005973,300.2,300.0
27.293737400090322,300.2,300.0
27.61471029999666,300.2,300.0
27.935899500036612,300.40000000000003,300.0
28.237171100103296,300.40000000000003,300.0
28.556266500032507,300.40000000000003,300.0
28.861329600098543,300.3,300.0
29.165530400001444,300.3,300.0
29.486744900001213,300.3,300.0
29.79024370003026,300.3,300.0
30.107869200059213,300.3,300.0
30.427113500074483,300.3,300.0
30.750741800060496,300.3,300.0
31.052962800022215,300.3,300.0
31.370703399996273,300.3,300.0
31.691081000026315,300.2,300.0
32.012192900059745,300.2,300.0
32.317100100102834,300.3,300.0
32.620872400002554,300.3,300.0
32.9406963000074,300.3,300.0
33.260694900061935,300.2,300.0
33.58037860004697,300.2,300.0
33.86565680010244,300.2,300.0
34.18431210005656,300.3,300.0
34.50432430009823,300.3,300.0
34.82512170006521,300.3,300.0
35.12953010003548,300.2,300.0
35.43165869999211,300.2,300.0
35.75376430002507,300.2,300.0
36.07186880009249,300.3,300.0
36.37449800001923,300.3,300.0
36.67831049999222,300.2,300.0
37.0023640000727,300.2,300.0
37.31902080005966,300.2,300.0
37.640622200095095,300.2,300.0
37.9455275000073,300.2,300.0
38.261454900028184,300.2,300.0
38.58446929999627,300.3,300.0
38.9045269000344,300.3,300.0
39.20457649999298,300.3,300.0
39.528592100017704,300.1,300.0
39.83161210000981,300.1,300.0
40.13620070007164,300.1,300.0
40.45363960007671,300.3,300.0
40.75612220005132,300.3,300.0
41.07839550008066,300.1,300.0
41.39758990006521,300.1,300.0
41.71774039999582,300.1,300.0
42.02202400006354,300.2,300.0
42.341509900055826,300.2,300.0
42.64385280001443,300.2,300.0
42.96535539999604,300.1,300.0
43.266892600106075,300.1,300.0
43.587373400107026,300.1,300.0
43.90947410010267,300.2,300.0
44.22872420004569,300.2,300.0
44.53144740010612,300.2,300.0
44.848754000035115,300.1,300.0
45.16860070009716,300.1,300.0
45.45950019999873,300.0,300.0
45.77694370003883,300.0,300.0
46.098687799996696,300.0,300.0
46.401316100033,300.1,300.0
46.722756700008176,300.1,300.0
47.024368999991566,300.1,300.0
47.34511580003891,300.0,300.0
47.65122200001497,300.0,300.0
47.966531000100076,300.0,300.0
48.28592850000132,300.1,300.0
48.59124460001476,300.1,300.0
48.911098600015976,300.1,300.0
49.23288040002808,300.0,28.0
49.537093200022355,300.0,280.0
49.855501700076275,300.0,280.0
50.160192000097595,300.1,280.0
50.46303420001641,300.1,280.0
50.78423420002218,300.0,280.0
51.10301670001354,300.0,280.0
51.422590400092304,300.0,280.0
51.72817960008979,300.0,280.0
52.047550500021316,300.0,280.0
52.347618700005114,300.0,280.0
52.67033990006894,300.0,280.0
52.990906100021675,300.0,280.0
53.30719000007957,300.0,280.0
53.6149578000186,299.90000000000003,280.0
53.934714700095356,299.90000000000003,280.0
54.25436450005509,299.90000000000003,280.0
54.55423550005071,300.0,280.0
54.87473140005022,300.0,280.0
55.19391530007124,299.90000000000003,280.0
55.498105000006035,299.90000000000003,280.0
55.817660100059584,299.90000000000003,280.0
56.14096480002627,300.0,280.0
56.442855400033295,300.0,280.0
56.747603700030595,300.0,280.0
57.06829490000382,299.90000000000003,280.0
57.38486740004737,299.90000000000003,280.0
57.70679140009452,299.90000000000003,280.0
58.0075072000036,299.90000000000003,280.0
58.32839390006848,299.90000000000003,280.0
58.650104800006375,299.90000000000003,280.0
58.97122240008321,299.90000000000003,280.0
59.27396560006309,299.90000000000003,280.0
59.575611200067215,299.8,280.0
59.895238700089976,299.8,280.0
60.21618490002584,299.8,280.0
60.50210210005753,299.90000000000003,280.0
60.82309459999669,299.90000000000003,280.0
61.14545910002198,299.90000000000003,280.0
61.44697150005959,299.7,280.0
61.769710700027645,299.7,280.0
62.08933630003594,299.7,280.0
62.390961900004186,299.90000000000003,280.0
62.71022590005305,299.90000000000003,280.0
63.028647000086494,299.90000000000003,280.0
63.332442600047216,299.7,280.0
63.63783850008622,299.7,280.0
63.95569620002061,299.8,280.0
64.2780391999986,299.8,280.0
64.58323129999917,299.8,280.0
64.88497820007615,299.7,280.0
65.20510950009339,299.7,280.0
65.52346310007852,299.7,280.0
65.84694830002263,299.8,280.0
66.15029150003102,299.8,280.0
66.45228130009491,299.8,280.0
66.77244570001494,299.8,280.0
67.09140380006284,299.8,280.0
67.3952456000261,299.8,280.0
67.7009147000499,299.7,280.0
68.02032360003795,299.7,280.0
68.33794980007224,299.90000000000003,280.0
68.65837419999298,299.90000000000003,280.0
68.96362940000836,299.90000000000003,280.0
69.28051400010008,299.7,280.0
69.59987940010615,299.7,280.0
69.91980610007886,299.7,280.0
70.22526910004672,299.90000000000003,280.0
70.54556200001389,299.90000000000003,280.0
70.8633824000135,299.90000000000003,280.0
71.17046739999205,299.7,280.0
71.48846090002917,299.7,280.0
71.80657060001977,299.7,280.0
72.11202000000048,299.8,280.0
72.41710220009554,299.8,280.0
72.73576190008316,299.8,280.0
73.05843520001508,299.8,280.0
73.36112830007914,299.8,280.0
73.68004020000808,299.7,280.0
73.98346310004126,299.7,280.0
74.30448890000116,299.7,280.0
74.6233672000235,299.90000000000003,280.0
74.92804250004701,299.90000000000003,280.0
75.24840120004956,299.90000000000003,280.0
75.54915960005019,299.8,280.0
75.87105730001349,299.8,280.0
76.17546970001422,299.8,280.0
76.47647600003984,299.90000000000003,280.0
76.79933120007627,299.90000000000003,280.0
77.11619520001113,299.90000000000003,280.0
77.42052270006388,299.8,280.0
77.7411746000871,299.8,280.0
78.06221170001663,300.0,280.0
78.36276240006555,300.0,280.0
78.66685949999373,300.0,280.0
78.98555310000665,299.90000000000003,280.0
79.2895145000657,299.90000000000003,280.0
79.60982820007484,299.90000000000003,280.0
79.93052819999866,299.90000000000003,280.0
80.23568820010405,299.90000000000003,280.0
80.55368270003237,299.90000000000003,280.0
80.87246520002373,299.90000000000003,280.0
81.17601110006217,299.90000000000003,280.0
81.49804540001787,299.90000000000003,280.0
81.80226880009286,299.8,280.0
82.10691289999522,299.8,280.0
82.4258837000234,300.0,280.0
82.74303830007557,300.0,280.0
83.0473658000119,300.0,280.0
83.36811390006915,299.8,280.0
83.67402390006464,299.8,280.0
83.99298990005627,299.8,280.0
84.31203730008565,300.0,280.0
84.61575440003071,300.0,280.0
84.93521200004034,300.0,280.0
85.24192070006393,299.90000000000003,280.0
85.55906710005365,299.90000000000003,280.0
85.86548979999498,299.90000000000003,280.0
86.18424279999454,300.0,280.0
86.50135440006852,300.0,280.0
86.82306120009162,300.0,280.0
87.12573830003385,300.0,280.0
87.44490660005249,300.0,280.0
87.74962710007094,299.90000000000003,280.0
88.05435720004607,299.90000000000003,280.0
88.37400020007044,299.90000000000003,280.0
88.6915377000114,300.0,280.0
88.99601990007795,300.0,280.0
89.31739530002233,300.0,280.0
89.63653800007887,299.90000000000003,280.0
89.94195640005637,299.90000000000003,280.0
90.24208940006793,299.90000000000003,280.0
90.56491250009276,300.1,280.0
90.88515470002312,300.1,280.0
91.20551040000282,300.0,280.0
91.49157420010306,300.0,280.0
91.81009970000014,300.0,280.0
92.13038380001672,300.1,280.0
92.45129520003684,300.1,280.0
92.7548951000208,300.1,280.0
93.05811169999652,300.0,280.0
93.37802629999351,300.0,280.0
93.68400870007463,300.0,280.0
93.999646600103,300.1,280.0
94.30707610002719,300.1,280.0
94.62348529999144,300.1,280.0
94.94303790002596,300.0,280.0
95.2510537999915,300.0,280.0
95.55271100008395,300.0,280.0
95.87050240009557,300.0,280.0
96.19454030005727,300.0,280.0
96.49757530004717,300.1,280.0
96.81395680003334,300.1,280.0
97.13671960006468,300.1,280.0
97.45611260004807,300.0,280.0
97.74367210001219,300.0,280.0
98.06300950003788,300.0,280.0
98.38220730004832,300.1,280.0
98.68803060008213,300.1,280.0
99.00797100004274,300.1,280.0
99.30827370006591,300.1,280.0
99.63020240003243,300.1,280.0
99.93566200009082,300.1,280.0
100.25575610005762,300.2,280.0
100.57204430003185,300.2,280.0
100.89352090004832,300.1,280.0
101.21466180006973,300.1,280.0
101.51809200004209,300.1,280.0
101.83630890003406,300.1,280.0
102.14165340003092,300.1,280.0
102.46109070000239,300.1,280.0
102.7616277000634,300.2,280.0
103.08342320006341,300.2,280.0
103.40370150003582,300.2,280.0
103.70639870001469,300.0,280.0
104.02549230004661,300.0,280.0
104.3306383000454,300.0,280.0
104.65001700003631,300.2,280.0
104.95351740007754,300.2,280.0
105.2565305000171,300.2,280.0
105.57646440004464,300.0,280.0
105.89712880004663,300.0,280.0
106.21688040008303,300.2,280.0
106.5065238000825,300.2,280.0
106.82348700007424,300.2,280.0
107.14311070006806,300.1,280.0
107.4659294000594,300.1,280.0
107.76761219999753,300.1,280.0
108.08807080006227,300.1,280.0
108.40636160003487,300.1,280.0
108.71141450002324,300.1,280.0
109.03255850006826,300.1,280.0
109.3531612000661,300.1,280.0
109.65676510008052,300.1,280.0
109.97337820008397,299.90000000000003,280.0
110.28059209999628,299.90000000000003,280.0
110.59763249999378,300.0,280.0
110.91937750007492,300.0,280.0
111.22209150006529,300.0,280.0
111.5409225000767,299.8,280.0
111.84524040005635,299.8,280.0
112.1494111000793,299.8,280.0
112.46979380003177,299.90000000000003,280.0
112.79116480005905,299.90000000000003,280.0
113.09361239999998,299.90000000000003,280.0
113.41141390008852,299.8,280.0
113.7341952000279,299.8,280.0
114.03502579999622,299.8,280.0
114.34067370009143,299.90000000000003,280.0
114.65948030003347,299.90000000000003,280.0
114.97907860006671,299.8,280.0
115.28506640007254,299.8,280.0
115.58926170004997,299.8,280.0
115.9057667000452,299.90000000000003,280.0
116.22619260009378,299.90000000000003,280.0
116.53037120006047,299.90000000000003,280.0
116.85079870000482,299.90000000000003,280.0
117.1519606000511,299.90000000000003,280.0
117.475966900005,299.90000000000003,280.0
117.77574880002066,299.8,280.0
118.09873660001904,299.8,280.0
118.41761600004975,299.8,280.0
118.72316050005611,300.0,280.0
119.0416300999932,300.0,280.0
119.35999480006285,299.8,280.0
119.66466720006429,299.8,280.0
119.98575840005651,299.8,280.0
120.3029036000371,300.0,280.0
120.622517800075,300.0,280.0
120.91264940006658,300.0,280.0
121.23149010003544,299.8,280.0
121.54969870008063,299.8,280.0
121.85337010002695,299.8,280.0
122.17671610007528,299.90000000000003,280.0
122.48078990005888,299.90000000000003,280.0
122.79625520005357,299.90000000000003,280.0
123.11959450005088,299.90000000000003,280.0
123.42277460009791,299.90000000000003,280.0
123.73963860003278,299.8,280.0
124.06368430005386,299.8,280.0
124.36430730007123,299.8,280.0
124.67009400005918,299.90000000000003,280.0
124.99092190002557,299.90000000000003,280.0
125.29365850007161,299.90000000000003,280.0
125.61356090009212,299.8,280.0
125.93277370010037,299.8,280.0
126.23716090002563,299.8,280.0
126.55491770000663,300.0,280.0
126.86155850009527,300.0,280.0
127.16108230000827,300.0,280.0
127.48084170010407,299.90000000000003,280.0
127.80207810003776,299.90000000000003,280.0
128.12415300006978,299.90000000000003,280.0
128.42603180010337,300.0,280.0
128.73088930000085,300.0,280.0
129.04888210003264,299.90000000000003,280.0
129.36983770004008,299.90000000000003,280.0
129.6752043000888,299.90000000000003,280.0
129.99277060001623,299.90000000000003,280.0
130.2985707001062,299.90000000000003,280.0
130.61666010005865,299.90000000000003,280.0
130.93606070009992,300.0,280.0
131.24153340002522,300.0,280.0
131.56031380000059,300.0,280.0
131.8801575000398,299.90000000000003,280.0
132.20115570002235,299.90000000000003,280.0
132.50377500010654,299.90000000000003,280.0
132.8079058000585,300.1,280.0
133.12918710010126,300.1,280.0
133.44740669999737,299.90000000000003,280.0
133.7667921000393,299.90000000000003,280.0
134.05345490004402,299.90000000000003,280.0
134.37267499999143,300.1,280.0
134.69283740001265,300.1,280.0
135.01299370010383,300.1,280.0
135.3025753000984,300.0,280.0
135.62375730008353,300.0,280.0
135.94165819999762,300.0,280.0
136.26193130004685,300.1,280.0
136.56592590000946,300.1,280.0
136.88533650001045,300.1,280.0
137.2060163000133,300.1,280.0
137.50679640006274,300.1,280.0
137.8287801000988,300.0,280.0
138.14752220001537,300.0,280.0
138.45137430005707,300.0,280.0
138.76991950010415,300.1,280.0
139.07319260004442,300.1,280.0
139.39522190007847,300.1,280.0
139.6980902000796,300.0,280.0
140.01775110000744,300.0,280.0
140.3372707000235,300.0,280.0
140.642949400004,300.1,280.0
140.94629430002533,300.1,280.0
141.26741890003905,300.1,280.0
141.58647249999922,300.0,280.0
141.89000000001397,300.0,280.0
142.20803520001937,300.1,280.0
142.51143740001135,300.1,280.0
142.83076780010015,300.1,280.0
143.136942800018,300.0,280.0
143.45608340005856,300.0,280.0
143.75840849999804,300.0,280.0
144.08133130008355,300.0,280.0
144.3858850999968,300.0,280.0
144.70388470008038,300.0,280.0
145.0064576000441,300.0,280.0
145.3291959000053,300.0,280.0
145.63278470002115,300.0,280.0
145.95006420009304,299.90000000000003,280.0
146.26973380008712,299.90000000000003,280.0
146.58909620007034,299.90000000000003,280.0
146.89411690004636,300.0,280.0
147.19732070004102,300.0,280.0
147.5157355000265,299.90000000000003,280.0
147.83824860001914,299.90000000000003,280.0
148.1411394000752,299.90000000000003,280.0
148.44461650005542,300.1,280.0
148.76476730010472,300.1,280.0
149.11800410004798,300.1,279.0
149.4040366000263,300.0,279.0
149.70868020004127,300.0,280.0
150.02939450007398,300.0,280.0
150.31752430007327,300.0,280.0
150.63674320001155,300.0,280.0
150.9534215000458,300.0,280.0
151.2764209000161,299.7,280.0
151.57815210008994,299.7,280.0
151.89866990002338,297.8,280.0
152.21672350005247,297.8,280.0
152.507202400011,297.8,280.0
152.82672390004154,295.90000000000003,280.0
153.14464780001435,295.90000000000003,280.0
153.4636288000038,295.90000000000003,280.0
153.76889990002383,294.0,280.0
154.0877870999975,294.0,280.0
154.3940451000817,294.0,280.0
154.695970700006,292.5,280.0
155.01569860009477,292.5,280.0
155.33712340006605,292.5,280.0
155.6389777000295,291.5,280.0
155.96208230010234,291.5,280.0
156.26515550003387,291.5,280.0
156.58350800001062,290.6,280.0
156.9019875000231,290.6,280.0
157.20645570009947,289.7,280.0
157.51077380008064,289.7,280.0
157.83068040001672,289.7,280.0
158.13540220004506,289.0,280.0
158.45525830006227,289.0,280.0
158.7740970000159,289.0,280.0
159.0792515000794,288.1,280.0
159.39634710003156,288.1,280.0
159.719056300004,288.1,280.0
160.0216743000783,287.40000000000003,280.0
160.3255323000485,287.40000000000003,280.0
160.64294540008996,287.40000000000003,280.0
160.96605630009435,286.5,280.0
161.26807130000088,286.5,280.0
161.5881571000209,286.1,280.0
161.90734979999252,286.1,280.0
162.21192720008548,286.1,280.0
162.53203460003715,285.6,280.0
162.8506412000861,285.6,280.0
163.16967220010702,285.6,280.0
163.47366880008485,285.1,280.0
163.7773368000053,285.1,280.0
164.09763340000063,285.1,280.0
164.4025070000207,284.90000000000003,280.0
164.72087499999907,284.90000000000003,280.0
165.04329719999805,284.90000000000003,280.0
165.3619920000201,284.3,280.0
165.64873730007093,284.3,280.0
165.9717781000072,284.0,280.0
166.28948550007772,284.0,280.0
166.59081230009906,284.0,280.0
166.9141224999912,283.3,280.0
167.21790950000286,283.3,280.0
167.5376023000572,283.3,280.0
167.85385569999926,283.1,280.0
168.15982840000652,283.1,280.0
168.46552720002364,283.1,280.0
168.78184440010227,282.7,280.0
169.10534910007846,282.7,280.0
169.40672020008788,282.7,280.0
169.72718690009788,282.3,280.0
170.03126900002826,282.3,280.0
170.35162220010534,282.3,280.0
170.6523383000167,282.3,280.0
170.97497820004355,282.3,280.0
171.2933861000929,281.8,280.0
171.59858890005853,281.8,280.0
171.91925340006128,281.8,280.0
172.22028770006727,281.90000000000003,280.0
172.5251205000095,281.90000000000003,280.0
172.84426200005691,281.90000000000003,280.0
173.16319480002858,281.3,280.0
173.46669170004316,281.3,280.0
173.78638710000087,281.3,280.0
174.09390770003665,281.2,280.0
174.4100713999942,281.2,280.0
174.71481520007364,281.2,280.0
175.03593260003254,280.8,280.0
175.35477600002196,280.8,280.0
175.6583043000428,280.5,280.0
175.9790336000733,280.5,280.0
176.28125170001294,280.5,280.0
176.5859924000688,280.40000000000003,280.0
176.90763650008012,280.40000000000003,280.0
177.22487860010006,280.40000000000003,280.0
177.5316091000568,279.90000000000003,280.0
177.85137430008035,279.90000000000003,280.0
178.15526290005073,279.90000000000003,280.0
178.47213640005793,280.1,280.0
178.77655450010207,280.1,280.0
179.0957448000554,280.1,280.0
179.41589490009937,279.6,280.0
179.72055810003076,279.6,280.0
180.02221379999537,279.6,280.0
180.34582200006116,279.6,280.0
180.6632509001065,279.6,280.0
180.96951110009104,279.3,280.0
181.28795970010106,279.3,280.0
181.5888650000561,279.3,280.0
181.91266840009484,279.1,280.0
182.22889350005426,279.1,280.0
182.53402530006133,279.1,280.0
182.8382399000693,278.90000000000003,280.0
183.15653700008988,278.90000000000003,280.0
183.4770864000311,278.90000000000003,280.0
183.7822686000727,278.6,280.0
184.10286560002714,278.6,280.0
184.40438210009597,278.6,280.0
184.72477040009107,278.7,280.0
185.03017850010656,278.7,280.0
185.34987230005208,278.2,280.0
185.65237780008465,278.2,280.0
185.97200860001612,278.2,280.0
186.29141930001788,278.40000000000003,280.0
186.59698890009895,278.40000000000003,280.0
186.91560960002244,278.40000000000003,280.0
187.22012160008308,278.1,280.0
187.52125330001581,278.1,280.0
187.8441979000345,278.1,280.0
188.16480470006354,278.0,280.0
188.48381530004553,278.0,280.0
188.78737030003686,278.0,280.0
189.10818480001763,277.90000000000003,280.0
189.42734650010243,277.90000000000003,280.0
189.72831430006772,277.7,280.0
190.0508576000575,277.7,280.0
190.36837020004168,277.7,280.0
190.67517890001182,277.90000000000003,280.0
190.9944413000485,277.90000000000003,280.0
191.29863550001755,277.90000000000003,280.0
191.61472050007433,277.5,280.0
191.93843159999233,277.5,280.0
192.2574619000079,277.5,280.0
192.5581503000576,277.8,280.0
192.87969870003872,277.8,280.0
193.20151200005785,277.8,280.0
193.50390220002737,277.6,280.0
193.8084665000206,277.6,280.0
194.12821900006384,277.7,280.0
194.44527120003477,277.7,280.0
194.7653518000152,277.7,280.0
195.08634510007687,277.7,280.0
195.39220240002032,277.7,280.0
195.70778840000276,277.7,280.0
196.02830330003053,277.5,280.0
196.33518120006192,277.5,280.0
196.65374610002618,277.5,280.0
196.97316839999985,277.8,280.0
197.27597930002958,277.8,280.0
197.59505510004237,277.8,280.0
197.91473790002055,277.5,280.0
198.22004859999288,277.5,280.0
198.53999409999233,277.8,280.0
198.84168790001422,277.8,280.0
199.16263920010533,277.8,280.0
199.46701520006172,277.6,280.0
199.7858168000821,277.6,280.0
200.10454620001838,277.6,280.0
200.41063190007117,277.8,280.0
200.72863030002918,277.8,280.0
201.04796330002137,277.8,280.0
201.3551606000401,277.8,280.0
201.6715744000394,277.8,280.0
201.99374130007345,277.8,280.0
202.31438100000378,277.7,280.0
202.61864590004552,277.7,280.0
202.91992610006128,278.0,280.0
203.240465400042,278.0,280.0
203.5602923000697,278.0,280.0
203.86285290005617,277.8,280.0
204.16968470008578,277.8,280.0
204.48842500010505,277.8,280.0
204.8073105000658,278.2,280.0
205.11077010002919,278.2,280.0
205.43165790010244,278.2,280.0
205.7521821000846,278.1,280.0
206.07280100008938,278.1,280.0
206.37575700005982,278.1,280.0
206.69606920005754,278.3,280.0
206.99619289999828,278.3,280.0
207.32025630003773,278.3,280.0
207.62059190007858,278.3,280.0
207.94322400004603,278.3,280.0
208.26334340008907,278.40000000000003,280.0
208.56485010008328,278.40000000000003,280.0
208.86695530009456,278.40000000000003,280.0
209.18886180000845,278.5,280.0
209.50896510004532,278.5,280.0
209.82597750006244,278.5,280.0
210.13358760008123,278.40000000000003,280.0
210.43667580001056,278.40000000000003,280.0
210.75726060010493,278.40000000000003,280.0
211.0777625000337,278.7,280.0
211.3950115001062,278.7,280.0
211.71330890001263,278.6,280.0
212.02002280007582,278.6,280.0
212.3212470000144,278.6,280.0
212.64126420009416,278.90000000000003,280.0
212.96339660009835,278.90000000000003,280.0
213.28019030008,278.90000000000003,280.0
213.58366650005337,278.8,280.0
213.90493469999637,278.8,280.0
214.22333350009285,278.8,280.0
214.54444110009354,279.0,280.0
214.8345297999913,279.0,280.0
215.15476820000913,279.0,280.0
215.47134670009837,279.0,280.0
215.7904294000473,279.0,280.0
216.09547840000596,279.0,280.0
216.41531210008543,279.0,280.0
216.71984560007695,279.0,280.0
217.0408325000899,279.2,280.0
217.35996580007486,279.2,280.0
217.66194940009154,279.2,280.0
217.98450890008826,279.1,280.0
218.3019991000183,279.1,280.0
218.621295100078,279.1,280.0
218.92706990009174,279.40000000000003,280.0
219.22783170000184,279.40000000000003,280.0
219.54856070003007,279.40000000000003,280.0
219.86776180006564,279.3,280.0
220.18815970001742,279.3,280.0
220.49345790001098,279.5,280.0
220.81081490009092,279.5,280.0
221.10095590003766,279.5,280.0
221.41851069999393,279.5,280.0
221.73852270003408,279.5,280.0
222.05762680002954,279.5,280.0
222.36356880003586,279.6,280.0
222.66853880009148,279.6,280.0
222.98712510010228,279.6,280.0
223.3076171000721,279.7,280.0
223.6130934000248,279.7,280.0
223.93271730002016,279.7,280.0
224.24923300009686,279.6,280.0
224.5680888000643,279.6,280.0
224.87425580003764,279.6,280.0
225.19224380003288,279.8,280.0
225.51561900007073,279.8,280.0
225.81583020009566,279.7,280.0
226.1349046000978,279.7,280.0
226.44185060006566,279.7,280.0
226.7458940000506,280.0,280.0
227.0654715000419,280.0,280.0
227.38431240001228,280.0,280.0
227.6875251000747,279.8,280.0
228.00909410009626,279.8,280.0
228.3120467000408,279.8,280.0
228.63175960001536,279.90000000000003,280.0
228.9333728000056,279.90000000000003,280.0
229.25688490003813,279.90000000000003,280.0
229.5768798000645,279.90000000000003,280.0
229.8950055000605,279.90000000000003,280.0
230.19993740005884,279.8,280.0
230.51665740006138,279.8,280.0
230.83688350010198,279.8,280.0
231.14180000009947,280.0,280.0
231.4461780000711,280.0,280.0
231.76523660006933,280.0,280.0
232.08432300004642,279.8,280.0
232.40648020000663,279.8,280.0
232.70798950002063,279.8,280.0
233.01230000006035,280.0,280.0
233.33294940006454,280.0,280.0
233.65357540000696,280.0,280.0
233.9544505000813,279.90000000000003,280.0
234.27790410001762,279.90000000000003,280.0
234.59748150000814,280.1,280.0
234.91701990005095,280.1,280.0
235.23302000004333,280.1,280.0
235.5388787999982,280.0,280.0
235.8563601000933,280.0,280.0
236.17976620001718,280.0,280.0
236.49959450005554,280.0,280.0
236.80089000007138,280.0,280.0
237.1078190000262,280.0,280.0
237.4246822000714,280.1,280.0
237.7456464000279,280.1,280.0
238.04873540007975,280.1,280.0
238.3684897000203,280.0,280.0
238.67285570001695,280.0,280.0
238.9931964999996,280.2,280.0
239.2940544000594,280.2,280.0
239.61779920000117,280.2,280.0
239.93383790005464,279.90000000000003,280.0
240.24018350010738,279.90000000000003,280.0
240.5603226000676,279.90000000000003,280.0
240.86531300004572,280.2,280.0
241.1820391000947,280.2,280.0
241.50141460006125,280.2,280.0
241.82452440005727,280.1,280.0
242.12783840007614,280.1,280.0
242.4454313000897,280.1,280.0
242.74948860006407,280.2,280.0
243.05498720007017,280.2,280.0
243.37353040010203,280.2,280.0
243.692486200016,280.2,280.0
243.99730350007303,280.2,280.0
244.31662630010396,280.1,280.0
244.63683400000446,280.1,280.0
244.94108460005373,280.1,280.0
245.2449008000549,280.2,280.0
245.5634858000558,280.2,280.0
245.88587640004698,280.2,280.0
246.20237499999348,280.0,280.0
246.50660880003124,280.0,280.0
246.82770920009352,280.0,280.0
247.14555080002174,280.3,280.0
247.4657969000982,280.3,280.0
247.77218750002794,280.0,280.0
248.07278340007178,280.0,280.0
248.39206230000127,280.0,280.0
248.71625970001332,280.2,280.0
249.0178154000314,280.2,280.0
249.33539000002202,280.2,280.0
249.65651800006162,280.1,280.0
249.97859960002825,280.1,280.0
250.28037560009398,280.1,280.0
250.60299909999594,280.2,280.0
250.9061993000796,280.2,280.0
251.22642140008975,280.2,280.0
251.54495490004774,280.3,280.0
251.84651560010388,280.3,280.0
252.16912490001414,280.2,280.0
252.4875623000553,280.2,280.0
252.79044010001235,280.2,280.0
253.10898990009446,280.40000000000003,280.0
253.43305400002282,280.40000000000003,280.0
253.73527300008573,280.40000000000003,280.0
254.0536425000755,280.1,280.0
254.37285949999932,280.1,280.0
254.69574700004887,280.1,280.0
254.99900940002408,280.40000000000003,280.0
255.31741720007267,280.40000000000003,280.0
255.63801100000273,280.40000000000003,280.0
255.9269321000902,280.2,280.0
256.2446773000993,280.2,280.0
256.56296250002924,280.3,280.0
256.867645499995,280.3,280.0
257.19051980006043,280.3,280.0
257.5096070000436,280.3,280.0
257.81112110009417,280.3,280.0
258.1328211000655,280.3,280.0
258.45185499999207,280.2,280.0
258.7553230000194,280.2,280.0
259.0741592000704,280.2,280.0
259.37877270008903,280.40000000000003,280.0
259.6841917000711,280.40000000000003,280.0
260.00032170000486,280.40000000000003,280.0
260.32262310001533,280.2,280.0
260.62625110009685,280.2,280.0
260.94479340000544,280.2,280.0
261.24848660000134,280.40000000000003,280.0
261.5689703000244,280.40000000000003,280.0
261.8877705000341,280.2,280.0
262.19282370002475,280.2,280.0
262.51138000003994,280.2,280.0
262.8315845000325,280.40000000000003,280.0
263.1373754000524,280.40000000000003,280.0
263.455998999998,280.40000000000003,280.0
263.7778759000357,280.3,280.0
264.0775738999946,280.3,280.0
264.3835459999973,280.3,280.0
264.70464180002455,280.3,280.0
265.0233485000208,280.3,280.0
265.34195950010326,280.3,280.0
265.63079050008673,280.3,280.0
265.95029960002284,280.3,280.0
266.27235300000757,280.2,280.0
266.5747939000139,280.2,280.0
266.8962743000593,280.2,280.0
267.2142213000916,280.40000000000003,280.0
267.53310370002873,280.40000000000003,280.0
267.8224408000242,280.40000000000003,280.0
268.1389078000793,280.1,280.0
268.46283430000767,280.1,280.0
268.7639772000257,280.1,280.0
269.0855901000323,280.40000000000003,280.0
269.3882181000663,280.40000000000003,280.0
269.7091492000036,280.40000000000003,280.0
270.0297487000935,280.2,280.0
270.33272060006857,280.2,280.0
270.6337017000187,280.3,280.0
270.95580840006005,280.3,280.0
271.2607804000145,280.3,280.0
271.5794125000248,280.3,280.0
271.8964404000435,280.3,280.0
272.21924430003855,280.3,280.0
272.5393174000783,280.2,280.0
272.8398996000178,280.2,280.0
273.1620258000912,280.2,280.0
273.48176070000045,280.3,280.0
273.785208000103,280.3,280.0
274.09146690007765,280.3,280.0
274.40699889999814,280.1,280.0
274.72810540010687,280.1,280.0
275.0315993000986,280.3,280.0
275.35172070004046,280.3,280.0
275.6578117000172,280.3,280.0
275.9747941000387,280.1,280.0
276.2955711000832,280.1,280.0
276.6015628000023,280.1,280.0
276.9201723000733,280.3,280.0
277.2242838999955,280.3,280.0
277.5254405000014,280.3,280.0
277.8444693000056,280.1,280.0
278.16854020010214,280.1,280.0
278.4693785000127,280.1,280.0
278.77572430006694,280.2,280.0
279.09324770001695,280.2,280.0
279.41519120009616,280.2,280.0
279.71908190008253,280.2,280.0
280.0373249000404,280.2,280.0
280.3589890000876,280.1,280.0
280.6785550999921,280.1,280.0
280.9797920000274,280.1,280.0
281.2995335001033,280.3,280.0
281.6186571000144,280.3,280.0
281.94074200000614,280.3,280.0
282.24220810004044,280.0,280.0
282.56477250007447,280.0,280.0
282.88355960010085,280.0,280.0
283.1895183000015,280.3,280.0
283.50493070005905,280.3,280.0
283.8093761000782,280.0,280.0
284.13202350004576,280.0,280.0
284.4524375000037,280.0,280.0
284.76921190007124,280.2,280.0
285.07550969999284,280.2,280.0
285.3926897000056,280.2,280.0
285.71109520003665,280.1,280.0
286.0193418000126,280.1,280.0
286.3389504000079,280.1,280.0
286.6586251000408,280.1,280.0
286.9439136000583,280.1,280.0
287.26388210000005,280.1,280.0
287.5826026001014,280.1,280.0
287.886334800045,280.1,280.0
288.208034100011,280.1,280.0
288.5127832000144,279.90000000000003,280.0
288.8300888000522,279.90000000000003,280.0
289.14921659999527,280.1,280.0
289.4569904000964,280.1,280.0
289.76098020002246,280.1,280.0
290.0809091000119,279.90000000000003,280.0
290.40052560006734,279.90000000000003,280.0
290.7045936000068,279.90000000000003,280.0
291.0225495999912,280.1,280.0
291.33942120010033,280.1,280.0
291.6443822000874,280.1,280.0
291.94970500003546,279.90000000000003,280.0
292.26912190008443,279.90000000000003,280.0
292.5870154000586,279.90000000000003,280.0
292.8945853000041,280.0,280.0
293.2121248000767,280.0,280.0
293.5169432000257,280.0,280.0
293.8347689000657,280.0,280.0
294.1413205000572,280.0,280.0
294.4596043000929,279.90000000000003,280.0
294.7775354000041,279.90000000000003,280.0
295.09994560002815,279.90000000000003,280.0
295.4024517000653,280.1,280.0
295.7264207000844,280.1,280.0
296.04070840007626,280.1,280.0
296.3457448000554,279.90000000000003,280.0
296.66646830004174,279.90000000000003,280.0
296.97020340000745,279.90000000000003,280.0
297.2895367000019,280.1,280.0
297.5950004000915,280.1,280.0
297.91451490006875,280.0,280.0
298.2343305000104,280.0,280.0
298.53644440008793,280.0,280.0
298.8584276000038,280.1,280.0
299.1739244000055,280.1,280.0
299.4981910000788,280.1,280.0
299.79764300002716,280.0,280.0
300.11734600004274,280.0,280.0
300.42129640001804,280.0,280.0
300.7266751000425,280.0,280.0
301.04680940008257,280.0,280.0
301.3681582000572,280.0,280.0
301.6886760999914,280.0,280.0
301.9748823000118,280.0,280.0
302.2958572000498,279.90000000000003,280.0
302.6153244000161,279.90000000000003,280.0
302.9155588001013,279.90000000000003,280.0
303.2529167000903,280.1,280.0
303.5432603000663,280.1,280.0
303.862183200079,280.1,280.0
304.1789139000466,279.90000000000003,280.0
304.5016519000055,279.90000000000003,280.0
304.7908183000982,279.90000000000003,280.0
305.1081945000915,280.1,280.0
305.42990260000806,280.1,280.0
305.74588590010535,280.1,280.0
306.05057650001254,279.90000000000003,280.0
306.3742381000193,279.90000000000003,280.0
306.68942790001165,280.0,280.0
306.9929269000422,280.0,280.0
307.317348600016,280.0,280.0
307.6360613000579,280.0,280.0
307.9527512000641,280.0,280.0
308.2752499000635,280.0,280.0
308.58003690000623,279.8,280.0
308.8957346000243,279.8,280.0
309.20207130000927,279.8,280.0
309.5204500000691,280.0,280.0
309.8273121000966,280.0,280.0
310.1460658001015,280.0,280.0
310.46270480006933,279.8,280.0
310.7844257000834,279.8,280.0
311.0892031000694,280.0,280.0
311.40873860009015,280.0,280.0
311.7279878000263,280.0,280.0
312.0470792000415,279.8,280.0
312.33650610002223,279.8,280.0
312.6536728000501,279.8,280.0
312.9748754000757,280.0,280.0
313.29342710005585,280.0,280.0
313.5805462000426,280.0,280.0
313.9013339000521,279.90000000000003,280.0
314.2237458000891,279.90000000000003,280.0
314.5405344000319,279.90000000000003,280.0
314.8451640000567,279.90000000000003,280.0
315.16567680006847,279.90000000000003,280.0
315.46782830008306,279.90000000000003,280.0
315.7894573000958,280.0,280.0
316.09471980005037,280.0,280.0
316.41184300009627,279.8,280.0
316.71723140007816,279.8,280.0
317.03491190006025,279.8,280.0
317.35839150007814,280.0,280.0
317.6620326000266,280.0,280.0
317.9783909000689,280.0,280.0
318.29906340001617,279.8,280.0
318.62015210010577,279.8,280.0
318.9398501000833,279.8,280.0
319.22699960006867,280.1,280.0
319.54836440004874,280.1,280.0
319.8687437000917,280.1,280.0
320.1847973000258,279.90000000000003,280.0
320.4909738000715,279.90000000000003,280.0
320.79611320002005,280.0,280.0
321.1137565000681,280.0,280.0
321.43160510004964,280.0,280.0
321.75506210001186,279.90000000000003,280.0
322.059304800001,279.90000000000003,280.0
322.37514370004646,279.90000000000003,280.0
322.69670790003147,279.8,280.0
323.0180061000865,279.8,280.0
323.3040951000294,279.8,280.0
323.6248391000554,280.0,280.0
323.94402580009773,280.0,280.0
324.26411310001276,280.0,280.0
324.5688251000829,279.8,280.0
324.8879009000957,279.8,280.0
325.192630500067,280.0,280.0
325.49518710002303,280.0,280.0
325.81441029999405,280.0,280.0
326.13355080003385,279.8,280.0
326.4396159000462,279.8,280.0
326.7587727000937,279.8,280.0
327.0593459000811,280.0,280.0
327.3790791000938,280.0,280.0
327.69976020010654,280.0,280.0
327.99104740004987,279.90000000000003,280.0
328.3107766000321,279.90000000000003,280.0
328.62892450008076,279.90000000000003,280.0
328.9496562000131,279.8,280.0
329.25031680008397,279.8,280.0
329.55736910004634,279.90000000000003,280.0
329.87388090009335,279.90000000000003,280.0
330.19388190004975,279.90000000000003,280.0
330.51478790002875,279.7,280.0
330.8362167000305,279.7,280.0
331.13768859999254,279.7,280.0
331.45683430007193,280.0,280.0
331.7780364000937,280.0,280.0
332.08266469999216,280.0,280.0
332.38542970002163,279.8,280.0
332.7056147000985,279.8,280.0
333.0237535000779,279.8,280.0
333.3302929000929,280.0,280.0
333.6328769000247,280.0,280.0
333.95505650003906,279.90000000000003,280.0
334.2718352000229,279.90000000000003,280.0
334.57764030003455,279.90000000000003,280.0
334.8825157000683,279.90000000000003,280.0
335.1985148000531,279.90000000000003,280.0
335.51892180007417,279.90000000000003,280.0
335.83913520001806,279.90000000000003,280.0
336.16081640007906,279.90000000000003,280.0
336.4616396999918,279.90000000000003,280.0
336.7847920000786,279.8,280.0
337.1011137000751,279.8,280.0
337.4247383000329,279.8,280.0
337.7278528000461,279.90000000000003,280.0
338.02918630000204,279.90000000000003,280.0
338.3503815000877,279.7,280.0
338.671225600061,279.7,280.0
338.9902331000194,279.7,280.0
339.29243360005785,279.90000000000003,280.0
339.613628400024,279.90000000000003,280.0
339.9306983000133,279.90000000000003,280.0
340.23677900002804,279.8,280.0
340.5586303001037,279.8,280.0
340.8597179000499,279.8,280.0
341.1794780000346,279.90000000000003,280.0
341.48559170006774,279.90000000000003,280.0
341.8026009000605,279.90000000000003,280.0
342.10565570008475,279.90000000000003,280.0
342.42565540003125,279.90000000000003,280.0
342.7304543000646,279.90000000000003,280.0
343.05089370009955,279.90000000000003,280.0
343.3712611000519,279.90000000000003,280.0
343.6724316000473,279.90000000000003,280.0
343.99234160000924,279.90000000000003,280.0
344.29737889999524,279.90000000000003,280.0
344.60305130004417,279.7,280.0
344.922175600077,279.7,280.0
345.23974140000064,279.7,280.0
345.55981280002743,280.0,280.0
345.84971770003904,280.0,280.0
346.1692438001046,280.0,280.0
346.4878122000955,279.7,280.0
346.79368890007026,279.7,280.0
347.1142227000091,279.7,280.0
347.4340859000804,280.0,280.0
347.73412260005716,280.0,280.0
348.04100290010683,279.8,280.0
348.3582483000355,279.8,280.0
348.6790880000917,279.8,280.0
348.99870520003606,279.90000000000003,280.0
349.30106750002597,279.90000000000003,280.0
349.6223023000639,279.90000000000003,280.0
349.94367830001283,279.90000000000003,280.0
350.2640838000225,279.90000000000003,280.0
350.5652603000635,279.90000000000003,280.0
350.86925950006116,279.8,280.0
351.1882009000983,279.8,280.0
351.5088956000982,279.8,280.0
351.82965390000027,280.0,280.0
352.11738070007414,280.0,280.0
352.43769130005967,279.8,280.0
352.75709960004315,279.8,280.0
353.07399360009003,279.8,280.0
353.3620922000846,280.0,280.0
353.68361559999175,280.0,280.0
354.0040493000997,280.0,280.0
354.3231349000707,279.90000000000003,280.0
354.6422480000183,279.90000000000003,280.0
354.9607142000459,279.90000000000003,280.0
355.2669161000522,280.0,280.0
355.5852529000258,280.0,280.0
355.8904276000103,280.0,280.0
356.21193690004293,280.0,280.0
356.5144106000662,280.0,280.0
356.834696700098,280.0,280.0
357.13691400003154,280.0,280.0
357.4583630000707,280.0,280.0
357.7777000000933,280.1,280.0
358.0790802000556,280.1,280.0
358.3991808000719,280.1,280.0
358.72267220006324,280.0,280.0
359.0225369000109,280.0,280.0
359.3427506000735,280.0,280.0
359.66230670001823,280.2,280.0
359.9812335000606,280.2,280.0
360.27255250001326,280.2,280.0
360.5896722000325,279.90000000000003,280.0
360.9097312000813,279.90000000000003,280.0
361.2297958000563,280.2,280.0
361.5346800000407,280.2,280.0
361.8380739000859,280.2,280.0
362.157997900038,280.0,280.0
362.4615458000917,280.0,280.0
362.7822604000103,280.0,280.0
363.0992857000092,280.2,280.0
363.42016880004667,280.2,280.0
363.71051570004784,280.2,280.0
364.02769600006286,280.1,280.0
364.34743490000255,280.1,280.0
364.6671316000866,280.1,280.0
364.98820970009547,280.0,280.0
365.3083869999973,280.0,280.0
365.6115600001067,280.2,280.0
365.93104360008147,280.2,280.0
366.23473270004615,280.2,280.0
366.5411158000352,280.0,280.0
366.8602039000252,280.0,280.0
367.1793581000529,280.0,280.0
367.4985196000198,280.2,280.0
367.8032555000391,280.2,280.0
368.10443250008393,280.2,280.0
368.42672860005405,280.0,280.0
368.74444870010484,280.0,280.0
369.05010720004793,280.0,280.0
369.3672848000424,280.2,280.0
369.67351700004656,280.2,280.0
369.9922230000375,280.2,280.0
370.2987541001057,280.1,280.0
370.617767100106,280.1,280.0
370.9347383000422,280.1,280.0
371.22415260004345,280.1,280.0
371.54355570010375,280.1,280.0
371.8630939000286,280.2,280.0
372.1829144000076,280.2,280.0
372.48844149999786,280.2,280.0
372.8065115000354,280.0,280.0
373.1120528000174,280.0,280.0
373.4292560000904,280.0,280.0
373.7340713000158,280.2,280.0
374.0557739000069,280.2,280.0
374.35900100006256,280.2,280.0
374.67916090006474,280.0,280.0
374.98004250007216,280.0,280.0
375.29902520007454,280.2,280.0
375.6040690999944,280.2,280.0
375.9230158000719,280.2,280.0
376.24263079999946,280.1,280.0
376.54820449999534,280.1,280.0
376.86802020005416,280.1,280.0
377.17125000001397,280.2,280.0
377.4931825000094,280.2,280.0
377.79698300000746,280.2,280.0
378.11670540005434,280.1,280.0
378.4212000000989,280.1,280.0
378.7390717000235,280.1,280.0
379.05771860003006,280.1,280.0
379.36266720003914,280.1,280.0
379.66774820000865,280.1,280.0
379.9854725000914,280.2,280.0
380.29024350002874,280.2,280.0
380.61059380008373,280.0,280.0
380.92944520001765,280.0,280.0
381.2325363000855,280.0,280.0
381.5523753000889,280.3,280.0
381.87088280008174,280.3,280.0
382.1768747000024,280.3,280.0
382.4959258000599,280.1,280.0
382.81747540005017,280.1,280.0
383.13831450010184,280.1,280.0
383.4553412999958,280.3,280.0
383.7441986000631,280.3,280.0
384.06308230001014,280.3,280.0
384.38384210004006,280.1,280.0
384.6878700000234,280.1,280.0
385.0084862000076,280.1,280.0
385.3083746000193,280.1,280.0
385.62904510006774,280.1,280.0
385.94847300008405,280.2,280.0
386.2722101000836,280.2,280.0
386.58824630000163,280.2,280.0
386.8942081000423,280.0,280.0
387.23055450001266,280.0,279.0
387.5191047000699,280.0,279.0
387.83586180000566,280.2,278.0
388.1396874000784,280.2,277.0
388.47815169999376,280.0,274.0
388.76244800002314,280.0,273.0
389.06597300001886,280.0,272.0
389.3898876000894,280.2,271.0
389.70585290004965,280.2,270.0
390.00979030004237,280.2,270.0
390.3333821000997,279.8,270.0
390.63509019999765,279.8,270.0
390.9554018001072,279.8,270.0
391.272679900052,278.3,270.0
391.59636840003077,278.3,270.0
391.89885600004345,278.3,270.0
392.2041940999916,276.5,270.0
392.52076530002523,276.5,270.0
392.8394551000092,276.5,270.0
393.1462340001017,275.1,270.0
393.465138800093,275.1,270.0
393.78728930000216,273.7,270.0
394.08827290008776,273.7,270.0
394.40881670010276,273.7,270.0
394.7289607001003,273.7,270.0
395.0324492000509,273.7,270.0
395.3528152999934,273.7,270.0
395.6572895999998,273.90000000000003,270.0
395.97580590005964,273.90000000000003,270.0
396.27984530001413,273.90000000000003,270.0
396.5975272000069,273.6,270.0
396.90237160003744,273.6,270.0
397.2237970000133,273.6,270.0
397.5247736000456,273.8,270.0
397.8446866000304,273.8,270.0
398.16393250005785,273.2,270.0
398.484856300056,273.2,270.0
398.77576440002304,273.2,270.0
399.0942721000174,272.7,270.0
399.39949690003414,272.7,270.0
399.71686460007913,272.7,270.0
400.0366090000607,271.7,270.0
400.3424849000294,271.7,270.0
400.66079180000816,271.7,270.0
400.9815334000159,271.6,270.0
401.2816686000442,271.6,270.0
401.60496100003365,271.6,270.0
401.90643229999114,271.5,270.0
402.22900789999403,271.5,270.0
402.5480510001071,271.5,270.0
402.84914740000386,271.2,270.0
403.15568820002954,271.2,270.0
403.4764515000861,271.6,270.0
403.7762106000446,271.6,270.0
404.0987098000478,271.6,270.0
404.41826750000473,271.40000000000003,270.0
404.72214720002376,271.40000000000003,270.0
405.04154070001096,271.40000000000003,270.0
405.36347000009846,271.40000000000003,270.0
405.6824143000413,271.40000000000003,270.0
405.9847551001003,271.40000000000003,270.0
406.30283880000934,270.90000000000003,270.0
406.60806810006034,270.90000000000003,270.0
406.92937150003854,270.90000000000003,270.0
407.2335967000108,270.7,270.0
407.5530104000354,270.7,270.0
407.86944969999604,270.3,270.0
408.176884500077,270.3,270.0
408.4944728000555,270.3,270.0
408.83207230002154,270.0,270.0
409.13340980000794,270.0,270.0
409.4553025000496,270.0,270.0
409.7744740000926,270.1,270.0
410.07882480008993,270.1,270.0
410.397779299994,270.1,270.0
410.700018200092,269.8,270.0
411.0072005999973,269.8,270.0
411.32328390004113,269.8,270.0
411.6445835001068,270.1,270.0
411.9626186999958,270.1,270.0
412.26793450000696,269.8,270.0
412.59024340007454,269.8,270.0
412.9096484000329,269.8,270.0
413.1954603000777,269.90000000000003,270.0
413.5144910000963,269.90000000000003,270.0
413.83403860009275,269.90000000000003,270.0
414.154161100043,269.5,270.0
414.46063880005386,269.5,270.0
414.77930660010315,269.5,270.0
415.08373360009864,269.3,270.0
415.4041349000763,269.3,270.0
415.72108700009994,269.3,270.0
416.04192049999256,269.2,270.0
416.3619209000608,269.2,270.0
416.6487436000025,268.8,270.0
416.96912250004243,268.8,270.0
417.2883885001065,268.8,270.0
417.59415740007535,269.1,270.0
417.91435760003515,269.1,270.0
418.21713910007384,269.1,270.0
418.53444459999446,268.8,270.0
418.84124980005436,268.8,270.0
419.16125290002674,268.8,270.0
419.46517740003765,269.1,270.0
419.7849138000747,269.1,270.0
420.1025534000946,269.1,270.0
420.40642890008166,268.8,270.0
420.72739160002675,268.8,270.0
421.0327441000845,268.90000000000003,270.0
421.3526314001065,268.90000000000003,270.0
421.6704473000718,268.90000000000003,270.0
421.97217800002545,268.8,270.0
422.29354660003446,268.8,270.0
422.59995420009363,268.8,270.0
422.89943580003455,268.5,270.0
423.22004820010625,268.5,270.0
423.54216870001983,268.5,270.0
423.84331190004013,268.7,270.0
424.16311409999616,268.7,270.0
424.469133400009,268.7,270.0
424.78956840001047,268.3,270.0
425.09032950003166,268.3,270.0
425.39544370002113,268.3,270.0
425.7321763000218,268.6,270.0
426.05141350009944,268.6,270.0
426.3568459000671,268.40000000000003,270.0
426.67633610009216,268.40000000000003,270.0
426.9954218000639,268.40000000000003,270.0
427.2975906000938,268.6,270.0
427.6182698000921,268.6,270.0
427.9232825000072,268.6,270.0
428.2435820000246,268.6,270.0
428.5451311999932,268.6,270.0
428.86384750006255,268.6,270.0
429.18746070005,268.5,270.0
429.49117350007873,268.5,270.0
429.81052970001474,268.6,270.0
430.1144388000248,268.6,270.0
430.4150798000628,268.6,270.0
430.737595200073,268.40000000000003,270.0
431.0560402000556,268.40000000000003,270.0
431.36174560000654,268.40000000000003,270.0
431.68075390008744,268.7,270.0
431.98549099999946,268.7,270.0
432.304756400059,268.7,270.0
432.6052946000127,268.40000000000003,270.0
432.9266314000124,268.40000000000003,270.0
433.2446115000639,268.40000000000003,270.0
433.54889090009965,268.7,270.0
433.8678874000907,268.7,270.0
434.1731466000201,268.7,270.0
434.4929334000917,268.6,270.0
434.795705000055,268.6,270.0
435.1169079000829,268.8,270.0
435.43844840000384,268.8,270.0
435.74112820008304,268.8,270.0
436.06028830003925,268.90000000000003,270.0
436.3658479000442,268.90000000000003,270.0
436.6683879001066,268.90000000000003,270.0
436.98592360003386,268.8,270.0
437.3071876000613,268.8,270.0
437.6129728000378,268.8,270.0
437.93371240003034,269.0,270.0
438.2530854000943,269.0,270.0
438.55421910004225,269.0,270.0
438.85941400006413,268.8,270.0
439.1778322000755,268.8,270.0
439.4839023000095,269.1,270.0
439.8013940000674,269.1,270.0
440.1044178000884,269.1,270.0
440.42404380009975,268.90000000000003,270.0
440.72716050001327,268.90000000000003,270.0
441.0474305000389,268.90000000000003,270.0
441.36828470008913,269.1,270.0
441.67440680006985,269.1,270.0
441.9906628000317,269.1,270.0
442.296258800081,269.1,270.0
442.617612900096,269.1,270.0
442.9360291000921,269.1,270.0
443.25580230006017,269.1,270.0
443.5613797000842,269.1,270.0
443.87958549999166,269.3,270.0
444.18513310002163,269.3,270.0
444.50211190001573,269.3,270.0
444.80888420005795,269.2,270.0
445.12566580006387,269.2,270.0
445.4440535000758,269.2,270.0
445.74922240001615,269.5,270.0
446.0698315000627,269.5,270.0
446.3754246000899,269.5,270.0
446.6938957000384,269.3,270.0
447.0307168000145,269.3,270.0
447.3322445000522,269.3,270.0
447.6376108000986,269.5,270.0
447.9580978000304,269.5,270.0
448.27798450004775,269.5,270.0
448.5809441000456,269.40000000000003,270.0
448.9008538000053,269.40000000000003,270.0
449.2177648000652,269.5,270.0
449.5376268000109,269.5,270.0
449.8600465999916,269.5,270.0
450.16506030003075,269.6,270.0
450.4681273000315,269.6,270.0
450.7857415000908,269.6,270.0
451.09258380008396,269.5,270.0
451.4090184000088,269.5,270.0
451.72945179999806,269.5,270.0
452.05005800002255,269.8,270.0
452.33707400003914,269.8,270.0
452.6575175001053,269.8,270.0
452.9779113000259,269.6,270.0
453.2795556000201,269.6,270.0
453.5830331000034,269.90000000000003,270.0
453.9031671000412,269.90000000000003,270.0
454.22650700004306,269.90000000000003,270.0
454.54646970005706,269.7,270.0
454.86480139999185,269.7,270.0
455.1668078000657,269.7,270.0
455.4857364000054,269.90000000000003,270.0
455.8056899000658,269.90000000000003,270.0
456.1130816000514,269.90000000000003,270.0
456.41274420008995,269.8,270.0
456.73407060001045,269.8,270.0
457.0556406000396,269.8,270.0
457.35849570005666,269.8,270.0
457.67947860003915,269.8,270.0
457.997571600019,270.0,270.0
458.30322640005033,270.0,270.0
458.6042121000355,270.0,270.0
458.9258594000712,269.8,270.0
459.24512030009646,269.8,270.0
459.56527470005676,269.8,270.0
459.85093890002463,270.1,270.0
460.17255040002055,270.1,270.0
460.49259999999776,270.1,270.0
460.79410810000263,269.90000000000003,270.0
461.1140965000959,269.90000000000003,270.0
461.41892080008984,269.90000000000003,270.0
461.7398380000377,270.1,270.0
462.04368090000935,270.1,270.0
462.36311989999376,270.0,270.0
462.6815878000343,270.0,270.0
462.987691400107,270.0,270.0
463.2924976000795,270.0,270.0
463.6123814000748,270.0,270.0
463.9284190000035,270.0,270.0
464.2489759000018,270.1,270.0
464.5701040000422,270.1,270.0
464.8751705000177,270.1,270.0
465.1946409000084,269.90000000000003,270.0
465.4984001000412,269.90000000000003,270.0
465.81744850007817,269.90000000000003,270.0
466.1370473999996,270.1,270.0
466.4387346000876,270.1,270.0
466.75924810010474,269.90000000000003,270.0
467.06349190010224,269.90000000000003,270.0
467.3819435000187,269.90000000000003,270.0
467.70515900000464,270.2,270.0
468.00919580005575,270.2,270.0
468.32622889999766,270.2,270.0
468.6304816000629,270.0,270.0
468.950421800022,270.0,270.0
469.2540375000099,270.0,270.0
469.57620690006297,270.1,270.0
469.8757355000125,270.1,270.0
470.18039890006185,270.1,270.0
470.5036830001045,270.1,270.0
470.81912270002067,270.1,270.0
471.12715640000533,270.1,270.0
471.4436168000102,270.0,270.0
471.7467321000295,270.0,270.0
472.06962359999306,270.2,270.0
472.3902501000557,270.2,270.0
472.70982540003024,270.2,270.0
473.0114758000709,269.90000000000003,270.0
473.33287750009913,269.90000000000003,270.0
473.651964000077,269.90000000000003,270.0
473.9696384000126,270.2,270.0
474.27328830002807,270.2,270.0
474.59637909999583,270.2,270.0
474.9146247000899,270.0,270.0
475.22039830009453,270.0,270.0
475.53778640006203,270.3,270.0
475.8436820000643,270.3,270.0
476.15961540001445,270.3,270.0
476.4821554000955,270.1,270.0
476.7674123001052,270.1,270.0
477.09131740010343,270.1,270.0
477.4083258000901,270.2,270.0
477.7304967000382,270.2,270.0
478.0338500000071,270.2,270.0
478.35113419999834,270.3,270.0
478.6740178000182,270.3,270.0
478.9582408000715,270.3,270.0
479.28196370007936,270.1,270.0
479.59736580005847,270.1,270.0
479.90527400001884,270.1,270.0
480.22140370006673,270.3,270.0
480.54476700001396,270.3,270.0
480.8444515001029,270.1,270.0
481.1668218000559,270.1,270.0
481.47079330007546,270.1,270.0
481.7900817000773,270.3,270.0
482.1078270000871,270.3,270.0
482.41150980000384,270.3,270.0
482.71730540005956,270.2,270.0
483.03510980005376,270.2,270.0
483.3563794000074,270.2,270.0
483.65965909999795,270.3,270.0
483.9654376000399,270.3,270.0
484.28662860009354,270.3,270.0
484.6063133000862,270.2,270.0
484.90903640002944,270.2,270.0
485.2280235000653,270.1,270.0
485.53319830005057,270.1,270.0
485.8526116000721,270.1,270.0
486.15651170001365,270.3,270.0
486.47620480007026,270.3,270.0
486.79300659999717,270.3,270.0
487.09843050001655,270.1,270.0
487.4007246000692,270.1,270.0
487.7240772000514,270.1,270.0
488.0234949000878,270.3,270.0
488.3432012000121,270.3,270.0
488.6648811000632,270.3,270.0
488.9829238000093,270.1,270.0
489.2726546000922,270.1,270.0
489.59141180000734,270.1,270.0
489.9113714999985,270.3,270.0
490.21454220009036,270.3,270.0
490.53480190003756,270.1,270.0
490.85385830001906,270.1,270.0
491.1578772000503,270.1,270.0
491.48111600009724,270.2,270.0
491.7988954000175,270.2,270.0
492.08565120003186,270.2,270.0
492.4054281000281,270.2,270.0
492.72626330005005,270.2,270.0
493.0294835000532,270.2,270.0
493.3475710999919,270.0,270.0
493.6672984000761,270.0,270.0
493.9740485000657,270.0,270.0
494.2922992000822,270.3,270.0
494.61145250010304,270.3,270.0
494.9321208000183,270.0,270.0
495.23824520001654,270.0,270.0
495.55619630008005,270.0,270.0
495.8600065000355,270.2,270.0
496.18141000007745,270.2,270.0
496.4843362000538,270.2,270.0
496.8017748000566,270.0,270.0
497.1085370000219,270.0,270.0
497.427502800012,270.0,270.0
497.74801990005653,270.2,270.0
498.05067460006103,270.2,270.0
498.35663829999976,270.2,270.0
498.6765042000916,270.1,270.0
498.9788546001073,270.1,270.0
499.2997161000967,270.0,270.0
499.59992210008204,270.0,270.0
499.92348110000603,270.0,270.0
500.24352240003645,270.1,270.0
500.5597151000984,270.1,270.0
500.8644060000079,270.1,270.0
501.18360089999624,269.8,270.0
501.50446339999326,269.8,270.0
501.8088106000796,269.8,270.0
502.1282162000425,270.1,270.0
502.4493360000197,270.1,270.0
502.76729420002084,270.1,270.0
503.07071080000605,269.8,270.0
503.3765226000687,269.8,270.0
503.695279900101,270.1,270.0
503.9974234000547,270.1,270.0
504.31686230003834,270.1,270.0
504.63736500008963,269.90000000000003,270.0
504.9429222000763,269.90000000000003,270.0
505.2625232000137,269.90000000000003,270.0
505.5796701000072,269.90000000000003,270.0
505.88429770001676,269.90000000000003,270.0
506.20608580007683,269.90000000000003,270.0
506.5114711000351,270.0,270.0
506.8280572000658,270.0,270.0
507.1468877000734,270.0,270.0
507.452194100013,269.8,270.0
507.77434160001576,269.8,270.0
508.07432650006376,270.0,270.0
508.3946552000707,270.0,270.0
508.69976530002896,270.0,270.0
509.0202534000855,269.8,270.0
509.3398164000828,269.8,270.0
509.6591361000901,269.8,270.0
509.9474234000081,270.0,270.0
510.26783440005966,270.0,270.0
510.5874337001005,270.0,270.0
510.8906667000847,269.8,270.0
511.19646790006664,269.8,270.0
511.515454800101,269.8,270.0
511.83488390001,269.90000000000003,270.0
512.1537606000202,269.90000000000003,270.0
512.4580286000855,269.90000000000003,270.0
512.7630698001012,269.8,270.0
513.082889100071,269.8,270.0
513.4025060000131,269.7,270.0
513.7037114000414,269.7,270.0
514.0227991000284,269.7,270.0
514.3267108000582,269.90000000000003,270.0
514.6481746000936,269.90000000000003,270.0
514.9535802000901,269.90000000000003,270.0
515.2695849000011,269.6,270.0
515.5914384000935,269.6,270.0
515.8944523000391,269.6,270.0
516.2143013000023,269.90000000000003,270.0
516.5173113000346,269.90000000000003,270.0
516.8376225000247,269.90000000000003,270.0
517.1436121000443,269.7,270.0
517.4634698000737,269.7,270.0
517.7655414000619,269.90000000000003,270.0
518.0873897999991,269.90000000000003,270.0
518.390875000041,269.90000000000003,270.0
518.6930723000551,269.8,270.0
519.0115674000699,269.8,270.0
519.3331563000102,269.8,270.0
519.6537763000233,269.8,270.0
519.9568638000637,269.8,270.0
520.2603372000158,269.8,270.0
520.5809730000328,269.8,270.0
520.8845998001052,269.8,270.0
521.2047139999922,269.8,270.0
521.523508500075,269.7,270.0
521.8291176999919,269.7,270.0
522.1447867000243,269.90000000000003,270.0
522.4525490000378,269.90000000000003,270.0
522.7718377000419,269.90000000000003,270.0
523.0924702000339,269.7,270.0
523.4118307000026,269.7,270.0
523.7122692000121,269.7,270.0
524.0326948000584,269.90000000000003,270.0
524.35185430001,269.90000000000003,270.0
524.6732154000783,269.90000000000003,270.0
524.9610991000663,269.8,270.0
525.2819782000734,269.8,270.0
525.6018679999979,269.8,270.0
525.9188521000324,269.90000000000003,270.0
526.2244349000975,269.90000000000003,270.0
526.543916100054,269.8,270.0
526.8621257001068,269.8,270.0
527.1686611000914,269.8,270.0
527.4872573000612,269.8,270.0
527.8058923000935,269.8,270.0
528.1275406000204,269.8,270.0
528.4161879000021,269.90000000000003,270.0
528.736470200005,269.90000000000003,270.0
529.0558230000315,269.90000000000003,270.0
529.376031300053,269.7,270.0
529.6764129000949,269.7,270.0
529.982558800024,269.7,270.0
530.3025224000448,270.0,270.0
530.6190206001047,270.0,270.0
530.925309900078,270.0,270.0
531.2275174000533,269.8,270.0
531.5492720000912,269.8,270.0
531.8665889000986,270.0,270.0
532.1715209000977,270.0,270.0
532.4911135000875,270.0,270.0
532.8112005000003,269.8,270.0
533.1336473000702,269.8,270.0
533.4352825999958,269.8,270.0
533.7549212001031,269.90000000000003,270.0
534.0750851000194,269.90000000000003,270.0
534.3795455000363,269.90000000000003,270.0
534.6827364000492,269.90000000000003,270.0
535.004311800003,269.90000000000003,270.0
535.3241107000504,269.90000000000003,270.0
535.6273476000642,269.8,270.0
535.9466511000646,269.8,270.0
536.2499746000394,270.0,270.0
536.5716647000518,270.0,270.0
536.8712922000559,270.0,270.0
537.1936397000682,269.8,270.0
537.5131308001,269.8,270.0
537.8145659000147,269.8,270.0
538.1214020000771,270.1,270.0
538.4411562000168,270.1,270.0
538.7451384000015,270.1,270.0
539.0648799000774,269.90000000000003,270.0
539.3816027001012,269.90000000000003,270.0
539.687591199996,269.90000000000003,270.0
540.0075929000741,270.0,270.0
540.3263372000074,270.0,270.0
540.6168991000159,269.90000000000003,270.0
540.933145500021,269.90000000000003,270.0
541.2361864000559,269.90000000000003,270.0
541.5582324001007,269.8,269.0
541.8793390000938,269.8,267.0
542.1812847000547,269.8,265.0
542.517177300062,270.0,263.0
542.8222295000451,270.0,262.0
543.1254812000552,270.0,261.0
543.4435219001025,269.8,260.0
543.747786300024,269.8,260.0
544.0678129000589,269.8,260.0
544.373517400003,269.8,260.0
544.6924268000294,269.8,260.0
544.9947090999922,269.8,260.0
545.3150005000643,268.5,260.0
545.6199038000777,268.5,260.0
545.9403596000047,266.7,260.0
546.2576217000606,266.7,260.0
546.5616083000787,266.7,260.0
546.8811643000226,265.40000000000003,260.0
547.2010144999949,265.40000000000003,260.0
547.5051537000109,265.40000000000003,260.0
547.824009800097,264.7,260.0
548.1456029000692,264.7,260.0
548.4515248000389,264.7,260.0
548.7677800999954,263.8,260.0
549.0911450000713,263.8,260.0
549.3908602000447,263.8,260.0
549.7113794001052,263.90000000000003,260.0
550.0166135000763,263.90000000000003,260.0
550.3372858000221,264.0,260.0
550.6379411000526,264.0,260.0
550.9584749999922,264.0,260.0
551.2621263000183,263.6,260.0
551.5840096001048,263.6,260.0
551.9024756000144,263.6,260.0
552.2059445000486,263.3,260.0
552.5083293000935,263.3,260.0
552.8291413000552,263.3,260.0
553.1522851000773,262.6,260.0
553.4548857000191,262.6,260.0
553.7740454000887,262.6,260.0
554.079303800012,262.3,260.0
554.3992779999971,262.3,260.0
554.7031264000107,261.6,260.0
555.0229076000396,261.6,260.0
555.3422147000674,261.6,260.0
555.6424152000109,261.7,260.0
555.9488092000829,261.7,260.0
556.2679431000724,261.7,260.0
556.5870916000567,261.5,260.0
556.8928483000491,261.5,260.0
557.2112783000339,261.5,260.0
557.5171466000611,261.5,260.0
557.8365874000592,261.5,260.0
558.1372776000062,261.5,260.0
558.4599317000248,261.6,260.0
558.7792353000259,261.6,260.0
559.0816338000586,261.3,260.0
559.4031076000538,261.3,260.0
559.7070528001059,261.3,260.0
560.027540900046,261.3,260.0
560.3284106000792,261.3,260.0
560.6342416000552,261.3,260.0
560.9521669000387,260.6,260.0
561.2715781000443,260.6,260.0
561.5934046000475,260.6,260.0
561.8953470000997,260.6,260.0
562.2160586999962,260.6,260.0
562.536853000056,260.6,260.0
562.8545903000049,260.1,260.0
563.1596983000636,260.1,260.0
563.4779654000886,260.1,260.0
563.7827709000558,260.1,260.0
564.0880133000901,260.1,260.0
564.4062108000508,260.1,260.0
564.7265366000356,260.1,260.0
565.0445629000897,260.1,260.0
565.3499147000257,259.90000000000003,260.0
565.653085900005,259.90000000000003,260.0
565.9749108999968,259.90000000000003,260.0
566.294892200036,260.0,260.0
566.5952848000452,260.0,260.0
566.8991917000385,260.0,260.0
567.2207823999925,259.6,260.0
567.5420951000415,259.6,260.0
567.8612919000443,259.6,260.0
568.1665076999925,259.7,260.0
568.4845468000276,259.7,260.0
568.8052151000593,259.2,260.0
569.1074640000006,259.2,260.0
569.4278358001029,259.2,260.0
569.7475040000863,259.3,260.0
570.0520060000708,259.3,260.0
570.3701906000497,259.3,260.0
570.6922895000316,259.1,260.0
571.011820100015,259.1,260.0
571.3140468000202,259.1,260.0
571.6201502000913,259.0,260.0
571.9360879000742,259.0,260.0
572.2555722000543,259.0,260.0
572.5777111999923,259.1,260.0
572.8949663999956,259.1,260.0
573.2192911000457,258.8,260.0
573.5196939000161,258.8,260.0
573.8245454001008,258.8,260.0
574.1443020000588,259.1,260.0
574.4633872000268,259.1,260.0
574.7692966000177,259.1,260.0
575.0879437000258,258.6,260.0
575.4080696000019,258.6,260.0
575.7283595000627,258.6,260.0
576.0306020000717,258.8,260.0
576.3519051000476,258.8,260.0
576.6568646000233,258.8,260.0
576.9747562000994,258.6,260.0
577.2954032000853,258.6,260.0
577.598169600009,258.5,260.0
577.9014130000724,258.5,260.0
578.2218623000663,258.5,260.0
578.5252348000649,258.6,260.0
578.8473619000288,258.6,260.0
579.1629780000076,258.6,260.0
579.483386100037,258.40000000000003,260.0
579.7890737000853,258.40000000000003,260.0
580.1221409999998,258.40000000000003,260.0
580.4136517000152,258.7,260.0
580.7327311000554,258.7,260.0
581.0522631000495,258.7,260.0
581.372377700056,258.3,260.0
581.6767483000876,258.3,260.0
581.978053900064,258.6,260.0
582.2997184999986,258.6,260.0
582.618199700024,258.6,260.0
582.9204825999914,258.40000000000003,260.0
583.2399597000331,258.40000000000003,260.0
583.5454126000404,258.40000000000003,260.0
583.8662987001007,258.5,260.0
584.1834018999944,258.5,260.0
584.4892876000376,258.5,260.0
584.7924303000327,258.5,260.0
585.1133080000291,258.5,260.0
585.4153359000338,258.5,260.0
585.7360506000696,258.40000000000003,260.0
586.054581000004,258.40000000000003,260.0
586.3596471000928,258.7,260.0
586.680025300011,258.7,260.0
586.9841955000302,258.7,260.0
587.3047971000196,258.40000000000003,260.0
587.6068279000465,258.40000000000003,260.0
587.9276021000696,258.40000000000003,260.0
588.2472146000946,258.8,260.0
588.553200900089,258.8,260.0
588.8716809001053,258.8,260.0
589.1891343001043,258.5,260.0
589.4938944000751,258.5,260.0
589.8120053000748,258.5,260.0
590.1347643000772,258.8,260.0
590.4353760000085,258.8,260.0
590.7575836000033,258.7,260.0
591.0592992000747,258.7,260.0
591.382725100033,258.7,260.0
591.7013639000943,258.7,260.0
592.0058387001045,258.7,260.0
592.3090144000016,258.7,260.0
592.6272594000911,258.90000000000003,260.0
592.9469197000144,258.90000000000003,260.0
593.2499910000479,258.90000000000003,260.0
593.5698704000097,258.6,260.0
593.8924158000154,258.6,260.0
594.196358300047,258.6,260.0
594.4983318001032,259.0,260.0
594.8162354000378,259.0,260.0
595.1218428000575,259.0,260.0
595.4414125001058,258.7,260.0
595.7624124001013,258.7,260.0
596.0638788000215,259.0,260.0
596.3698053000262,259.0,260.0
596.6888795000268,259.0,260.0
597.0095033000689,259.0,260.0
597.3272246000124,259.0,260.0
597.6344466001028,259.0,260.0
597.954662400065,259.1,260.0
598.2742817000253,259.1,260.0
598.5921705000801,259.1,260.0
598.8967959000729,259.2,260.0
599.1988665000536,259.2,260.0
599.5180624000495,259.2,260.0
599.8245087000541,259.1,260.0
600.1442816000199,259.1,260.0
600.4620228999993,259.40000000000003,260.0
600.7650142000057,259.40000000000003,260.0
601.0710095000686,259.40000000000003,260.0
601.3910598000512,259.1,260.0
601.7097856000764,259.1,260.0
602.0145230999915,259.1,260.0
602.332651100005,259.5,260.0
602.6535947000375,259.5,260.0
602.9390723000979,259.5,260.0
603.2608313000528,259.3,260.0
603.578307799995,259.3,260.0
603.9013838000828,259.3,260.0
604.2041777000995,259.5,260.0
604.5233655000338,259.5,260.0
604.8288804000476,259.5,260.0
605.1323156000581,259.5,260.0
605.4500776000787,259.5,260.0
605.769170200103,259.6,260.0
606.0897780000232,259.6,260.0
606.3947603000561,259.6,260.0
606.6989082000218,259.8,260.0
607.0206027000677,259.8,260.0
607.3402211000212,259.8,260.0
607.6430620000465,259.6,260.0
607.9628082000418,259.6,260.0
608.280814900063,259.6,260.0
608.5871310000075,259.90000000000003,260.0
608.9039947000565,259.90000000000003,260.0
609.2243690000614,259.6,260.0
609.529754600022,259.6,260.0
609.8487663000124,259.6,260.0
610.1693614000687,259.90000000000003,260.0
610.4698819000041,259.90000000000003,260.0
610.7938986000372,259.90000000000003,260.0
611.0944038000889,259.7,260.0
611.4175256000599,259.7,260.0
611.7180287000956,259.7,260.0
612.0210935000796,259.8,260.0
612.342829600093,259.8,260.0
612.6617073999951,259.8,260.0
612.9656843000557,259.90000000000003,260.0
613.2854244000046,259.90000000000003,260.0
613.6064778000582,259.90000000000003,260.0
613.9085125999991,259.8,260.0
614.2287764000939,259.8,260.0
614.5345091000199,260.1,260.0
614.8350654999958,260.1,260.0
615.1557246000739,260.1,260.0
615.4766158000566,259.8,260.0
615.7825532000279,259.8,260.0
616.0861634000903,259.8,260.0
616.4062727000564,260.1,260.0
616.724386200076,260.1,260.0
617.0442206000444,260.1,260.0
617.3486037000548,259.90000000000003,260.0
617.65133100003,259.90000000000003,260.0
617.9715501000173,259.90000000000003,260.0
618.2925062000286,260.0,260.0
618.6123616000405,260.0,260.0
618.897855999996,260.0,260.0
619.2189387000399,260.0,260.0
619.5374868999934,260.0,260.0
619.8571921000257,259.90000000000003,260.0
620.1610439000651,259.90000000000003,260.0
620.4647650000406,259.90000000000003,260.0
620.7855933000101,260.1,260.0
621.0902442000806,260.1,260.0
621.4094611000037,260.1,260.0
621.7302461999934,259.8,260.0
622.0465270000277,259.8,260.0
622.3674365000334,259.8,260.0
622.6727872000774,260.2,260.0
622.993543800083,260.2,260.0
623.2946181000443,259.90000000000003,260.0
623.6136959000723,259.90000000000003,260.0
623.9169444000581,259.90000000000003,260.0
624.2399002000457,260.2,260.0
624.5589977999916,260.2,260.0
624.8615030000219,260.2,260.0
625.1684513000073,260.0,260.0
625.4868464000756,260.0,260.0
625.8064032000257,260.0,260.0
626.1092599000549,260.1,260.0
626.4276811000891,260.1,260.0
626.7475219001062,260.1,260.0
627.0534299000865,260.1,260.0
627.3557698000222,260.1,260.0
627.6777985000517,260.0,260.0
627.9969778000377,260.0,260.0
628.2997589000734,260.0,260.0
628.6179500001017,260.2,260.0
628.9237304000417,260.2,260.0
629.24222990009,260.2,260.0
629.5481949000387,259.90000000000003,260.0
629.8673213000875,259.90000000000003,260.0
630.1730882000411,259.90000000000003,260.0
630.4925365000963,260.2,260.0
630.79623550002,260.2,260.0
631.1127539000008,260.2,260.0
631.4196416001068,260.0,260.0
631.7361567000626,260.0,260.0
632.0410409000469,260.0,260.0
632.3602017000085,260.1,260.0
632.6809530000901,260.1,260.0
633.0024394000648,260.1,260.0
633.289637900074,260.1,260.0
633.6100512000266,260.1,260.0
633.9280756000662,260.0,260.0
634.2471822000807,260.0,260.0
634.5375139000826,260.0,260.0
634.8571858000942,260.2,260.0
635.1736177999992,260.2,260.0
635.4934084000997,260.2,260.0
635.8148915000493,260.0,260.0
636.1013878000667,260.0,260.0
636.4229075000621,260.0,260.0
636.744772200007,260.3,260.0
637.0633724000072,260.3,260.0
637.350717100082,260.0,260.0
637.6677899000933,260.0,260.0
637.987380500068,260.0,260.0
638.3075695000589,260.3,260.0
638.6153649000917,260.3,260.0
638.9182083000196,260.3,260.0
639.2382648000494,260.1,260.0
639.5561639000662,260.1,260.0
639.8621866001049,260.1,260.0
640.1819609000813,260.1,260.0
640.4844707000302,260.1,260.0
640.8044751000125,260.1,260.0
641.1071077000815,260.1,260.0
641.4278459000634,260.1,260.0
641.7487557000713,260.1,260.0
642.0512413000688,260.0,260.0
642.3564558000071,260.0,260.0
642.6756339001004,260.3,260.0
642.9920982000185,260.3,260.0
643.298247900093,260.3,260.0
643.6163897000952,260.0,260.0
643.935522200074,260.0,260.0
644.2253438000334,260.0,260.0
644.5444030000363,260.3,260.0
644.8653768000659,260.3,260.0
645.1696388000855,260.3,260.0
645.4890966000967,260.0,260.0
645.8060398000525,260.0,260.0
646.1131161000812,260.0,260.0
646.4342070000712,260.2,260.0
646.7350656000199,260.2,260.0
647.0536892000819,260.1,260.0
647.373173500062,260.1,260.0
647.6637321000453,260.1,260.0
647.9837196000153,260.0,260.0
648.3014005000005,260.0,260.0
648.6205668000039,260.0,260.0
648.908310100087,260.2,260.0
649.2316900000442,260.2,260.0
649.5479151000036,260.2,260.0
649.8673275000183,260.0,260.0
650.1717597000534,260.0,260.0
650.4917003000155,260.0,260.0
650.814689300023,260.3,260.0
651.1150386000518,260.3,260.0
651.4376470000716,260.0,260.0
651.7538260000292,260.0,260.0
652.0592565000989,260.0,260.0
652.3798525000457,260.3,260.0
652.6996913000476,260.3,260.0
653.0052613000153,260.3,260.0
653.3077131001046,260.2,260.0
653.6283579000738,260.2,260.0
653.9456940999953,260.2,260.0
654.25047920004,260.2,260.0
654.5700868000276,260.2,260.0
654.8889566001017,260.2,260.0
655.1796148000285,260.2,260.0
655.4968948001042,260.2,260.0
655.8159537001047,260.1,260.0
656.1356156000402,260.1,260.0
656.4424111000262,260.1,260.0
656.7434193000663,260.3,260.0
657.0640806000447,260.3,260.0
657.3694654999999,260.3,260.0
657.6900958000915,260.0,260.0
658.0090007000836,260.0,260.0
658.3257614000468,260.0,260.0
658.629911200027,260.3,260.0
658.9334611000959,260.3,260.0
659.253959499998,260.3,260.0
659.5742894000141,260.0,260.0
659.8772194000194,260.0,260.0
660.1838488000212,260.0,260.0
660.5032539000968,260.2,260.0
660.8237196000991,260.2,260.0
661.1250192000298,260.1,260.0
661.4305853000842,260.1,260.0
661.7478617000161,260.1,260.0
662.0708460001042,260.1,260.0
662.3880797000602,260.1,260.0
662.678309100098,260.1,260.0
662.9984554999974,260.2,260.0
663.3178563000401,260.2,260.0
663.6182753000176,260.2,260.0
663.9422454000451,260.0,260.0
664.25989570003,260.0,260.0
664.5635335000698,260.0,260.0
664.8842912000837,260.3,260.0
665.1853798000375,260.3,260.0
665.5060754000442,260.0,260.0
665.8261187000899,260.0,260.0
666.1309782000026,260.0,260.0
666.4361266000196,260.3,260.0
666.7525858000154,260.3,260.0
667.0725655000424,260.3,260.0
667.3793283000123,260.1,260.0
667.679604700068,260.1,260.0
668.0039524000604,260.1,260.0
668.3234676000429,260.2,260.0
668.6428658000659,260.2,260.0
668.9276179000735,260.2,260.0
669.2492477000924,260.2,260.0
669.5693654000061,260.2,260.0
669.8899143000599,260.2,260.0
670.1909856999991,260.1,260.0
670.5130481000524,260.1,260.0
670.8150549000129,260.3,260.0
671.1207756000804,260.3,260.0
671.4408666000236,260.3,260.0
671.7580707001034,260.0,260.0
672.0795509000309,260.0,260.0
672.383431000053,260.0,260.0
672.7003866001032,260.3,260.0
673.0072580000851,260.3,260.0
673.3121055000229,260.3,260.0
673.6313049000455,260.1,260.0
673.9339282000437,260.1,260.0
674.2530970000662,260.1,260.0
674.5751936000306,260.3,260.0
674.8779311000835,260.3,260.0
675.1970364000881,260.1,260.0
675.4999858000083,260.1,260.0
675.805728700012,260.1,260.0
676.1250721000833,260.1,260.0
676.443071900052,260.1,260.0
676.7487725000829,260.1,260.0
677.0670629000524,260.2,260.0
677.387299300055,260.2,260.0
677.691917899996,260.2,260.0
678.0087512000464,260.0,260.0
678.312981300056,260.0,260.0
678.619364400045,260.0,260.0
678.9395199000137,260.3,260.0
679.2589367000619,260.3,260.0
679.5790156000294,260.0,260.0
679.8796208000276,260.0,260.0
680.1864586001029,260.0,260.0
680.5071417000145,260.3,260.0
680.8265022000996,260.3,260.0
681.1274835000513,260.3,260.0
681.4343336001039,260.1,260.0
681.76808300009,260.1,260.0
682.0574712000089,260.1,260.0
682.3777498001,260.2,260.0
682.6976755000651,260.2,260.0
682.9991101000924,260.2,260.0
683.3168311000336,260.1,260.0
683.6224917999934,260.1,260.0
683.9422510000877,260.1,260.0
684.2621724000201,260.0,260.0
684.5668643000536,260.0,260.0
684.8711649000179,260.1,260.0
685.1897054000292,260.1,260.0
685.4930009000236,260.1,260.0
685.8134860000573,259.8,260.0
686.1323821000988,259.8,260.0
686.4374827001011,259.8,260.0
686.7562411000254,260.2,260.0
687.0624620000599,260.2,260.0
687.3803365000058,260.2,260.0
687.6860982000362,259.90000000000003,260.0
688.0049217001069,259.90000000000003,260.0
688.321489199996,259.90000000000003,260.0
688.628768100054,260.2,260.0
688.9482017999981,260.2,260.0
689.2533601000905,260.1,260.0
689.5720615000464,260.1,260.0
689.8927745000692,260.1,260.0
690.1769438000629,260.0,260.0
690.4970775000984,260.0,260.0
690.8159347000765,260.0,260.0
691.1215435001068,260.1,260.0
691.4419240000425,260.1,260.0
691.7607961000176,260.1,260.0
692.0640746999998,259.90000000000003,260.0
692.3861738000996,259.90000000000003,260.0
692.6880471000914,259.90000000000003,260.0
693.0090603000717,260.2,260.0
693.3100141000468,260.2,260.0
693.633058700012,260.2,260.0
693.9518988000927,259.90000000000003,260.0
694.2573352000909,259.90000000000003,260.0
694.5610232000472,260.2,260.0
694.8614569000201,260.2,260.0
695.184827500023,260.2,260.0
695.5018617000896,259.90000000000003,260.0
695.8240310000256,259.90000000000003,260.0
696.1258091001073,259.90000000000003,260.0
696.4484713000711,260.0,260.0
696.7678781000432,260.0,260.0
697.0675319000147,260.0,260.0
697.3894719000673,260.0,260.0
697.709579700022,260.0,260.0
698.0305232000537,260.0,260.0
698.3189428000478,259.90000000000003,260.0
698.6349040000932,259.90000000000003,260.0
698.9583956000861,260.1,260.0
699.2782299000537,260.1,260.0
699.5800829000073,260.1,260.0
699.898856200045,259.8,260.0
700.202698500012,259.8,260.0
700.5090991000179,259.8,260.0
700.8268558999989,260.1,260.0
701.1455688000424,260.1,260.0
701.4519535000436,260.1,260.0
701.7727073000278,259.8,260.0
702.0890227000928,259.8,260.0
702.4108552000253,259.8,260.0
702.714869700023,260.0,260.0
703.0342518000398,260.0,260.0
703.3548486999935,259.8,260.0
703.6715002000565,259.8,260.0
703.9753684001043,259.8,260.0
704.2968194000423,259.8,260.0
704.6178610000061,259.8,260.0
704.9195200999966,259.8,260.0
705.2388196000829,260.0,260.0
705.5617717000423,260.0,260.0
705.8661873000674,260.0,260.0
706.1682669000002,259.8,260.0
706.4859639999922,259.8,260.0
706.8067871000385,259.8,260.0
707.1283463001018,260.1,260.0
707.4313718000194,260.1,260.0
707.7525835999986,259.8,260.0
708.0700477000792,259.8,260.0
708.3747820000863,259.8,260.0
708.6932842000388,260.1,260.0
708.999174800003,260.1,260.0
709.3188564000884,260.1,260.0
709.6381643000059,259.90000000000003,260.0
709.9423737000907,259.90000000000003,260.0
710.2455364000052,259.90000000000003,260.0
710.5649834000506,260.0,260.0
710.8871029000729,260.0,260.0
711.1865841000108,260.0,260.0
711.4922489000019,259.90000000000003,260.0
711.8121994000394,259.90000000000003,260.0
712.1304138000123,259.8,260.0
712.4504960000049,259.8,260.0
712.7413974000374,259.8,260.0
713.0579677000642,260.0,260.0
713.3781931000995,260.0,260.0
713.700774100027,260.0,260.0
714.0208653000882,259.8,260.0
714.3211178000784,259.8,260.0
714.643320400035,259.8,260.0
714.962473200052,260.0,260.0
715.2675531000132,260.0,260.0
715.5871431000996,260.0,260.0
715.8909246000694,259.8,260.0
716.2107025000732,259.8,260.0
716.5115544000873,260.0,260.0
716.8317868000595,260.0,260.0
717.1525209000101,260.0,260.0
717.4579783000518,259.8,260.0
717.7586317000678,259.8,260.0
718.0817039000103,259.8,260.0
718.397875500028,259.8,260.0
718.7044998999918,259.8,260.0
719.0224399000872,259.8,260.0
719.3452127000783,259.90000000000003,260.0
719.6313434001058,259.90000000000003,260.0
719.9526593000628,259.90000000000003,260.0
720.2701984000159,259.7,260.0
720.5746035000775,259.7,260.0
720.8955466001062,260.0,260.0
721.215719900094,260.0,260.0
721.5163484000368,260.0,260.0
721.8389130000724,259.7,260.0
722.1416537000332,259.7,260.0
722.4603221000871,259.7,260.0
722.7817714000121,260.0,260.0
723.0849747000029,260.0,260.0
723.4033496000338,260.0,260.0
723.7065549000399,259.8,260.0
724.0112502000993,259.8,260.0
724.3320420000236,259.8,260.0
724.6338642000919,259.90000000000003,260.0
724.9548834000016,259.90000000000003,260.0
725.2745317000663,259.90000000000003,260.0
725.5925998000894,259.90000000000003,260.0
725.8998457000125,259.90000000000003,260.0
726.2197219000664,259.8,260.0
726.5401963000186,259.8,260.0
726.8404496000148,259.8,260.0
727.1599138000747,260.0,260.0
727.465343000018,260.0,260.0
727.7840711000608,260.0,260.0
728.1029032000806,259.7,260.0
728.4089032000629,259.7,260.0
728.7147485000314,259.7,260.0
729.0330245000077,260.0,260.0
729.3509051000001,260.0,260.0
729.6712114000693,260.0,260.0
729.977327200002,259.7,260.0
730.2811044000555,259.7,260.0
730.5982565000886,259.90000000000003,260.0
730.9174429000122,259.90000000000003,260.0
731.208923600032,259.90000000000003,260.0
731.5285932000261,259.8,260.0
731.8464880000101,259.8,260.0
732.1674560999963,259.8,260.0
732.4722811999964,259.8,260.0
732.790876800078,259.8,260.0
733.1103161000647,259.8,260.0
733.3992629999993,259.90000000000003,260.0
733.715293000103,259.90000000000003,260.0
734.0354779000627,259.90000000000003,260.0
734.3414503000677,259.7,260.0
734.6626522000879,259.7,260.0
734.9826355000259,260.0,260.0
735.2837375000818,260.0,260.0
735.6047931000357,260.0,260.0
735.9080029000761,259.8,260.0
736.2137667000061,259.8,260.0
736.5337436000118,259.8,260.0
736.8531002000673,260.0,260.0
737.1557219000533,260.0,260.0
737.4727367000887,260.0,260.0
737.7932922000764,259.8,260.0
738.0992901000427,259.8,260.0
738.4000667000655,259.8,260.0
738.7206211000448,259.90000000000003,260.0
739.0402230001055,259.90000000000003,260.0
739.3605685000075,259.90000000000003,260.0
739.6801192000275,259.90000000000003,260.0
739.9857389000244,259.90000000000003,260.0
740.3043348999927,259.8,260.0
740.6243509000633,259.8,260.0
740.9458701000549,259.8,260.0
741.2490859000245,260.0,260.0
741.5664153000107,260.0,260.0
741.8888772000792,260.0,260.0
742.1924802000867,259.8,260.0
742.4940970001044,259.8,260.0
742.8147503000218,259.8,260.0
743.1331286000786,260.1,260.0
743.4366800000425,260.1,260.0
743.7444107000483,260.1,260.0
744.0634191000136,259.8,260.0
744.3834175000666,259.8,260.0
744.7019785000011,260.0,260.0
745.0076395000797,260.0,260.0
745.30869970005,260.0,260.0
745.6275642000837,259.90000000000003,260.0
745.9344375000801,259.90000000000003,260.0
746.2536680001067,259.90000000000003,260.0
746.571577200084,259.90000000000003,260.0
746.875855899998,259.90000000000003,260.0
747.179793999996,259.90000000000003,260.0
747.5015510000521,260.0,260.0
747.8189349001041,260.0,260.0
748.1258978000842,260.0,260.0
748.4419488999993,259.8,260.0
748.747896600049,259.8,260.0
749.0672339000739,260.1,260.0
749.3871337000746,260.1,260.0
749.6900467000669,260.1,260.0
750.0095552999992,259.8,260.0
750.3166827000678,259.8,260.0
750.618751800037,259.8,260.0
750.9384505000198,260.1,260.0
751.2588430000469,260.1,260.0
751.5765894000651,260.1,260.0
751.8808355000801,259.90000000000003,260.0
752.1857714999933,259.90000000000003,260.0
752.5056068000849,259.90000000000003,260.0
752.8269055000274,260.0,260.0
753.1287216000492,260.0,260.0
753.4323800000129,260.0,260.0
753.7499428000301,260.0,260.0
754.0741482001031,260.0,260.0
754.3742766000796,259.90000000000003,260.0
754.6956789999967,259.90000000000003,260.0
754.9988481000764,259.90000000000003,260.0
755.3174449000508,260.0,260.0
755.6380297000287,260.0,260.0
755.9446043000789,260.0,260.0
756.2620541000506,259.8,260.0
756.5672932000598,259.8,260.0
756.8679107000353,259.8,260.0
757.1885792000685,260.1,260.0
757.5096425000811,260.1,260.0
757.8309438000433,260.1,260.0
758.1163676000433,259.8,260.0
758.4366058000596,259.8,260.0
758.7581364000216,260.0,260.0
759.0772080000024,260.0,260.0
759.3791421999922,260.0,260.0
759.6838110000826,259.8,260.0
760.0030993000837,259.8,260.0
760.3068446000107,259.8,260.0
760.6275828999933,259.90000000000003,260.0
760.9491766000865,259.90000000000003,260.0
761.2508487000596,259.90000000000003,260.0
761.5711469000671,260.0,260.0
761.8741535000736,260.0,260.0
762.1800678001018,260.0,260.0
762.5127489001025,259.8,260.0
762.817584900069,259.8,260.0
763.1368750000838,260.0,260.0
763.4268458000151,260.0,260.0
763.7439234000631,260.0,260.0
764.0635995001066,259.7,260.0
764.3858000000473,259.7,260.0
764.6888805000344,259.7,260.0
764.9909405000508,260.0,260.0
765.3111490000738,260.0,260.0
765.6304079000838,260.0,260.0
765.9378308000742,259.8,260.0
766.2562352000969,259.8,260.0
766.5778848000336,259.8,260.0
766.8963289000094,259.90000000000003,260.0
767.216736100032,259.90000000000003,260.0
767.5351252000546,259.90000000000003,260.0
767.8396459000651,259.90000000000003,260.0
768.1594427000964,259.90000000000003,260.0
768.4790296000428,259.8,260.0
768.7822769000195,259.8,260.0
769.1020760000683,259.8,260.0
769.4058268000372,260.0,260.0
769.7258838000707,260.0,260.0
770.0281547000632,260.0,260.0
770.3495134999976,259.8,260.0
770.6690858000657,259.8,260.0
770.9707873000298,259.8,260.0
771.2768534000497,260.1,260.0
771.5962935000425,260.1,260.0
771.9138452000916,259.8,260.0
772.2377247000113,259.8,260.0
772.5400978000835,259.8,260.0
772.8601667000912,260.0,260.0
773.1796399001032,260.0,260.0
773.4816772000631,260.0,260.0
773.8018558000913,259.90000000000003,260.0
774.1070855000289,259.90000000000003,260.0
774.4256093000295,259.90000000000003,260.0
774.7308055000613,259.90000000000003,260.0
775.0480682000052,259.90000000000003,260.0
775.3674568000715,259.90000000000003,260.0
775.6748744000215,260.0,260.0
775.9934792000568,260.0,260.0
776.2976095000049,260.0,260.0
776.6161889000796,259.90000000000003,260.0
776.920278100064,259.90000000000003,260.0
777.2413785000099,260.1,260.0
777.560956900008,260.1,260.0
777.8623609000351,260.1,260.0
778.1676458000438,259.90000000000003,260.0
778.4879486000864,259.90000000000003,260.0
778.7921629000921,259.90000000000003,260.0
779.1125808000797,260.2,260.0
779.4325974000385,260.2,260.0
779.7511953000212,260.2,260.0
780.0377781999996,259.90000000000003,260.0
780.356484399992,259.90000000000003,260.0
780.6760817000177,259.90000000000003,260.0
780.9833763000788,260.1,260.0
781.2999939000001,260.1,260.0
781.6208441000199,260.0,260.0
781.9252313000616,260.0,260.0
782.2310735000065,260.0,260.0
782.5503264000872,259.90000000000003,260.0
782.8512914000312,259.90000000000003,260.0
783.1878852000227,259.90000000000003,260.0
783.4922353000147,260.1,260.0
783.7972538000904,260.1,260.0
784.1156308000209,260.1,260.0
784.4267002000706,259.90000000000003,260.0
784.7411960000172,259.90000000000003,260.0
785.0589176000794,259.90000000000003,260.0
785.3631249000318,260.2,260.0
785.6651884000748,260.2,260.0
785.9842837000033,259.90000000000003,260.0
786.3059383000946,259.90000000000003,260.0
786.6114322000649,259.90000000000003,260.0
786.9315519999946,260.1,260.0
787.2497052000836,260.1,260.0
787.5714965000516,260.1,260.0
787.8727849000134,260.0,260.0
788.1932513000211,260.0,260.0
788.5112034000922,260.0,260.0
788.8163737000432,260.1,260.0
789.1200331000146,260.1,260.0
789.4408404000569,260.1,260.0
789.7419371000724,260.1,260.0
790.0654455000767,260.1,260.0
790.385473900009,260.0,260.0
790.7043973000254,260.0,260.0
790.99109460006,260.0,260.0
791.311640500091,260.2,260.0
791.6286958000856,260.2,260.0
791.9499936000211,260.2,260.0
792.2398688000394,260.0,260.0
792.5598644000711,260.0,260.0
792.8765173000284,260.0,260.0
793.1985723000253,260.3,260.0
793.5029063000111,260.3,260.0
793.8218710999936,260.3,260.0
794.1273351000855,260.0,260.0
794.4463968001073,260.0,260.0
794.7478877000976,260.0,260.0
795.0700982999988,260.2,260.0
795.373243900016,260.2,260.0
795.6931907000253,260.1,260.0
796.0137360000517,260.1,260.0
796.3158799000084,260.1,260.0
796.636568200076,260.1,260.0
796.9378431000514,260.1,260.0
797.2600595999975,260.1,260.0
797.5798005000688,260.2,260.0
797.8673058000859,260.2,260.0
798.1860759000992,260.2,260.0
798.5080534000881,259.90000000000003,260.0
798.8090842000674,259.90000000000003,260.0
799.1316755000735,259.90000000000003,260.0
799.450559400022,260.2,260.0
799.7544418000616,260.2,260.0
800.0590328000253,260.0,260.0
800.3769690000918,260.0,260.0
800.6955071000848,260.0,260.0
800.9997786000604,260.2,260.0
801.3186176000163,260.2,260.0
801.6389675000682,260.2,260.0
801.9445214000298,260.1,260.0
802.249017000082,260.1,260.0
802.5690140000079,260.1,260.0
802.8892595000798,260.1,260.0
803.192960800021,260.1,260.0
803.4948551000562,260.1,260.0
803.8154287000652,260.1,260.0
804.1334777000593,260.1,260.0
804.4363267000299,260.0,260.0
804.7567141000181,260.0,260.0
805.0621110000648,260.0,260.0
805.3831596000819,260.2,260.0
805.6872279000236,260.2,260.0
806.0061657000333,260.2,260.0
806.3093555000378,259.90000000000003,260.0
806.6287525000516,259.90000000000003,260.0
806.9503520000726,259.90000000000003,260.0
807.2511421000818,260.2,260.0
807.5567478000885,260.2,260.0
807.8763814000413,260.2,260.0
808.1946463000495,259.90000000000003,260.0
808.5006130000111,259.90000000000003,260.0
808.8042644000379,259.90000000000003,260.0
809.1230803000508,260.1,260.0
809.443282000022,260.1,260.0
809.7641062000766,260.0,260.0
810.0652200001059,260.0,260.0
810.3713462000014,260.0,260.0
810.691461200011,259.90000000000003,260.0
811.0096913001034,259.90000000000003,260.0
811.3300811999943,259.90000000000003,260.0
811.6344545000466,260.0,260.0
811.9510818000417,260.0,260.0
812.270953200059,260.0,260.0
812.5915983000305,259.8,260.0
812.8974828000646,259.8,260.0
813.2002143000718,259.8,260.0
813.5185955000343,260.1,260.0
813.8375958000543,260.1,260.0
814.1442094000522,259.90000000000003,260.0
814.4464944000356,259.90000000000003,260.0
814.7658619000576,259.90000000000003,260.0
815.0866019000532,260.1,260.0
815.389938200009,260.1,260.0
815.7084973000456,260.1,260.0
816.0301698000403,260.0,260.0
816.335934300092,260.0,260.0
816.6528793000616,260.0,260.0
816.9721272001043,260.0,260.0
817.2951079000486,260.0,260.0
817.5991856000619,260.0,260.0
817.9186955000041,260.0,260.0
818.2188009000383,260.0,260.0
818.5265952000627,259.90000000000003,260.0
818.845735900104,259.90000000000003,260.0
819.1653588000918,259.90000000000003,260.0
819.4824415000621,260.1,260.0
819.7878397000022,260.1,260.0
820.0911645001033,260.1,260.0
820.4110786000965,259.8,260.0
820.7171736001037,259.8,260.0
821.0354488000739,259.8,260.0
821.3553301000502,260.1,260.0
821.6575817000121,260.1,260.0
821.9623548000818,260.1,260.0
822.2836757000769,259.90000000000003,260.0
822.5996502001071,259.90000000000003,260.0
822.9057964000385,259.90000000000003,260.0
823.2259735000553,260.0,260.0
823.528768200078,260.0,260.0
823.8477674000897,260.0,260.0
824.1544561000774,260.0,260.0
824.4746679000091,260.0,260.0
824.791699500056,259.90000000000003,260.0
825.1118277000496,259.90000000000003,260.0
825.4309865999967,259.90000000000003,260.0
825.7361097000539,260.0,260.0
826.0404633000726,260.0,260.0
826.3601026000688,260.0,260.0
826.680677000084,259.8,260.0
826.9849114000099,259.8,260.0
827.3037060000934,259.8,260.0
827.6052934000036,260.1,260.0
827.9254265000345,260.1,260.0
828.2443750000093,259.8,260.0
828.5490735000931,259.8,260.0
828.855953500024,259.8,260.0
829.1741219999967,260.1,260.0
829.4938179000746,260.1,260.0
829.796715100063,260.1,260.0
830.1191129999934,259.90000000000003,260.0
830.4380364000099,259.90000000000003,260.0
830.7243674000492,259.90000000000003,260.0
831.0440970000345,260.0,260.0
831.3626687000506,260.0,260.0
831.6836227000458,260.0,260.0
831.9893843000755,260.0,260.0
832.3075263000792,260.0,260.0
832.6109096000437,259.90000000000003,260.0
832.9308713000501,259.90000000000003,260.0
833.2349987000925,259.90000000000003,260.0
833.5542567000957,260.1,260.0
833.8738683999982,260.1,260.0
834.1960001999978,260.1,260.0
834.5000777000096,259.8,260.0
834.8182105000596,259.8,260.0
835.1358567000134,259.8,260.0
835.4424058001023,260.1,260.0
835.7461071000434,260.1,260.0
836.0640891999938,260.1,260.0
836.3827287000604,259.90000000000003,260.0
836.6871153000975,259.90000000000003,260.0
837.0068754000822,260.1,260.0
837.3116424001055,260.1,260.0
837.6337810000405,260.1,260.0
837.9375891000964,260.0,260.0
838.2535547000589,260.0,260.0
838.5579042000463,260.0,260.0
838.8781850000378,259.90000000000003,260.0
839.183166300063,259.90000000000003,260.0
839.5029256000416,259.90000000000003,260.0
839.8214765000157,260.1,260.0
840.1282195000676,260.1,260.0
840.4290061000502,260.1,260.0
840.7479537000181,259.8,260.0
841.0677764000138,259.8,260.0
841.3727912000613,260.1,260.0
841.6936817000387,260.1,260.0
842.0121718000155,260.1,260.0
842.3181590000167,259.90000000000003,260.0
842.6187590000918,259.90000000000003,260.0
842.9404747000663,259.90000000000003,260.0
843.260474300012,260.2,260.0
843.5789637000998,260.2,260.0
843.8855981000233,260.2,260.0
844.2059508000966,260.0,260.0
844.5240411000559,260.0,260.0
844.828044300084,260.0,260.0
845.148671300034,260.1,260.0
845.4484511000337,260.1,260.0
845.769622300053,260.1,260.0
846.0920674999943,260.1,260.0
846.3919609000441,260.1,260.0
846.6986041000346,260.0,260.0
847.0180928000482,260.0,260.0
847.3362493000459,260.0,260.0
847.6397947000805,260.1,260.0
847.9465980000095,260.1,260.0
848.2808006000705,260.1,260.0
848.5866189000662,259.90000000000003,260.0
848.8902187000494,259.90000000000003,260.0
849.2066421000054,259.90000000000003,260.0
849.5130375000881,260.2,260.0
849.8332963000285,260.2,260.0
850.1534910000628,260.2,260.0
850.4540500000585,259.90000000000003,260.0
850.7597450000467,259.90000000000003,260.0
851.07889600005,260.1,260.0
851.3978523000842,260.1,260.0
851.7169679000508,260.1,260.0
852.0205475999974,260.0,260.0
852.3419077000581,260.0,260.0
852.6614699000493,260.0,260.0
852.9830125001026,260.0,260.0
853.2859870000975,260.0,260.0
853.6057867000345,260.0,260.0
853.907599600032,260.1,260.0
854.2115338000003,260.1,260.0
854.5326927000424,260.1,260.0
854.8544282000512,259.90000000000003,260.0
855.1737615000457,259.90000000000003,260.0
855.4772148000775,260.2,260.0
855.7820644000312,260.2,260.0
856.1016302000498,260.2,260.0
856.4034485000884,259.90000000000003,260.0
856.7229092000052,259.90000000000003,260.0
857.0442447999958,259.90000000000003,260.0
857.348153400002,260.2,260.0
857.6496418000897,260.2,260.0
857.969834000105,260.2,260.0
858.2910584000638,260.0,260.0
858.5963093000464,260.0,260.0
858.9147239000304,260.0,260.0
859.215481900028,260.1,260.0
859.5359742,260.1,260.0
859.8407081000041,260.1,260.0
860.1627371000359,260.1,260.0
860.4814462000504,260.1,260.0
860.7855374000501,260.0,260.0
861.1029987999937,260.0,260.0
861.4102838000981,260.0,260.0
861.7097394000739,260.2,260.0
862.0306295000482,260.2,260.0
862.3496063000057,260.2,260.0
862.6553648000117,259.90000000000003,260.0
862.9749638000503,259.90000000000003,260.0
863.2932986000087,259.90000000000003,260.0
863.5993140999926,260.2,260.0
863.9188348000171,260.2,260.0
864.239190399996,259.90000000000003,260.0
864.5593624000903,259.90000000000003,260.0
864.8637947000097,259.90000000000003,260.0
865.1661415999988,260.1,260.0
865.4852310999995,260.1,260.0
865.8036147000967,260.1,260.0
866.1265371000627,260.0,260.0
866.4271041000029,260.0,260.0
866.7473660000833,260.0,260.0
867.0705714999931,260.0,260.0
867.3709316001041,260.0,260.0
867.6907862999942,260.0,260.0
868.0099461000646,260.1,260.0
868.3170662000775,260.1,260.0
868.6216348001035,260.1,260.0
868.9396507000783,259.90000000000003,260.0
869.2443684000755,259.90000000000003,260.0
869.5615889000474,260.2,260.0
869.8807052000193,260.2,260.0
870.2025598000037,260.2,260.0
870.5239336000523,259.90000000000003,260.0
870.842287800042,259.90000000000003,260.0
871.1442273000721,259.90000000000003,260.0
871.4472307000542,260.2,260.0
871.7668816000223,260.2,260.0
872.0736191000324,260.2,260.0
872.3931101000635,260.0,260.0
872.7146042000968,260.0,260.0
873.0342231000541,260.0,260.0
873.3214082000777,260.1,260.0
873.638473900035,260.1,260.0
873.9583353000926,260.1,260.0
874.2784309000708,260.1,260.0
874.581732599996,260.1,260.0
874.8879748000763,260.0,260.0
875.2046597000444,260.0,260.0
875.5284917000681,260.0,260.0
875.8310540000675,260.2,260.0
876.1496025000233,260.2,260.0
876.4713959000073,260.2,260.0
876.7746387000661,259.90000000000003,260.0
877.0759582000319,259.90000000000003,260.0
877.3993384999922,259.90000000000003,260.0
877.7002933000913,260.2,260.0
878.0203973000171,260.2,260.0
878.3422717000358,259.90000000000003,260.0
878.6434384000022,259.90000000000003,260.0
878.9623180000344,259.90000000000003,260.0
879.2662135000573,260.1,260.0
879.5732343000127,260.1,260.0
879.8930596000282,260.1,260.0
880.2121194000356,260.0,260.0
880.533144999994,260.0,260.0
880.8200958000962,260.0,260.0
881.1411007000133,260.0,260.0
881.4594788000686,260.0,260.0
881.7768924999982,260.0,260.0
882.0825498000486,260.1,260.0
882.3874626000179,260.1,260.0
882.704337000032,260.1,260.0
883.0246655000374,259.90000000000003,260.0
883.3297256000806,259.90000000000003,260.0
883.6494462999981,260.2,260.0
883.9537548000226,260.2,260.0
884.2716597000835,260.2,260.0
884.5756345000118,259.90000000000003,260.0
884.8947938000783,259.90000000000003,260.0
885.2162454000209,259.90000000000003,260.0
885.5203006000957,260.1,260.0
885.8383310000645,260.1,260.0
886.1445819000946,260.1,260.0
886.4639487999957,259.90000000000003,260.0
886.7840740000829,259.90000000000003,260.0
887.102993800072,259.90000000000003,260.0
887.4077949000057,260.0,260.0
887.7243921000045,260.0,260.0
888.030082100071,260.0,260.0
888.350162900053,260.0,260.0
888.6526059000753,260.0,260.0
888.9724152000854,259.90000000000003,260.0
889.29176250007,259.90000000000003,260.0
889.5977011000505,259.90000000000003,260.0
889.9015277000144,260.1,260.0
890.220195800066,260.1,260.0
890.5409433000023,260.1,260.0
890.8464327000547,259.8,260.0
891.1656015000772,259.8,260.0
891.4693873000797,259.8,260.0
891.7890073000453,260.1,260.0
892.108223300078,260.1,260.0
892.4093715000199,259.8,260.0
892.7144078999991,259.8,260.0
893.0339486000594,259.8,260.0
893.3558680000715,260.0,260.0
893.6591595000355,260.0,260.0
893.9781535000075,260.0,260.0
894.2835346000502,259.8,260.0
894.585608500056,259.8,260.0
894.9041324000573,259.8,260.0
895.2241131000919,259.90000000000003,260.0
895.5294814000372,259.90000000000003,260.0
895.8476100000553,259.90000000000003,260.0
896.1531312000006,260.0,260.0
896.4717218000442,260.0,260.0
896.7779727000743,259.8,260.0
897.0982783000218,259.8,260.0
897.417172000045,259.8,260.0
897.7362712000031,260.1,260.0
898.0220344000263,260.1,260.0
898.3434648000402,260.1,260.0
898.6625783999916,259.8,260.0
898.9667023000075,259.8,260.0
899.2873904000735,259.8,260.0
899.6067879000911,260.1,260.0
899.908547900035,260.1,260.0
900.2164614000358,260.1,260.0
900.533007799997,259.90000000000003,260.0
900.8397527000634,259.90000000000003,260.0
901.1585695000831,259.90000000000003,260.0
901.4785773000913,260.0,260.0
901.7952339000767,260.0,260.0
902.0847609000048,259.90000000000003,260.0
902.404453300056,259.90000000000003,260.0
902.7251585000195,259.90000000000003,260.0
903.0440839000512,259.8,260.0
903.3497742000036,259.8,260.0
903.6681361000519,259.8,260.0
903.9896774000954,260.0,260.0
904.3085554999998,260.0,260.0
904.6100877000717,260.0,260.0
904.929906000034,259.8,260.0
905.2336934000487,259.8,260.0
905.5560126000782,259.8,260.0
905.8603891000384,260.1,260.0
906.1802231000038,260.1,260.0
906.4829832999967,259.8,260.0
906.8024128000252,259.8,260.0
907.1228521000594,259.8,260.0
907.4278107000282,260.0,260.0
907.7276442000875,260.0,260.0
908.0488370000385,260.0,260.0
908.3710154000437,259.8,260.0
908.6710221000249,259.8,260.0
908.9904585001059,259.8,260.0
909.3104233000195,259.90000000000003,260.0
909.6142641000915,259.90000000000003,260.0
909.9375431000954,259.90000000000003,260.0
910.2562292000512,259.90000000000003,260.0
910.5596687000943,259.90000000000003,260.0
910.8802806000458,259.7,260.0
911.199352900032,259.7,260.0
911.5049610000569,259.7,260.0
911.807749700034,260.0,260.0
912.1280467000324,260.0,260.0
912.4321124000708,260.0,260.0
912.7489013000159,259.7,260.0
913.0712941000238,259.7,260.0
913.37228650006,259.7,260.0
913.6953607000178,260.0,260.0
914.0142307000933,260.0,260.0
914.318209100049,260.0,260.0
914.6379747000756,259.8,260.0
914.9421683000401,259.8,260.0
915.2467942000367,259.90000000000003,260.0
915.5652804001002,259.90000000000003,260.0
915.8688929000637,259.90000000000003,260.0
916.1889228000073,259.90000000000003,260.0
916.5073722000234,259.90000000000003,260.0
916.8097602000926,259.90000000000003,260.0
917.131550500053,259.8,260.0
917.4516150000272,259.8,260.0
917.7538289000513,259.8,260.0
918.0758875000756,260.0,260.0
918.377567699994,260.0,260.0
918.6817790000932,260.0,260.0
919.0030008000322,259.7,260.0
919.3195112000685,259.7,260.0
919.6254905000096,259.7,260.0
919.9447361000348,260.0,260.0
920.2480786000378,260.0,260.0
920.5689749000594,259.8,260.0
920.8710619000485,259.8,260.0
921.1915016000858,259.8,260.0
921.5140091000358,260.0,260.0
921.8177054000553,260.0,260.0
922.1377645001048,260.0,260.0
922.4412018000148,259.90000000000003,260.0
922.7421244001016,259.90000000000003,260.0
923.0631494000554,259.90000000000003,260.0
923.3809178000083,259.90000000000003,260.0
923.6846453000326,259.90000000000003,260.0
924.0061260000803,259.90000000000003,260.0
924.3270280000288,260.0,260.0
924.6318884000648,260.0,260.0
924.9343937000958,259.8,260.0
925.2516012000851,259.8,260.0
925.5580295000691,259.8,260.0
925.8758043000707,260.0,260.0
926.1958488000091,260.0,260.0
926.5175018000882,260.0,260.0
926.821139000007,259.7,260.0
927.124365500058,259.7,260.0
927.4296587000135,259.7,260.0
927.7478152000112,260.1,260.0
928.0674610000569,260.1,260.0
928.3723886000225,260.1,260.0
928.6926577000413,259.90000000000003,260.0
929.0124865000835,259.90000000000003,260.0
929.3168613000307,259.90000000000003,260.0
929.6199993001064,260.0,260.0
929.9401848000707,260.0,260.0
930.2576487000333,260.0,260.0
930.5763980000047,260.0,260.0
930.883069600095,260.0,260.0
931.1876392000122,259.90000000000003,260.0
931.5044581000693,259.90000000000003,260.0
931.827364900033,259.90000000000003,260.0
932.1311259000795,260.1,260.0
932.4504526000237,260.1,260.0
932.7510940000648,260.1,260.0
933.0723801000277,259.8,260.0
933.3777966999914,259.8,260.0
933.6952998000197,259.8,260.0
934.0006740000099,260.1,260.0
934.3179649000522,260.1,260.0
934.6379076000303,259.8,260.0
934.924984900048,259.8,260.0
935.2445851000957,259.8,260.0
935.5686359000392,260.1,260.0
935.8878665000666,260.1,260.0
936.191426900099,260.1,260.0
936.508335600025,259.90000000000003,260.0
936.8120015000459,259.90000000000003,260.0
937.117161000031,259.90000000000003,260.0
937.4395448000869,259.90000000000003,260.0
937.7590782000916,259.90000000000003,260.0
938.0786763000069,259.90000000000003,260.0
938.380230300012,260.0,260.0
938.7005568000022,260.0,260.0
939.020459100022,259.90000000000003,260.0
939.3255527000874,259.90000000000003,260.0
939.6417245001066,259.90000000000003,260.0
939.9651684000855,260.1,260.0
940.2698900999967,260.1,260.0
940.5717760000844,260.1,260.0
940.8927983000176,259.8,260.0
941.2130286000902,259.8,260.0
941.5141276000068,259.8,260.0
941.8362586000003,260.1,260.0
942.1394387000473,260.1,260.0
942.4569747000933,260.1,260.0
942.7615507000592,259.90000000000003,260.0
943.082553400076,259.90000000000003,260.0
943.4025922000874,260.0,260.0
943.721914099995,260.0,260.0
944.0083309001056,260.0,260.0
944.3273817000445,259.90000000000003,260.0
944.6469701000024,259.90000000000003,260.0
944.9503782000393,259.90000000000003,260.0
945.2731825000374,259.8,260.0
945.5934864000883,259.8,260.0
945.9140036000172,259.8,260.0
946.2327397000045,260.0,260.0
946.5332738000434,260.0,260.0
946.8572726000566,260.0,260.0
947.1582260000287,259.7,260.0
947.4768427000381,259.7,260.0
947.8005100000883,260.1,260.0
948.1043586001033,260.1,260.0
948.4203717000782,260.1,260.0
948.7437337000156,259.8,260.0
949.0611408000113,259.8,260.0
949.3649701999966,259.8,260.0
949.6689689999912,260.1,260.0
949.9890966000967,260.1,260.0
950.308974500047,260.1,260.0
950.613524400047,259.90000000000003,260.0
950.933397200075,259.90000000000003,260.0
951.237429000088,259.90000000000003,260.0
951.5562651000218,259.90000000000003,260.0
951.8759865000611,259.90000000000003,260.0
952.1616794000147,259.90000000000003,260.0
952.4834862001007,260.0,260.0
952.8044057000661,260.0,260.0
953.1247061000904,259.8,260.0
953.4250668000896,259.8,260.0
953.7460487000644,259.8,260.0
954.0686601999914,260.1,260.0
954.3855688000331,260.1,260.0
954.6898791000713,260.1,260.0
955.0094339000061,259.8,260.0
955.315621900023,259.8,260.0
955.6189290001057,259.8,260.0
955.9385843999917,260.1,260.0
956.2565417001024,260.1,260.0
956.5606360000093,260.1,260.0
956.8784470000537,259.90000000000003,260.0
957.1820744000142,259.90000000000003,260.0
957.5049879000289,260.0,260.0
957.8063997999998,260.0,260.0
958.1257499000058,260.0,260.0
958.4337702000048,260.0,260.0
958.7507902000798,260.0,260.0
959.057713999995,260.0,260.0
959.376287000021,259.90000000000003,260.0
959.6962855000747,259.90000000000003,260.0
959.9987944000168,259.90000000000003,260.0
960.3167188999942,260.0,260.0
960.6402169000357,260.0,260.0
960.9273735000752,260.0,260.0
961.2476879000897,259.8,260.0
961.5635888000252,259.8,260.0
961.8836070999969,260.2,260.0
962.2058322000084,260.2,260.0
962.5092158000916,260.2,260.0
962.8118773000315,259.90000000000003,260.0
963.1322277000872,259.90000000000003,260.0
963.4507521000924,259.90000000000003,260.0
963.755810600007,260.2,260.0
964.0618923000293,260.2,260.0
964.3778791000368,260.2,260.0
964.6975575000979,260.0,260.0
965.0035795000149,260.0,260.0
965.3090980000561,260.0,260.0
965.6266005000798,260.1,260.0
965.9448389000027,260.1,260.0
966.2498905000975,260.1,260.0
966.5679043000564,260.1,260.0
966.8901326000923,260.1,260.0
967.1951631000265,260.0,260.0
967.5116824000143,260.0,260.0
967.8337598000653,260.0,260.0
968.1359671000391,260.2,260.0
968.4586308000144,260.2,260.0
968.7752474000445,260.2,260.0
969.0797810000367,259.90000000000003,260.0
969.4017043000786,259.90000000000003,260.0
969.701775600086,259.90000000000003,260.0
970.0246427000966,260.2,260.0
970.3253977000713,260.2,260.0
970.6465239000972,260.0,260.0
970.9653622000478,260.0,260.0
971.2690993000288,260.0,260.0
971.575782100088,260.2,260.0
971.8951256000437,260.2,260.0
972.2148781000869,260.2,260.0
972.5198991000652,260.1,260.0
972.8386663000565,260.1,260.0
973.139142400003,260.1,260.0
973.4449272000929,260.0,260.0
973.7652356000617,260.0,260.0
974.0845760999946,260.0,260.0
974.3878544000909,260.1,260.0
974.7096102000214,260.1,260.0
975.0303248000564,260.1,260.0
975.3318791000638,259.90000000000003,260.0
975.6528006000444,259.90000000000003,260.0
975.970958000049,260.1,260.0
976.2614731000504,260.1,260.0
976.5780286000809,260.1,260.0
976.9004957000725,259.90000000000003,260.0
977.2009994999971,259.90000000000003,260.0
977.5247004000703,259.90000000000003,260.0
977.8245791000081,260.1,260.0
978.1281659000088,260.1,260.0
978.4668117000256,260.1,260.0
978.7685270000948,260.0,260.0
979.0916246999986,260.0,260.0
979.3953688000329,260.0,260.0
979.6977556000929,260.1,260.0
980.0162368000019,260.1,260.0
980.3358559000771,260.1,260.0
980.656338400091,260.1,260.0
980.9617733000778,260.1,260.0
981.2630022000521,259.90000000000003,260.0
981.5820375001058,259.90000000000003,260.0
981.8877798001049,259.90000000000003,260.0
982.2079267000081,260.1,260.0
982.527365899994,260.1,260.0
982.8317038000096,260.1,260.0
983.1512813000008,259.8,260.0
983.4700609000865,259.8,260.0
983.7742404000601,259.8,260.0
984.0783201000886,260.1,260.0
984.3990984000266,260.1,260.0
984.7158499000361,260.1,260.0
985.0215407999931,259.90000000000003,260.0
985.3405256000115,259.90000000000003,260.0
985.6604569000192,260.1,260.0
985.9814532001037,260.1,260.0
986.2860165000893,260.1,260.0
986.5886203000555,260.0,260.0
986.9096980000613,260.0,260.0
987.229226800031,260.0,260.0
987.5322239000816,259.90000000000003,260.0
987.8533098000335,259.90000000000003,260.0
988.1571859000251,259.90000000000003,260.0
988.4748080000281,260.1,260.0
988.7815607000375,260.1,260.0
989.0993232000619,260.1,260.0
989.421208600048,259.8,260.0
989.722688900074,259.8,260.0
990.0262649999931,260.1,260.0
990.3458123001037,260.1,260.0
990.6521914000623,260.1,260.0
990.9699846000876,259.8,260.0
991.2887080000946,259.8,260.0
991.5934750000015,259.8,260.0
991.9134273000527,260.1,260.0
992.2167615999933,260.1,260.0
992.5379234000575,260.1,260.0
992.8409444000572,260.0,260.0
993.1609020000324,260.0,260.0
993.4826249000616,260.0,260.0
993.7848804000532,260.1,260.0
994.1021885999944,260.1,260.0
994.4060807999922,260.1,260.0
994.7277947000694,260.1,260.0
995.0293473000638,260.1,260.0
995.3507570000365,260.0,260.0
995.6696763000218,260.0,260.0
995.9768820001045,260.0,260.0
996.2788440000731,260.2,260.0
996.596674600034,260.2,260.0
996.9170511000557,260.2,260.0
997.2235361000057,259.90000000000003,260.0
997.5276786000468,259.90000000000003,260.0
997.8456023000181,259.90000000000003,260.0
998.1657921000151,260.2,260.0
998.4695300000021,260.2,260.0
998.7898137000157,259.90000000000003,260.0
999.0944419000298,259.90000000000003,260.0
999.4119353001006,259.90000000000003,260.0
999.7159632000839,260.1,260.0
1000.0360252000391,260.1,260.0
1000.3538887000177,260.1,260.0
1000.6738824000349,260.1,260.0
1000.9780901999911,260.1,260.0
1001.299076299998,260.1,260.0
1001.6205939000938,260.0,260.0
1001.9210391000379,260.0,260.0
1002.2257608000655,260.0,260.0
1002.5441834999947,260.1,260.0
1002.863621900091,260.1,260.0
1003.1838112000842,260.1,260.0
1003.473967100028,259.90000000000003,260.0
1003.794488600106,259.90000000000003,260.0
1004.1108203000622,260.2,260.0
1004.4310874000657,260.2,260.0
1004.7362613000441,260.2,260.0
1005.0562103000702,259.90000000000003,260.0
1005.3608199000591,259.90000000000003,260.0
1005.6802663000999,259.90000000000003,260.0
1005.9837590000825,260.2,260.0
1006.3027489000233,260.2,260.0
1006.625689700013,260.2,260.0
1006.9265870000236,260.0,260.0
1007.2322671000147,260.0,260.0
1007.5493043001043,260.0,260.0
1007.8715979000553,260.0,260.0
1008.1754648000933,260.0,260.0
1008.4938708000118,260.1,260.0
1008.7994718000991,260.1,260.0
1009.119497000007,260.1,260.0
1009.4381745000137,260.0,260.0
1009.7424905000953,260.0,260.0
1010.0609225000953,260.0,260.0
1010.3786491000792,260.2,260.0
1010.685681700008,260.2,260.0
1011.0039533000672,260.2,260.0
1011.3242922000354,259.90000000000003,260.0
1011.630076100002,259.90000000000003,260.0
1011.9460453999927,259.90000000000003,260.0
1012.2656764000421,260.2,260.0
1012.5719353000168,260.2,260.0
1012.8917391001014,260.0,260.0
1013.2113020000979,260.0,260.0
1013.5289668000769,260.0,260.0
1013.8179958000546,260.1,260.0
1014.1406839000992,260.1,260.0
1014.4599423001055,260.1,260.0
1014.7788331001066,260.0,260.0
1015.0818464000477,260.0,260.0
1015.3855562000535,260.0,260.0
1015.7048391000135,260.0,260.0
1016.0267993001034,260.0,260.0
1016.3278107000515,260.0,260.0
1016.647471900098,260.1,260.0
1016.9671660000458,260.1,260.0
1017.255384500022,259.90000000000003,260.0
1017.5750968999928,259.90000000000003,260.0
1017.8968601000961,259.90000000000003,260.0
1018.2008603001013,260.2,260.0
1018.5208575000288,260.2,260.0
1018.8414074000902,260.2,260.0
1019.1410134000471,259.90000000000003,260.0
1019.4449896001024,259.90000000000003,260.0
1019.7672326000175,259.90000000000003,260.0
1020.0860864000861,260.2,260.0
1020.4058471000753,260.2,260.0
1020.7113278000616,260.2,260.0
1021.0318137001013,259.90000000000003,260.0
1021.3499003000325,259.90000000000003,260.0
1021.6701014999999,260.0,260.0
1021.9751195000717,260.0,260.0
1022.2941006000619,260.0,260.0
1022.5975405999925,260.0,260.0
1022.8997686000075,260.0,260.0
1023.2213910000864,260.0,260.0
1023.5414567000698,259.8,260.0
1023.8598197000101,259.8,260.0
1024.16515980009,259.8,260.0
1024.4827078999951,260.0,260.0
1024.7728050000733,260.0,260.0
1025.0886654000496,260.0,260.0
1025.4087392000947,259.7,260.0
1025.7305682000006,259.7,260.0
1026.035493100062,259.7,260.0
1026.352859500097,260.0,260.0
1026.6577362000244,260.0,260.0
1026.979587900103,259.8,260.0
1027.2818772000028,259.8,260.0
1027.602693199995,259.8,260.0
1027.9069976001047,260.0,260.0
1028.2268475000747,260.0,260.0
1028.5292201000266,260.0,260.0
1028.8471295000054,259.8,260.0
1029.1669889000477,259.8,260.0
1029.4737111000577,259.8,260.0
1029.7751848000335,259.7,260.0
1030.0957461000653,259.7,260.0
1030.4014515000163,259.7,260.0
1030.7211491001071,259.90000000000003,260.0
1031.036562900059,259.90000000000003,260.0
1031.3431239000056,259.7,260.0
1031.662430300028,259.7,260.0
1031.9823965000687,259.7,260.0
1032.2719924000558,260.0,260.0
1032.59123920009,260.0,260.0
1032.907941200072,260.0,260.0
1033.2282739999937,259.7,260.0
1033.531372700003,259.7,260.0
1033.835933100083,259.7,260.0
1034.1560984000098,260.0,260.0
1034.4783670000033,260.0,260.0
1034.7825726000592,260.0,260.0
1035.1015998000512,259.8,260.0
1035.4190064000431,259.8,260.0
1035.7231860000174,259.90000000000003,260.0
1036.0256872000173,259.90000000000003,260.0
1036.3450815000106,259.90000000000003,260.0
1036.6671752000693,259.90000000000003,260.0
1036.9700839000288,259.90000000000003,260.0
1037.2726891000057,259.90000000000003,260.0
1037.5953845001059,259.8,260.0
1037.898241900024,259.8,260.0
1038.219798300066,259.8,260.0
1038.5377515000291,260.0,260.0
1038.8419847000623,260.0,260.0
1039.1632269000402,260.0,260.0
1039.4642701999983,259.7,260.0
1039.7825103000505,259.7,260.0
1040.0892843001056,259.7,260.0
1040.4101978000253,260.1,260.0
1040.7271845000796,260.1,260.0
1041.032411799999,259.8,260.0
1041.3516684999922,259.8,260.0
1041.6699666000204,259.8,260.0
1041.9764735000208,260.1,260.0
1042.280330000096,260.1,260.0
1042.599802400102,260.1,260.0
1042.9192356000422,259.90000000000003,260.0
1043.2244561000261,259.90000000000003,260.0
1043.5430593000492,259.90000000000003,260.0
1043.845897100051,259.90000000000003,260.0
1044.1644549000775,259.90000000000003,260.0
1044.4678112000693,259.90000000000003,260.0
1044.788048800081,260.0,260.0
1045.0926134000765,260.0,260.0
1045.4121501001064,259.8,260.0
1045.716513200081,259.8,260.0
1046.034734899993,259.8,260.0
1046.3556985000614,260.1,260.0
1046.6588595000794,260.1,260.0
1046.9636787000345,260.1,260.0
1047.2852688001003,259.8,260.0
1047.6050067000324,259.8,260.0
1047.9248167000478,259.8,260.0
1048.2108536000596,260.1,260.0
1048.5304831000976,260.1,260.0
1048.8491907001007,260.1,260.0
1049.1697905000765,259.90000000000003,260.0
1049.4596233000048,259.90000000000003,260.0
1049.7791141000343,259.90000000000003,260.0
1050.0962739000097,260.0,260.0
1050.4180742000462,260.0,260.0
1050.7204411000712,260.0,260.0
1051.0403904000996,260.0,260.0
1051.3430557000684,260.0,260.0
1051.648482000106,259.90000000000003,260.0
1051.9664812000701,259.90000000000003,260.0
1052.2897645001067,259.90000000000003,260.0
1052.5944773000665,260.1,260.0
1052.9104392000008,260.1,260.0
1053.2156284000957,260.1,260.0
1053.533815300092,259.8,260.0
1053.857237600023,259.8,260.0
1054.1614575000713,259.8,260.0
1054.4631960000843,260.1,260.0
1054.7825054000132,260.1,260.0
1055.1022120000562,259.90000000000003,260.0
1055.4206161000766,259.90000000000003,260.0
1055.7247340000467,259.90000000000003,260.0
1056.0319284000434,260.1,260.0
1056.3517585000955,260.1,260.0
1056.6682494000997,260.1,260.0
1056.9749244000996,260.0,260.0
1057.295065900078,260.0,260.0
1057.6127975001,260.0,260.0
1057.9323964000214,260.0,260.0
1058.237893500016,260.0,260.0
1058.5402862000046,260.0,260.0
1058.8581963001052,260.1,260.0
1059.1817448000656,260.1,260.0
1059.4841750999913,259.90000000000003,260.0
1059.8023517000256,259.90000000000003,260.0
1060.105994700105,259.90000000000003,260.0
1060.4275283000898,260.2,260.0
1060.7462260000175,260.2,260.0
1061.0514498000266,260.2,260.0
1061.3540106000146,259.90000000000003,260.0
1061.6736439000815,259.90000000000003,260.0
1061.9763210000237,259.90000000000003,260.0
1062.295898500015,260.2,260.0
1062.6179923000745,260.2,260.0
1062.9363274000352,260.2,260.0
1063.2400864000665,259.90000000000003,260.0
1063.5607480000472,259.90000000000003,260.0
1063.8810786000686,260.1,260.0
1064.1866001000162,260.1,260.0
1064.5023845999967,260.1,260.0
1064.8230315000983,260.0,260.0
1065.1420527000446,260.0,260.0
1065.4623223000672,260.0,260.0
1065.768356500077,259.90000000000003,260.0
1066.0699658000376,259.90000000000003,260.0
1066.3910665001022,259.90000000000003,260.0
1066.7132144999923,260.1,260.0
1067.0284873000346,260.1,260.0
1067.317714100005,260.1,260.0
1067.63972560002,259.90000000000003,260.0
1067.9583619000623,259.90000000000003,260.0
1068.263483799994,260.1,260.0
1068.5840358000714,260.1,260.0
1068.8878788000438,260.1,260.0
1069.2061222000048,259.90000000000003,260.0
1069.5263720999938,259.90000000000003,260.0
1069.8463544000406,259.90000000000003,260.0
1070.1313474000199,260.1,260.0
1070.4520580000244,260.1,260.0
1070.7712184000993,260.1,260.0
1071.0919467000058,260.0,260.0
1071.3964852000354,260.0,260.0
1071.699622000102,260.0,260.0
1072.0217781000538,260.0,260.0
1072.3405599000398,260.0,260.0
1072.643964900053,260.0,260.0
1072.9485551000107,260.1,260.0
1073.2643250999972,260.1,260.0
1073.585642500082,260.0,260.0
1073.8879088000394,260.0,260.0
1074.1951404000865,260.0,260.0
1074.5145339000737,260.2,260.0
1074.8342103000032,260.2,260.0
1075.1509637000272,260.2,260.0
1075.4588743000058,259.90000000000003,260.0
1075.7592854000395,259.90000000000003,260.0
1076.081658400013,259.90000000000003,260.0
1076.4015740000177,260.2,260.0
1076.721896900097,260.2,260.0
1077.0064382000128,260.2,260.0
1077.3300995000172,260.0,260.0
1077.646215200075,260.0,260.0
1077.9515871000476,260.1,260.0
1078.2723647000967,260.1,260.0
1078.5923266001046,260.1,260.0
1078.912645000033,260.0,260.0
1079.2126885000616,260.0,260.0
1079.5337835000828,260.0,260.0
1079.8380727000767,259.90000000000003,260.0
1080.1567478000652,259.90000000000003,260.0
1080.47634500009,259.90000000000003,260.0
1080.780350200017,260.1,260.0
1081.0857400000095,260.1,260.0
1081.4040009001037,260.1,260.0
1081.7248246000381,259.90000000000003,260.0
1082.0447200000053,259.90000000000003,260.0
1082.351066900068,260.2,260.0
1082.666791900061,260.2,260.0
1082.9865912999958,260.2,260.0
1083.2919567000354,259.90000000000003,260.0
1083.611973399995,259.90000000000003,260.0
1083.929720300017,259.90000000000003,260.0
1084.2356017000275,260.2,260.0
1084.5560168999946,260.2,260.0
1084.8572436000686,260.2,260.0
1085.177556800074,260.0,260.0
1085.4972188000102,260.0,260.0
1085.786352800089,260.0,260.0
1086.1043036000337,260.0,260.0
1086.4254593000514,260.0,260.0
1086.7441557000857,260.1,260.0
1087.0502889000345,260.1,260.0
1087.3540157000534,260.1,260.0
1087.673922300106,260.0,260.0
1087.9927582000382,260.0,260.0
1088.2971587000648,260.0,260.0
1088.616295200074,260.2,260.0
1088.9218953000382,260.2,260.0
1089.2400171000045,260.2,260.0
1089.559876800049,259.90000000000003,260.0
1089.8648361000232,259.90000000000003,260.0
1090.1675842000404,259.90000000000003,260.0
1090.4874233000446,260.2,260.0
1090.8060311001027,260.2,260.0
1091.1107948001008,260.2,260.0
1091.4297619001009,259.90000000000003,260.0
1091.748838200001,259.90000000000003,260.0
1092.0519759000745,260.1,260.0
1092.3725931000663,260.1,260.0
1092.6924309000606,260.1,260.0
1093.0155660000164,260.0,260.0
1093.3184849000536,260.0,260.0
1093.6214315000689,260.0,260.0
1093.9394570000004,260.0,260.0
1094.245299900067,260.0,260.0
1094.56249390007,260.0,260.0
1094.8833465999924,260.1,260.0
1095.1873379000463,260.1,260.0
1095.5064698000206,260.1,260.0
1095.8268620000454,259.90000000000003,260.0
1096.1328464000253,259.90000000000003,260.0
1096.433664900018,260.2,260.0
1096.7547826000955,260.2,260.0
1097.0596670000814,260.2,260.0
