Time (s),Actual Temperature (C),Target Temperature (C)
0.09258799999952316,189.9,190.0
0.3935753999976441,189.9,190.0
0.7121440999908373,190.10000000000002,190.0
1.03439669997897,190.10000000000002,190.0
1.3379565000068396,190.10000000000002,190.0
1.6559830999467522,189.70000000000002,192.0
1.9622029999736696,189.70000000000002,194.0
2.282706700032577,189.70000000000002,196.0
2.586685699992813,190.0,197.0
2.9049109000479802,190.0,199.0
3.224244200042449,190.0,199.0
3.5265934000490233,189.8,200.0
3.8472136999480426,189.8,200.0
4.153206399991177,189.8,200.0
4.473364399978891,190.10000000000002,200.0
4.790288400021382,190.10000000000002,200.0
5.111661399947479,191.9,200.0
5.428320199949667,191.9,200.0
5.734840400051326,191.9,200.0
6.055572799989022,193.3,200.0
6.37386890000198,193.3,200.0
6.678156699985266,193.3,200.0
6.997601400013082,194.60000000000002,200.0
7.316205600043759,194.60000000000002,200.0
7.621294799959287,194.60000000000002,200.0
7.939490800024942,196.10000000000002,200.0
8.259827599977143,196.10000000000002,200.0
8.561848500045016,196.10000000000002,200.0
8.88249160000123,197.3,200.0
9.201196799986064,197.3,200.0
9.522478200029582,197.20000000000002,200.0
9.81217629997991,197.20000000000002,200.0
10.129748799954541,197.20000000000002,200.0
10.448808799963444,196.9,200.0
10.752280000015162,196.9,200.0
11.07488920004107,196.9,200.0
11.392295100027695,196.70000000000002,200.0
11.698060399969108,196.70000000000002,200.0
12.018647699966095,196.70000000000002,200.0
12.336731799994595,196.3,200.0
12.638814499950968,196.3,200.0
12.945865400019102,196.3,200.0
13.2637601000024,197.0,200.0
13.58552530000452,197.0,200.0
13.888471200014465,197.0,200.0
14.205580899957567,197.20000000000002,200.0
14.528384799952619,197.20000000000002,200.0
14.814791599987075,197.9,200.0
15.13355499994941,197.9,200.0
15.456231700023636,197.9,200.0
15.757039700052701,198.70000000000002,200.0
16.076097000041045,198.70000000000002,200.0
16.38417330000084,198.70000000000002,200.0
16.703113900031894,199.3,200.0
17.020744499983266,199.3,200.0
17.323708200012334,199.3,200.0
17.64676110004075,199.3,200.0
17.96557350002695,199.3,200.0
18.254089200054295,199.3,200.0
18.57193209999241,199.10000000000002,200.0
18.89134249999188,199.10000000000002,200.0
19.212792800040916,198.8,200.0
19.530995200038888,198.8,200.0
19.8532357000513,198.8,200.0
20.17355479998514,198.4,200.0
20.490403900039382,198.4,200.0
20.79547310003545,198.4,200.0
21.099920199951157,199.0,200.0
21.416262199985795,199.0,200.0
21.71957850002218,199.0,200.0
22.045667900005355,199.0,200.0
22.3599221999757,199.0,200.0
22.66592189995572,199.0,200.0
22.983799600042403,199.60000000000002,200.0
23.286497100023553,199.60000000000002,200.0
23.608086499967612,200.20000000000002,200.0
23.912811600021087,200.20000000000002,200.0
24.230117399943992,200.20000000000002,200.0
24.536854299949482,200.4,200.0
24.8547006000299,200.4,200.0
25.17818080005236,200.4,200.0
25.479720999952406,200.5,200.0
25.79875059996266,200.5,200.0
26.11717199999839,200.5,200.0
26.420520700048655,200.20000000000002,200.0
26.742818900034763,200.20000000000002,200.0
27.046007300028577,200.20000000000002,200.0
27.34892400004901,200.3,200.0
27.667074500001036,200.3,200.0
27.988131999969482,199.9,200.0
28.294921300024725,199.9,200.0
28.61338810005691,199.9,200.0
28.932144499965943,200.5,200.0
29.25353979994543,200.5,200.0
29.571453799959272,200.5,200.0
29.87468110001646,200.5,200.0
30.195345800020732,200.5,200.0
30.513738799956627,200.5,200.0
30.83562589995563,200.8,200.0
31.138464999967255,200.8,200.0
31.46024899999611,200.8,200.0
31.763714400003664,201.20000000000002,200.0
32.06811450002715,201.20000000000002,200.0
32.38639460003469,201.3,200.0
32.68918390001636,201.3,200.0
33.008679599966854,201.3,200.0
33.31218120001722,201.4,200.0
33.630985200055875,201.4,200.0
33.95405309996568,201.4,200.0
34.25588259997312,201.10000000000002,200.0
34.57470420002937,201.10000000000002,200.0
34.89666379999835,201.10000000000002,200.0
35.20105519995559,201.20000000000002,200.0
35.52153939998243,201.20000000000002,200.0
35.84073749999516,201.20000000000002,200.0
36.14363389997743,200.9,200.0
36.447267699986696,200.9,200.0
36.76450719998684,200.9,200.0
37.06867509998847,201.20000000000002,200.0
37.39087350002956,201.20000000000002,200.0
37.709817499970086,201.3,200.0
38.011376200011,201.3,200.0
38.33387159998529,201.3,200.0
38.63817080005538,201.4,200.0
38.940762700047344,201.4,200.0
39.257962699979544,201.4,200.0
39.58094420004636,201.60000000000002,200.0
39.881741199991666,201.60000000000002,200.0
40.20549179997761,201.60000000000002,200.0
40.52281410002615,201.5,200.0
40.824587299954146,201.5,200.0
41.146425800048746,201.5,200.0
41.45037330000196,201.60000000000002,200.0
41.75201579998247,201.60000000000002,200.0
42.07618660002481,201.20000000000002,200.0
42.39489570003934,201.20000000000002,200.0
42.697386399959214,201.20000000000002,200.0
43.015166600001976,201.4,200.0
43.32271560002118,201.4,200.0
43.64039509999566,201.4,200.0
43.958751300000586,201.10000000000002,200.0
44.265659900032915,201.10000000000002,200.0
44.56839549995493,201.10000000000002,200.0
44.8874776000157,201.4,200.0
45.19092019996606,201.4,200.0
45.512968600029126,201.4,200.0
45.83100799995009,201.4,200.0
46.1336275000358,201.4,200.0
46.45612740004435,201.4,200.0
46.75947319995612,201.4,200.0
47.07892740005627,201.4,200.0
47.39640149998013,201.5,200.0
47.68721010000445,201.5,200.0
48.00566889997572,201.5,200.0
48.32414589996915,201.20000000000002,200.0
48.62705080001615,201.20000000000002,200.0
48.95007320004515,201.20000000000002,200.0
49.26686480001081,201.4,200.0
49.57349570002407,201.4,200.0
49.89169279998168,201.4,200.0
50.209615399944596,201.0,200.0
50.51627380005084,201.0,200.0
50.81738360004965,201.0,200.0
51.13961870002095,201.20000000000002,200.0
51.44394090003334,201.20000000000002,200.0
51.763264299952425,201.0,200.0
52.064076100010425,201.0,200.0
52.38677710003685,201.0,200.0
52.70356499997433,201.10000000000002,200.0
53.01140029996168,201.10000000000002,200.0
53.328458299976774,201.10000000000002,200.0
53.63519299996551,201.10000000000002,200.0
53.96842789999209,201.10000000000002,200.0
54.27014589996543,201.10000000000002,200.0
54.592673799954355,200.9,200.0
54.89814209996257,200.9,200.0
55.216213700012304,200.9,200.0
55.537545899976976,201.0,200.0
55.83966399997007,201.0,200.0
56.158178800018504,200.70000000000002,200.0
56.4799949999433,200.70000000000002,200.0
56.78228629997466,200.70000000000002,200.0
57.087969599990174,200.9,200.0
57.39099590003025,200.9,200.0
57.70985840004869,200.9,200.0
58.02775729994755,200.5,200.0
58.335239300038666,200.5,200.0
58.653099499992095,200.5,200.0
58.970934799988754,200.70000000000002,200.0
59.27839540003333,200.70000000000002,200.0
59.59649919997901,200.70000000000002,200.0
59.91536069998983,200.60000000000002,200.0
60.235080200014636,200.60000000000002,200.0
60.55379959999118,200.60000000000002,200.0
60.857214299961925,200.60000000000002,200.0
61.16510720003862,200.60000000000002,200.0
61.482818500022404,200.60000000000002,200.0
61.785214800038375,200.60000000000002,200.0
62.10477269999683,200.60000000000002,200.0
62.410209900001064,200.4,200.0
62.73148990003392,200.4,200.0
63.04874999995809,200.4,200.0
63.36757210001815,200.5,200.0
63.67400490003638,200.5,200.0
63.99338150001131,200.5,200.0
64.29602829995565,200.20000000000002,200.0
64.59950390004087,200.20000000000002,200.0
64.92188120004721,200.20000000000002,200.0
65.2381329999771,200.4,200.0
65.56165409996174,200.4,200.0
65.87900349998381,200.10000000000002,200.0
66.20077090000268,200.10000000000002,200.0
66.50495059997775,200.10000000000002,200.0
66.83835470001213,200.3,200.0
67.12723730003927,200.3,200.0
67.44564699998591,200.3,200.0
67.74925879994407,200.10000000000002,200.0
68.06752559996676,200.10000000000002,200.0
68.38949660002254,200.10000000000002,200.0
68.71138550003525,200.10000000000002,200.0
69.01247099996544,200.10000000000002,200.0
69.33428860001732,200.10000000000002,200.0
69.63829589996021,200.20000000000002,200.0
69.94248760002665,200.20000000000002,200.0
70.26197860005777,200.0,200.0
70.57898130000103,200.0,200.0
70.88517170003615,200.0,200.0
71.20083340001293,200.20000000000002,200.0
71.5081420999486,200.20000000000002,200.0
71.82446729997173,200.20000000000002,200.0
72.14653260004707,199.9,200.0
72.46638460003305,199.9,200.0
72.78681810002308,199.9,200.0
73.09006519999821,200.10000000000002,200.0
73.39476449997164,200.10000000000002,200.0
73.71104630001355,200.10000000000002,200.0
74.03421710000839,200.0,200.0
74.35224779997952,200.0,200.0
74.65836530004162,200.0,200.0
74.95917389995884,200.0,200.0
75.27978590002749,200.0,200.0
75.60144939995371,200.0,200.0
75.9037832999602,200.0,200.0
76.20707510004286,200.0,200.0
76.5258006999502,199.8,200.0
76.84661699994467,199.8,200.0
77.16788660001475,199.8,200.0
77.45435470005032,200.0,200.0
77.77212610002607,200.0,200.0
78.09293439995963,200.0,200.0
78.41352309996728,199.70000000000002,200.0
78.71913079998922,199.70000000000002,200.0
79.0187252999749,200.0,200.0
79.3401960999472,200.0,200.0
79.6458567000227,200.0,200.0
79.96436350001022,199.70000000000002,200.0
80.28576839994639,199.70000000000002,200.0
80.5878305999795,199.70000000000002,200.0
80.90679999999702,199.9,200.0
81.21301639999729,199.9,200.0
81.52898269996513,199.9,200.0
81.83496240002569,199.8,200.0
82.15635720000137,199.8,200.0
82.47299299994484,199.8,200.0
82.77898239996284,199.8,200.0
83.08227430004627,199.8,200.0
83.40238220000174,199.8,200.0
83.72077520005405,199.9,200.0
84.02300699998159,199.9,200.0
84.34457179997116,199.70000000000002,200.0
84.66226979997009,199.70000000000002,200.0
84.96910890005529,199.70000000000002,200.0
85.27144419995602,200.0,200.0
85.59326680004597,200.0,200.0
85.90942629997153,200.0,200.0
86.2154189000139,199.70000000000002,200.0
86.53369099996053,199.70000000000002,200.0
86.85530689998996,199.70000000000002,200.0
87.14194110000972,199.9,200.0
87.46217670000624,199.9,200.0
87.7840965000214,199.9,200.0
88.10404759994708,199.70000000000002,200.0
88.40672299999278,199.70000000000002,200.0
88.72491430002265,199.8,200.0
89.0457053000573,199.8,200.0
89.36369929998182,199.8,200.0
89.66957250004634,199.9,200.0
89.98675349995028,199.9,200.0
90.29424830002245,199.9,200.0
90.6103103000205,199.70000000000002,200.0
90.93287769996095,199.70000000000002,200.0
91.25016749999486,199.70000000000002,200.0
91.57028400001582,200.0,200.0
91.87338949996047,200.0,200.0
92.1950909999432,200.0,200.0
92.49674750003032,199.70000000000002,200.0
92.80260860000271,199.70000000000002,200.0
93.12007489998359,199.9,200.0
93.44143879995681,199.9,200.0
93.74337030004244,199.9,200.0
94.06323259999044,199.60000000000002,200.0
94.38621829997282,199.60000000000002,200.0
94.68976550002117,199.60000000000002,200.0
94.99331389996223,199.8,200.0
95.31017319997773,199.8,200.0
95.61711730004754,199.8,200.0
95.93441200000234,199.8,200.0
96.2407031999901,199.8,200.0
96.55913379997946,199.8,200.0
96.87893450004049,199.70000000000002,200.0
97.20053200004622,199.70000000000002,200.0
97.4868007999612,199.70000000000002,200.0
97.80393159994856,199.9,200.0
98.12688220001291,199.9,200.0
98.44377560005523,199.70000000000002,200.0
98.76420259999577,199.70000000000002,200.0
99.0828535000328,199.70000000000002,200.0
99.39026390004437,200.0,200.0
99.70750819996465,200.0,200.0
100.02981259999797,200.0,200.0
100.34977400000207,199.70000000000002,200.0
100.65130809997208,199.70000000000002,200.0
100.97302449995186,199.70000000000002,200.0
101.27395579998847,199.9,200.0
101.59512389998417,199.9,200.0
101.90061799995601,199.70000000000002,200.0
102.21696760004852,199.70000000000002,200.0
102.5236067000078,199.70000000000002,200.0
102.84417279995978,199.8,200.0
103.16099769994617,199.8,200.0
103.48382740002126,199.8,200.0
103.80309199995827,199.9,200.0
104.1044861000264,199.9,200.0
104.41058330005035,199.9,200.0
104.73035189998336,199.70000000000002,200.0
105.04718450002838,199.70000000000002,200.0
105.35552910005208,199.70000000000002,200.0
105.65568540000822,200.0,200.0
105.97458739997819,200.0,200.0
106.29623029998038,199.70000000000002,200.0
106.61569010000676,199.70000000000002,200.0
106.91663889994379,199.70000000000002,200.0
107.2387414999539,200.0,200.0
107.55972370004747,200.0,200.0
107.87654239998665,200.0,200.0
108.1814744999865,199.70000000000002,200.0
108.48392719996627,199.70000000000002,200.0
108.8062347000232,199.70000000000002,200.0
109.12477770005353,199.9,200.0
109.43109069997445,199.9,200.0
109.74693889997434,199.9,200.0
110.06834720005281,199.8,200.0
110.3757569999434,199.8,200.0
110.69217000005301,199.8,200.0
111.01248549995944,199.8,200.0
111.33142689999659,199.8,200.0
111.63326999999117,200.0,200.0
111.95387930003926,200.0,200.0
112.27343719999772,200.0,200.0
112.57856569997966,199.8,200.0
112.88357940001879,199.8,200.0
113.20105000003241,199.8,200.0
113.51985669997521,200.10000000000002,200.0
113.84126779995859,200.10000000000002,200.0
114.13149499997962,200.10000000000002,200.0
114.448330800049,199.8,200.0
114.76815370004624,199.8,200.0
115.08808160002809,199.8,200.0
115.39339880004991,200.10000000000002,200.0
115.71221589995548,200.10000000000002,200.0
116.0302846999839,199.9,200.0
116.33563019998837,199.9,200.0
116.6563434000127,199.9,200.0
116.97560350003187,199.9,200.0
117.28035520005506,199.9,200.0
117.58097240002826,199.9,200.0
117.90074109996203,200.0,200.0
118.22072600002866,200.0,200.0
118.54250630002934,200.0,200.0
118.83090069994796,199.8,200.0
119.15031389996875,199.8,200.0
119.46792279998772,199.8,200.0
119.79129449999891,200.10000000000002,200.0
120.09190480003599,200.10000000000002,200.0
120.39864689996466,199.8,200.0
120.71595440001693,199.8,200.0
121.03619649994653,199.8,200.0
121.35689589998219,200.10000000000002,200.0
121.6584475999698,200.10000000000002,200.0
121.98061800003052,200.10000000000002,200.0
122.30135910003446,199.8,200.0
122.61672960000578,199.8,200.0
122.92459389998112,199.8,200.0
123.22720379999373,200.0,200.0
123.5459128000075,200.0,200.0
123.86607989994809,200.0,200.0
124.1680570000317,199.9,200.0
124.47134379995987,199.9,200.0
124.79385799996089,199.9,200.0
125.11154770001303,199.9,200.0
125.43103920004796,199.9,200.0
125.73427000001539,200.10000000000002,200.0
126.05526429996826,200.10000000000002,200.0
126.37644260004163,200.10000000000002,200.0
126.69635680003557,199.9,200.0
127.01661070005503,199.9,200.0
127.33383240003604,199.9,200.0
127.65547060000245,200.20000000000002,200.0
127.97398130001966,200.20000000000002,200.0
128.26043270004448,200.20000000000002,200.0
128.59755649999715,199.9,200.0
128.90091389999725,199.9,200.0
129.2217176000122,200.10000000000002,200.0
129.5240856000455,200.10000000000002,200.0
129.84413460001815,200.10000000000002,200.0
130.16759079997428,199.9,200.0
130.46981399995275,199.9,200.0
130.7714823000133,199.9,200.0
131.0923362999456,200.0,200.0
131.40995460003614,200.0,200.0
131.7151167000411,200.0,200.0
132.03538799996022,200.10000000000002,200.0
132.35703910002485,200.10000000000002,200.0
132.67334400000982,200.10000000000002,200.0
132.99629769998137,199.9,200.0
133.2995220000157,199.9,200.0
133.60327309998684,200.20000000000002,200.0
133.92038739996497,200.20000000000002,200.0
134.22709840000607,200.20000000000002,200.0
134.5449924999848,199.9,200.0
134.8634911000263,199.9,200.0
135.16687680000905,199.9,200.0
135.48884330003057,200.10000000000002,200.0
135.792173899943,200.10000000000002,200.0
136.11102690000553,200.10000000000002,200.0
136.41393669997342,199.8,200.0
136.73504359996878,199.8,200.0
137.05608060001396,199.8,200.0
137.3769749000203,200.0,200.0
137.69449789996725,200.0,200.0
138.0004631000338,200.0,200.0
138.3193150999723,200.0,200.0
138.63860609999392,200.0,200.0
138.94270140002482,200.0,200.0
139.26055590005126,200.0,200.0
139.58119980001356,200.0,200.0
139.88662979996298,200.20000000000002,200.0
140.2061036999803,200.20000000000002,200.0
140.50681629998144,200.20000000000002,200.0
140.82780820003245,200.0,200.0
141.1467378999805,200.0,200.0
141.45258639997337,200.0,200.0
141.7562300999416,200.20000000000002,200.0
142.07499170000665,200.20000000000002,200.0
142.39637840003707,199.9,200.0
142.71493400004692,199.9,200.0
143.03381079994142,199.9,200.0
143.33713839994743,200.10000000000002,200.0
143.66050260001794,200.10000000000002,200.0
143.96373940003105,200.10000000000002,200.0
144.281585299992,199.9,200.0
144.60396470001433,199.9,200.0
144.88807390001602,199.9,200.0
145.20909260003828,200.0,200.0
145.531287800055,200.0,200.0
145.8339799999958,200.0,200.0
146.1528457000386,200.0,200.0
146.4735583999427,200.0,200.0
146.7772867999738,199.9,200.0
147.09711380000226,199.9,200.0
147.39948719996028,199.9,200.0
147.7207356999861,200.20000000000002,200.0
148.03847330005374,200.20000000000002,200.0
148.34289189998526,200.20000000000002,200.0
148.66171450004913,199.9,200.0
148.96456959994975,199.9,200.0
149.28720130003057,199.9,200.0
149.59005939995404,200.10000000000002,200.0
149.8933165000053,200.10000000000002,200.0
150.21391890000086,200.10000000000002,200.0
150.53523889998905,199.8,200.0
150.8528749999823,199.8,200.0
151.14194829994813,199.8,200.0
151.45985400001518,200.10000000000002,200.0
151.78124959999695,200.10000000000002,200.0
152.08508899994195,200.0,200.0
152.40389389998745,200.0,200.0
152.7214617000427,200.0,200.0
153.02789809997194,200.0,200.0
153.34549470001366,200.0,200.0
153.66749649995472,200.0,200.0
153.95622639998328,200.10000000000002,200.0
154.2728890000144,200.10000000000002,200.0
154.57963089994155,200.10000000000002,200.0
154.89786539995112,199.9,200.0
155.21547699999064,199.9,200.0
155.52136989997234,199.9,200.0
155.84283510001842,200.20000000000002,200.0
156.14711060002446,200.20000000000002,200.0
156.4653423000127,199.9,200.0
156.76810119999573,199.9,200.0
157.08850409998558,199.9,200.0
157.40923840005416,200.10000000000002,200.0
157.71117789996788,200.10000000000002,200.0
158.03381299995817,200.10000000000002,200.0
158.33489539998118,199.9,200.0
158.6543382999953,199.9,200.0
158.97266800003126,199.9,200.0
159.2787484000437,200.0,200.0
159.5997783000348,200.0,200.0
159.90394099999685,200.0,200.0
160.2036029000301,200.0,200.0
160.52516419999301,200.0,200.0
160.82932539994363,200.0,200.0
161.14909239998087,199.9,200.0
161.46855370001867,199.9,200.0
161.77452330000233,200.10000000000002,200.0
162.0909347999841,200.10000000000002,200.0
162.41237010003533,200.10000000000002,200.0
162.71714860002976,199.8,200.0
163.01777669996955,199.8,200.0
163.3386693999637,199.8,200.0
163.65969040000346,200.10000000000002,200.0
163.98019100003876,200.10000000000002,200.0
164.28046519996133,200.10000000000002,200.0
164.60240299999714,199.8,200.0
164.92319600004703,199.8,200.0
165.24260670004878,199.8,200.0
165.54404019995127,200.0,200.0
165.8644701000303,200.0,200.0
166.18509529996663,199.9,200.0
166.4891251999652,199.9,200.0
166.8076422000304,199.9,200.0
167.12977050000336,200.0,200.0
167.43268780002836,200.0,200.0
167.7496551000513,200.0,200.0
168.05640300002415,200.10000000000002,200.0
168.37408129998948,200.10000000000002,200.0
168.69600610004272,200.10000000000002,200.0
169.01297299994621,199.9,200.0
169.3341991000343,199.9,200.0
169.63671860005707,199.9,200.0
169.9587888000533,200.20000000000002,200.0
170.26017330004834,200.20000000000002,200.0
170.58101149997674,199.8,200.0
170.8833112999564,199.8,200.0
171.20517910004128,199.8,200.0
171.52504660002887,200.10000000000002,200.0
171.8276962999953,200.10000000000002,200.0
172.14832639996894,200.10000000000002,200.0
172.46901500003878,199.9,200.0
172.78991359996144,199.9,200.0
173.09225600003265,199.9,200.0
173.4115862000035,200.0,200.0
173.73233949998394,200.0,200.0
174.04985089995898,200.0,200.0
174.3705564000411,200.0,200.0
174.67608739994466,200.0,200.0
174.99402149999514,199.9,200.0
175.31137370003853,199.9,200.0
175.63226079999004,199.9,200.0
175.93781320005655,200.10000000000002,200.0
176.2569705999922,200.10000000000002,200.0
176.57868020003662,200.10000000000002,200.0
176.89777070004493,199.8,200.0
177.2016372999642,199.8,200.0
177.52202759997454,199.8,200.0
177.82492339995224,200.20000000000002,200.0
178.14397139998619,200.20000000000002,200.0
178.44943010003772,200.20000000000002,200.0
178.76581600005738,199.9,200.0
179.0715605999576,199.9,200.0
179.38905510003679,200.10000000000002,200.0
179.69496590003837,200.10000000000002,200.0
180.01180019997992,200.10000000000002,200.0
180.33195400005206,200.0,200.0
180.6358401000034,200.0,200.0
180.95865909999702,200.0,200.0
181.25980760005768,200.0,200.0
181.57888259994797,200.0,200.0
181.90241500001866,200.0,200.0
182.20227490004618,200.10000000000002,200.0
182.5073287000414,200.10000000000002,200.0
182.8285563000245,200.10000000000002,200.0
183.14553700003307,199.9,200.0
183.46700609999243,199.9,200.0
183.78538490005303,200.20000000000002,200.0
184.10619389999192,200.20000000000002,200.0
184.39341290004086,200.20000000000002,200.0
184.71532970003318,199.9,200.0
185.034528600052,199.9,200.0
185.3548619999783,199.9,200.0
185.65825790003873,200.10000000000002,200.0
185.95955619995948,200.10000000000002,200.0
186.2816300999839,200.10000000000002,200.0
186.59894659998827,199.9,200.0
186.90434929996263,199.9,200.0
187.20719280000776,199.9,200.0
187.53058050002437,200.10000000000002,200.0
187.8492407000158,200.10000000000002,200.0
188.16874889994506,200.0,200.0
188.4554167999886,200.0,200.0
188.7763277000049,200.0,200.0
189.09499869996216,200.0,200.0
189.4129253999563,200.0,200.0
189.7199664999498,200.0,200.0
190.02480869996361,200.10000000000002,200.0
190.34264319995418,200.10000000000002,200.0
190.66404920001514,200.10000000000002,200.0
190.96420020004734,199.9,200.0
191.2859843999613,199.9,200.0
191.5898625999689,199.9,200.0
191.89486720005516,200.20000000000002,200.0
192.21372230001725,200.20000000000002,200.0
192.53185040003154,200.20000000000002,200.0
192.8382910999935,199.9,200.0
193.156493699993,199.9,200.0
193.47528160002548,200.10000000000002,200.0
193.78164279996417,200.10000000000002,200.0
194.1001223999774,200.10000000000002,200.0
194.40511689998675,200.0,200.0
194.70731860003434,200.0,200.0
195.02441559999716,200.0,200.0
195.34583220002241,200.10000000000002,200.0
195.6486678000074,200.10000000000002,200.0
195.97077280003577,200.10000000000002,200.0
196.28856929996982,200.20000000000002,200.0
196.5953898000298,200.20000000000002,200.0
196.89882310002577,200.20000000000002,200.0
197.21597040002234,199.9,200.0
197.5183731999714,199.9,200.0
197.84252119995654,200.20000000000002,200.0
198.16016199998558,200.20000000000002,200.0
198.478915899992,200.20000000000002,200.0
198.79937779996544,199.8,200.0
199.1205780999735,199.8,200.0
199.42401169997174,199.8,200.0
199.72889949998353,200.10000000000002,200.0
200.04852079995908,200.10000000000002,200.0
200.35141440003645,200.10000000000002,200.0
200.6698240999831,199.9,200.0
200.9873258000007,199.9,200.0
201.2937231999822,199.9,200.0
201.61209019995295,200.0,200.0
201.93439159996342,200.0,200.0
202.23778730002232,200.10000000000002,200.0
202.5420261999825,200.10000000000002,200.0
202.8586846999824,200.10000000000002,200.0
203.17749819997698,200.0,200.0
203.50052310002502,200.0,200.0
203.8029089999618,200.0,200.0
204.1247691999888,200.10000000000002,200.0
204.44084589998238,200.10000000000002,200.0
204.74827280000318,200.10000000000002,200.0
205.05197789997328,199.9,200.0
205.37021830002777,199.9,200.0
205.67178790003527,199.9,200.0
205.99468620005064,200.20000000000002,200.0
206.31257750000805,200.20000000000002,200.0
206.61770089995116,200.20000000000002,200.0
206.93614160001744,199.9,200.0
207.25834790000226,199.9,200.0
207.56119309994392,200.10000000000002,200.0
207.86451560002752,200.10000000000002,200.0
208.18627629999537,200.10000000000002,200.0
208.48911870003212,200.0,200.0
208.80662539997138,200.0,200.0
209.12546190002467,200.0,200.0
209.43256470002234,200.0,200.0
209.74981469998602,200.0,200.0
210.0688255999703,200.0,200.0
210.37507990002632,200.10000000000002,200.0
210.67769150005188,200.10000000000002,200.0
210.99940560001414,200.10000000000002,200.0
211.30020719999447,200.0,200.0
211.62344470003154,200.0,200.0
211.9236240000464,200.20000000000002,200.0
212.24333950004075,200.20000000000002,200.0
212.56506739999168,200.20000000000002,200.0
212.86924679996446,199.9,200.0
213.18703589995857,199.9,200.0
213.5070561999455,199.9,200.0
213.81269940000493,200.20000000000002,200.0
214.11487619997934,200.20000000000002,200.0
214.43504330003634,200.20000000000002,200.0
214.75286450004205,199.9,200.0
215.0736928000115,199.9,200.0
215.37687979999464,199.9,200.0
215.69905819999985,200.10000000000002,200.0
216.00267319998238,200.10000000000002,200.0
216.30581509997137,200.0,200.0
216.6271023999434,200.0,200.0
216.92950840003323,200.0,200.0
217.25064470001962,200.0,200.0
217.56716920004692,200.0,200.0
217.8884661999764,200.0,200.0
218.1926770999562,200.20000000000002,200.0
218.509995099972,200.20000000000002,200.0
218.83158809994347,200.20000000000002,200.0
219.13431690004654,199.9,200.0
219.45296060002875,199.9,200.0
219.77380429999903,199.9,200.0
220.07658470002934,200.20000000000002,200.0
220.38097860000562,200.20000000000002,200.0
220.69989599997643,200.20000000000002,200.0
221.02284260001034,199.9,200.0
221.32381530001294,199.9,200.0
221.6472139999969,200.20000000000002,200.0
221.96577070001513,200.20000000000002,200.0
222.28691619995516,200.20000000000002,200.0
222.58712100004777,200.0,200.0
222.9084872000385,200.0,200.0
223.21282020001672,200.0,200.0
223.53024059999734,200.0,200.0
223.83544579998124,200.0,200.0
224.1578466000501,200.0,200.0
224.47351200005505,200.10000000000002,200.0
224.7799427000573,200.10000000000002,200.0
225.0821314000059,200.10000000000002,200.0
225.40354289999232,199.9,200.0
225.7215546000516,199.9,200.0
226.02849319996312,200.20000000000002,200.0
226.34787419997156,200.20000000000002,200.0
226.6640766999917,200.20000000000002,200.0
226.97198959998786,199.9,200.0
227.27463120000903,199.9,200.0
227.5913105000509,199.9,200.0
227.89775670005474,200.20000000000002,200.0
228.2170898000477,200.20000000000002,200.0
228.53589479997754,200.20000000000002,200.0
228.84184719994664,199.9,200.0
229.1595665999921,199.9,200.0
229.4616502999561,199.9,200.0
229.78293550002854,200.10000000000002,200.0
230.0856709999498,200.10000000000002,200.0
230.40909039997496,200.10000000000002,200.0
230.72461889998522,200.10000000000002,200.0
231.03161109995563,200.10000000000002,200.0
231.33605050004553,200.0,200.0
231.65296199999284,200.0,200.0
231.9579972999636,200.0,200.0
232.27611450001132,200.20000000000002,200.0
232.59510359994601,200.20000000000002,200.0
232.90178910002578,200.20000000000002,200.0
233.22186849999707,200.0,200.0
233.54249769996386,200.0,200.0
233.84561009996105,200.0,200.0
234.16442889999598,200.3,200.0
234.46824750001542,200.3,200.0
234.788546100026,200.0,200.0
235.10667560005095,200.0,200.0
235.42846510000527,200.0,200.0
235.73077589995228,200.20000000000002,200.0
236.05183130002115,200.20000000000002,200.0
236.3703053999925,200.20000000000002,200.0
236.65884849999566,200.0,200.0
236.97813169995788,200.0,200.0
237.29577780002728,200.0,200.0
237.59972549998201,200.10000000000002,200.0
237.9216547999531,200.10000000000002,200.0
238.22370740002953,200.10000000000002,200.0
238.54520239995327,200.10000000000002,200.0
238.84948089998215,200.10000000000002,202.0
239.16577049996704,200.10000000000002,203.0
239.47263440000825,200.0,205.0
239.79233890003525,200.0,207.0
240.09579149994534,200.20000000000002,208.0
240.41344869998284,200.20000000000002,210.0
240.73457660002168,200.20000000000002,210.0
241.0551638000179,199.9,210.0
241.3603524999926,199.9,210.0
241.66312629997265,199.9,210.0
241.980268000043,201.0,210.0
242.30115469999146,201.0,210.0
242.62173779995646,201.0,210.0
242.90688040002715,202.5,210.0
243.22645189997274,202.5,210.0
243.54914549994282,202.5,210.0
243.86907639994752,203.60000000000002,210.0
244.1707299000118,203.60000000000002,210.0
244.4754103999585,204.8,210.0
244.79728000005707,204.8,210.0
245.10014939995017,204.8,210.0
245.4201311999932,206.0,210.0
245.73857040004805,206.0,210.0
246.05853020003997,206.0,210.0
246.34504369995557,206.8,210.0
246.66754089994356,206.8,210.0
246.9876818000339,206.8,210.0
247.30514119996224,206.70000000000002,210.0
247.6080220999429,206.70000000000002,210.0
247.92960090003908,206.70000000000002,210.0
248.23034210002515,206.8,210.0
248.53759249998257,206.8,210.0
248.8559470999753,206.4,210.0
249.17492480005603,206.4,210.0
249.47808290005196,206.4,210.0
249.79698590002954,206.60000000000002,210.0
250.12106439995114,206.60000000000002,210.0
250.4248228999786,206.60000000000002,210.0
250.72544589999598,207.10000000000002,210.0
251.04712140001357,207.10000000000002,210.0
251.35182600002736,207.10000000000002,210.0
251.66736129997298,207.3,210.0
251.97409230004996,207.3,210.0
252.29136629996356,207.3,210.0
252.59488029999193,208.20000000000002,210.0
252.91903009999078,208.20000000000002,210.0
253.23427609994542,208.20000000000002,210.0
253.53849079995416,208.70000000000002,210.0
253.85870330000762,208.70000000000002,210.0
254.18143110000528,209.20000000000002,210.0
254.48530920001213,209.20000000000002,210.0
254.80197250004858,209.20000000000002,210.0
255.1047724999953,209.10000000000002,210.0
255.4279529999476,209.10000000000002,210.0
255.74619860004168,209.10000000000002,210.0
256.04866189998575,209.20000000000002,210.0
256.36922380002216,209.20000000000002,210.0
256.67290360003244,209.20000000000002,210.0
256.99568719998933,208.8,210.0
257.31437280005775,208.8,210.0
257.616910599987,208.8,210.0
257.93849129998125,208.8,210.0
258.2401805999689,208.8,210.0
258.5610872999532,209.10000000000002,210.0
258.8640688000014,209.10000000000002,210.0
259.1841000999557,209.10000000000002,210.0
259.48928079998586,209.10000000000002,210.0
259.8058281999547,209.10000000000002,210.0
260.11177119996864,209.10000000000002,210.0
260.43057039997075,209.9,210.0
260.7515656000469,209.9,210.0
261.0524809999624,209.9,210.0
261.3750134999864,210.20000000000002,210.0
261.69394649995957,210.20000000000002,210.0
261.9983864000533,210.20000000000002,210.0
262.3185739000328,210.60000000000002,210.0
262.636340499972,210.60000000000002,210.0
262.94244260003325,210.60000000000002,210.0
263.25897980004083,210.60000000000002,210.0
263.5826729000546,210.60000000000002,210.0
263.90041200001724,210.70000000000002,210.0
264.22179610002786,210.70000000000002,210.0
264.52555220003705,210.70000000000002,210.0
264.84233689995017,210.4,210.0
265.1495889000362,210.4,210.0
265.46596079994924,210.4,210.0
265.7890058000339,210.4,210.0
266.088647400029,210.4,210.0
266.41074840002693,210.4,210.0
266.72867690003477,210.70000000000002,210.0
267.0478360999841,210.70000000000002,210.0
267.37151329999324,210.60000000000002,210.0
267.65978019998875,210.60000000000002,210.0
267.97516779997386,210.60000000000002,210.0
268.2985809999518,211.20000000000002,210.0
268.59863310004584,211.20000000000002,210.0
268.92075149994344,211.20000000000002,210.0
269.23933619994204,211.3,210.0
269.5418748999946,211.3,210.0
269.8487820000155,211.3,210.0
270.16947409999557,211.60000000000002,210.0
270.4869462000206,211.60000000000002,210.0
270.792532499996,211.60000000000002,210.0
271.1126518000383,211.5,210.0
271.41640770004597,211.5,210.0
271.7345847999677,211.5,210.0
272.05515310005285,211.5,210.0
272.3759471999947,211.5,210.0
272.6922469000565,211.4,210.0
272.99877529998776,211.4,210.0
273.31893670000136,211.4,210.0
273.6384592000395,211.20000000000002,210.0
273.9546632999554,211.20000000000002,210.0
274.2779820000287,211.20000000000002,210.0
274.5798509999877,211.60000000000002,210.0
274.88519369997084,211.60000000000002,210.0
275.2024679000024,211.60000000000002,210.0
275.50888219999615,211.4,210.0
275.82735719997436,211.4,210.0
276.1472331000259,211.8,210.0
276.44840879994445,211.8,210.0
276.7696464000037,211.8,210.0
277.09081670001615,211.8,210.0
277.41136330005247,211.8,210.0
277.72754320001695,211.8,210.0
278.0182515999768,211.9,210.0
278.3361380000133,211.9,210.0
278.6585649000481,211.9,210.0
278.96079379995354,211.8,210.0
279.28023689996917,211.8,210.0
279.58371030003764,211.8,210.0
279.904398499988,211.70000000000002,210.0
280.2207898000488,211.70000000000002,210.0
280.5434431999456,211.60000000000002,210.0
280.83138949994463,211.60000000000002,210.0
281.14996960002463,211.60000000000002,210.0
281.47281059995294,211.4,210.0
281.7914571999572,211.4,210.0
282.1115807000315,211.4,210.0
282.42756300000474,211.70000000000002,210.0
282.7342697000131,211.70000000000002,210.0
283.0530494999839,211.70000000000002,210.0
283.37095080001745,211.4,210.0
283.67782660003286,211.4,210.0
283.99676170002203,211.4,210.0
284.31505690002814,211.70000000000002,210.0
284.6215128999902,211.70000000000002,210.0
284.94100869994145,211.4,210.0
285.2582395999925,211.4,210.0
285.56130319996737,211.4,210.0
285.86918499995954,211.5,210.0
286.18573250004556,211.5,210.0
286.49255500000436,211.5,210.0
286.8110616999911,211.4,210.0
287.13190939999186,211.4,210.0
287.43350130005274,211.4,210.0
287.75227409997024,211.20000000000002,210.0
288.0740993999643,211.20000000000002,210.0
288.3623760000337,211.20000000000002,210.0
288.68239370000083,211.3,210.0
288.99896080000326,211.3,210.0
289.30583940004,211.3,210.0
289.62445959995966,211.0,210.0
289.94626760005485,211.0,210.0
290.2486177999526,211.3,210.0
290.5523688000394,211.3,210.0
290.869774300023,211.3,210.0
291.17274179996457,210.9,210.0
291.4951522999909,210.9,210.0
291.8126720000291,210.9,210.0
292.11965410003904,211.10000000000002,210.0
292.436238000053,211.10000000000002,210.0
292.7578411999857,211.10000000000002,210.0
293.04691210004967,211.0,210.0
293.36457370000426,211.0,210.0
293.6849956000224,211.0,210.0
294.00335320003796,210.9,210.0
294.30930459999945,210.9,210.0
294.62633670005016,210.9,210.0
294.94994540000334,210.9,210.0
295.23363389994483,210.9,210.0
295.55669610004406,210.70000000000002,210.0
295.87392639997415,210.70000000000002,210.0
296.18092980002984,210.70000000000002,210.0
296.4987778000068,210.8,210.0
296.81946190004237,210.8,210.0
297.12014979997184,210.8,210.0
297.4436068000505,210.5,210.0
297.74375909997616,210.5,210.0
298.0502075999975,210.5,210.0
298.36840859998483,210.70000000000002,210.0
298.6897399999434,210.70000000000002,210.0
298.99463960004505,210.70000000000002,210.0
299.31279660004657,210.4,210.0
299.6329574000556,210.4,210.0
299.93657909997273,210.5,210.0
300.2556578000076,210.5,210.0
300.5736596999923,210.5,210.0
300.87760660005733,210.4,210.0
301.1981298000319,210.4,210.0
301.5165619000327,210.4,210.0
301.83738259994425,210.3,210.0
302.15650160005316,210.3,210.0
302.4613985000178,210.3,210.0
302.78011459996924,210.4,210.0
303.0859363999916,210.4,210.0
303.40391700004693,210.4,210.0
303.72642209997866,210.10000000000002,210.0
304.02837980003096,210.10000000000002,210.0
304.33021329995245,210.3,210.0
304.6539710999932,210.3,210.0
304.970224800054,210.3,210.0
305.275928499992,210.0,210.0
305.59458709997125,210.0,210.0
305.89967039995827,210.0,210.0
306.2171253999695,210.20000000000002,210.0
306.5389643999515,210.20000000000002,210.0
306.84477470000274,210.20000000000002,210.0
307.163995699957,210.0,210.0
307.48182149999775,210.0,210.0
307.7994246999733,210.0,210.0
308.1234084999887,210.0,210.0
308.4416698999703,210.0,210.0
308.7451498999726,210.10000000000002,210.0
309.06570160004776,210.10000000000002,210.0
309.3707439999562,210.10000000000002,210.0
309.68785410001874,209.9,210.0
309.993022599956,209.9,210.0
310.3106563000474,209.9,210.0
310.617052400019,210.10000000000002,210.0
310.93736530002207,210.10000000000002,210.0
311.25521269999444,210.10000000000002,210.0
311.55757419997826,209.70000000000002,210.0
311.8807086000452,209.70000000000002,210.0
312.1840341000352,209.70000000000002,210.0
312.48519789997954,210.0,210.0
312.8049705999438,210.0,210.0
313.1236970999744,209.70000000000002,210.0
313.445097799995,209.70000000000002,210.0
313.74991550005507,209.70000000000002,210.0
314.06740189995617,209.9,210.0
314.38868700002786,209.9,210.0
314.7065268999431,209.9,210.0
315.0115028000437,209.8,210.0
315.3332286999794,209.8,210.0
315.6365060999524,209.8,210.0
315.9380992000224,209.8,210.0
316.25703900004737,209.8,210.0
316.5796272000298,209.8,210.0
316.88144729996566,209.9,210.0
317.2036853999598,209.9,210.0
317.520519600017,209.70000000000002,210.0
317.8277554999804,209.70000000000002,210.0
318.1466589999618,209.70000000000002,210.0
318.4495130999712,209.9,210.0
318.75163990003057,209.9,210.0
319.07340079999994,209.9,210.0
319.3911195000401,209.60000000000002,210.0
319.6980613999767,209.60000000000002,210.0
320.0177691000281,209.60000000000002,210.0
320.31960919999983,209.8,210.0
320.63841360004153,209.8,210.0
320.9426824999973,209.8,210.0
321.26292610005476,209.60000000000002,210.0
321.5813179999823,209.60000000000002,210.0
321.886740499991,209.60000000000002,210.0
322.2072690000059,209.70000000000002,210.0
322.5109596999828,209.70000000000002,210.0
322.83013080002274,209.8,210.0
323.1321816999698,209.8,210.0
323.453525000019,209.8,210.0
323.77532919996884,209.60000000000002,210.0
324.0786705999635,209.60000000000002,210.0
324.3805538000306,209.60000000000002,210.0
324.6988790000323,209.9,210.0
325.00526160001755,209.9,210.0
325.32222279999405,209.9,210.0
325.6439184000483,209.5,210.0
325.96256270003505,209.5,210.0
326.2697757000569,209.5,210.0
326.5876231000293,209.8,210.0
326.9070696999552,209.8,210.0
327.2098168999655,209.5,210.0
327.53112199995667,209.5,210.0
327.8491219000425,209.5,210.0
328.15533970005345,209.8,210.0
328.4586648000404,209.8,210.0
328.77662609994877,209.8,210.0
329.0974506000057,209.70000000000002,210.0
329.4013792000478,209.70000000000002,210.0
329.7191305999877,209.70000000000002,210.0
330.04055939998943,209.70000000000002,210.0
330.32810649997555,209.70000000000002,210.0
330.6460445000557,209.70000000000002,210.0
330.96810199995525,209.9,210.0
331.2697976999916,209.9,210.0
331.58994530001655,209.60000000000002,210.0
331.9122995999642,209.60000000000002,210.0
332.21286960004363,209.60000000000002,210.0
332.517083200044,209.9,210.0
332.83895230002236,209.9,210.0
333.1603048000252,209.9,210.0
333.4762864999939,209.5,210.0
333.7835757000139,209.5,210.0
334.08760670002084,209.5,210.0
334.4045908000553,209.8,210.0
334.722882400034,209.8,210.0
335.0288937999867,209.8,210.0
335.3473430000013,209.60000000000002,210.0
335.6509903999977,209.60000000000002,210.0
335.98856550001074,209.70000000000002,210.0
336.2917080000043,209.70000000000002,210.0
336.60939400002826,209.70000000000002,210.0
336.9322585000191,209.8,210.0
337.25274649995845,209.8,210.0
337.5690468000248,209.8,210.0
337.87601949996315,209.70000000000002,210.0
338.1796837999718,209.70000000000002,210.0
338.4964201999828,209.70000000000002,210.0
338.8038695999421,209.9,210.0
339.1216458999552,209.9,210.0
339.4400123000378,209.9,210.0
339.74730569997337,209.60000000000002,210.0
340.0640101999743,209.60000000000002,210.0
340.38386019994505,209.9,210.0
340.6867491999874,209.9,210.0
341.009480800014,209.9,210.0
341.3119391000364,209.60000000000002,210.0
341.61362419999205,209.60000000000002,210.0
341.93718839995563,209.60000000000002,210.0
342.2541232999647,209.8,210.0
342.56102310004644,209.8,210.0
342.88034639996476,209.8,210.0
343.18071250000503,209.8,210.0
343.50267690001056,209.8,210.0
343.823857499985,209.8,210.0
344.12775320000947,209.8,210.0
344.43010580004193,209.8,210.0
344.7508484000573,209.8,210.0
345.0524912000401,209.9,210.0
345.37067009997554,209.9,210.0
345.6941998000257,209.70000000000002,210.0
345.99705809995066,209.70000000000002,210.0
346.31433189997915,209.70000000000002,210.0
346.637150799972,209.9,210.0
346.94099549995735,209.9,210.0
347.24475389998406,209.9,210.0
347.5482690000208,209.60000000000002,210.0
347.86739849997684,209.60000000000002,210.0
348.18921240000054,209.60000000000002,210.0
348.5062044999795,209.9,210.0
348.8244609000394,209.9,210.0
349.1467675999738,209.9,210.0
349.44912500004284,209.70000000000002,210.0
349.76758290000726,209.70000000000002,210.0
350.09067880001385,209.8,210.0
350.377951500006,209.8,210.0
350.6951113999821,209.8,210.0
351.01583729998674,209.9,210.0
351.3181601000251,209.9,210.0
351.63908520003315,209.9,210.0
351.9415898999432,209.8,210.0
352.2628290000139,209.8,210.0
352.5829014000483,209.8,210.0
352.90476399997715,210.0,210.0
353.22277979995124,210.0,210.0
353.52527590002865,210.0,210.0
353.84708590002265,209.70000000000002,210.0
354.1481966000283,209.70000000000002,210.0
354.4709437000565,210.0,210.0
354.77418089995626,210.0,210.0
355.0927878000075,210.0,210.0
355.39590080000926,209.70000000000002,210.0
355.718004400027,209.70000000000002,210.0
356.0362881999463,209.70000000000002,210.0
356.34225780004635,210.0,210.0
356.6598835999612,210.0,210.0
356.96212000004016,210.0,210.0
357.2814826000249,209.9,210.0
357.60430640005507,209.9,210.0
357.90665859996807,209.9,210.0
358.20909649995156,209.9,210.0
358.5314418999478,209.9,210.0
358.83364920003805,209.9,210.0
359.1515967999585,210.0,210.0
359.47313109994866,210.0,210.0
359.77672219998203,209.8,210.0
360.0826138999546,209.8,210.0
360.4000537999673,209.8,210.0
360.72054520004895,210.10000000000002,210.0
361.04139529995155,210.10000000000002,210.0
361.35870660003275,210.10000000000002,210.0
361.6804745000554,209.8,210.0
361.9653368999716,209.8,210.0
362.28815369994845,209.8,210.0
362.60688830004074,210.10000000000002,210.0
362.9262142999796,210.10000000000002,210.0
363.2470419999445,210.10000000000002,210.0
363.56593579996843,209.9,210.0
363.8872468000045,209.9,210.0
364.1879334000405,210.0,210.0
364.5071706000017,210.0,210.0
364.8306289999746,210.0,210.0
365.132681600051,210.0,210.0
365.4542329000542,210.0,210.0
365.7703438999597,210.0,210.0
366.09342489996925,209.9,210.0
366.39826449996326,209.9,210.0
366.71654040005524,209.9,210.0
367.0374958999455,210.10000000000002,210.0
367.3390626000473,210.10000000000002,210.0
367.6407150999876,210.10000000000002,210.0
367.96153109997977,209.8,210.0
368.2814879999496,209.8,210.0
368.6011097000446,210.10000000000002,210.0
368.8912187999813,210.10000000000002,210.0
369.208056799951,210.10000000000002,210.0
369.54548920004163,209.9,210.0
369.84828659996856,209.9,210.0
370.16979369998444,209.9,210.0
370.4906074999599,210.10000000000002,210.0
370.80948539997917,210.10000000000002,210.0
371.1104769000085,210.10000000000002,210.0
371.43278719997033,210.0,210.0
371.75372120004613,210.0,210.0
372.0549125999678,210.0,210.0
372.3760826999787,210.0,210.0
372.6808147999691,210.0,210.0
373.00013279996347,210.10000000000002,210.0
373.30152680003084,210.10000000000002,210.0
373.6223826999776,210.10000000000002,210.0
373.92380009999033,209.9,210.0
374.2436831999803,209.9,210.0
374.56435630004853,209.9,210.0
374.8695036000572,210.20000000000002,210.0
375.1895336000016,210.20000000000002,210.0
375.5081954000052,210.20000000000002,210.0
375.828756300034,209.9,210.0
376.14971240004525,209.9,210.0
376.453829200007,209.9,210.0
376.7570852000499,210.20000000000002,210.0
377.0757329999469,210.20000000000002,210.0
377.396084100008,210.0,210.0
377.70087009994313,210.0,210.0
378.01648670004215,210.0,210.0
378.33890390000306,210.10000000000002,210.0
378.6588623999851,210.10000000000002,210.0
378.96327159996144,210.10000000000002,210.0
379.2804488999536,210.10000000000002,210.0
379.58621109998785,210.10000000000002,210.0
379.902644900023,210.10000000000002,210.0
380.20915450004395,210.0,210.0
380.52952940005343,210.0,210.0
380.84719560004305,210.0,210.0
381.1520201000385,210.10000000000002,210.0
381.4735430999426,210.10000000000002,210.0
381.7757237999467,209.9,210.0
382.0953259000089,209.9,210.0
382.41407299996354,209.9,210.0
382.71997550001834,210.20000000000002,210.0
383.02111820003483,210.20000000000002,210.0
383.34451990004163,210.20000000000002,210.0
383.6638577999547,209.9,210.0
383.96420459996443,209.9,210.0
384.2859968000557,209.9,210.0
384.590277899988,210.20000000000002,210.0
384.9082799999742,210.20000000000002,210.0
385.22978900000453,210.20000000000002,210.0
385.53307130001485,210.10000000000002,210.0
385.83696190000046,210.10000000000002,210.0
386.1565282000229,210.10000000000002,210.0
386.4781560000265,210.10000000000002,210.0
386.7793610000517,210.10000000000002,210.0
387.09716999996454,210.10000000000002,210.0
387.4012912999606,210.10000000000002,210.0
387.7234953000443,210.10000000000002,210.0
388.0424780000467,209.9,210.0
388.3625312000513,209.9,210.0
388.6664203000255,209.9,210.0
388.9861046000151,210.20000000000002,210.0
389.2903260999592,210.20000000000002,210.0
389.60885349998716,210.20000000000002,210.0
389.92966390005313,209.9,210.0
390.2318347999826,209.9,210.0
390.5508947999915,210.20000000000002,210.0
390.8558344000485,210.20000000000002,210.0
391.1748939000536,210.20000000000002,210.0
391.47852140001487,210.0,210.0
391.78384030004963,210.0,210.0
392.10469299997203,210.0,210.0
392.4251917999936,210.10000000000002,210.0
392.72500099998433,210.10000000000002,210.0
393.0445197999943,210.10000000000002,210.0
393.36785749997944,210.10000000000002,210.0
393.6843992000213,210.10000000000002,210.0
394.00559980003163,210.10000000000002,210.0
394.31032120005693,210.0,210.0
394.6301825999981,210.0,210.0
394.9353705999674,210.0,210.0
395.25467399996705,210.20000000000002,210.0
395.5727690999629,210.20000000000002,210.0
395.8929553000489,209.9,210.0
396.1979873999953,209.9,210.0
396.51608490000945,209.9,210.0
396.83370900002774,210.20000000000002,210.0
397.13830919994507,210.20000000000002,210.0
397.44154709996656,210.20000000000002,210.0
397.76110520004295,209.9,210.0
398.0827558999881,209.9,210.0
398.40266989998054,209.9,210.0
398.6884214000311,210.10000000000002,210.0
399.00815240002703,210.10000000000002,210.0
399.33127770002466,210.10000000000002,210.0
399.6496822000481,210.0,210.0
399.9551500000525,210.0,210.0
400.2750299000181,210.0,210.0
400.5941561999498,210.0,210.0
400.91203350003343,210.0,210.0
401.217344100005,210.10000000000002,210.0
401.5348369999556,210.10000000000002,210.0
401.83966379996855,210.10000000000002,210.0
402.1575640999945,209.8,210.0
402.46441769995727,209.8,210.0
402.78180899994913,209.8,210.0
403.1050425999565,210.10000000000002,210.0
403.4215907000471,210.10000000000002,210.0
403.74206840002444,210.10000000000002,210.0
404.04420819994994,209.70000000000002,210.0
404.35091369994916,209.70000000000002,210.0
404.6692737999838,210.0,210.0
404.9754498000257,210.0,210.0
405.2914376000408,210.0,210.0
405.6151538999984,209.8,210.0
405.9334625999909,209.8,210.0
406.23710370005574,209.8,210.0
406.55647099995986,209.9,210.0
406.8745099999942,209.9,210.0
407.19313589995727,209.9,210.0
407.51428979996126,209.9,210.0
407.83612059999723,209.9,210.0
408.1404185000574,209.8,210.0
408.4587648999877,209.8,210.0
408.7782204999821,209.8,210.0
409.10011070000473,210.10000000000002,210.0
409.40097700001206,210.10000000000002,210.0
409.72237650002353,210.10000000000002,210.0
410.0262729000533,209.8,210.0
410.34714410000015,209.8,210.0
410.64801460003946,209.8,210.0
410.9688039999455,210.10000000000002,210.0
411.2905751999933,210.10000000000002,210.0
411.5774992000079,210.10000000000002,210.0
411.89485399995465,209.8,210.0
412.21718399995007,209.8,210.0
412.53506250004284,209.8,210.0
412.83694089995697,210.10000000000002,210.0
413.16019860003144,210.10000000000002,210.0
413.47798980004154,209.9,210.0
413.7990067000501,209.9,210.0
414.1019107999746,209.9,210.0
414.4225635000039,209.9,210.0
414.74333169998135,209.9,210.0
415.0602189999772,209.9,210.0
415.3816292999545,210.0,210.0
415.6836217000382,210.0,210.0
416.00661829998717,210.0,210.0
416.30851210001856,209.8,210.0
416.6258240999887,209.8,210.0
416.9307215999579,209.8,210.0
417.2532773000421,210.10000000000002,210.0
417.57215629995335,210.10000000000002,210.0
417.8904908000259,209.8,210.0
418.2120186999673,209.8,210.0
418.5137205000501,209.8,210.0
418.81943759997375,210.10000000000002,210.0
419.1365490000462,210.10000000000002,210.0
419.45724120002706,210.10000000000002,210.0
419.7791887000203,209.8,210.0
420.08276619995013,209.8,210.0
420.4031594999833,209.8,210.0
420.7204133999767,209.9,210.0
421.02587350003887,209.9,210.0
421.34269319998566,209.9,210.0
421.64923139999155,210.0,210.0
421.9700316999806,210.0,210.0
422.2858693000162,209.9,210.0
422.60658190003596,209.9,210.0
422.9250042999629,209.9,210.0
423.2306547999615,210.10000000000002,210.0
423.5333317000186,210.10000000000002,210.0
423.8555723000318,210.10000000000002,210.0
424.17287490004674,209.9,210.0
424.49491460004356,209.9,210.0
424.81506099994294,209.9,210.0
425.1166685000062,210.20000000000002,210.0
425.4357820999576,210.20000000000002,210.0
425.755906800041,209.9,210.0
426.0616114999866,209.9,210.0
426.36470130004454,209.9,210.0
426.6846300000325,210.10000000000002,210.0
427.0048214000417,210.10000000000002,210.0
427.30598619999364,210.10000000000002,210.0
427.6091280999826,209.9,210.0
427.92953139997553,209.9,210.0
428.2510524999816,209.9,210.0
428.5721558999503,210.0,210.0
428.8882203999674,210.0,210.0
429.2100971000036,210.0,210.0
429.51382600003853,210.10000000000002,210.0
429.832957000006,210.10000000000002,210.0
430.1540329999989,209.9,210.0
430.4749523999635,209.9,210.0
430.77850989997387,209.9,210.0
431.0802699000342,210.20000000000002,210.0
431.398858099943,210.20000000000002,210.0
431.72128689999226,210.20000000000002,210.0
432.0240606999723,209.9,210.0
432.34433620003983,209.9,210.0
432.66578599996865,209.9,210.0
432.9692721000174,210.20000000000002,210.0
433.2878928000573,210.20000000000002,210.0
433.6054980000481,210.20000000000002,210.0
433.90859749994706,209.9,210.0
434.22927000001073,209.9,210.0
434.55055449996144,210.10000000000002,210.0
434.87173040001653,210.10000000000002,210.0
435.1594262999715,210.10000000000002,210.0
435.47675899998285,210.10000000000002,210.0
435.7981337000383,210.10000000000002,210.0
436.1002868999494,210.10000000000002,210.0
436.4221483999863,210.0,210.0
436.73918479995336,210.0,210.0
437.0457488000393,210.0,210.0
437.34857899998315,210.20000000000002,210.0
437.6672632000409,210.20000000000002,210.0
437.9700337999966,210.20000000000002,210.0
438.29229719995055,209.9,210.0
438.6110993999755,209.9,210.0
438.9128828999819,209.9,210.0
439.23248130001593,210.3,210.0
439.53958760004025,210.3,210.0
439.85771739995107,210.0,210.0
440.16176539997105,210.0,210.0
440.48158549994696,210.0,210.0
440.7871707000304,210.20000000000002,210.0
441.1054443999892,210.20000000000002,210.0
441.41084310004953,210.20000000000002,210.0
441.7272772999713,210.10000000000002,210.0
442.04841020004824,210.10000000000002,210.0
442.36916280002333,210.10000000000002,210.0
442.65583019994665,210.10000000000002,210.0
442.97354379994795,210.10000000000002,210.0
443.2943843000103,210.10000000000002,210.0
443.61312049999833,210.20000000000002,210.0
443.9008863000199,210.20000000000002,210.0
444.22221909998916,210.0,210.0
444.54341259994544,210.0,210.0
444.8611262999475,210.0,210.0
445.16353070002515,210.20000000000002,210.0
445.4857813999988,210.20000000000002,210.0
445.7895830000052,210.20000000000002,210.0
446.10876610002015,209.9,210.0
446.41281120001804,209.9,210.0
446.73328669997863,209.9,210.0
447.05345689994283,210.20000000000002,210.0
447.36982819996774,210.20000000000002,210.0
447.6759121000068,210.20000000000002,210.0
447.9940334999701,210.0,210.0
448.31429669994395,210.0,210.0
448.6327135999454,210.10000000000002,210.0
448.94035910000093,210.10000000000002,210.0
449.2594897999661,210.10000000000002,210.0
449.5787057999987,210.10000000000002,210.0
449.88012139999773,210.10000000000002,210.0
450.2026088000275,210.10000000000002,210.0
450.5235796000343,210.0,210.0
450.82575389998965,210.0,210.0
451.1276249999646,210.0,210.0
451.448863800033,210.20000000000002,210.0
451.76868009998,210.20000000000002,210.0
452.0900887999451,210.20000000000002,210.0
452.39158319996204,209.9,210.0
452.6976085000206,209.9,210.0
453.01335350004956,209.9,210.0
453.3369052000344,210.3,210.0
453.6364485999802,210.3,210.0
453.9562471000245,209.9,210.0
454.26101639994886,209.9,210.0
454.56410469999537,209.9,210.0
454.88465809996706,210.20000000000002,210.0
455.2033871000167,210.20000000000002,210.0
455.5105403000489,210.20000000000002,210.0
455.82747470005415,210.0,210.0
456.1309999000514,210.0,210.0
456.4503429000033,210.0,210.0
456.75500550004654,210.0,210.0
457.07431669998914,210.0,210.0
457.37759719998576,210.0,210.0
457.69800800003577,210.10000000000002,210.0
458.0048675000435,210.10000000000002,210.0
458.3213672999991,209.9,210.0
458.6446632000152,209.9,210.0
458.9605564000085,209.9,210.0
459.26789050002117,210.20000000000002,210.0
459.5691621999722,210.20000000000002,210.0
459.889641799964,210.20000000000002,210.0
460.1912434999831,209.8,210.0
460.51548960001674,209.8,210.0
460.8343925999943,209.8,210.0
461.1367709999904,210.10000000000002,210.0
461.45861610001884,210.10000000000002,210.0
461.76150050002616,210.10000000000002,210.0
462.08042340003885,209.8,210.0
462.38178369996604,209.8,210.0
462.70197479997296,209.8,210.0
463.0252347999485,210.0,210.0
463.32805060001556,210.0,210.0
463.64921900001355,210.0,210.0
463.9648302999558,210.0,210.0
464.28741710004397,210.0,210.0
464.5896353999851,209.9,210.0
464.89552100002766,209.9,210.0
465.21308400004636,209.9,210.0
465.53202629997395,210.10000000000002,210.0
465.8555496999761,210.10000000000002,210.0
466.15587400004733,210.10000000000002,210.0
466.4621542999521,209.9,210.0
466.780146199977,209.9,210.0
467.1014750000322,209.9,210.0
467.4028768000426,210.20000000000002,210.0
467.7233446999453,210.20000000000002,210.0
468.0267085999949,209.9,210.0
468.3474082000321,209.9,210.0
468.65218420000747,209.9,210.0
468.96910019998904,210.10000000000002,210.0
469.29062480002176,210.10000000000002,210.0
469.592100400012,210.10000000000002,210.0
469.89715880004223,209.9,210.0
470.21829109999817,209.9,210.0
470.5391074999934,209.9,210.0
470.84172969998326,210.0,210.0
471.1444706999464,210.0,210.0
471.4658222999424,210.0,210.0
471.78481620003004,210.0,210.0
472.08706669998355,210.0,210.0
472.40803789999336,209.8,210.0
472.72685910004657,209.8,210.0
473.0294068000512,209.8,210.0
473.3364743000129,210.10000000000002,210.0
473.65326259995345,210.10000000000002,210.0
473.973864999949,210.10000000000002,210.0
474.2949961000122,209.8,210.0
474.61229229997844,209.8,210.0
474.91946789994836,209.8,210.0
475.2212497999426,210.10000000000002,210.0
475.54193289997056,210.10000000000002,210.0
475.86296259996016,210.10000000000002,210.0
476.17976910003927,209.8,210.0
476.4851322999457,209.8,210.0
476.78827949997503,210.0,210.0
477.1091873999685,210.0,210.0
477.4267099000281,210.0,210.0
477.732458399958,210.0,210.0
478.05267420003656,210.0,210.0
478.3703735000454,210.0,210.0
478.69185369997285,209.9,210.0
478.99461679998785,209.9,210.0
479.3167729000561,209.9,210.0
479.6206151000224,210.10000000000002,210.0
479.9366804000456,210.10000000000002,210.0
480.2592107000528,210.10000000000002,210.0
480.57826350000687,209.8,210.0
480.8978190999478,209.8,210.0
481.2027496000519,210.10000000000002,210.0
481.505188500043,210.10000000000002,210.0
481.82227939995937,210.10000000000002,210.0
482.1296516000293,209.8,210.0
482.4506885999581,209.8,210.0
482.76696100004483,209.8,210.0
483.0883550000144,210.10000000000002,210.0
483.3928815999534,210.10000000000002,210.0
483.6962639000267,210.10000000000002,210.0
484.0130249999929,209.9,210.0
484.3344650999643,209.9,210.0
484.655801899964,209.9,210.0
484.95840420003515,210.0,210.0
485.27647609997075,210.0,210.0
485.5966550000012,210.0,210.0
485.90143990004435,210.0,210.0
486.21933039999567,210.0,210.0
486.5263303000247,209.9,210.0
486.8469263999723,209.9,210.0
487.1494683000492,209.9,210.0
487.4664250999922,210.10000000000002,210.0
487.78843760001473,210.10000000000002,210.0
488.09032459999435,210.10000000000002,210.0
488.39714430004824,209.8,210.0
488.716881499975,209.8,210.0
489.0337981999619,209.8,210.0
489.33941130002495,210.10000000000002,210.0
489.66082520002965,210.10000000000002,210.0
489.9638061999576,210.10000000000002,210.0
490.28034409997053,209.8,210.0
490.58692979998887,209.8,210.0
490.9076798999449,210.0,210.0
491.2262799999444,210.0,210.0
491.5466672000475,210.0,210.0
491.8488264000043,210.0,210.0
492.16949250001926,210.0,210.0
492.4907181999879,210.0,210.0
492.79238570004236,209.9,210.0
493.097286800039,209.9,210.0
493.4180328999646,209.9,210.0
493.73641570005566,210.10000000000002,210.0
494.0384685000172,210.10000000000002,210.0
494.3577954999637,210.10000000000002,210.0
494.6617471999489,209.8,210.0
494.9836628000485,209.8,210.0
495.30023519997485,210.10000000000002,210.0
495.6078674000455,210.10000000000002,210.0
495.91021869995166,210.10000000000002,210.0
496.23075190000236,209.8,210.0
496.5507155000232,209.8,210.0
496.8546182999853,209.8,210.0
497.17044749995694,210.10000000000002,210.0
497.4761285999557,210.10000000000002,210.0
497.79762159998063,210.10000000000002,210.0
498.1166556000244,209.9,210.0
498.42179309995845,209.9,210.0
498.7385064000264,209.9,210.0
499.0424070999725,210.0,210.0
499.344982599956,210.0,210.0
499.6660634999862,210.10000000000002,210.0
499.9857955999905,210.10000000000002,210.0
500.29085850005504,210.10000000000002,210.0
500.6118002999574,209.9,210.0
500.92945369996596,209.9,210.0
501.2315144999884,209.9,210.0
501.53721480001695,210.10000000000002,210.0
501.85803000000305,210.10000000000002,210.0
502.1609078999609,210.10000000000002,210.0
502.48081580002327,209.8,210.0
502.799953800044,209.8,210.0
503.10208290000446,209.8,210.0
503.4221036999952,210.20000000000002,210.0
503.7430099999765,210.20000000000002,210.0
504.0629500000505,210.20000000000002,210.0
504.3675229999935,209.9,210.0
504.68491469998844,209.9,210.0
504.9884005000349,210.10000000000002,210.0
505.3114762000041,210.10000000000002,210.0
505.61336910002865,210.10000000000002,210.0
505.9361272000242,210.10000000000002,210.0
506.237668100046,210.10000000000002,210.0
506.557849099976,210.10000000000002,210.0
506.8760330999503,210.0,210.0
507.1810181000037,210.0,210.0
507.5010351999663,210.0,210.0
507.8196692999918,210.20000000000002,210.0
508.1234904000303,210.20000000000002,210.0
508.42875960003585,210.20000000000002,210.0
508.747540100012,209.9,210.0
509.0536947000073,209.9,210.0
509.37023470003624,210.20000000000002,210.0
509.6903170000296,210.20000000000002,210.0
509.99650090001523,210.20000000000002,210.0
510.3134547000518,209.9,210.0
510.6174675000366,209.9,210.0
510.9374102000147,209.9,210.0
511.2413643000182,210.20000000000002,210.0
511.5631600000197,210.20000000000002,210.0
511.8653522999957,210.20000000000002,210.0
512.1836615999928,210.0,210.0
512.5054190000519,210.0,210.0
512.8103467000183,210.0,212.0
513.1123851999873,210.0,212.0
513.4340279999888,210.0,212.0
513.7340416000225,210.0,212.0
514.0546378999716,210.10000000000002,212.0
514.3587430999614,210.10000000000002,213.0
514.6802427000366,210.0,215.0
514.9838749000337,210.0,216.0
515.3196042999625,210.0,217.0
515.6236013999442,210.5,219.0
515.9433170000557,210.5,219.0
516.2438859000104,210.5,220.0
516.5502198999748,210.4,220.0
516.8680843999609,210.4,220.0
517.18935650005,210.4,220.0
517.4944271000568,211.3,220.0
517.8140623000218,211.3,220.0
518.1172544000437,211.3,220.0
518.4356822000118,212.5,220.0
518.7561181000201,212.5,220.0
519.0767526000272,213.5,220.0
519.3776467000134,213.5,220.0
519.6974748000503,213.5,220.0
520.0197269000346,214.70000000000002,220.0
520.3226550000254,214.70000000000002,220.0
520.6428667999571,214.70000000000002,220.0
520.9633912999416,215.70000000000002,220.0
521.2642557000509,215.70000000000002,220.0
521.5673577999696,215.70000000000002,220.0
521.8901123000542,216.60000000000002,220.0
522.2106443999801,216.60000000000002,220.0
522.512437599944,216.60000000000002,220.0
522.8150138000492,216.8,220.0
523.1375356999924,216.8,220.0
523.4423088999465,217.20000000000002,220.0
523.7588350999868,217.20000000000002,220.0
524.0798018999631,217.20000000000002,220.0
524.3857289999723,217.0,220.0
524.7026317999698,217.0,220.0
525.007214799989,217.0,220.0
525.3265890999464,217.20000000000002,220.0
525.6323540000012,217.20000000000002,220.0
525.9482061000308,217.20000000000002,220.0
526.2683904999867,217.4,220.0
526.5916315000504,217.4,220.0
526.8944607999874,217.4,220.0
527.2117553000571,217.5,220.0
527.5353093999438,217.5,220.0
527.8541159000015,218.20000000000002,220.0
528.1703204000369,218.20000000000002,220.0
528.492305599968,218.20000000000002,220.0
528.797229400021,218.4,220.0
529.1152126999805,218.4,220.0
529.4208182999864,218.4,220.0
529.7240664999699,219.0,220.0
530.0451232000487,219.0,220.0
530.3621167000383,219.0,220.0
530.6843387000263,219.10000000000002,220.0
530.9705283000367,219.10000000000002,220.0
531.2911584000103,219.10000000000002,220.0
531.6118334999774,219.3,220.0
531.9287315000547,219.3,220.0
532.2320396000287,219.20000000000002,220.0
532.5378198999679,219.20000000000002,220.0
532.8555228000041,219.20000000000002,220.0
533.1602360999677,219.20000000000002,220.0
533.4826454999857,219.20000000000002,220.0
533.8023200000171,219.20000000000002,220.0
534.1060381999705,219.4,220.0
534.4223954000045,219.4,220.0
534.7450080000563,219.4,220.0
535.0613135000458,219.3,220.0
535.3828403999796,219.3,220.0
535.6889964999864,219.3,220.0
535.9905167999677,219.9,220.0
536.3097531000385,219.9,220.0
536.6295222999761,219.9,220.0
536.9498454000568,219.9,220.0
537.23770529998,219.9,220.0
537.5578832000028,220.4,220.0
537.8761235000566,220.4,220.0
538.1822739000199,220.4,220.0
538.5006562999915,220.4,220.0
538.8222750000423,220.4,220.0
539.1260640999535,220.4,220.0
539.4277971000411,220.60000000000002,220.0
539.7461511000292,220.60000000000002,220.0
540.0526938999537,220.60000000000002,220.0
540.3731660000049,220.60000000000002,220.0
540.6904894999461,220.60000000000002,220.0
541.0084891000297,220.60000000000002,220.0
541.3161983999889,220.60000000000002,220.0
541.6326064999448,220.60000000000002,220.0
541.9530569999479,220.8,220.0
542.2735579999862,220.8,220.0
542.5790129000088,220.8,220.0
542.8819310000399,220.60000000000002,220.0
543.2030343000079,220.60000000000002,220.0
543.5059130999725,220.60000000000002,220.0
543.8232233000454,221.10000000000002,220.0
544.1446586999809,221.10000000000002,220.0
544.4466354999458,221.10000000000002,220.0
544.7500369000481,221.0,220.0
545.0719334000023,221.0,220.0
545.3895143000409,221.0,220.0
545.6971813000273,221.4,220.0
546.0166630999884,221.4,220.0
546.3337701000273,221.4,220.0
546.654165099957,221.4,220.0
546.9570800999645,221.4,220.0
547.2784587000497,221.5,220.0
547.5964306000387,221.5,220.0
547.9034366999986,221.5,220.0
548.2212062999606,221.5,220.0
548.5422241999768,221.5,220.0
548.8291782999877,221.5,220.0
549.1502587000141,221.4,220.0
549.4659336999757,221.4,220.0
549.7874514999567,221.4,220.0
550.0895313000074,221.60000000000002,220.0
550.4117669999832,221.60000000000002,220.0
550.7331752999453,221.3,220.0
551.0497967000119,221.3,220.0
551.3689131999854,221.3,220.0
551.6898066999856,221.70000000000002,220.0
551.9935749999713,221.70000000000002,220.0
552.315325899981,221.70000000000002,220.0
552.6176108999643,221.5,220.0
552.9359085999895,221.5,220.0
553.2569100999972,221.5,220.0
553.5609542999882,221.70000000000002,220.0
553.8668178999797,221.70000000000002,220.0
554.1845109000569,221.70000000000002,220.0
554.5030425000004,221.60000000000002,220.0
554.8236669000471,221.60000000000002,220.0
555.1108415999915,221.60000000000002,220.0
555.4316730999853,221.60000000000002,220.0
555.75185650005,221.60000000000002,220.0
556.0728361000074,221.60000000000002,220.0
556.3595032000449,221.60000000000002,220.0
556.6762573999586,221.60000000000002,220.0
556.9970359000145,221.4,220.0
557.3185063999845,221.4,220.0
557.6381260999478,221.4,220.0
557.9424841,221.60000000000002,220.0
558.2623315999517,221.60000000000002,220.0
558.5803042999469,221.60000000000002,220.0
558.8846291999798,221.3,220.0
559.2029125000117,221.3,220.0
559.5246921000071,221.60000000000002,220.0
559.8126398000168,221.60000000000002,220.0
560.1305028999923,221.60000000000002,220.0
560.4533355999738,221.3,220.0
560.7732239000034,221.3,220.0
561.0758893999737,221.3,220.0
561.3956521999789,221.5,220.0
561.6964281999972,221.5,220.0
562.0027703000233,221.5,220.0
562.319818399963,221.4,220.0
562.6414405000396,221.4,220.0
562.9471571999602,221.4,220.0
563.2644269999582,221.3,220.0
563.5831898000324,221.3,220.0
563.8906746000284,221.3,220.0
564.2091896999627,221.3,220.0
564.5124816000462,221.3,220.0
564.8155033000512,221.0,220.0
565.1361624000128,221.0,220.0
565.4534230999416,221.0,220.0
565.7731491000159,221.20000000000002,220.0
566.0811191999819,221.20000000000002,220.0
566.399157900014,221.20000000000002,220.0
566.7027078999672,220.8,220.0
567.0213968999451,220.8,220.0
567.3426288999617,220.8,220.0
567.6599284999538,221.10000000000002,220.0
567.9837812000187,221.10000000000002,220.0
568.2998826999683,221.10000000000002,220.0
568.6030061000492,220.9,220.0
568.9097993000178,220.9,220.0
569.2262516999617,220.9,220.0
569.5492702999618,220.9,220.0
569.8514632999431,220.9,220.0
570.173830499989,220.8,220.0
570.4915176000213,220.8,220.0
570.7942640000256,220.8,220.0
571.100671299966,220.60000000000002,220.0
571.4171248000348,220.60000000000002,220.0
571.7390379999997,220.60000000000002,220.0
572.0594743000111,220.70000000000002,220.0
572.3759733999614,220.70000000000002,220.0
572.6973470000084,220.70000000000002,220.0
573.0030364999548,220.4,220.0
573.3046910000267,220.4,220.0
573.6266784999752,220.70000000000002,220.0
573.9451738999924,220.70000000000002,220.0
574.2471714999992,220.70000000000002,220.0
574.5700763999484,220.4,220.0
574.8734964999603,220.4,220.0
575.1749833000358,220.4,220.0
575.4938037999673,220.5,220.0
575.8153800000437,220.5,220.0
576.1371829999844,220.5,220.0
576.4406090000411,220.4,220.0
576.7403569000307,220.4,220.0
577.0607057999587,220.4,220.0
577.3678430999862,220.4,220.0
577.6861855000025,220.4,220.0
578.0039059000555,220.4,220.0
578.3255254999967,220.4,220.0
578.645563099999,220.4,220.0
578.950979999965,220.10000000000002,220.0
579.2703358000144,220.10000000000002,220.0
579.5892603000393,220.10000000000002,220.0
579.8940516000148,220.4,220.0
580.1973939000163,220.4,220.0
580.5159332000185,220.4,220.0
580.8363054000074,220.0,220.0
581.1384065999882,220.0,220.0
581.4412137999898,220.0,220.0
581.7606688999804,220.20000000000002,220.0
582.0811935999664,220.20000000000002,220.0
582.4016519000288,220.0,220.0
582.7236166000366,220.0,220.0
583.0252493999433,220.0,220.0
583.3468335999642,220.10000000000002,220.0
583.6483786000172,220.10000000000002,220.0
583.9689180999994,220.10000000000002,220.0
584.2896346000489,220.10000000000002,220.0
584.5908088999568,220.10000000000002,220.0
584.8979565999471,220.10000000000002,220.0
585.217288200045,219.9,220.0
585.5336310999701,219.9,220.0
585.8382566999644,219.9,220.0
586.1598979999544,220.20000000000002,220.0
586.4646230000071,220.20000000000002,220.0
586.7817042999668,220.20000000000002,220.0
587.1029123000335,219.9,220.0
587.3899481999688,219.9,220.0
587.7121420999756,220.20000000000002,220.0
588.0288948999951,220.20000000000002,220.0
588.3496159999631,220.20000000000002,220.0
588.651998699992,219.8,220.0
588.9570669999812,219.8,220.0
589.2789402999915,219.8,220.0
589.5961224000202,220.0,220.0
589.900991100003,220.0,220.0
590.2197041000472,220.0,220.0
590.5399356000125,219.9,220.0
590.8448242000304,219.9,220.0
591.1466502000112,219.9,220.0
591.4650017999811,219.8,220.0
591.7863709999947,219.8,220.0
592.108325200039,219.9,220.0
592.4101060000248,219.9,220.0
592.7318049999885,219.9,220.0
593.0495084000286,219.70000000000002,220.0
593.3692889000522,219.70000000000002,220.0
593.6717197999824,219.70000000000002,220.0
594.0087247999618,219.9,220.0
594.3120085999835,219.9,220.0
594.6345493999543,219.9,220.0
594.951878999942,219.60000000000002,220.0
595.2722525000572,219.60000000000002,220.0
595.573651200044,219.60000000000002,220.0
595.8784697999945,219.8,220.0
596.198013199959,219.8,220.0
596.5185524000553,219.60000000000002,220.0
596.8406263999641,219.60000000000002,220.0
597.1416737999534,219.60000000000002,220.0
597.463143800036,219.60000000000002,220.0
597.7828964999644,219.60000000000002,220.0
598.0996967999963,219.60000000000002,220.0
598.4060910999542,219.60000000000002,220.0
598.7245540999575,219.60000000000002,220.0
599.0467490999727,219.60000000000002,220.0
599.3636459000409,219.5,220.0
599.6853236999596,219.5,220.0
600.0059596999781,219.70000000000002,220.0
600.3098778000567,219.70000000000002,220.0
600.6263946000254,219.70000000000002,220.0
600.9480573999463,219.4,220.0
601.2693300000392,219.4,220.0
601.5709241000004,219.4,220.0
601.8914008999709,219.8,220.0
602.1965893999441,219.8,220.0
602.5122896999819,219.8,220.0
602.8204199000029,219.5,220.0
603.1383134999778,219.5,220.0
603.4557085999986,219.5,220.0
603.7615204999456,219.70000000000002,220.0
604.0671085000504,219.70000000000002,220.0
604.3833374000387,219.5,220.0
604.7052033999935,219.5,220.0
605.023587099975,219.5,220.0
605.3102904000552,219.5,220.0
605.6329699000344,219.5,220.0
605.952512799995,219.5,220.0
606.2726098999847,219.60000000000002,220.0
606.5765393000329,219.60000000000002,220.0
606.8798306999961,219.60000000000002,220.0
607.1981361999642,219.4,220.0
607.5174188000383,219.4,220.0
607.8232837000396,219.4,220.0
608.1428481000476,219.70000000000002,220.0
608.4452623999678,219.70000000000002,220.0
608.7660858000163,219.70000000000002,220.0
609.0868418000173,219.4,220.0
609.4033992999466,219.4,220.0
609.7107884000288,219.8,220.0
610.0267427000217,219.8,220.0
610.3468335999642,219.8,220.0
610.6506452000467,219.5,220.0
610.9707209999906,219.5,220.0
611.2736827000044,219.5,220.0
611.5971420999849,219.60000000000002,220.0
611.9132703000214,219.60000000000002,220.0
612.2192837999901,219.60000000000002,220.0
612.5226657999447,219.70000000000002,220.0
612.8405866000103,219.70000000000002,220.0
613.1629359000362,219.70000000000002,220.0
613.4670246000169,219.5,220.0
613.7836925999727,219.5,220.0
614.1068230000092,219.8,220.0
614.3952250999864,219.8,220.0
614.7118324999465,219.8,220.0
615.0330498999683,219.5,220.0
615.3532481000293,219.5,220.0
615.6742148000048,219.5,220.0
615.9773814999498,219.8,220.0
616.2948133000173,219.8,220.0
616.6134919000324,219.8,220.0
616.9170639000367,219.5,220.0
617.2375475999434,219.5,220.0
617.5599229000509,219.5,220.0
617.8454743999755,219.70000000000002,220.0
618.1651200000197,219.70000000000002,220.0
618.485055899946,219.60000000000002,220.0
618.7873727000551,219.60000000000002,220.0
619.1075235999888,219.60000000000002,220.0
619.4128275000257,219.60000000000002,220.0
619.7343194000423,219.60000000000002,220.0
620.0369923999533,219.60000000000002,220.0
620.3574518000241,219.70000000000002,220.0
620.6608423000434,219.70000000000002,220.0
620.9817373000551,219.70000000000002,220.0
621.3016120999819,219.4,220.0
621.6186344999587,219.4,220.0
621.939768100041,219.4,220.0
622.2598479000153,219.70000000000002,220.0
622.563428799971,219.70000000000002,220.0
622.8815214999486,219.4,220.0
623.2031103000045,219.4,220.0
623.5062980999937,219.4,220.0
623.8235514999833,219.60000000000002,220.0
624.14577990002,219.60000000000002,220.0
624.4506138999714,219.60000000000002,220.0
624.769617700018,219.4,220.0
625.0719236000441,219.4,220.0
625.3925796999829,219.4,220.0
625.7101826999569,219.60000000000002,220.0
626.0170125999721,219.60000000000002,220.0
626.3213380000088,219.60000000000002,220.0
626.6402272999985,219.60000000000002,220.0
626.9413859000197,219.60000000000002,220.0
627.2626261999831,219.5,220.0
627.5836972000543,219.5,220.0
627.8845164000522,219.5,220.0
628.1891857000301,219.8,220.0
628.5089076999575,219.8,220.0
628.8293693000451,219.8,220.0
629.1337763000047,219.5,220.0
629.4533487999579,219.5,220.0
629.774655599962,219.5,220.0
630.0744560000021,219.8,220.0
630.3792000999674,219.8,220.0
630.6975848999573,219.8,220.0
631.0197322999593,219.5,220.0
631.3255733000115,219.5,220.0
631.6451638999861,219.5,220.0
631.9466379999649,219.8,220.0
632.2663678999525,219.8,220.0
632.570789200021,219.70000000000002,220.0
632.8718663000036,219.70000000000002,220.0
633.1936026000185,219.70000000000002,220.0
633.5146440999815,219.70000000000002,220.0
633.8314575999975,219.70000000000002,220.0
634.1511440000031,219.70000000000002,220.0
634.4728489000117,219.8,220.0
634.778303100029,219.8,220.0
635.0971623000223,219.8,220.0
635.3991178999422,219.70000000000002,220.0
635.7206265999703,219.70000000000002,220.0
636.0228702999884,219.70000000000002,220.0
636.3423506000545,220.0,220.0
636.6478863999946,220.0,220.0
636.9824451999739,219.70000000000002,220.0
637.2861222999636,219.70000000000002,220.0
637.6049622000428,219.70000000000002,220.0
637.9250960999634,220.0,220.0
638.244859999977,220.0,220.0
638.5476992999902,220.0,220.0
638.8708088999847,219.70000000000002,220.0
639.1726348999655,219.70000000000002,220.0
639.4913715999573,219.70000000000002,220.0
639.8108105999418,219.8,220.0
640.1172955000075,219.8,220.0
640.4338518000441,219.8,220.0
640.7414628999541,219.9,220.0
641.0607518999605,219.9,220.0
641.377584700007,219.8,220.0
641.6824384999927,219.8,220.0
642.0031052000122,219.8,220.0
642.3043020999758,220.0,220.0
642.6251971999882,220.0,220.0
642.946018800023,220.0,220.0
643.2481999000302,219.8,220.0
643.5540309000062,219.8,220.0
643.8743467000313,219.8,220.0
644.1905040000565,220.10000000000002,220.0
644.4962165999459,220.10000000000002,220.0
644.8184902999783,220.10000000000002,220.0
645.1344148999779,219.8,220.0
645.4581651999615,219.8,220.0
645.7612095000222,220.0,220.0
646.0781225999817,220.0,220.0
646.3988146999618,220.0,220.0
646.7044044999639,219.9,220.0
647.0231090999441,219.9,220.0
647.3280136999674,219.9,220.0
647.6302848999621,219.9,220.0
647.9494327999419,219.9,220.0
648.2682828999823,219.9,220.0
648.5911126999417,220.0,220.0
648.8766936999746,220.0,220.0
649.1980675000232,220.0,220.0
649.5154489000561,219.9,220.0
649.8208104999503,219.9,220.0
650.1401172999758,219.9,220.0
650.4461659999797,220.20000000000002,220.0
650.7621382999932,220.20000000000002,220.0
651.0849077999592,219.9,220.0
651.4014390000375,219.9,220.0
651.706418100046,219.9,220.0
652.0287255999865,220.20000000000002,220.0
652.3471732999897,220.20000000000002,220.0
652.652115099947,220.20000000000002,220.0
652.9717680000467,220.0,220.0
653.2742397000547,220.0,220.0
653.5939565999433,220.0,220.0
653.9136508000083,220.10000000000002,220.0
654.2183321999619,220.10000000000002,220.0
654.5370300000068,220.10000000000002,220.0
654.8416582000209,220.20000000000002,220.0
655.1595729000401,220.20000000000002,220.0
655.4792444000486,220.10000000000002,220.0
655.7979288999923,220.10000000000002,220.0
656.1042199999793,220.10000000000002,220.0
656.4239529999904,220.4,220.0
656.7427122000372,220.4,220.0
657.047058600001,220.4,220.0
657.3520245000254,220.10000000000002,220.0
657.6696412999881,220.10000000000002,220.0
657.9894990000175,220.10000000000002,220.0
658.2938759999815,220.4,220.0
658.5984156000195,220.4,220.0
658.9160331999883,220.4,220.0
659.2364823999815,220.20000000000002,220.0
659.5413453000365,220.20000000000002,220.0
659.8462026000489,220.4,220.0
660.1636052000104,220.4,220.0
660.4825056999689,220.4,220.0
660.7885987999616,220.20000000000002,220.0
661.107009600033,220.20000000000002,220.0
661.4127499000169,220.20000000000002,220.0
661.7298861000454,220.20000000000002,220.0
662.0528975999914,220.20000000000002,220.0
662.369905199972,220.20000000000002,220.0
662.6888471000129,220.3,220.0
662.9953754999442,220.3,220.0
663.3148275000276,220.3,220.0
663.6344691000413,220.20000000000002,220.0
663.9538869999815,220.20000000000002,220.0
664.2586524999933,220.5,220.0
664.5769385000458,220.5,220.0
664.8976329000434,220.5,220.0
665.1983392999973,220.20000000000002,220.0
665.5043035000563,220.20000000000002,220.0
665.8243410999421,220.20000000000002,220.0
666.1422710999614,220.5,220.0
666.4449859999586,220.5,220.0
666.7514507999877,220.5,220.0
667.0726945999777,220.20000000000002,220.0
667.3884410000173,220.20000000000002,220.0
667.708289799979,220.20000000000002,220.0
668.0123389000073,220.4,220.0
668.3355724000139,220.4,220.0
668.6373162999516,220.4,220.0
668.959324699943,220.4,220.0
669.2616811000044,220.4,220.0
669.5644238999812,220.3,220.0
669.8847188999644,220.3,220.0
670.2063991000177,220.3,220.0
670.5242594999727,220.5,220.0
670.8422372000059,220.5,220.0
671.165902000037,220.5,220.0
671.4683343999786,220.3,220.0
671.7709044000367,220.3,220.0
672.0892110000132,220.3,220.0
672.3954599000281,220.60000000000002,220.0
672.7132072000531,220.60000000000002,220.0
673.0360715000425,220.20000000000002,220.0
673.3378167999908,220.20000000000002,220.0
673.6595587000484,220.20000000000002,220.0
673.9627390999813,220.5,220.0
674.2806244000094,220.5,220.0
674.5863635999849,220.5,220.0
674.9030626999447,220.3,220.0
675.225860800012,220.3,220.0
675.529769100016,220.3,220.0
675.8484598000068,220.3,220.0
676.1508199999807,220.3,220.0
676.4573536999524,220.3,220.0
676.7758105000248,220.4,220.0
677.0777937000385,220.4,220.0
677.4000204999465,220.4,220.0
677.718351699994,220.20000000000002,220.0
678.0358828000026,220.20000000000002,220.0
678.3582738999976,220.4,220.0
678.6766203000443,220.4,220.0
678.9828074000543,220.4,220.0
679.2850182000548,220.10000000000002,220.0
679.6042952999705,220.10000000000002,220.0
679.9244116999907,220.10000000000002,220.0
680.2462549000047,220.4,220.0
680.5650069999974,220.4,220.0
680.8822594999801,220.4,220.0
681.1731894999975,220.20000000000002,220.0
681.4907552000368,220.20000000000002,220.0
681.8092922000214,220.20000000000002,220.0
682.1164830999915,220.4,220.0
682.4355782000348,220.4,220.0
682.7527893000515,220.3,220.0
683.059676200035,220.3,220.0
683.3790415000403,220.3,220.0
683.6812693000538,220.3,220.0
684.0029162999708,220.3,220.0
684.3066855999641,220.3,220.0
684.6239654000383,220.4,220.0
684.9295919999713,220.4,220.0
685.2496010999894,220.4,220.0
685.5681263000006,220.10000000000002,220.0
685.8705785999773,220.10000000000002,220.0
686.1898066999856,220.10000000000002,220.0
686.4954016000265,220.4,220.0
686.7972028000513,220.4,220.0
687.1190144999418,220.0,220.0
687.4397970000282,220.0,220.0
687.7568857000442,220.0,220.0
688.0640635000309,220.3,220.0
688.3819857999915,220.3,220.0
688.6847847000463,220.3,220.0
688.9905482999748,220.10000000000002,220.0
689.308948699967,220.10000000000002,220.0
689.6269244999858,220.10000000000002,220.0
689.9497495000251,220.20000000000002,220.0
690.2373726000078,220.20000000000002,220.0
690.5544303000206,220.20000000000002,220.0
690.8744158999762,220.3,220.0
691.1930876000552,220.3,220.0
691.4973062999779,220.3,220.0
691.8213181999745,220.10000000000002,220.0
692.1208994999761,220.10000000000002,220.0
692.4276198999723,220.3,220.0
692.7487967000343,220.3,220.0
693.0653416999849,220.3,220.0
693.372238400043,219.9,220.0
693.6889162999578,219.9,220.0
694.0113633000292,219.9,220.0
694.2984880999429,220.20000000000002,220.0
694.6182594000129,220.20000000000002,220.0
694.9356009999756,220.20000000000002,220.0
695.2429168999661,219.9,220.0
695.561537600006,219.9,220.0
695.879878000007,219.9,220.0
696.1984256999567,220.10000000000002,220.0
696.5047383999918,220.10000000000002,220.0
696.8219598999713,220.10000000000002,220.0
697.141293499968,220.10000000000002,220.0
697.4487000999507,220.10000000000002,220.0
697.7647682999959,220.10000000000002,220.0
698.0719977000263,220.10000000000002,220.0
698.3888311999617,220.10000000000002,220.0
698.6948993999977,220.20000000000002,220.0
699.0154427000089,220.20000000000002,220.0
699.3312047000509,220.20000000000002,220.0
699.6357001999859,220.0,220.0
699.9422099000076,220.0,220.0
700.262273499975,220.0,220.0
700.580938900006,220.20000000000002,220.0
700.8843162000412,220.20000000000002,220.0
701.2032542000525,219.9,220.0
701.5218558999477,219.9,220.0
701.8283742000349,219.9,220.0
702.1327918999596,220.20000000000002,220.0
702.4492990999715,220.20000000000002,220.0
702.757178699947,220.20000000000002,220.0
703.0738520999439,220.0,220.0
703.3955795000074,220.0,220.0
703.6983563000103,220.0,220.0
704.0162415000377,220.0,220.0
704.3203743000049,220.0,220.0
704.6262463999446,220.0,220.0
704.9439634999726,220.10000000000002,220.0
705.2659151999978,220.10000000000002,220.0
705.5686391999479,220.10000000000002,220.0
705.8905677000294,219.9,220.0
706.2083141000476,219.9,220.0
706.5106009000447,220.10000000000002,220.0
706.8171425999608,220.10000000000002,220.0
707.1377277000574,220.10000000000002,220.0
707.4534870999632,219.8,220.0
707.7610337999649,219.8,220.0
708.0774768999545,219.8,220.0
708.3804014000343,220.10000000000002,220.0
708.6872225999832,220.10000000000002,220.0
709.0062490999699,220.10000000000002,220.0
709.3275645000394,219.8,220.0
709.6450340000447,219.8,220.0
709.9668911000481,219.8,220.0
710.2833843999542,220.10000000000002,220.0
710.5869295999873,220.10000000000002,220.0
710.9077046000166,220.0,220.0
711.226326999953,220.0,220.0
711.5492797000334,220.0,220.0
711.8500344000058,219.9,220.0
712.171893700026,219.9,220.0
712.4936395999976,219.9,220.0
712.793182100053,220.10000000000002,220.0
713.1163404999534,220.10000000000002,220.0
713.4196544999722,220.10000000000002,220.0
713.7217553999508,219.8,220.0
714.0434509000042,219.8,220.0
714.3610436000163,219.8,220.0
714.6644700999605,220.10000000000002,220.0
714.9866916999454,220.10000000000002,220.0
715.3037388999946,219.8,220.0
715.607494099997,219.8,220.0
715.9144432999892,219.8,220.0
716.2317554999609,220.10000000000002,220.0
716.536954900017,220.10000000000002,220.0
716.8553697000025,220.10000000000002,220.0
717.176626099972,219.9,220.0
717.4932014000369,219.9,220.0
717.8010648000054,219.9,220.0
718.1198204000248,220.0,220.0
718.4365992000094,220.0,220.0
718.7407220000168,220.0,220.0
719.0637314999476,220.0,220.0
719.3802997999592,220.0,220.0
719.7018704999937,219.9,220.0
720.0232665999793,219.9,220.0
720.3268653999548,219.9,220.0
720.6293252999894,220.10000000000002,220.0
720.9480125999544,220.10000000000002,220.0
721.2705183000071,220.10000000000002,220.0
721.5871504000388,219.8,220.0
721.9059725999832,219.8,220.0
722.2271021000342,219.8,220.0
722.5301697000396,220.10000000000002,220.0
722.8517838000553,220.10000000000002,220.0
723.1543833999895,220.10000000000002,220.0
723.4610775000183,219.8,220.0
723.7821934999665,219.8,220.0
724.0998855000362,220.0,220.0
724.4167992000002,220.0,220.0
724.7396039000014,220.0,220.0
725.0427094999468,220.0,220.0
725.3590931999497,220.0,220.0
725.6811733000213,220.0,220.0
725.9988561000209,220.0,220.0
726.3226804999867,220.0,220.0
726.6412628999678,220.0,220.0
726.95898450003,220.10000000000002,220.0
727.280731900013,220.10000000000002,220.0
727.5829880000092,219.9,220.0
727.9052936000517,219.9,220.0
728.2056520000333,219.9,220.0
728.5253339000046,220.10000000000002,220.0
728.8446175999707,220.10000000000002,220.0
729.1503451999743,220.10000000000002,220.0
729.4719685999444,219.8,220.0
729.7748152000131,219.8,220.0
730.0910813000519,219.8,220.0
730.4151293999748,220.0,220.0
730.732946199947,220.0,220.0
731.0543749999488,220.0,220.0
731.357063399977,219.8,220.0
731.6771196000045,219.8,220.0
731.9938696000027,219.9,220.0
732.3146685999818,219.9,220.0
732.6367102999939,219.9,220.0
732.9376193999778,220.0,220.0
733.258742999984,220.0,220.0
733.5781821999699,220.0,220.0
733.8996323000174,219.9,220.0
734.1882639999967,219.9,220.0
734.5064227000112,219.9,220.0
734.8265468999743,220.10000000000002,220.0
735.143402799964,220.10000000000002,220.0
735.4660183000378,220.10000000000002,220.0
735.7695782999508,219.9,220.0
736.0883935999591,219.9,220.0
736.4084544000216,220.20000000000002,220.0
736.7285104000475,220.20000000000002,220.0
737.0459222999634,220.20000000000002,220.0
737.3498038999969,219.9,220.0
737.6709816999501,219.9,220.0
737.9932542999741,219.9,220.0
738.3125437999843,220.10000000000002,220.0
738.6292152999667,220.10000000000002,220.0
738.9357320000418,220.10000000000002,220.0
739.2389734999742,220.0,220.0
739.5558757999679,220.0,220.0
739.8790746999439,220.0,220.0
740.1800597000401,220.0,220.0
740.5028353000525,220.0,220.0
740.8186457999982,220.20000000000002,220.0
741.1254872999853,220.20000000000002,220.0
741.4455648999428,220.20000000000002,220.0
741.765394099988,219.9,220.0
742.0815797999967,219.9,220.0
742.4048241999699,219.9,220.0
742.7093095999444,220.20000000000002,220.0
743.0248775000218,220.20000000000002,220.0
743.345610099961,220.20000000000002,220.0
743.6688213000307,219.9,220.0
743.9560589999892,219.9,220.0
744.2756374999881,219.9,220.0
744.5933823999949,220.10000000000002,220.0
744.9150091999909,220.10000000000002,220.0
745.235699199955,219.9,220.0
745.5527249999577,219.9,220.0
745.8746157999849,219.9,220.0
746.1757525999565,220.0,220.0
746.4962410000153,220.0,220.0
746.8178630999755,220.0,220.0
747.1195816999534,220.0,220.0
747.4394596000202,220.0,220.0
747.7443157000234,220.0,220.0
748.0652485999744,219.9,220.0
748.3648077000398,219.9,220.0
748.6853514000541,219.9,220.0
749.0076871999772,220.20000000000002,220.0
749.3080304999603,220.20000000000002,220.0
749.6279772999696,219.9,220.0
749.9349434999749,219.9,220.0
750.2556360999588,219.9,220.0
750.57399049995,220.20000000000002,220.0
750.8596032999922,220.20000000000002,220.0
751.1796493999427,220.20000000000002,220.0
751.4997317000525,219.9,220.0
751.8210126999766,219.9,220.0
752.1096515000099,219.9,220.0
752.4288055000361,220.20000000000002,220.0
752.746542399982,220.20000000000002,220.0
753.0510667000199,220.20000000000002,220.0
753.3688837999944,220.0,220.0
753.6907003000379,220.0,220.0
754.0124414999736,220.0,220.0
754.29894160002,220.0,220.0
754.6166312999558,220.0,220.0
754.9396639999468,220.10000000000002,220.0
755.2406653000508,220.10000000000002,220.0
755.5622593000298,220.10000000000002,220.0
755.8632090999745,219.9,220.0
756.1844616000308,219.9,220.0
756.5040146999527,219.9,220.0
756.8251111999853,220.20000000000002,220.0
757.1291942000389,220.20000000000002,220.0
757.4488914000103,220.20000000000002,220.0
757.7655386000406,219.9,220.0
758.0713264000369,219.9,220.0
758.3895256000105,220.10000000000002,220.0
758.7117115999572,220.10000000000002,220.0
759.0286944999825,220.10000000000002,220.0
759.3355388999917,219.9,220.0
759.6542454999872,219.9,220.0
759.9563941999804,219.9,220.0
760.2763700999785,220.0,220.0
760.5987042000052,220.0,220.0
760.9025677000172,220.0,220.0
761.2213193000061,220.0,220.0
761.5414321999997,220.0,220.0
761.8420102000237,220.0,220.0
762.1660725000547,219.8,220.0
762.4818906999426,219.8,220.0
762.7899007999804,220.10000000000002,220.0
763.1068329999689,220.10000000000002,220.0
763.4089170000516,220.10000000000002,220.0
763.7314274000237,219.8,220.0
764.049263700028,219.8,220.0
764.3537279999582,219.8,220.0
764.674601500039,220.10000000000002,220.0
764.9782236999599,220.10000000000002,220.0
765.298372099991,220.10000000000002,220.0
765.6018542000093,219.9,220.0
765.9199102000566,219.9,220.0
766.2392038999824,219.9,220.0
766.5446914000204,220.10000000000002,220.0
766.8492509999778,220.10000000000002,220.0
767.1682933999691,219.9,220.0
767.4860716999974,219.9,220.0
767.8054820999969,219.9,220.0
768.1122825000202,220.0,220.0
768.4325008000014,220.0,220.0
768.751745800022,220.0,220.0
769.0528477999615,220.0,220.0
769.3757195000071,220.0,220.0
769.6770867999876,220.0,220.0
769.9984064999735,219.8,220.0
770.3186591999838,219.8,220.0
770.6229984000092,219.8,220.0
770.9257890000008,220.10000000000002,220.0
771.24332280003,220.10000000000002,220.0
771.5649035000242,220.10000000000002,220.0
771.8677610999439,219.8,220.0
772.1733051999472,219.8,220.0
772.4915502000367,220.10000000000002,220.0
772.8119437999558,220.10000000000002,220.0
773.1323953999672,220.10000000000002,220.0
773.4373009999981,219.9,220.0
773.7547141000396,219.9,220.0
774.0584104999434,219.9,220.0
774.3774261999642,220.0,220.0
774.6973449999932,220.0,220.0
775.0040883000474,220.0,220.0
775.3360193000408,220.0,220.0
775.642122899997,220.0,220.0
775.9613136999542,219.9,220.0
776.2806240000064,219.9,220.0
776.6005760000553,219.9,220.0
776.9034974999959,220.10000000000002,220.0
777.2265724999597,220.10000000000002,220.0
777.52982289996,220.10000000000002,220.0
777.8482991999481,219.8,220.0
778.1691508999793,219.8,220.0
778.4545094999485,219.8,220.0
778.7732569000218,220.10000000000002,220.0
779.0966952999588,220.10000000000002,220.0
779.3974428999936,220.10000000000002,220.0
779.7185631999746,219.8,220.0
780.0376750000287,219.8,220.0
780.3426366000203,219.8,220.0
780.6458074999973,220.10000000000002,220.0
780.9656754999887,220.10000000000002,220.0
781.285653400002,220.0,220.0
781.5903049999615,220.0,220.0
781.9089119000128,220.0,220.0
782.2145691999467,220.0,220.0
782.5311341000488,220.0,220.0
782.8527463000501,220.0,220.0
783.1731074999552,220.10000000000002,220.0
783.4770943999756,220.10000000000002,220.0
783.796265300014,220.10000000000002,220.0
784.1166627999628,219.9,220.0
784.4203437999822,219.9,220.0
784.7372512000147,219.9,220.0
785.0596494999481,220.10000000000002,220.0
785.3796992000425,220.10000000000002,220.0
785.695987300016,219.8,220.0
785.9874550000532,219.8,220.0
786.3062459999928,219.8,220.0
786.6244358000113,220.10000000000002,220.0
786.9462227999466,220.10000000000002,220.0
787.2805942000123,220.10000000000002,220.0
787.5836365999421,219.9,220.0
787.90183290001,219.9,220.0
788.2216475999448,219.9,220.0
788.543515700032,220.0,220.0
788.828930699965,220.0,220.0
789.1490493000019,220.0,220.0
789.4728864999488,220.0,220.0
789.7738084000302,220.0,220.0
790.0945169000188,220.0,220.0
790.3997773999581,220.0,220.0
790.7173324000323,220.0,220.0
791.0396465000231,220.20000000000002,220.0
791.3402783999918,220.20000000000002,220.0
791.6465844999766,220.20000000000002,220.0
791.966825600015,219.9,220.0
792.2851123999571,219.9,220.0
792.6059694000287,219.9,220.0
792.9077481999993,220.20000000000002,220.0
793.2116201999597,220.20000000000002,220.0
793.5322276999941,220.20000000000002,220.0
793.8512014000444,219.8,220.0
794.1544659000356,219.8,220.0
794.4725117000053,220.10000000000002,220.0
794.7793686999939,220.10000000000002,220.0
795.0819602999836,220.10000000000002,220.0
795.4002849999815,219.9,220.0
795.7213571999455,219.9,220.0
796.0247808999848,219.9,220.0
796.3454241999425,220.0,220.0
796.667370500043,220.0,220.0
796.9695940000238,220.0,220.0
797.2872945000418,220.10000000000002,220.0
797.6092340999749,220.10000000000002,220.0
797.9107808000408,220.10000000000002,220.0
798.2336270000087,219.9,220.0
798.5522524999687,219.9,220.0
798.8718637999846,220.20000000000002,220.0
799.1601348000113,220.20000000000002,220.0
799.4809515000088,220.20000000000002,220.0
799.7982754999539,219.9,220.0
800.1005153999431,219.9,220.0
800.4218105999753,219.9,220.0
800.7277436000295,220.10000000000002,220.0
801.0478408000199,220.10000000000002,220.0
801.3495253999718,220.10000000000002,220.0
801.6679237999488,219.9,220.0
801.9894431000575,219.9,220.0
802.2946710999822,219.9,220.0
802.5984475000296,220.0,220.0
802.9153151999926,220.0,220.0
803.2364469999447,220.0,220.0
803.5381653000368,220.0,220.0
803.8588249000022,220.0,220.0
804.1618848999497,220.0,220.0
804.4837834000355,220.0,220.0
804.8032337999903,220.0,220.0
805.108329599956,220.20000000000002,220.0
805.408361800015,220.20000000000002,220.0
805.7301932000555,220.20000000000002,220.0
806.0504187999759,219.9,220.0
806.3852047000546,219.9,220.0
806.6908292999724,219.9,220.0
807.0084357999731,220.20000000000002,220.0
807.3297412999673,220.20000000000002,220.0
807.6483972000424,219.9,220.0
807.9541570999427,219.9,220.0
808.2565263999859,219.9,220.0
808.5771600999869,220.10000000000002,220.0
808.8814514999976,220.10000000000002,220.0
809.1985537,220.10000000000002,220.0
809.5183877999661,220.0,220.0
809.8400205000071,220.0,220.0
810.1441854999866,220.0,220.0
810.4478697000304,220.0,220.0
810.7642246000469,220.0,220.0
811.0704268000554,220.0,220.0
811.3874183000298,220.10000000000002,220.0
811.7073149000062,220.10000000000002,220.0
812.0274264999898,220.10000000000002,220.0
812.3471240999643,219.9,220.0
812.6510112000396,219.9,220.0
812.9715464999899,220.10000000000002,220.0
813.2768527000444,220.10000000000002,220.0
813.5955232999986,220.10000000000002,220.0
813.9018786000088,219.8,220.0
814.2210621000268,219.8,220.0
814.5411084999796,219.8,220.0
814.8424409000436,220.10000000000002,220.0
815.1473246000241,220.10000000000002,220.0
815.4639621999813,220.10000000000002,220.0
815.7848659999436,219.8,220.0
816.1060242999811,219.8,220.0
816.3939367999556,219.8,220.0
816.7139587999554,220.0,220.0
817.032643500017,220.0,220.0
817.3374636999797,220.0,220.0
817.6566406999482,220.0,220.0
817.9616461000405,220.0,220.0
818.2790975000244,220.0,220.0
818.5835953999776,220.0,220.0
818.9030928999418,220.0,220.0
819.2074209999992,220.20000000000002,220.0
819.5285855999682,220.20000000000002,220.0
819.8489644000074,220.20000000000002,220.0
820.1685466000345,219.9,220.0
820.4562044000486,219.9,220.0
820.7719461000524,219.9,220.0
821.0927739000181,220.20000000000002,220.0
821.4113213999663,220.20000000000002,220.0
821.7350973000284,219.8,220.0
822.0390345000196,219.8,220.0
822.3549695999827,219.8,220.0
822.6755491000367,220.10000000000002,220.0
822.994259799947,220.10000000000002,220.0
823.3172795999562,220.10000000000002,220.0
823.6179014999652,219.9,220.0
823.9394975999603,219.9,220.0
824.2597953999648,219.9,220.0
824.5610679000383,220.0,220.0
824.881354299956,220.0,220.0
825.2027646000497,220.0,220.0
825.5222400999628,220.10000000000002,220.0
825.8244431000203,220.10000000000002,220.0
826.1461090999655,219.9,220.0
826.4493360000197,219.9,220.0
826.7552226999542,219.9,220.0
827.0727849999676,220.20000000000002,220.0
827.3924895999953,220.20000000000002,220.0
827.7141370000318,220.20000000000002,220.0
828.0161855999613,219.9,220.0
828.3194215999683,219.9,220.0
828.6396103999577,219.9,220.0
828.9606036000187,220.20000000000002,220.0
829.2624224999454,220.20000000000002,220.0
829.5846450000536,220.20000000000002,220.0
829.8861425999785,219.9,220.0
830.1890032000374,219.9,220.0
830.5117954999441,219.9,220.0
830.8282072000438,220.10000000000002,220.0
831.1508424000349,220.10000000000002,220.0
831.4531982999761,220.10000000000002,220.0
831.7745828999905,220.10000000000002,220.0
832.0906002999982,220.10000000000002,220.0
832.4122144000139,220.0,220.0
832.7142168000573,220.0,220.0
833.0366241999436,220.0,220.0
833.35713759996,220.20000000000002,220.0
833.6772898000199,220.20000000000002,220.0
833.9973752000369,220.20000000000002,220.0
834.300455700024,219.9,220.0
834.6010633000406,219.9,220.0
834.9218698999612,220.20000000000002,220.0
835.2249284000136,220.20000000000002,220.0
835.5476356999716,220.20000000000002,220.0
835.8501556999981,219.9,220.0
836.1708207000047,219.9,220.0
836.4875140000368,219.9,220.0
836.794639699976,220.20000000000002,220.0
837.1119749000063,220.20000000000002,220.0
837.4178806999698,220.20000000000002,220.0
837.7363490000134,220.0,220.0
838.0546068999683,220.0,220.0
838.35994330002,220.0,220.0
838.662633699947,220.0,220.0
838.9822370000184,220.0,220.0
839.3037207999732,220.0,220.0
839.6090864000143,220.10000000000002,220.0
839.9107419999782,220.10000000000002,220.0
840.2322522000177,219.9,220.0
840.5496069999645,219.9,220.0
840.8718700000318,219.9,220.0
841.1721234000288,220.20000000000002,220.0
841.4942858000286,220.20000000000002,220.0
841.7817980999826,220.20000000000002,220.0
842.1001252999995,219.9,220.0
842.4212166999932,219.9,220.0
842.7406913000159,219.9,220.0
843.0462480999995,220.20000000000002,220.0
843.3465291999746,220.20000000000002,220.0
843.6677049000282,220.20000000000002,220.0
843.9883534000255,220.0,220.0
844.2912855000468,220.0,220.0
844.6098136999644,220.10000000000002,220.0
844.9320516999578,220.10000000000002,220.0
845.2495470000431,220.10000000000002,220.0
845.5553194000386,220.10000000000002,220.0
845.8717975999461,220.10000000000002,220.0
846.1941851000302,220.10000000000002,220.0
846.4991921000183,220.0,220.0
846.8016996999504,220.0,220.0
847.1228710999712,220.0,220.0
847.4414300000062,220.10000000000002,220.0
847.7451429000357,220.10000000000002,220.0
848.0654989000177,220.10000000000002,220.0
848.3819884000113,219.9,220.0
848.6728820999851,219.9,220.0
848.9895648000529,220.20000000000002,220.0
849.3110725999577,220.20000000000002,220.0
849.632953900029,220.20000000000002,220.0
849.933357300004,219.9,220.0
850.2400101999519,219.9,220.0
850.5588004000019,219.9,220.0
850.8605315999594,220.10000000000002,220.0
851.182195500005,220.10000000000002,220.0
851.5030302000232,220.10000000000002,220.0
851.8201568999793,220.0,220.0
852.108758599963,220.0,220.0
852.4290384999476,220.0,220.0
852.7476146999979,220.0,220.0
853.051615000004,220.0,220.0
853.3700004999992,220.0,220.0
853.6905528999632,220.0,220.0
853.995317599969,220.0,222.0
854.3141752999509,219.9,224.0
854.6528095999965,219.9,227.0
854.9380637999857,219.9,228.0
855.2433771999786,220.10000000000002,229.0
855.5448623000411,220.10000000000002,230.0
855.8655291999457,220.10000000000002,230.0
856.1888603999978,219.8,230.0
856.5060159000568,219.8,230.0
856.8077693999512,219.8,230.0
857.11466750002,220.60000000000002,230.0
857.4314482000191,220.60000000000002,230.0
857.7534875000129,220.60000000000002,230.0
858.0736237999517,222.20000000000002,230.0
858.3761150999926,222.20000000000002,230.0
858.6803545999574,223.5,230.0
858.9997105000075,223.5,230.0
859.301311600022,223.5,230.0
859.6225027999608,224.5,230.0
859.9290192000335,224.5,230.0
860.2488587000407,224.5,230.0
860.564513899968,225.5,230.0
860.8694319999777,225.5,230.0
861.1892217999557,225.5,230.0
861.5078770000255,226.10000000000002,230.0
861.8137301000534,226.10000000000002,230.0
862.1328915000195,226.10000000000002,230.0
862.453824599972,226.20000000000002,230.0
862.7733269999735,226.20000000000002,230.0
863.07481739996,226.4,230.0
863.3980341999559,226.4,230.0
863.7018776000477,226.4,230.0
864.0205174000002,226.20000000000002,230.0
864.3222059999825,226.20000000000002,230.0
864.6432259000139,226.20000000000002,230.0
864.9461111000273,226.4,230.0
865.2667137000244,226.4,230.0
865.568275299971,226.4,230.0
865.8894650000148,227.0,230.0
866.1917782999808,227.0,230.0
866.5159681000514,227.0,230.0
866.831601300044,227.4,230.0
867.1385287999874,227.4,230.0
867.4589099000441,227.4,230.0
867.775694699958,228.10000000000002,230.0
868.0963118999498,228.10000000000002,230.0
868.4021325999638,228.60000000000002,230.0
868.7186357999453,228.60000000000002,230.0
869.0399026999949,228.60000000000002,230.0
869.360072099953,229.0,230.0
869.6803493000334,229.0,230.0
869.9822172999848,229.0,230.0
870.2885974999517,228.9,230.0
870.6051518999739,228.9,230.0
870.9247046000091,228.9,230.0
871.2312560999999,229.0,230.0
871.5333000000101,229.0,230.0
871.8538160000462,229.0,230.0
872.1739896000363,228.8,230.0
872.4952764000045,228.8,230.0
872.7973972000182,228.8,230.0
873.1142711000284,228.8,230.0
873.4350940999575,228.8,230.0
873.7537408999633,229.10000000000002,230.0
874.0574041999644,229.10000000000002,230.0
874.3635956000071,229.10000000000002,230.0
874.683957500034,229.20000000000002,230.0
875.0044580999529,229.20000000000002,230.0
875.3070390999783,229.20000000000002,230.0
875.6267883999972,229.70000000000002,230.0
875.928654700052,229.70000000000002,230.0
876.2479838000145,229.70000000000002,230.0
876.5708797000116,230.0,230.0
876.8727702000178,230.0,230.0
877.1784366000211,230.4,230.0
877.4952022000216,230.4,230.0
877.8179815999465,230.4,230.0
878.1185404999414,230.4,230.0
878.4401920000091,230.4,230.0
878.745056899963,230.4,230.0
879.049205700052,230.60000000000002,230.0
879.3653055999894,230.60000000000002,230.0
879.6877306000097,230.60000000000002,230.0
880.0062557000201,230.4,230.0
880.3122979999753,230.4,230.0
880.6156260999851,230.4,230.0
880.9362117999699,230.3,230.0
881.2537122999784,230.3,230.0
881.5742368999636,230.70000000000002,230.0
881.8952293000184,230.70000000000002,230.0
882.1987809999846,230.70000000000002,230.0
882.49992750003,230.60000000000002,230.0
882.8219917999813,230.60000000000002,230.0
883.1385287999874,230.60000000000002,230.0
883.4584795000264,231.10000000000002,230.0
883.7501421000343,231.10000000000002,230.0
884.0670569000067,231.10000000000002,230.0
884.388417399954,231.10000000000002,230.0
884.7051642000442,231.10000000000002,230.0
885.0261904000072,231.10000000000002,230.0
885.3488498999504,231.5,230.0
885.6511645000428,231.5,230.0
885.952341999975,231.5,230.0
886.2756654999685,231.5,230.0
886.5933551000198,231.5,230.0
886.9137071999721,231.5,230.0
887.216046400019,231.5,230.0
887.5232093000086,231.5,230.0
887.8395125999814,231.5,230.0
888.1620867999736,231.5,230.0
888.4792107000249,231.5,230.0
888.7861097999848,231.3,230.0
889.1023425000021,231.3,230.0
889.4241406000219,231.3,230.0
889.7296138999518,231.5,230.0
890.0476612000493,231.5,230.0
890.3686884000199,231.4,230.0
890.6704711000202,231.4,230.0
890.992354499991,231.4,230.0
891.2960722000571,231.70000000000002,230.0
891.6123291000258,231.70000000000002,230.0
891.9353846999584,231.70000000000002,230.0
892.2521508999635,231.70000000000002,230.0
892.5587137000402,231.70000000000002,230.0
892.8781860000454,231.70000000000002,230.0
893.1979289000155,231.8,230.0
893.4864475999493,231.8,230.0
893.8024425000185,231.8,230.0
894.125820199959,231.8,230.0
894.4430140999611,231.8,230.0
894.7650633000303,231.70000000000002,230.0
895.0824631999712,231.70000000000002,230.0
895.3889215999516,231.70000000000002,230.0
895.7058383000549,231.70000000000002,230.0
896.0104566999944,231.70000000000002,230.0
896.3152088000206,231.70000000000002,230.0
896.6330452000257,231.4,230.0
896.9537842000136,231.4,230.0
897.2725516000064,231.4,230.0
897.5790709999856,231.70000000000002,230.0
897.8981166000012,231.70000000000002,230.0
898.2020527999848,231.70000000000002,230.0
898.5213908000151,231.4,230.0
898.8396412000293,231.4,230.0
899.1582349999808,231.70000000000002,230.0
899.4622412000317,231.70000000000002,230.0
899.7851170999929,231.70000000000002,230.0
900.0882437999826,231.5,230.0
900.4080918000545,231.5,230.0
900.7245371999452,231.5,230.0
901.0455191000365,231.60000000000002,230.0
901.3669711999828,231.60000000000002,230.0
901.6695542000234,231.60000000000002,230.0
901.975004900014,231.60000000000002,230.0
902.2917389000067,231.60000000000002,230.0
902.6137767999899,231.60000000000002,230.0
902.9336290999781,231.4,230.0
903.2366777999559,231.4,230.0
903.5415388999972,231.4,230.0
903.8610125000123,231.4,230.0
904.1646204000572,231.4,230.0
904.4819463000167,231.10000000000002,230.0
904.8021124999505,231.10000000000002,230.0
905.1051425000187,231.10000000000002,230.0
905.4281697999686,231.3,230.0
905.7453344999813,231.3,230.0
906.0512297999812,231.3,230.0
906.3704874999821,231.0,230.0
906.6920128000202,231.0,230.0
907.008312299964,231.0,230.0
907.329328999971,231.20000000000002,230.0
907.635370300035,231.20000000000002,230.0
907.9519646000117,231.10000000000002,230.0
908.2726599000162,231.10000000000002,230.0
908.5751337000402,231.10000000000002,230.0
908.894668300054,231.0,230.0
909.2022456000559,231.0,230.0
909.5026524000568,231.0,230.0
909.8235218999907,231.0,230.0
910.1455892999656,231.0,230.0
910.4611901999451,231.0,230.0
910.7521356999641,230.8,230.0
911.0713741000509,230.8,230.0
911.3925411000382,230.8,230.0
911.6961961999768,230.9,230.0
912.0144946000073,230.9,230.0
912.3339931999799,230.9,230.0
912.6370113999583,230.60000000000002,230.0
912.9568867000053,230.60000000000002,230.0
913.2766936999978,230.8,230.0
913.5822695000097,230.8,230.0
913.9018032000167,230.8,230.0
914.20331240003,230.5,230.0
914.5241462000413,230.5,230.0
914.843139900011,230.5,230.0
915.161537899985,230.70000000000002,230.0
915.4674928999739,230.70000000000002,230.0
915.7890011999989,230.70000000000002,230.0
916.0901382999728,230.60000000000002,230.0
916.4109518999467,230.60000000000002,230.0
916.7122357999906,230.60000000000002,230.0
917.03214939998,230.5,230.0
917.3554787000176,230.5,230.0
917.6567909000441,230.60000000000002,230.0
917.9630746999756,230.60000000000002,230.0
918.2822999999626,230.60000000000002,230.0
918.5824525000062,230.3,230.0
918.9028004000429,230.3,230.0
919.2096735000378,230.3,230.0
919.5291363999713,230.5,230.0
919.849163100007,230.5,230.0
920.1511277999962,230.5,230.0
920.4530025999993,230.10000000000002,230.0
920.7737890999997,230.10000000000002,230.0
921.0925757000223,230.10000000000002,230.0
921.3987713999813,230.4,230.0
921.7178904999746,230.4,230.0
922.0386368000181,230.10000000000002,230.0
922.3395364000462,230.10000000000002,230.0
922.6611674999585,230.10000000000002,230.0
922.9640473000472,230.20000000000002,230.0
923.2835064999526,230.20000000000002,230.0
923.6049086999847,230.20000000000002,230.0
923.9096924000187,230.20000000000002,230.0
924.2300490000052,230.20000000000002,230.0
924.5459222999634,230.20000000000002,230.0
924.8662821999751,230.0,230.0
925.1565227999818,230.0,230.0
925.4773377999663,230.0,230.0
925.7965172999538,230.20000000000002,230.0
926.1138655999675,230.20000000000002,230.0
926.4365948999766,229.9,230.0
926.7395570999943,229.9,230.0
927.055660199956,229.9,230.0
927.3595657000551,230.20000000000002,230.0
927.6796731000068,230.20000000000002,230.0
928.0010299000423,230.20000000000002,230.0
928.3188043000409,229.9,230.0
928.62443169998,229.9,230.0
928.9264374000486,229.9,230.0
929.2477142000571,230.0,230.0
929.5674966999795,230.0,230.0
929.8880189999472,230.0,230.0
930.1934385000495,229.9,230.0
930.5125516999979,229.9,230.0
930.8303421000019,229.9,230.0
931.1346698000561,229.9,230.0
931.4560438999906,229.9,230.0
931.7564094000263,230.0,230.0
932.0758443999803,230.0,230.0
932.3829562000465,230.0,230.0
932.6997792000184,229.8,230.0
933.0032961999532,229.8,230.0
933.3239203999983,229.8,230.0
933.6437217999483,230.0,230.0
933.9648284000577,230.0,230.0
934.2698657000437,230.0,230.0
934.5857069999911,229.70000000000002,230.0
934.9091655999655,229.70000000000002,230.0
935.2114879000001,229.9,230.0
935.5332024999661,229.9,230.0
935.8502610999858,229.9,230.0
936.1558436000487,229.70000000000002,230.0
936.4723505999427,229.70000000000002,230.0
936.7933153000195,229.70000000000002,230.0
937.1125699999975,229.8,230.0
937.4169401000254,229.8,230.0
937.7384523999644,229.8,230.0
938.0592502000509,229.8,230.0
938.3788121000398,229.8,230.0
938.6789446000475,229.8,230.0
939.000106499996,229.70000000000002,230.0
939.3061689999886,229.70000000000002,230.0
939.6216662999941,229.9,230.0
939.9432598999701,229.9,230.0
940.2460819999687,229.9,230.0
940.5514732999727,229.60000000000002,230.0
940.87248000002,229.60000000000002,230.0
941.1891481999774,229.60000000000002,230.0
941.5123920999467,229.9,230.0
941.8127673000563,229.9,230.0
942.1350207000505,229.9,230.0
942.4552110000513,229.60000000000002,230.0
942.7732986999908,229.60000000000002,230.0
943.0784057000419,229.60000000000002,230.0
943.3819206999615,229.8,230.0
943.7027636000421,229.8,230.0
944.0187429999933,229.8,230.0
944.3254368000198,229.8,230.0
944.6441293000244,229.8,230.0
944.9468638000544,229.70000000000002,230.0
945.2676352000562,229.70000000000002,230.0
945.5693694000365,229.70000000000002,230.0
945.8887660000473,229.8,230.0
946.2116668999661,229.8,230.0
946.5122095999541,229.8,230.0
946.8186625000089,229.60000000000002,230.0
947.1396135999821,229.60000000000002,230.0
947.4568737000227,229.60000000000002,230.0
947.7793365999823,229.9,230.0
948.0820743000368,229.9,230.0
948.4043472999474,229.9,230.0
948.719053799985,229.60000000000002,230.0
949.0424641999416,229.60000000000002,230.0
949.3430330000119,229.8,230.0
949.6652901000343,229.8,230.0
949.9823554999894,229.8,230.0
950.3029783000238,229.70000000000002,230.0
950.6237703999504,229.70000000000002,230.0
950.9269565000432,229.70000000000002,230.0
951.2479887000518,229.8,230.0
951.5645007999847,229.8,230.0
951.8690040999791,229.8,230.0
952.1936259999638,229.8,230.0
952.4935336000053,229.8,230.0
952.8147403999465,229.70000000000002,230.0
953.1186102000065,229.70000000000002,230.0
953.4388510000426,229.70000000000002,230.0
953.740509300027,229.9,230.0
954.0605711999815,229.9,230.0
954.3814113000408,229.9,230.0
954.6841387000168,229.60000000000002,230.0
954.9862751000328,229.60000000000002,230.0
955.3090664000483,229.60000000000002,230.0
955.6259859000565,229.9,230.0
955.9461303000571,229.9,230.0
956.2689925000304,229.9,230.0
956.5891222000355,229.60000000000002,230.0
956.8896068000467,229.60000000000002,230.0
957.192939599976,229.60000000000002,230.0
957.5146816000342,229.8,230.0
957.8340235999785,229.8,230.0
958.1360877000261,229.70000000000002,230.0
958.4422323999461,229.70000000000002,230.0
958.7596596999792,229.70000000000002,230.0
959.0812930000247,229.70000000000002,230.0
959.3834406000096,229.70000000000002,230.0
959.7049839999527,229.70000000000002,230.0
960.0250574999955,229.8,230.0
960.3122036999557,229.8,230.0
960.6335803000256,229.8,230.0
960.9513986000093,229.60000000000002,230.0
961.2726997999707,229.60000000000002,230.0
961.575281700003,229.60000000000002,230.0
961.8962621999672,229.9,230.0
962.1978652999969,229.9,230.0
962.5197863000212,229.5,230.0
962.8237833000021,229.5,230.0
963.1392997000366,229.5,230.0
963.461046100012,229.8,230.0
963.7639889999991,229.8,230.0
964.0698784999549,229.8,230.0
964.3908122000284,229.60000000000002,230.0
964.708673199988,229.60000000000002,230.0
965.0303622999927,229.60000000000002,230.0
965.331051300047,229.70000000000002,230.0
965.6512350999983,229.70000000000002,230.0
965.9729019999504,229.70000000000002,230.0
966.2896024000365,229.8,230.0
966.6118987000082,229.8,230.0
966.9132159999572,229.60000000000002,230.0
967.2323218999663,229.60000000000002,230.0
967.5540303000016,229.60000000000002,230.0
967.8747429000214,229.9,230.0
968.1772412999999,229.9,230.0
968.498785499949,229.9,230.0
968.8152274000458,229.60000000000002,230.0
969.1208546999842,229.60000000000002,230.0
969.4412150999997,229.60000000000002,230.0
969.7450052000349,229.9,230.0
970.0648267000215,229.9,230.0
970.3694354000036,229.9,230.0
970.6877706999658,229.70000000000002,230.0
971.0066501999972,229.70000000000002,230.0
971.3138067000546,229.8,230.0
971.6168029999826,229.8,230.0
971.9363779999549,229.8,230.0
972.2373040999519,229.8,230.0
972.5595711000497,229.8,230.0
972.8790448999498,229.8,230.0
973.1812685000477,229.70000000000002,230.0
973.5000954000279,229.70000000000002,230.0
973.8060146999778,229.70000000000002,230.0
974.1276689999504,229.9,230.0
974.4439037999837,229.9,230.0
974.7636923999526,229.9,230.0
975.0849459000165,229.70000000000002,230.0
975.3868166999891,229.70000000000002,230.0
975.7061098000268,230.0,230.0
976.0136469999561,230.0,230.0
976.3293257999467,230.0,230.0
976.6516806000145,229.70000000000002,230.0
976.9387711000163,229.70000000000002,230.0
977.2602008000249,229.70000000000002,230.0
977.5780551000498,230.0,230.0
977.881143799983,230.0,230.0
978.2033633999527,230.0,230.0
978.5234938999638,229.8,230.0
978.8269614999881,229.8,230.0
979.1286109000212,229.8,230.0
979.4484188000206,229.9,230.0
979.7683351000305,229.9,230.0
980.0868044999661,229.9,230.0
980.3939292000141,229.9,230.0
980.6983289000345,229.9,230.0
981.0149465999566,229.8,230.0
981.3213401000248,229.8,230.0
981.6413943000371,229.8,230.0
981.9584595999913,230.10000000000002,230.0
982.2642499000067,230.10000000000002,230.0
982.5834016000153,230.10000000000002,230.0
982.8853386000264,229.8,230.0
983.2074374000076,229.8,230.0
983.5249551000306,229.8,230.0
983.8468794999644,230.10000000000002,230.0
984.1644784000237,230.10000000000002,230.0
984.46855650004,230.10000000000002,230.0
984.7721199999796,229.9,230.0
985.0905020999489,229.9,230.0
985.3971691000042,230.10000000000002,230.0
985.714857700048,230.10000000000002,230.0
986.0353889999678,230.10000000000002,230.0
986.3560456000268,230.0,230.0
986.6419732000213,230.0,230.0
986.964534400031,230.0,230.0
987.2659931000089,230.0,230.0
987.5885437000543,230.0,230.0
987.9046254999703,230.0,230.0
988.2272588999476,230.10000000000002,230.0
988.5320356000448,230.10000000000002,230.0
988.8502094999421,230.10000000000002,230.0
989.1518386000535,229.9,230.0
989.4591808000114,229.9,230.0
989.7757701999508,230.20000000000002,230.0
990.0973165000323,230.20000000000002,230.0
990.4002402999904,230.20000000000002,230.0
990.7179279000266,229.9,230.0
991.025226800004,229.9,230.0
991.3273217000533,229.9,230.0
991.6457349000266,230.20000000000002,230.0
991.9661435999442,230.20000000000002,230.0
992.2888045000145,230.20000000000002,230.0
992.589759399998,230.0,230.0
992.9111537999706,230.0,230.0
993.2118153000483,230.0,230.0
993.5360028999858,230.10000000000002,230.0
993.8542442000471,230.10000000000002,230.0
994.1722591000143,230.10000000000002,230.0
994.4749406999908,230.10000000000002,230.0
994.7957366999472,230.10000000000002,230.0
995.1173535999842,230.0,230.0
995.4064691000385,230.0,230.0
995.7225001000334,230.0,230.0
996.0457558999769,230.20000000000002,230.0
996.3652997999452,230.20000000000002,230.0
996.666847400018,230.20000000000002,230.0
996.9728580999654,229.9,230.0
997.2907998999581,229.9,230.0
997.6100311999908,229.9,230.0
997.9297586999601,230.3,230.0
998.2322591999546,230.3,230.0
998.5391199999722,230.3,230.0
998.8574908999726,230.0,230.0
999.1791934999637,230.0,230.0
999.4792408000212,230.20000000000002,230.0
999.7845617999556,230.20000000000002,230.0
1000.1066044999752,230.20000000000002,230.0
1000.4250353999669,230.10000000000002,230.0
1000.7298759999685,230.10000000000002,230.0
1001.0464221000439,230.10000000000002,230.0
1001.353053699946,230.10000000000002,230.0
1001.6698181000538,230.10000000000002,230.0
1001.9902760999976,230.10000000000002,230.0
1002.3095048000105,230.3,230.0
1002.6308239999926,230.3,230.0
1002.9321500000078,230.3,230.0
1003.2527199999895,230.0,230.0
1003.5718220999697,230.0,230.0
1003.893224200001,230.3,230.0
1004.1979468000354,230.3,230.0
1004.5161086999578,230.3,230.0
1004.8216544999741,230.0,230.0
1005.138473900035,230.0,230.0
1005.4447711999528,230.0,230.0
1005.7659953000257,230.3,230.0
1006.0688250999665,230.3,230.0
1006.3865139000118,230.3,230.0
1006.7069006999955,230.10000000000002,230.0
1007.0269034999656,230.10000000000002,230.0
1007.31352039997,230.10000000000002,230.0
1007.6342166999821,230.20000000000002,230.0
1007.9541547000408,230.20000000000002,230.0
1008.2724406999769,230.20000000000002,230.0
1008.5782441999763,230.20000000000002,230.0
1008.8792617999716,230.20000000000002,230.0
1009.2024551000213,230.10000000000002,230.0
1009.520271699992,230.10000000000002,230.0
1009.8399854999734,230.10000000000002,230.0
1010.1438017999753,230.3,230.0
1010.4459914000472,230.3,230.0
1010.7669783999445,230.3,230.0
1011.0716409999877,230.10000000000002,230.0
1011.3889818999451,230.10000000000002,230.0
1011.7116760000354,230.10000000000002,230.0
1012.0001771999523,230.3,230.0
1012.3183231999865,230.3,230.0
1012.6391259999946,230.10000000000002,230.0
1012.9564522999572,230.10000000000002,230.0
1013.2610406000167,230.10000000000002,230.0
1013.582566200057,230.20000000000002,230.0
1013.886015899945,230.20000000000002,230.0
1014.2059354999801,230.20000000000002,230.0
1014.5263420999981,230.10000000000002,230.0
1014.8436903000111,230.10000000000002,230.0
1015.1650546999881,230.10000000000002,230.0
1015.467406700016,230.10000000000002,230.0
1015.7730114000151,230.10000000000002,230.0
1016.0926684000297,230.10000000000002,230.0
1016.395049200044,230.20000000000002,230.0
1016.7126994000282,230.20000000000002,230.0
1017.0336908999598,230.10000000000002,230.0
1017.3365280999569,230.10000000000002,230.0
1017.6577053000219,230.10000000000002,230.0
1017.9658088999568,230.3,230.0
1018.2798020000337,230.3,230.0
1018.5868489999557,230.3,230.0
1018.9045214999933,230.0,230.0
1019.2232991999481,230.0,230.0
1019.5304932999425,230.0,230.0
1019.8324161999626,230.3,230.0
1020.1529609999852,230.3,230.0
1020.4740480999462,230.3,230.0
1020.7898031000514,230.10000000000002,230.0
1021.1136517999694,230.10000000000002,230.0
1021.4157592999982,230.10000000000002,230.0
1021.7373773000436,230.20000000000002,230.0
1022.0389970999677,230.20000000000002,230.0
1022.3598364000209,230.20000000000002,230.0
1022.680054299999,230.20000000000002,230.0
1022.9828804000281,230.20000000000002,230.0
1023.287318799994,230.10000000000002,230.0
1023.6042849000078,230.10000000000002,230.0
1023.9255305000115,230.10000000000002,230.0
1024.2439723999705,230.3,230.0
1024.5654418000486,230.3,230.0
1024.8668353999965,230.3,230.0
1025.1885064999806,230.0,230.0
1025.5086684999987,230.0,230.0
1025.8274882000405,230.0,230.0
1026.1304630000377,230.3,230.0
1026.4492292000214,230.3,230.0
1026.7706224999856,230.0,230.0
1027.0729029000504,230.0,230.0
1027.3964987000218,230.0,230.0
1027.6993460999802,230.20000000000002,230.0
1028.0187867999775,230.20000000000002,230.0
1028.3200049999868,230.20000000000002,230.0
1028.6407922999933,230.10000000000002,230.0
1028.9463501999853,230.10000000000002,230.0
1029.2636552000185,230.10000000000002,230.0
1029.5699900999898,230.10000000000002,230.0
1029.8864402000327,230.10000000000002,230.0
1030.2094801999629,230.10000000000002,230.0
1030.5301230000332,230.20000000000002,230.0
1030.8330441999715,230.20000000000002,230.0
1031.1517010000534,230.0,230.0
1031.4720954999793,230.0,230.0
1031.773399000056,230.0,230.0
1032.0942245000042,230.3,230.0
1032.4161993999733,230.3,230.0
1032.7167784000048,230.3,230.0
1033.022318399977,230.0,230.0
1033.3437409000471,230.0,230.0
1033.6617797999643,230.0,230.0
1033.983016400016,230.3,230.0
1034.2868869999656,230.3,230.0
1034.602962099947,230.3,230.0
1034.9248393999878,230.10000000000002,230.0
1035.2293646000326,230.10000000000002,230.0
1035.5478166999528,230.20000000000002,230.0
1035.8700364000397,230.20000000000002,230.0
1036.170790300006,230.20000000000002,230.0
1036.4761991000269,230.20000000000002,230.0
1036.7968026000308,230.20000000000002,230.0
1037.114325499977,230.20000000000002,230.0
1037.4343621999724,230.10000000000002,230.0
1037.722608400043,230.10000000000002,230.0
1038.0406100000255,230.10000000000002,230.0
1038.3602937000105,230.3,230.0
1038.6662077000365,230.3,230.0
1038.9829796999693,230.3,230.0
1039.3041265000356,230.0,230.0
1039.6106222999515,230.0,230.0
1039.9280900999438,230.3,230.0
1040.2318491999758,230.3,230.0
1040.5364065000322,230.3,230.0
1040.8563922999892,230.0,230.0
1041.1767626999645,230.0,230.0
1041.4974461999955,230.0,230.0
1041.7969028999796,230.20000000000002,230.0
1042.1209321999922,230.20000000000002,230.0
1042.4396468000486,230.20000000000002,230.0
1042.759168599965,230.10000000000002,230.0
1043.061265700031,230.10000000000002,230.0
1043.3646592999576,230.10000000000002,230.0
1043.685061300057,230.10000000000002,230.0
1044.0050981000531,230.10000000000002,230.0
1044.327157599968,230.10000000000002,230.0
1044.6459992999444,230.10000000000002,230.0
1044.9489714000374,230.10000000000002,230.0
1045.2676675999537,229.9,230.0
1045.5888866999885,229.9,230.0
1045.8763325000182,229.9,230.0
1046.1959683999885,230.20000000000002,230.0
1046.5130626000464,230.20000000000002,230.0
1046.8333379999967,230.20000000000002,230.0
1047.1365746000083,229.9,230.0
1047.4424799999688,229.9,230.0
1047.764226899948,229.9,230.0
1048.0817133999662,230.20000000000002,230.0
1048.383974299999,230.20000000000002,230.0
1048.7054279999575,230.20000000000002,230.0
1049.0067387999734,230.0,230.0
1049.3289956999943,230.0,230.0
1049.6499563000398,230.10000000000002,230.0
1049.9670319999568,230.10000000000002,230.0
1050.2860932999756,230.10000000000002,230.0
1050.5776467999676,230.10000000000002,230.0
1050.8935853999574,230.10000000000002,230.0
1051.216621999978,230.10000000000002,230.0
1051.5371582000516,230.0,230.0
1051.8394334999612,230.0,230.0
1052.1600706999889,230.0,230.0
1052.4632050000364,230.10000000000002,230.0
1052.78249100002,230.10000000000002,230.0
1053.1018937999615,230.10000000000002,230.0
1053.4048443000065,229.9,230.0
1053.7102998000337,229.9,230.0
1054.03048820002,230.20000000000002,230.0
1054.3498386000283,230.20000000000002,230.0
1054.6514357000124,230.20000000000002,230.0
1054.9722511,229.9,230.0
1055.2766980000306,229.9,230.0
1055.5969334000256,229.9,230.0
1055.9001304999692,230.10000000000002,230.0
1056.2209609999554,230.10000000000002,230.0
1056.5404243000085,230.10000000000002,230.0
1056.8567554999609,230.0,230.0
1057.1622539999662,230.0,230.0
1057.4843795000343,230.0,230.0
1057.8046920000343,230.0,230.0
1058.1047292000148,230.0,230.0
1058.4117458000546,230.10000000000002,230.0
1058.7268386000069,230.10000000000002,230.0
1059.0477277999744,230.10000000000002,230.0
1059.3532023000298,229.9,230.0
1059.6706732000457,229.9,230.0
1059.977081399993,229.9,230.0
1060.2985494999448,230.20000000000002,230.0
1060.6148595999693,230.20000000000002,230.0
1060.9219630999723,230.20000000000002,230.0
1061.223575699958,229.9,230.0
1061.5435090999817,229.9,230.0
1061.8612958999583,229.9,230.0
1062.180905599962,230.20000000000002,230.0
1062.5035787000088,230.20000000000002,230.0
1062.8058216000209,230.0,230.0
1063.124380000052,230.0,230.0
1063.4464574999874,230.0,230.0
1063.7676310000243,230.10000000000002,230.0
1064.0834421999753,230.10000000000002,230.0
1064.3900546999648,230.10000000000002,230.0
1064.7071477000136,230.0,230.0
1065.0264416999416,230.0,230.0
1065.3487925999798,230.0,230.0
1065.6525484999875,230.0,230.0
1065.9706463000039,230.0,230.0
1066.2898913000245,230.0,230.0
1066.593749599997,230.10000000000002,230.0
1066.916663400014,230.10000000000002,230.0
1067.2331790999742,229.9,230.0
1067.5526383999968,229.9,230.0
1067.875765600009,229.9,230.0
1068.1782686000224,230.10000000000002,230.0
1068.499287200044,230.10000000000002,230.0
1068.819524700055,230.10000000000002,230.0
1069.1224963000277,229.8,230.0
1069.4394808999496,229.8,230.0
1069.7616474999813,229.8,230.0
1070.0514686000533,230.10000000000002,230.0
1070.3661369000329,230.10000000000002,230.0
1070.6874640999595,230.10000000000002,230.0
1071.0081668000203,229.9,230.0
1071.3100067999912,229.9,230.0
1071.6168708000332,229.9,230.0
1071.9329872999806,229.9,230.0
1072.238720000023,229.9,230.0
1072.55920290004,230.0,230.0
1072.8783842000412,230.0,230.0
1073.197861899971,230.0,230.0
1073.485932599986,229.8,230.0
1073.8074580000248,229.8,230.0
1074.1260613000486,229.8,230.0
1074.4437633999623,230.0,230.0
1074.7467938000336,230.0,230.0
1075.0688347000396,230.0,230.0
1075.3738276000367,229.8,230.0
1075.6746353999479,229.8,230.0
1075.99398499995,230.0,230.0
1076.3147897999734,230.0,230.0
1076.6179511999944,230.0,230.0
1076.9380927999737,229.8,230.0
1077.2586447000504,229.8,230.0
1077.5609702999936,229.8,230.0
1077.8805943999905,230.0,230.0
1078.2028905999614,230.0,230.0
1078.521267300006,230.0,230.0
1078.823569100001,229.9,230.0
1079.1459182000253,229.9,230.0
1079.448753900011,229.9,230.0
1079.7695506999735,229.9,230.0
1080.1048123999499,229.9,230.0
1080.4257836999604,230.0,230.0
1080.7286587000126,230.0,230.0
1081.0498160000425,230.0,230.0
1081.3663295999868,229.8,230.0
1081.6724419000093,229.8,230.0
1081.9762239999836,229.8,230.0
1082.294172600028,230.10000000000002,230.0
1082.6155939999735,230.10000000000002,230.0
1082.9162432999583,230.10000000000002,230.0
1083.22166749998,229.8,230.0
1083.558733999962,229.8,230.0
1083.8596897999523,229.8,230.0
1084.1790443999926,230.10000000000002,230.0
1084.500506100012,230.10000000000002,230.0
1084.8226388000185,229.9,230.0
1085.123975800001,229.9,230.0
1085.4440119999927,229.9,230.0
1085.7652566999895,230.0,230.0
1086.0817657000152,230.0,230.0
1086.384917999967,230.0,230.0
1086.7083044999745,230.0,230.0
1087.0260586000513,230.0,230.0
1087.3302591999527,230.0,230.0
1087.6514180999948,229.8,230.0
1087.968530299957,229.8,230.0
1088.2890244999435,229.8,230.0
1088.595490399981,230.10000000000002,230.0
1088.912887500017,230.10000000000002,230.0
1089.2353849000065,229.8,230.0
1089.5382045999868,229.8,230.0
1089.8546605999582,229.8,230.0
1090.160927399993,230.10000000000002,230.0
1090.4815179000143,230.10000000000002,230.0
1090.7994096999755,230.10000000000002,230.0
1091.1046372000128,229.9,230.0
1091.425139299943,229.9,230.0
1091.7452612000052,229.9,230.0
1092.0494048000546,230.0,230.0
1092.368380400003,230.0,230.0
1092.6702444000402,230.0,230.0
1092.9742464999435,230.0,230.0
1093.295211300021,230.0,230.0
1093.6135478999931,229.9,230.0
1093.934202000033,229.9,230.0
1094.2224655000027,229.9,230.0
1094.5430990000023,230.10000000000002,230.0
1094.859439300024,230.10000000000002,230.0
1095.1650352999568,230.10000000000002,230.0
1095.4828669000417,229.8,230.0
1095.7873496999964,229.8,230.0
1096.1075749000302,229.8,230.0
1096.4292621000204,230.10000000000002,230.0
1096.7292823999887,230.10000000000002,230.0
1097.0512891999679,230.10000000000002,230.0
1097.3719950000523,229.8,230.0
1097.6895265999483,229.8,230.0
1097.996008599992,230.10000000000002,230.0
1098.2985834999708,230.10000000000002,230.0
1098.6192488999804,230.10000000000002,230.0
1098.9367058000062,229.9,230.0
1099.257750299992,229.9,230.0
1099.5602951999754,229.9,230.0
1099.8635831000283,230.0,230.0
1100.190006799996,230.0,230.0
1100.5047778999433,230.0,230.0
1100.808946999954,230.0,230.0
1101.1119293000083,230.0,230.0
1101.4338150999974,230.0,230.0
1101.7358546999749,229.9,230.0
1102.0559786000522,229.9,230.0
1102.37289889995,230.20000000000002,230.0
1102.6968222999712,230.20000000000002,230.0
1102.9806285999948,230.20000000000002,230.0
1103.302591899992,229.9,230.0
1103.6209615999833,229.9,230.0
1103.9418737000087,229.9,230.0
1104.2629439999582,230.20000000000002,230.0
1104.5825168000301,230.20000000000002,230.0
1104.8851861000294,230.20000000000002,230.0
1105.1884900999721,229.9,230.0
1105.5086842000019,229.9,230.0
1105.8290395999793,229.9,230.0
1106.1496706999606,230.10000000000002,230.0
1106.4510275999783,230.10000000000002,230.0
1106.756023599999,230.10000000000002,230.0
1107.0734387000557,230.0,230.0
1107.3937644000398,230.0,230.0
1107.7163039000006,230.0,230.0
1108.0184287000448,230.0,230.0
1108.3377693999792,230.0,230.0
1108.6571392000187,230.10000000000002,230.0
1108.9640318000456,230.10000000000002,230.0
1109.280115099973,230.10000000000002,230.0
1109.5845194000285,229.9,230.0
1109.9042242999421,229.9,230.0
1110.2071387999458,229.9,230.0
1110.5287469000323,230.10000000000002,230.0
1110.8306622999953,230.10000000000002,230.0
1111.1538654000033,230.10000000000002,230.0
1111.4729854000034,229.8,230.0
1111.789439599961,229.8,230.0
1112.0774929999607,230.10000000000002,230.0
1112.4003612999804,230.10000000000002,230.0
1112.720871299971,230.10000000000002,230.0
1113.0236746999435,230.0,230.0
1113.3429646999575,230.0,230.0
1113.6437339000404,230.0,230.0
1113.9665893999627,230.0,230.0
1114.286825499963,230.0,230.0
1114.589853500016,230.0,230.0
1114.9086083000293,230.10000000000002,230.0
1115.2307636999758,230.10000000000002,230.0
1115.5473955000052,230.10000000000002,230.0
1115.8690317999572,230.0,230.0
1116.1710578999482,230.0,230.0
1116.493402800057,230.20000000000002,230.0
1116.810587199987,230.20000000000002,230.0
1117.1315647000447,230.20000000000002,230.0
1117.4367498999927,229.9,230.0
1117.7546157999896,229.9,230.0
1118.0569195999997,229.9,230.0
1118.3771998999873,230.20000000000002,230.0
1118.6842678999528,230.20000000000002,230.0
1119.0015479000285,230.20000000000002,230.0
1119.3056291999528,230.0,230.0
1119.6267294000136,230.0,230.0
1119.9450060999952,230.0,230.0
1120.2480263999896,230.10000000000002,230.0
1120.5689154999563,230.10000000000002,230.0
1120.870918200002,230.0,230.0
1121.193035400007,230.0,230.0
1121.4977056999924,230.0,230.0
1121.815666200011,230.0,230.0
1122.1332237999886,230.0,230.0
1122.4408241000492,230.0,230.0
1122.7571012000553,230.10000000000002,230.0
1123.0789054000052,230.10000000000002,230.0
1123.3980933000566,230.10000000000002,230.0
1123.7039079000242,229.9,230.0
1124.0046770999907,229.9,230.0
1124.3248819999862,229.9,230.0
1124.6433156999992,230.20000000000002,230.0
1124.948974299943,230.20000000000002,230.0
1125.270905100042,229.9,230.0
1125.5720224999823,229.9,230.0
1125.8916741999565,229.9,230.0
1126.1935749000404,230.20000000000002,230.0
1126.5133655000245,230.20000000000002,230.0
1126.8187567000277,230.20000000000002,230.0
1127.139708600007,230.0,230.0
1127.4569404999493,230.0,230.0
1127.7805659000296,230.0,230.0
1128.0981932999566,230.10000000000002,230.0
1128.4034240000183,230.10000000000002,230.0
1128.7068154000444,230.10000000000002,230.0
1129.0265106000006,230.10000000000002,230.0
1129.343576699961,230.10000000000002,230.0
1129.6643187999725,230.0,230.0
1129.9703278000234,230.0,230.0
1130.270573399961,230.0,230.0
1130.5907540000044,230.20000000000002,230.0
1130.9137648999458,230.20000000000002,230.0
1131.2160580999916,230.20000000000002,230.0
1131.5357400999637,230.0,230.0
1131.8374538000207,230.0,230.0
1132.1426240999717,230.0,230.0
1132.4630817000289,230.20000000000002,230.0
1132.780797500047,230.20000000000002,230.0
1133.1024470999837,230.20000000000002,230.0
1133.4209048999473,230.0,230.0
1133.726446500048,230.0,230.0
1134.0466806000331,230.20000000000002,230.0
1134.367039600038,230.20000000000002,230.0
1134.6688990000403,230.20000000000002,230.0
1134.9869693999644,230.10000000000002,230.0
1135.2937290000264,230.10000000000002,230.0
1135.6128214000491,230.10000000000002,230.0
1135.9144405999687,230.0,230.0
1136.2342188999755,230.0,230.0
1136.5572355999611,230.0,230.0
1136.8437126999488,230.10000000000002,230.0
1137.1611724999966,230.10000000000002,230.0
1137.4824282999616,230.10000000000002,230.0
1137.8021941999905,229.9,230.0
1138.1069751000032,229.9,230.0
1138.4270624000346,229.9,230.0
1138.7446783999912,230.20000000000002,230.0
1139.065711400006,230.20000000000002,230.0
1139.3856390999863,229.9,230.0
1139.6872760000406,229.9,230.0
1140.007509100018,229.9,230.0
1140.326809399994,230.20000000000002,230.0
1140.6483713999623,230.20000000000002,230.0
1140.9542236999841,230.20000000000002,230.0
1141.2704238999868,230.0,230.0
1141.5906133999815,230.0,230.0
1141.896758100018,230.0,230.0
1142.212885600049,230.0,230.0
1142.5337316000368,230.0,230.0
1142.8545670999447,230.10000000000002,230.0
1143.1760676000267,230.10000000000002,230.0
1143.4789830000373,230.10000000000002,230.0
1143.798886399949,230.0,230.0
1144.101444800035,230.0,230.0
1144.4191328999586,230.0,230.0
1144.7409574999474,230.20000000000002,230.0
1145.0470269999932,230.20000000000002,230.0
1145.350224899943,230.20000000000002,230.0
1145.6688529000385,229.9,230.0
1145.9715699000517,229.9,230.0
1146.292832899955,229.9,230.0
1146.6108845999697,230.20000000000002,230.0
1146.9294896000065,230.20000000000002,230.0
1147.2368091000244,230.20000000000002,230.0
1147.5402735000243,229.9,230.0
1147.8600424999604,229.9,230.0
1148.1623349000001,230.10000000000002,230.0
1148.4804366000462,230.10000000000002,230.0
1148.8010102000553,230.10000000000002,230.0
1149.1225468999473,230.0,230.0
1149.4230280000484,230.0,230.0
1149.7462849000003,230.0,230.0
1150.0631700999802,230.0,230.0
1150.369784599985,230.0,230.0
1150.687379400013,230.0,230.0
1150.9902658000356,230.10000000000002,230.0
1151.2941499999724,230.10000000000002,230.0
1151.615286599961,230.10000000000002,230.0
1151.936682599946,229.9,230.0
1152.2573693000013,229.9,230.0
1152.5602140000556,230.20000000000002,230.0
1152.8808094999986,230.20000000000002,230.0
1153.182673500036,230.20000000000002,230.0
1153.5033667000243,229.8,230.0
1153.8074445000384,229.8,230.0
1154.1237758999923,229.8,230.0
1154.4284662000136,230.10000000000002,230.0
1154.7497952999547,230.10000000000002,230.0
1155.070428899955,230.10000000000002,230.0
1155.3707492999965,229.9,230.0
1155.6772106999997,229.9,230.0
1155.9961505000247,229.9,230.0
1156.3150973999873,230.0,230.0
1156.6202300000004,230.0,230.0
1156.9395816000178,230.10000000000002,230.0
1157.2418259000406,230.10000000000002,230.0
1157.5622210999718,230.10000000000002,230.0
1157.8843216999667,230.0,230.0
1158.184635099955,230.0,230.0
1158.5042280999478,230.0,230.0
1158.8240185000468,230.10000000000002,230.0
1159.1283531000372,230.10000000000002,230.0
1159.448097800021,230.10000000000002,230.0
1159.7678876999998,229.9,230.0
1160.0707723000087,229.9,230.0
1160.3942835000344,229.9,230.0
1160.6981397999916,230.20000000000002,230.0
1161.015979000018,230.20000000000002,230.0
1161.3192352999467,229.9,230.0
1161.6400535999564,229.9,230.0
1161.9591747999657,229.9,230.0
1162.2639731999952,230.10000000000002,230.0
1162.5651655000402,230.10000000000002,230.0
1162.8862247000216,230.10000000000002,230.0
1163.2073190000374,230.0,230.0
1163.5121698000003,230.0,230.0
1163.8143573000561,230.0,230.0
1164.1350390999578,230.0,230.0
1164.4525381999556,230.0,230.0
1164.7576249999693,230.0,230.0
1165.075577700045,230.10000000000002,230.0
1165.3813157000113,230.10000000000002,230.0
1165.7016599000199,230.10000000000002,230.0
1166.021312500001,229.9,230.0
1166.3239851000253,229.9,230.0
1166.6438616999658,230.10000000000002,230.0
1166.9484907999868,230.10000000000002,230.0
1167.2692282999633,230.10000000000002,230.0
1167.5711690000026,229.8,230.0
1167.890157500049,229.8,230.0
1168.1935688999947,229.8,230.0
1168.5164262000471,230.10000000000002,230.0
1168.831555700046,230.10000000000002,230.0
1169.1373669999884,230.10000000000002,230.0
1169.4412306000013,229.9,230.0
1169.7611364000477,229.9,230.0
1170.0802237000316,229.9,230.0
1170.3849706000183,230.10000000000002,230.0
1170.7034182000207,230.10000000000002,231.0
1171.0100173000246,230.0,233.0
1171.3288439000025,230.0,235.0
1171.6310238000005,230.0,237.0
1171.9504123999504,229.9,238.0
1172.255286199972,229.9,239.0
1172.576076700003,229.9,240.0
1172.8799919999437,230.10000000000002,240.0
1173.2002586999442,230.10000000000002,240.0
1173.5203869000543,230.10000000000002,240.0
1173.8391918999841,229.8,240.0
1174.1257220000261,229.8,240.0
1174.447275100043,229.8,240.0
1174.767136999988,230.70000000000002,240.0
1175.086769400048,230.70000000000002,240.0
1175.3887105999747,232.0,240.0
1175.692600899958,232.0,240.0
1176.0126241999678,232.0,240.0
1176.3175367000513,233.20000000000002,240.0
1176.6337282999884,233.20000000000002,240.0
1176.954504000023,233.20000000000002,240.0
1177.2772348000435,234.0,240.0
1177.5786702999612,234.0,240.0
1177.9001949999947,234.0,240.0
1178.220828199992,234.9,240.0
1178.5385796000483,234.9,240.0
1178.844386199955,234.9,240.0
1179.1451919999672,235.5,240.0
1179.4674242000328,235.5,240.0
1179.78532549995,235.5,240.0
1180.0878651000094,235.60000000000002,240.0
1180.4078364999732,235.60000000000002,240.0
1180.7149753000122,235.9,240.0
1181.0326299000299,235.9,240.0
1181.3540459000506,235.9,240.0
1181.638278599945,236.0,240.0
1181.9586172000272,236.0,240.0
1182.2808710000245,236.0,240.0
1182.582459499943,236.20000000000002,240.0
1182.903313799994,236.20000000000002,240.0
1183.2256424999796,236.20000000000002,240.0
1183.5253275999567,236.8,240.0
1183.8466122000245,236.8,240.0
1184.148219899973,236.8,240.0
1184.4690917000407,237.3,240.0
1184.79100940004,237.3,240.0
1185.0924079000251,238.0,240.0
1185.4118873999687,238.0,240.0
1185.7341097999597,238.0,240.0
1186.05249859998,238.5,240.0
1186.3586781000486,238.5,240.0
1186.676594199962,238.5,240.0
1186.9782186000375,238.9,240.0
1187.3001463999972,238.9,240.0
1187.605381899979,238.9,240.0
1187.921039500041,238.9,240.0
1188.2284514999483,238.9,240.0
1188.549074199982,238.9,240.0
1188.8510458000237,239.10000000000002,240.0
1189.1681304000085,239.10000000000002,240.0
1189.4744264000328,238.9,240.0
1189.7915085999994,238.9,240.0
1190.114395200042,238.9,240.0
1190.4353065999458,238.9,240.0
1190.754443099955,238.9,240.0
1191.056977499975,238.9,240.0
1191.375956099946,239.10000000000002,240.0
1191.6972166999476,239.10000000000002,240.0
1191.9837203000207,239.10000000000002,240.0
1192.302282199962,239.20000000000002,240.0
1192.6248740999727,239.20000000000002,240.0
1192.9447353000287,239.20000000000002,240.0
1193.2478891999926,239.70000000000002,240.0
1193.565233399975,239.70000000000002,240.0
1193.8871692999965,240.0,240.0
1194.1939401000272,240.0,240.0
1194.4917106999783,240.0,240.0
1194.8127233999548,240.4,240.0
1195.135149299982,240.4,240.0
1195.4190204000333,240.4,240.0
1195.7397670999635,240.4,240.0
1196.0608394000446,240.4,240.0
1196.3784873000113,240.4,240.0
1196.698270300054,240.60000000000002,240.0
1197.00544540002,240.60000000000002,240.0
1197.3239992000163,240.60000000000002,240.0
1197.644846500014,240.5,240.0
1197.9482864999445,240.5,240.0
1198.2651611999609,240.5,240.0
1198.572737999959,240.5,240.0
1198.889913400053,240.5,240.0
1199.1924215999898,240.70000000000002,240.0
1199.5154998999787,240.70000000000002,240.0
1199.8340260999976,240.70000000000002,240.0
1200.1376065999502,240.60000000000002,240.0
1200.4564226999646,240.60000000000002,240.0
1200.7611016000155,240.60000000000002,240.0
1201.0630557000404,241.0,240.0
1201.3850604000036,241.0,240.0
1201.7022941999603,241.0,240.0
1202.0249543000245,241.10000000000002,240.0
1202.3422158999601,241.10000000000002,240.0
1202.6628118000226,241.10000000000002,240.0
1202.9679082999937,241.4,240.0
1203.2858768999577,241.4,240.0
1203.6082854999695,241.4,240.0
1203.9244544999674,241.4,240.0
1204.230318899965,241.4,240.0
1204.547860300052,241.5,240.0
1204.8553769999417,241.5,240.0
1205.1718273999868,241.5,240.0
1205.495304399985,241.5,240.0
1205.8146857999964,241.5,240.0
1206.1328079999657,241.5,240.0
1206.436404200038,241.4,240.0
1206.7540501999902,241.4,240.0
1207.0618036000524,241.5,240.0
1207.3640222999966,241.5,240.0
1207.6832176999887,241.5,240.0
1208.0057096000528,241.3,240.0
1208.3222893000348,241.3,240.0
1208.6443017000565,241.3,240.0
1208.9467826000182,241.70000000000002,240.0
1209.2663602000102,241.70000000000002,240.0
1209.5862394999713,241.70000000000002,240.0
1209.8897782999557,241.5,240.0
1210.1916379999602,241.5,240.0
1210.5118523000274,241.5,240.0
1210.8178662999999,241.8,240.0
1211.135593199986,241.8,240.0
1211.4580659000203,241.8,240.0
1211.7786172999768,241.70000000000002,240.0
1212.097219999996,241.70000000000002,240.0
1212.3995658999775,241.70000000000002,240.0
1212.7218438000418,241.70000000000002,240.0
1213.0220283999806,241.70000000000002,240.0
1213.3442761000479,241.70000000000002,240.0
1213.6618108999683,241.70000000000002,240.0
1213.9688375999685,241.70000000000002,240.0
1214.2874986999668,241.5,240.0
1214.6055898000486,241.5,240.0
1214.924880699953,241.5,240.0
1215.2285932999803,241.70000000000002,240.0
1215.5478763000574,241.70000000000002,240.0
1215.8700971000362,241.4,240.0
1216.1718225999502,241.4,240.0
1216.490556200035,241.4,240.0
1216.8109699999914,241.70000000000002,240.0
1217.1341556999832,241.70000000000002,240.0
1217.434285299969,241.70000000000002,240.0
1217.7410242999904,241.4,240.0
1218.0592495000456,241.4,240.0
1218.3799515999854,241.4,240.0
1218.6830215000082,241.60000000000002,240.0
1218.9854118999792,241.60000000000002,240.0
1219.3057063999586,241.60000000000002,240.0
1219.6266625999706,241.5,240.0
1219.9469218000304,241.5,240.0
1220.248228100012,241.5,240.0
1220.5538260999601,241.4,240.0
1220.8712993999943,241.4,240.0
1221.1937580000376,241.5,240.0
1221.496789900004,241.5,240.0
1221.815393100027,241.5,240.0
1222.1205000999616,241.20000000000002,240.0
1222.4382373000262,241.20000000000002,240.0
1222.7616938999854,241.20000000000002,240.0
1223.0637459000573,241.4,240.0
1223.3688616999425,241.4,240.0
1223.6893461999716,241.4,240.0
1224.0067310000304,241.10000000000002,240.0
1224.3083570000017,241.10000000000002,240.0
1224.6311966000358,241.10000000000002,240.0
1224.9338768000016,241.3,240.0
1225.2365696999477,241.3,240.0
1225.5570654999465,241.10000000000002,240.0
1225.875463400036,241.10000000000002,240.0
1226.181855999981,241.10000000000002,240.0
1226.5025215999922,241.10000000000002,240.0
1226.8047721999465,241.10000000000002,240.0
1227.1259275999619,241.10000000000002,240.0
1227.4416136000073,241.10000000000002,240.0
1227.749454200035,241.10000000000002,240.0
1228.0507950000465,239.9,240.0
1228.3714532000013,239.9,240.0
1228.6929969999474,239.9,240.0
1229.0118922999827,238.4,240.0
1229.3139330999693,238.4,240.0
1229.6332532999804,238.4,240.0
1229.954181500012,237.20000000000002,240.0
1230.274468000047,237.20000000000002,240.0
1230.5946264000377,236.10000000000002,240.0
1230.9111873999937,236.10000000000002,240.0
1231.2177396999905,236.10000000000002,240.0
1231.51924709999,235.20000000000002,240.0
1231.839325799956,235.20000000000002,240.0
1232.1590976000298,235.20000000000002,240.0
1232.4804353000363,234.4,240.0
1232.7695345999673,234.4,240.0
1233.0886040000478,233.60000000000002,240.0
1233.4059610000113,233.60000000000002,240.0
1233.7271552999737,233.60000000000002,240.0
1234.0291325999424,232.9,240.0
1234.333294000011,232.9,240.0
1234.655391999986,232.9,240.0
1234.9717826000415,232.20000000000002,240.0
1235.2763513999525,232.20000000000002,240.0
1235.581573799951,231.5,240.0
1235.9020366000477,231.5,240.0
1236.2205953999655,231.5,240.0
1236.5421139999526,230.8,240.0
1236.8440370999742,230.8,240.0
1237.1643660999835,230.8,240.0
1237.4841533999424,230.20000000000002,240.0
1237.7863420000067,230.20000000000002,240.0
1238.10954450001,229.5,240.0
1238.4267212999985,229.5,240.0
1238.7328458999982,229.5,240.0
1239.0356390000088,228.9,240.0
1239.3522754999576,228.9,240.0
1239.6737026999472,228.9,240.0
1239.992903299979,228.3,240.0
1240.2961829999695,228.3,240.0
1240.618786899955,227.70000000000002,240.0
1240.9367670000065,227.70000000000002,240.0
1241.2572523000417,227.70000000000002,240.0
1241.5585663999664,227.10000000000002,240.0
1241.8644621999701,227.10000000000002,240.0
1242.1883799999487,226.5,240.0
1242.5060045999708,226.5,240.0
1242.82257389999,226.5,240.0
1243.1453823000193,225.9,240.0
1243.4469527000329,225.9,240.0
1243.7674371999456,225.9,240.0
1244.0879935000557,225.3,240.0
1244.407287799986,225.3,240.0
1244.7242008999456,224.70000000000002,240.0
1245.0309998999583,224.70000000000002,240.0
1245.3507389000151,224.70000000000002,240.0
1245.6712837000377,224.10000000000002,240.0
1245.989242700045,224.10000000000002,240.0
1246.2939031999558,224.10000000000002,240.0
1246.595947499969,223.60000000000002,240.0
1246.916343000019,223.60000000000002,240.0
1247.2362711000023,223.0,240.0
1247.5573212000309,223.0,240.0
1247.8442301000468,223.0,240.0
1248.1674066999694,222.4,240.0
1248.48272249999,222.4,240.0
1248.8035302000353,222.4,240.0
1249.1050736999605,221.9,240.0
1249.4274309000466,221.9,240.0
1249.7283642999828,221.4,240.0
1250.0491650999757,221.4,240.0
1250.3558161000255,221.4,240.0
1250.6736436999636,220.8,240.0
1250.9938734000316,220.8,240.0
1251.280599800055,220.8,240.0
1251.600853699958,220.20000000000002,240.0
1251.9222011000384,220.20000000000002,240.0
1252.2383295999607,219.70000000000002,240.0
1252.5450310000451,219.70000000000002,240.0
1252.8472075000172,219.70000000000002,240.0
1253.1685410999926,219.10000000000002,240.0
1253.4858967999462,219.10000000000002,240.0
1253.8046886000084,219.10000000000002,240.0
1254.1107792999828,218.60000000000002,240.0
1254.43112199998,218.60000000000002,240.0
1254.7493957000552,218.10000000000002,240.0
1255.067911799997,218.10000000000002,240.0
1255.3874653000385,218.10000000000002,240.0
1255.709812300047,217.5,240.0
1256.0114915999584,217.5,240.0
1256.3310992999468,217.0,240.0
1256.6517473000567,217.0,240.0
1256.9741176000098,217.0,240.0
1257.278398100054,216.5,240.0
1257.5788648000453,216.5,240.0
1257.900996600045,216.5,240.0
1258.221470999997,215.9,240.0
1258.5396084999666,215.9,240.0
1258.8585589999566,215.4,240.0
1259.1797640000004,215.4,240.0
1259.4818492999766,215.4,240.0
1259.7877458999865,214.9,240.0
1260.1056959000416,214.9,240.0
1260.4276264000218,214.9,240.0
1260.7297347000567,214.3,240.0
1261.0471967000049,214.3,240.0
1261.3514873000095,213.9,240.0
1261.6585240999702,213.9,240.0
1261.975721099996,213.9,240.0
1262.297024599975,213.4,240.0
1262.6003371999832,213.4,240.0
1262.9176740000257,213.4,240.0
1263.2408400999848,212.9,240.0
1263.5442726999754,212.9,240.0
1263.8611925999867,212.4,240.0
1264.183157099993,212.4,240.0
1264.5033291999716,212.4,240.0
1264.8237341999775,211.9,240.0
1265.110914699966,211.9,240.0
1265.428059299942,211.9,240.0
1265.7500486000208,211.4,240.0
1266.0698236000026,211.4,240.0
1266.371492599952,210.9,240.0
1266.6780600999482,210.9,240.0
1266.9950651000254,210.9,240.0
1267.3016910000006,210.4,240.0
1267.6205481999787,210.4,240.0
1267.9399228000548,210.0,240.0
1268.2618053000188,210.0,240.0
1268.5455820000498,210.0,240.0
1268.8659523000242,209.5,240.0
1269.1882984000258,209.5,240.0
1269.5085102999583,209.5,240.0
1269.8111772000557,209.0,240.0
1270.1290010999655,209.0,240.0
1270.4363970999839,208.60000000000002,240.0
1270.7541995999636,208.60000000000002,240.0
1271.0566857999656,208.60000000000002,240.0
1271.3589538000524,208.10000000000002,240.0
1271.680659799953,208.10000000000002,240.0
1272.0017924000276,208.10000000000002,240.0
1272.320001199958,207.60000000000002,240.0
1272.6221979999682,207.60000000000002,240.0
1272.944290000014,207.20000000000002,240.0
1273.2475290000439,207.20000000000002,240.0
1273.552625100012,207.20000000000002,240.0
1273.8726345000323,206.8,240.0
1274.193463100004,206.8,240.0
1274.4927661999827,206.8,240.0
1274.7984848000342,206.3,240.0
1275.1163297999883,206.3,240.0
1275.4369725999422,205.8,240.0
1275.7579204000067,205.8,240.0
1276.0623201000271,205.8,240.0
1276.365567700006,205.4,240.0
1276.6862191000255,205.4,240.0
1277.002385700005,205.4,240.0
1277.3246970999753,204.9,240.0
1277.6116676999955,204.9,240.0
1277.930847599986,204.5,240.0
1278.2510657999665,204.5,240.0
1278.573518399964,204.5,240.0
1278.8736809999682,204.10000000000002,240.0
1279.1790046000388,204.10000000000002,240.0
1279.4996553000528,204.10000000000002,240.0
1279.803021300002,203.60000000000002,240.0
1280.1228641000343,203.60000000000002,240.0
1280.4422274000244,203.20000000000002,240.0
1280.7436413000105,203.20000000000002,240.0
1281.0497564000543,203.20000000000002,240.0
1281.367184999981,202.8,240.0
1281.6897106999531,202.8,240.0
1281.9945361999562,202.8,240.0
1282.311220600037,202.3,240.0
1282.6329949999927,202.3,240.0
1282.9338173000142,201.9,240.0
1283.2565110999858,201.9,240.0
1283.5577519000508,201.9,240.0
1283.8653737000423,201.5,240.0
1284.1827607000014,201.5,240.0
1284.5042358000064,201.5,240.0
1284.8207480000565,201.0,240.0
1285.1426096999785,201.0,240.0
1285.4626545000356,200.60000000000002,240.0
1285.7663078999612,200.60000000000002,240.0
1286.083723800024,200.60000000000002,240.0
1286.4071863000281,200.20000000000002,240.0
1286.7257961999858,200.20000000000002,240.0
1287.0284589000512,200.20000000000002,240.0
1287.3503410000121,199.8,240.0
1287.6530182999559,199.8,240.0
1287.9573367000557,199.4,240.0
1288.2748602000065,199.4,240.0
1288.5946151999524,199.4,240.0
1288.9000124000013,199.0,240.0
1289.2212962999474,199.0,240.0
1289.5250179000432,199.0,240.0
1289.8408135999925,198.5,240.0
1290.1472367000533,198.5,240.0
1290.465837799944,198.10000000000002,240.0
1290.7719862000085,198.10000000000002,240.0
1291.0877764000325,198.10000000000002,240.0
1291.408045600052,197.70000000000002,240.0
1291.7110876999795,197.70000000000002,240.0
1292.034243299975,197.3,240.0
1292.3362535999622,197.3,240.0
1292.6577107999474,197.3,240.0
1292.960041000042,196.9,240.0
1293.2803405999439,196.9,240.0
1293.5980629000114,196.9,240.0
1293.9036112000467,196.5,240.0
1294.2078238000395,196.5,240.0
1294.5274892000016,196.0,240.0
1294.8458305000095,196.0,240.0
1295.1503132999642,196.0,240.0
1295.471984499949,195.60000000000002,240.0
1295.774307499989,195.60000000000002,240.0
1296.0942248000065,195.60000000000002,240.0
1296.414696700056,195.20000000000002,240.0
1296.7183651999803,195.20000000000002,240.0
1297.0368140999926,194.8,240.0
1297.3568198999856,194.8,240.0
1297.6762058000313,194.8,240.0
1297.9789383000461,194.4,240.0
1298.2994872999843,194.4,240.0
1298.6012949999422,194.4,240.0
1298.9223597999662,194.0,240.0
1299.2268215999939,194.0,240.0
1299.549076299998,193.60000000000002,240.0
1299.8669768000254,193.60000000000002,240.0
1300.168528500013,193.60000000000002,240.0
1300.4755199999781,193.20000000000002,240.0
1300.7962660000194,193.20000000000002,240.0
1301.0976397000486,193.20000000000002,240.0
1301.41953319998,192.8,240.0
1301.7356623000233,192.8,240.0
1302.0426999999909,192.4,240.0
1302.3627730000298,192.4,240.0
1302.6641068999888,192.4,240.0
1302.9840215999866,192.0,240.0
1303.2898473000387,192.0,240.0
1303.6059198000003,192.0,240.0
1303.9137719999999,191.60000000000002,240.0
1304.2299483000534,191.60000000000002,240.0
1304.5526699000038,191.20000000000002,240.0
1304.8559221000178,191.20000000000002,240.0
1305.1764370000456,191.20000000000002,240.0
1305.47935030004,190.8,240.0
1305.7993181999773,190.8,240.0
1306.100592999952,190.8,240.0
1306.4219479999738,190.4,240.0
1306.740576799959,190.4,240.0
1307.0473894999595,190.0,240.0
1307.3627136000432,190.0,240.0
1307.6849278999725,190.0,240.0
1308.0054317000322,189.60000000000002,240.0
1308.3231015000492,189.60000000000002,240.0
1308.6454791999422,189.20000000000002,240.0
1308.9488809000468,189.20000000000002,240.0
1309.265636099968,189.20000000000002,240.0
1309.588982300018,188.9,240.0
1309.9092972000362,188.9,240.0
1310.2261097000446,188.9,240.0
1310.5324572999962,188.5,240.0
1310.834916300024,188.5,240.0
1311.1551509000128,188.10000000000002,240.0
1311.4575183000416,188.10000000000002,240.0
1311.7781717999605,188.10000000000002,240.0
1312.0955680999905,187.70000000000002,240.0
1312.414880599943,187.70000000000002,240.0
1312.7381670000032,187.70000000000002,240.0
1313.0563368999865,187.4,240.0
1313.3615135999862,187.4,240.0
1313.663022599998,186.9,240.0
1313.9841371000512,186.9,240.0
1314.3043159999652,186.9,240.0
1314.6083584999433,186.60000000000002,240.0
1314.9100851999829,186.60000000000002,240.0
1315.2309806999983,186.60000000000002,240.0
1315.5520043999422,186.20000000000002,240.0
1315.868594200001,186.20000000000002,240.0
1316.193220200017,185.8,240.0
1316.493055399973,185.8,240.0
1316.8127133999951,185.8,240.0
1317.1338266000384,185.5,240.0
1317.4545934000053,185.5,240.0
1317.7583121999633,185.5,240.0
1318.0747093999526,185.10000000000002,240.0
1318.394644999993,185.10000000000002,240.0
1318.7159651999827,184.70000000000002,240.0
1319.0379047000315,184.70000000000002,240.0
1319.339707499952,184.70000000000002,240.0
1319.6596703999676,184.4,240.0
1319.9646108000306,184.4,240.0
1320.2805285999784,184.4,240.0
1320.5848182999762,184.60000000000002,240.0
1320.9049244000344,184.60000000000002,240.0
1321.210132600041,184.60000000000002,240.0
1321.5286080000224,184.5,240.0
1321.8513101000572,184.5,240.0
1322.151085200021,184.5,240.0
1322.4549929000204,184.4,240.0
1322.7757748999866,184.4,240.0
1323.0980553999543,184.4,240.0
1323.4155905999942,184.4,240.0
1323.738064700039,184.4,240.0
1324.0378410000121,184.10000000000002,240.0
1324.3594324999722,184.10000000000002,240.0
1324.6622005000245,184.10000000000002,240.0
1324.9843765000114,184.10000000000002,240.0
1325.300541399978,184.10000000000002,240.0
1325.607923100004,184.10000000000002,240.0
1325.909856399987,183.9,240.0
1326.2304229999427,183.9,240.0
1326.5516736999853,183.9,240.0
1326.8524228000315,184.10000000000002,240.0
1327.174334499985,184.10000000000002,240.0
1327.49491759995,184.0,240.0
1327.7990973000415,184.0,240.0
1328.1010062999558,184.0,240.0
1328.4221699000336,184.10000000000002,240.0
1328.741034799954,184.10000000000002,240.0
1329.0454142000526,184.10000000000002,240.0
1329.3484020000324,184.20000000000002,240.0
1329.6651594999712,184.20000000000002,240.0
1329.9850921999896,184.20000000000002,240.0
1330.3090675000567,184.10000000000002,240.0
1330.6121832999634,184.10000000000002,240.0
1330.9294801000506,184.10000000000002,240.0
1331.2323444000212,184.3,240.0
1331.5385480000405,184.3,240.0
1331.8590137000429,184.3,240.0
1332.1762795000104,184.0,240.0
1332.4836303000338,184.0,240.0
1332.8010031000013,184.4,240.0
1333.118883499992,184.4,240.0
1333.4401188000338,184.4,240.0
1333.7601883000461,184.20000000000002,240.0
1334.0779398999875,184.20000000000002,240.0
1334.385330399964,184.20000000000002,240.0
1334.7049619000172,184.5,240.0
1335.006188999978,184.5,240.0
1335.3265827000141,184.5,240.0
1335.648663799977,184.60000000000002,240.0
1335.9513761999551,184.60000000000002,240.0
1336.254027600051,184.60000000000002,240.0
1336.5757747000316,184.5,240.0
1336.8923289000522,184.5,240.0
1337.2113990000216,184.8,240.0
1337.5179583999561,184.8,240.0
1337.822308099945,184.8,240.0
1338.1404875000007,184.60000000000002,240.0
1338.4610102999723,184.60000000000002,240.0
1338.7785624000244,184.60000000000002,240.0
1339.0999126000097,184.9,240.0
1339.4052743000211,184.9,240.0
1339.7070639999583,184.9,240.0
1340.029338399996,184.70000000000002,240.0
1340.3310613000067,184.70000000000002,241.0
1340.6529294999782,184.70000000000002,241.0
1340.9707134000491,185.4,241.0
1341.2759679999435,185.4,240.0
1341.5922483999748,185.4,240.0
1341.9147571000503,186.0,240.0
1342.2176654000068,186.0,240.0
1342.5217970999656,186.20000000000002,240.0
1342.8403646999504,186.20000000000002,240.0
1343.161499800044,186.20000000000002,240.0
1343.4822135999566,186.8,240.0
1343.7853741999716,186.8,240.0
1344.103404500056,186.8,240.0
1344.4239711000118,186.70000000000002,240.0
1344.7296616999665,186.70000000000002,240.0
1345.0461116000079,186.70000000000002,240.0
1345.3678241999587,187.0,240.0
1345.6702433000319,187.0,240.0
1345.9753337999573,187.0,240.0
1346.2924351999536,186.70000000000002,240.0
1346.5997251999797,186.70000000000002,240.0
1346.9186705000466,187.10000000000002,240.0
1347.2205336999614,187.10000000000002,240.0
1347.5424461000366,187.10000000000002,240.0
1347.861688300036,187.0,240.0
1348.180607700022,187.0,240.0
1348.498812600039,187.0,240.0
1348.8030902999453,187.20000000000002,240.0
1349.1256281000096,187.20000000000002,240.0
1349.4458883999614,187.20000000000002,240.0
1349.761807700037,187.70000000000002,240.0
1350.0651855999604,187.70000000000002,240.0
1350.3864932999713,187.70000000000002,240.0
1350.706768300035,187.70000000000002,240.0
1351.012673099991,187.70000000000002,240.0
1351.3128175999736,188.10000000000002,240.0
1351.6344979000278,188.10000000000002,240.0
1351.954870800022,188.10000000000002,240.0
1352.2581973000197,187.9,240.0
1352.5786701999605,187.9,240.0
1352.8825254000258,187.9,240.0
1353.2020334999543,188.20000000000002,240.0
1353.519078799989,188.20000000000002,240.0
1353.8242558999918,188.20000000000002,240.0
1354.1274464000016,187.9,240.0
1354.4477806000505,187.9,240.0
1354.76881639997,187.9,240.0
1355.0733669999754,188.10000000000002,240.0
1355.3771971999668,188.10000000000002,240.0
1355.6971932000015,188.10000000000002,240.0
1356.017073099967,188.3,240.0
1356.3332108999602,188.3,240.0
1356.636837500031,188.3,240.0
1356.942795400042,188.3,240.0
1357.2630933000473,188.3,240.0
1357.5649924000027,188.70000000000002,240.0
