Time (s),Actual Temperature (C),Target Temperature (C)
0.04214590007904917,189.20000000000002,240.0
0.3510945000452921,189.20000000000002,240.0
0.6684188001090661,189.8,240.0
0.9873742000199854,189.8,240.0
1.288815800100565,190.70000000000002,240.0
1.612354600103572,190.70000000000002,240.0
1.9150751000270247,190.70000000000002,240.0
2.2328454001108184,191.0,240.0
2.5537787000648677,191.0,240.0
2.856549200019799,191.0,240.0
3.178013800061308,191.70000000000002,240.0
3.4829156000632793,191.70000000000002,240.0
3.8002811000915244,191.70000000000002,240.0
4.105830900021829,191.60000000000002,240.0
4.422553400043398,191.60000000000002,240.0
4.745115000056103,191.60000000000002,240.0
5.063262400100939,191.60000000000002,240.0
5.367687400081195,191.60000000000002,240.0
5.68794950004667,191.10000000000002,240.0
6.007011800073087,191.10000000000002,240.0
6.310444200062193,191.10000000000002,240.0
6.6162538001080975,191.4,240.0
6.934637900092639,191.4,240.0
7.252308499999344,191.4,240.0
7.558494900004007,191.4,240.0
7.8765769000165164,191.4,240.0
8.197868200019002,191.4,240.0
8.487481500022113,191.5,240.0
8.804683500085957,191.5,240.0
9.123182300012559,191.5,240.0
9.430716300033964,192.3,240.0
9.748573500080965,192.3,240.0
10.068506900104694,192.3,240.0
10.389279800001532,192.4,240.0
10.677002100041136,192.4,240.0
10.99492960004136,192.9,240.0
11.315025600022636,192.9,240.0
11.621006400091574,192.9,240.0
11.938880800036713,192.70000000000002,240.0
12.258340100059286,192.70000000000002,240.0
12.560598000069149,192.70000000000002,240.0
12.882566000102088,192.8,240.0
13.18657930009067,192.8,240.0
13.488327900064178,192.8,240.0
13.810812400071882,192.3,240.0
14.12897660001181,192.3,240.0
14.430685100029223,192.3,240.0
14.752912100055255,192.5,240.0
15.071610200102441,192.5,240.0
15.375055900076404,192.5,240.0
15.696490200003609,192.8,240.0
15.999744800035842,192.8,240.0
16.30332220008131,192.8,240.0
16.621223199996166,192.8,240.0
16.928646200103685,192.8,240.0
17.246624000021257,193.4,240.0
17.565453200018965,193.4,240.0
17.886576500022784,193.4,240.0
18.207898800028488,193.3,240.0
18.52712900005281,193.3,240.0
18.8270495000761,193.3,240.0
19.15125120000448,193.60000000000002,240.0
19.45473120000679,193.60000000000002,240.0
19.771790700033307,193.60000000000002,240.0
20.07729200005997,193.3,240.0
20.379032000084408,193.3,240.0
20.700504500069655,193.70000000000002,240.0
21.018909600097686,193.70000000000002,240.0
21.324085600092076,193.70000000000002,240.0
21.64188120001927,193.8,240.0
21.964749700040556,193.8,240.0
22.26762990001589,193.8,240.0
22.58550670009572,193.9,240.0
22.89067980006803,193.9,240.0
23.192094100057147,193.9,240.0
23.51452050008811,194.5,240.0
23.832289200043306,194.5,240.0
24.13880500011146,194.5,240.0
24.457639800035395,194.5,240.0
24.778535700053908,194.5,240.0
25.082259600050747,194.5,240.0
25.400564200012013,195.0,240.0
25.703682400053367,195.0,240.0
26.022274500108324,194.8,240.0
26.341547300107777,194.8,240.0
26.647352200001478,194.8,240.0
26.96485810005106,195.10000000000002,240.0
27.287850300082937,195.10000000000002,240.0
27.589112600078806,195.10000000000002,240.0
27.91058200004045,194.9,240.0
28.212334000039846,194.9,240.0
28.53286170004867,194.9,240.0
28.854690800071694,195.10000000000002,240.0
29.14144750009291,195.10000000000002,240.0
29.459462900063954,195.10000000000002,240.0
29.78104120003991,195.3,240.0
30.08450240001548,195.3,240.0
30.4058503000997,195.3,240.0
30.724845300079323,195.3,240.0
31.02667430008296,195.3,240.0
31.34584399999585,195.70000000000002,240.0
31.666569699998945,195.70000000000002,240.0
31.969743699999526,195.70000000000002,240.0
32.292686600005254,195.5,240.0
32.60979320004117,195.5,240.0
32.91165100003127,195.5,240.0
33.231725400080904,195.9,240.0
33.55395190010313,195.9,240.0
33.85680960002355,195.9,240.0
34.17925800010562,195.60000000000002,240.0
34.48223790002521,195.60000000000002,240.0
34.78406980005093,195.60000000000002,240.0
35.1027128000278,195.8,240.0
35.42540590011049,195.8,240.0
35.72807950002607,195.8,240.0
36.047522100037895,195.8,240.0
36.35095570003614,195.8,240.0
36.67328940005973,195.8,240.0
36.99105210008565,195.8,240.0
37.29494880000129,195.8,240.0
37.61226110009011,196.20000000000002,240.0
37.93551550002303,196.20000000000002,240.0
38.23942730005365,196.20000000000002,240.0
38.54297170008067,196.0,240.0
38.86125700001139,196.0,240.0
39.180054099997506,196.0,240.0
39.50258080009371,196.4,240.0
39.80603090010118,196.4,240.0
40.12299910001457,196.10000000000002,240.0
40.44369860005099,196.10000000000002,240.0
40.745653700083494,196.10000000000002,240.0
41.069050800055265,196.5,240.0
41.388626100029796,196.5,240.0
41.67491050006356,196.5,240.0
41.99564300000202,196.5,240.0
42.313587500015274,196.5,240.0
42.634743400034495,196.5,240.0
42.936818000045605,196.70000000000002,240.0
43.25988640007563,196.70000000000002,240.0
43.57814250001684,196.70000000000002,240.0
43.88099680002779,196.9,240.0
44.19932220003102,196.9,240.0
44.520225900108926,196.8,240.0
44.824655000003986,196.8,240.0
45.14590970007703,196.8,240.0
45.462602300103754,197.10000000000002,240.0
45.77000100002624,197.10000000000002,240.0
46.088930800091475,197.10000000000002,240.0
46.407231500023045,196.8,240.0
46.70941810007207,196.8,240.0
47.02964920003433,196.8,240.0
47.3527343000751,197.20000000000002,240.0
47.656157400109805,197.20000000000002,240.0
47.97442300000694,197.20000000000002,240.0
48.27997720008716,197.0,240.0
48.59706590010319,197.0,240.0
48.90472730004694,197.0,240.0
49.20598950004205,197.3,240.0
49.524944800068624,197.3,240.0
49.84483840002213,197.4,240.0
50.14699360006489,197.4,240.0
50.46762980008498,197.4,240.0
50.786577800055966,197.4,240.0
51.08947080001235,197.4,240.0
51.413075700053014,197.4,240.0
51.73103110003285,197.60000000000002,240.0
52.01827990007587,197.60000000000002,240.0
52.336969200056046,197.60000000000002,240.0
52.65846040006727,197.4,240.0
52.96029300009832,197.4,240.0
53.28381670010276,197.4,240.0
53.60118510003667,197.70000000000002,240.0
53.90492590004578,197.70000000000002,240.0
54.210209600045346,197.4,240.0
54.52792500006035,197.4,240.0
54.83479090000037,197.4,240.0
55.15221800003201,197.70000000000002,240.0
55.473995200009085,197.70000000000002,240.0
55.777224800083786,197.70000000000002,240.0
56.09433640004136,197.60000000000002,240.0
56.41306690010242,197.60000000000002,240.0
56.7016332000494,197.60000000000002,240.0
57.02407330006827,197.70000000000002,240.0
57.34178950008936,197.70000000000002,240.0
57.644590400042944,197.70000000000002,240.0
57.967485500033945,197.8,240.0
58.28505430009682,197.8,240.0
58.587573099997826,197.8,240.0
58.91111440001987,197.70000000000002,240.0
59.21491600002628,197.70000000000002,240.0
59.53165030002128,197.9,240.0
59.85438500007149,197.9,240.0
60.15672440000344,197.9,240.0
60.47841760003939,197.60000000000002,240.0
60.79743250005413,197.60000000000002,240.0
61.11412660009228,197.60000000000002,240.0
61.42119700007606,198.10000000000002,240.0
61.736675600055605,198.10000000000002,240.0
62.059511200059205,198.10000000000002,240.0
62.35023670003284,197.9,240.0
62.66473540000152,197.9,240.0
62.98650710005313,197.9,240.0
63.30787960009184,198.3,240.0
63.62626980000641,198.3,240.0
63.94356860010885,198.4,240.0
64.23115900007542,198.4,240.0
64.56898700003512,198.4,240.0
64.87256520008668,198.5,240.0
65.1779225000646,198.5,240.0
65.49461300007533,198.5,240.0
65.81488350010477,198.70000000000002,240.0
66.13781120011117,198.70000000000002,240.0
66.42444470000919,198.70000000000002,240.0
66.7452798000304,198.4,240.0
67.06202720000874,198.4,240.0
67.38317960000131,198.4,240.0
67.68752110004425,198.70000000000002,240.0
67.99175610009115,198.70000000000002,240.0
68.30869320000056,198.70000000000002,240.0
68.63075920008123,198.4,240.0
68.94723900000099,198.4,240.0
69.27086330007296,198.8,240.0
69.57110480009578,198.8,240.0
69.89299610001035,198.8,240.0
70.21016700007021,198.70000000000002,240.0
70.5321615000721,198.70000000000002,240.0
70.85047760000452,198.70000000000002,240.0
71.15567810006905,198.9,240.0
71.4571754001081,198.9,240.0
71.77670700009912,198.9,240.0
72.09788180002943,199.0,240.0
72.40050530002918,199.0,240.0
72.70835740002804,199.0,240.0
73.02475770004094,198.8,240.0
73.34513740008697,198.8,240.0
73.66477300005499,199.10000000000002,240.0
73.97067510010675,199.10000000000002,240.0
74.27399920008611,199.10000000000002,240.0
74.59067320008762,198.70000000000002,240.0
74.91195410001092,198.70000000000002,240.0
75.23135170002934,198.70000000000002,240.0
75.53651090001222,199.10000000000002,240.0
75.85740170010831,199.10000000000002,240.0
76.1757321000332,199.10000000000002,240.0
76.4776388000464,198.8,240.0
76.79838630009908,198.8,240.0
77.12023640004918,198.8,240.0
77.42289550008718,199.20000000000002,240.0
77.74334280006588,199.20000000000002,240.0
78.0611042000819,199.10000000000002,240.0
78.38385790004395,199.10000000000002,240.0
78.68765900004655,199.10000000000002,240.0
78.98837020003702,199.10000000000002,240.0
79.30867790000048,199.10000000000002,240.0
79.62834890000522,199.10000000000002,240.0
79.95044780010357,199.3,240.0
80.25292270001955,199.3,240.0
80.5737088000169,199.3,240.0
80.89038820005953,199.10000000000002,240.0
81.19764620007481,199.10000000000002,240.0
81.51501940004528,199.10000000000002,240.0
81.83544220007025,199.60000000000002,240.0
82.14110000000801,199.60000000000002,240.0
82.45730800007004,199.4,240.0
82.76017920009326,199.4,240.0
83.07991630001925,199.4,240.0
83.38675200007856,199.9,240.0
83.70657030004077,199.9,240.0
84.00749880005606,199.9,240.0
84.3272909000516,199.9,240.0
84.65032530005556,199.9,240.0
84.95314750005491,199.9,240.0
85.2556506000692,200.0,240.0
85.57487650006078,200.0,240.0
85.89480510004796,200.0,240.0
86.21606830006931,200.10000000000002,240.0
86.5213783000363,200.10000000000002,240.0
86.83915760007221,200.10000000000002,240.0
87.1605084000621,200.0,240.0
87.47760900005233,200.0,240.0
87.7824906000169,200.20000000000002,240.0
88.08829630003311,200.20000000000002,240.0
88.40430030005518,200.20000000000002,240.0
88.72468680003658,200.0,240.0
89.04494580009487,200.0,240.0
89.36642990005203,200.0,240.0
89.66897720005363,200.4,240.0
89.98821860004682,200.4,240.0
90.29024730005767,200.4,240.0
90.61365510011092,200.20000000000002,240.0
90.93342460005078,200.20000000000002,240.0
91.21974570001476,200.20000000000002,240.0
91.5402995001059,200.5,240.0
91.86054950009566,200.5,240.0
92.17827470006887,200.5,240.0
92.48349280003458,200.5,240.0
92.8038319000043,200.5,240.0
93.12332690006588,200.5,240.0
93.44047310005408,200.5,240.0
93.76203920005355,200.5,240.0
94.04959700000472,200.60000000000002,240.0
94.36989930004347,200.60000000000002,240.0
94.6883119000122,200.60000000000002,240.0
95.0110060001025,200.4,240.0
95.29831280000508,200.4,240.0
95.61551860009786,200.4,240.0
95.93446990009397,200.70000000000002,240.0
96.25347250001505,200.70000000000002,240.0
96.56063920003362,200.70000000000002,240.0
96.86189980001654,200.5,240.0
97.18406700005289,200.5,240.0
97.50428560003638,200.8,240.0
97.82257140008733,200.8,240.0
98.12768590007909,200.8,240.0
98.44725470000412,200.70000000000002,240.0
98.76414490002207,200.70000000000002,240.0
99.06870180007536,200.70000000000002,240.0
99.39154860004783,200.8,240.0
99.70982600003481,200.8,240.0
100.01095470006112,200.8,240.0
100.31621970003471,200.8,240.0
100.63616080000065,200.8,240.0
100.95653640001547,200.8,240.0
101.25825820001774,200.8,240.0
101.56313940009568,200.8,240.0
101.88125770003535,201.20000000000002,240.0
102.20383490005042,201.20000000000002,240.0
102.50562350009568,201.20000000000002,240.0
102.82681670004968,201.10000000000002,240.0
103.12954650004394,201.10000000000002,240.0
103.4504516000161,201.10000000000002,240.0
103.77109110006131,201.60000000000002,240.0
104.09166300005745,201.60000000000002,240.0
104.39420050010085,201.60000000000002,240.0
104.69731460011099,201.5,240.0
105.01875850011129,201.5,240.0
105.33839610009454,201.5,240.0
105.65614090010058,201.8,240.0
105.97381700004917,201.8,240.0
106.28119270002935,201.70000000000002,240.0
106.5994816001039,201.70000000000002,240.0
106.91696210007649,201.70000000000002,240.0
107.23935610009357,201.70000000000002,240.0
107.55821280006785,201.70000000000002,240.0
107.87913750007283,201.70000000000002,240.0
108.19808080000803,201.9,240.0
108.50358450005297,201.9,240.0
108.8053232000675,201.9,240.0
109.12544590001926,201.70000000000002,240.0
109.42976550001185,201.70000000000002,240.0
109.74901940010022,201.70000000000002,240.0
110.0678991000168,202.10000000000002,240.0
110.37017090001609,202.10000000000002,240.0
110.67793280002661,202.10000000000002,240.0
110.99500640004408,201.9,240.0
111.3142190000508,201.9,240.0
111.63643650000449,202.3,240.0
111.93714940000791,202.3,240.0
112.24291520006955,202.3,240.0
112.56313770008273,202.10000000000002,240.0
112.88488760008477,202.10000000000002,240.0
113.1868214000715,202.10000000000002,240.0
113.5060048000887,202.3,240.0
113.82382470008451,202.3,240.0
114.14764350000769,202.3,240.0
114.44993380003143,202.3,240.0
114.77019010006916,202.3,240.0
115.07284750009421,202.3,240.0
115.39248460007366,202.20000000000002,240.0
115.71426770009566,202.20000000000002,240.0
116.00215200008824,202.4,240.0
116.32194950000849,202.4,240.0
116.63896990008652,202.4,240.0
116.96001130004879,202.20000000000002,240.0
117.27930460008793,202.20000000000002,240.0
117.56885560008232,202.20000000000002,240.0
117.8862774000736,202.60000000000002,240.0
118.20669920009095,202.60000000000002,240.0
118.52789910009596,202.60000000000002,240.0
118.8285170000745,202.3,240.0
119.15068810002413,202.3,240.0
119.47022660006769,202.3,240.0
119.7912084000418,202.60000000000002,240.0
120.0922018000856,202.60000000000002,240.0
120.41184880002402,202.5,240.0
120.73337980010547,202.5,240.0
121.05345510004554,202.5,240.0
121.35625270009041,202.70000000000002,240.0
121.65921170008369,202.70000000000002,240.0
121.97756420006044,202.70000000000002,240.0
122.30002120009158,203.0,240.0
122.61674460000359,203.0,240.0
122.93895189999603,203.0,240.0
123.25639140000567,202.9,240.0
123.56319690006785,202.9,240.0
123.86654290009756,202.9,240.0
124.18460480007343,203.4,240.0
124.49060020002071,203.4,240.0
124.80870210006833,203.20000000000002,240.0
125.1281327001052,203.20000000000002,240.0
125.43438420002349,203.20000000000002,240.0
125.7526900001103,203.5,240.0
126.07021920010448,203.5,240.0
126.37428590003401,203.5,240.0
126.69730500003789,203.3,240.0
127.00097330007702,203.3,240.0
127.30499269999564,203.3,240.0
127.62390390003566,203.5,240.0
127.92557050008327,203.5,240.0
128.24826200003736,203.5,240.0
128.56641510000918,203.5,240.0
128.86877580010332,203.5,240.0
129.19080430001486,203.5,240.0
129.50796630000696,203.4,240.0
129.795271400013,203.4,240.0
130.11669600009918,203.9,240.0
130.4385132000316,203.9,240.0
130.74090590002015,203.9,240.0
131.0593345001107,203.70000000000002,240.0
131.37890920008067,203.70000000000002,240.0
131.6848768000491,203.70000000000002,240.0
132.00321059999987,204.10000000000002,240.0
132.32567690010183,204.10000000000002,240.0
132.62752660003025,204.10000000000002,240.0
132.92893650010228,203.9,240.0
133.2491519000614,203.9,240.0
133.57055100006983,203.9,240.0
133.87344160000794,204.10000000000002,240.0
134.19400740007404,204.10000000000002,240.0
134.49685200001113,204.10000000000002,240.0
134.8002594000427,204.0,240.0
135.12363360007294,204.0,240.0
135.44189380004536,204.0,240.0
135.7446490000002,204.0,240.0
136.0630239000311,204.0,240.0
136.38276550010778,204.20000000000002,240.0
136.70307350007351,204.20000000000002,240.0
137.0248735001078,204.20000000000002,240.0
137.32813870010432,203.9,240.0
137.62977230001707,203.9,240.0
137.95192020002287,203.9,240.0
138.27006950008217,204.20000000000002,240.0
138.5725034000352,204.20000000000002,240.0
138.89651580003556,203.4,240.0
141.72373270010576,0.0,240.0
142.04521800007205,0.0,240.0
142.33405820000917,0.0,240.0
142.65122200001497,0.0,240.0
142.9724607000826,0.0,240.0
143.27627750008833,0.0,240.0
143.59423940000124,0.0,240.0
143.89640760002658,0.0,240.0
144.21925550000742,0.0,240.0
144.53598140005488,0.0,240.0
144.8428952000104,0.0,240.0
145.14730160008185,0.0,240.0
145.46496810007375,0.0,240.0
145.78637010010425,0.0,240.0
146.10438460006844,0.0,240.0
146.42509240005165,0.0,240.0
146.74333210010082,196.5,240.0
147.0462988000363,196.5,240.0
147.3679477000842,196.5,240.0
147.67229320004117,195.9,240.0
147.99060990009457,195.9,240.0
148.3124902000418,195.3,240.0
148.62940860004164,195.3,240.0
148.93592120008543,195.3,240.0
149.254322300083,194.8,240.0
149.55645610007923,194.8,240.0
149.87888980004936,194.8,240.0
150.18160480004735,194.3,240.0
150.4999170000665,194.3,240.0
150.8063581000315,193.8,240.0
151.12522830010857,193.8,240.0
151.42722980002873,193.8,240.0
151.75007070007268,193.3,240.0
152.06830070004798,193.3,240.0
152.37291050003842,193.3,240.0
152.69283930002712,192.8,240.0
153.01250130007975,192.8,240.0
153.3004196000984,192.3,240.0
153.62119820003863,192.3,240.0
153.93885250005405,192.3,240.0
154.2577661999967,191.8,240.0
154.57892930007074,191.8,240.0
154.89709660003427,191.8,240.0
155.20298590010498,191.3,240.0
155.5076780000236,191.3,240.0
155.82559040002525,190.9,240.0
156.12779900000896,190.9,240.0
156.45088350004517,190.9,240.0
156.76850530004594,190.4,240.0
157.07062750007026,190.4,240.0
157.39244710002095,190.4,240.0
157.71120360004716,189.9,240.0
158.01755830005277,189.9,240.0
158.3197081000544,189.4,240.0
158.63752490002662,189.4,240.0
158.94338020007126,189.4,240.0
159.26380580000114,189.0,240.0
159.58121490001213,189.0,240.0
159.9027456000913,189.0,240.0
160.1922748000361,188.5,240.0
160.50946080009453,188.5,240.0
160.82889720005915,188.10000000000002,240.0
161.13129830011167,188.10000000000002,240.0
161.45264850009698,188.10000000000002,240.0
161.77111590001732,187.60000000000002,240.0
162.09210430004168,187.60000000000002,240.0
162.37944920000155,187.60000000000002,240.0
162.6983963000821,187.10000000000002,240.0
163.02078110002913,187.10000000000002,240.0
163.33956180000678,186.70000000000002,240.0
163.66059370001312,186.70000000000002,240.0
163.96508370002266,186.70000000000002,240.0
164.28312170004938,186.3,240.0
164.60238160006702,186.3,240.0
164.92209720006213,185.8,240.0
165.24160990002565,185.8,240.0
165.5446942000417,185.8,240.0
165.8666824999964,185.4,240.0
166.18455810006708,185.4,240.0
166.47383750008885,185.4,240.0
166.79173110006377,185.0,240.0
167.1141004000092,185.0,240.0
167.41573760006577,184.60000000000002,240.0
167.73770600010175,184.60000000000002,240.0
168.05416739999782,184.60000000000002,240.0
168.37699080002494,184.20000000000002,240.0
168.67732060002163,184.20000000000002,240.0
168.9990977999987,184.20000000000002,240.0
169.32064020005055,183.70000000000002,240.0
169.63730960001703,183.70000000000002,240.0
169.95835580001585,183.3,240.0
170.25972110009752,183.3,240.0
170.580887200078,183.3,240.0
170.9036620000843,182.9,240.0
171.22192840010393,182.9,240.0
171.52460630005226,182.9,240.0
171.84296960011125,182.5,240.0
172.16615480009932,182.5,240.0
172.46790180006064,182.10000000000002,240.0
172.7888211000245,182.10000000000002,240.0
173.10844020009972,182.10000000000002,240.0
173.41348770004697,181.70000000000002,240.0
173.73161900008563,181.70000000000002,240.0
174.03275620006025,181.70000000000002,240.0
174.35474010009784,181.20000000000002,240.0
174.6737003000453,181.20000000000002,240.0
174.97939650004264,180.8,240.0
175.2969568000408,180.8,240.0
175.61870760004967,180.8,240.0
175.92103430000134,180.5,240.0
176.22319859999698,180.5,240.0
176.5454611000605,180.5,240.0
176.8628150000004,180.70000000000002,240.0
177.16916390007827,180.70000000000002,240.0
177.4863333000103,180.70000000000002,240.0
177.80832430010196,180.60000000000002,240.0
178.10991980007384,180.60000000000002,240.0
178.43268170009833,180.60000000000002,240.0
178.75267330009956,180.5,240.0
179.05486830009613,180.5,240.0
179.37393420003355,180.4,240.0
179.6930911000818,180.4,240.0
180.01373670005705,180.4,240.0
180.3005471000215,180.20000000000002,240.0
180.62136069999542,180.20000000000002,240.0
180.93961360002868,180.20000000000002,240.0
181.24662069999613,180.20000000000002,240.0
181.56676220009103,180.20000000000002,240.0
181.88433010003064,180.20000000000002,240.0
182.1863482000772,179.9,240.0
182.5090298000723,179.9,240.0
182.8096108000027,179.9,240.0
183.11547120008618,180.20000000000002,240.0
183.43667940003797,180.20000000000002,240.0
183.7538902000524,180.0,240.0
184.06020890001673,180.0,240.0
184.37775280000642,180.0,240.0
184.68407540000044,180.20000000000002,240.0
184.98533350008074,180.20000000000002,240.0
185.3080290000653,180.20000000000002,240.0
185.62553360010497,180.20000000000002,240.0
185.9454321000958,180.20000000000002,240.0
186.25035530002788,180.20000000000002,240.0
186.55457010003738,180.20000000000002,240.0
186.87208890006877,180.20000000000002,240.0
187.17852440010756,180.20000000000002,240.0
187.49665420001838,180.4,240.0
187.81640930008143,180.4,240.0
188.13733370008413,180.4,240.0
188.43786350009032,180.10000000000002,240.0
188.75800510006957,180.10000000000002,240.0
189.078404400032,180.5,240.0
189.40011180005968,180.5,240.0
189.7011574000353,180.5,240.0
190.0215136000188,180.3,240.0
190.34626230003778,180.3,240.0
190.66350490006153,180.3,240.0
190.96359060006216,180.60000000000002,240.0
191.28599410003517,180.60000000000002,240.0
191.60690880008042,180.60000000000002,240.0
191.92278250004165,180.60000000000002,240.0
192.24499330006074,180.60000000000002,240.0
192.54674530006014,180.60000000000002,240.0
192.8504813000327,180.60000000000002,240.0
193.16961140010972,180.60000000000002,240.0
193.48939890007023,180.9,240.0
193.79483760008588,180.9,240.0
194.11654499999713,180.9,240.0
194.43247640004847,180.70000000000002,240.0
194.7521551999962,180.70000000000002,240.0
195.0747212000424,180.70000000000002,240.0
195.3787676000502,181.10000000000002,240.0
195.6957296000328,181.10000000000002,240.0
196.0164655999979,181.10000000000002,240.0
196.33739430003334,180.8,240.0
196.63952870003413,180.8,240.0
196.96001760009676,180.8,240.0
197.28243590006605,181.70000000000002,240.0
197.59903180005495,181.70000000000002,240.0
197.9177155001089,182.4,240.0
198.22568200004753,182.4,240.0
198.54164730000775,182.4,240.0
198.86282780009788,182.70000000000002,240.0
199.1830277000554,182.70000000000002,240.0
199.50278170011006,182.70000000000002,240.0
199.80877610004973,183.4,240.0
200.1263749001082,183.4,240.0
200.44666550005786,183.4,240.0
200.7520230000373,183.4,240.0
201.07050120003987,183.4,240.0
201.37382470001467,183.4,240.0
201.6939995000139,183.4,240.0
202.0112541000126,183.4,240.0
202.3330882000737,183.0,240.0
202.6544524000492,183.0,240.0
202.94070880010258,183.0,240.0
203.2586578000337,183.3,240.0
203.57956940005533,183.3,240.0
203.89811750000808,183.3,240.0
204.20216840005014,183.0,240.0
204.52282660000492,183.0,240.0
204.8446713000303,183.0,240.0
205.1624525000807,183.4,240.0
205.48256140004378,183.4,240.0
205.7687574001029,183.4,240.0
206.08757490001153,184.0,240.0
206.40714240004309,184.0,240.0
206.71402870002203,184.10000000000002,240.0
207.03167210007086,184.10000000000002,240.0
207.35038290009834,184.10000000000002,240.0
207.67135950003285,184.5,240.0
207.97692170005757,184.5,240.0
208.29812740010675,184.5,240.0
208.59989610000048,184.3,240.0
208.91846920002718,184.3,240.0
209.23996910010464,184.3,240.0
209.54277520009782,184.4,240.0
209.86428940005135,184.4,240.0
210.16590720007662,184.4,240.0
210.48548430006485,184.0,240.0
210.80563610000536,184.0,240.0
211.1081972999964,184.3,240.0
211.41257520008367,184.3,240.0
211.73284599999897,184.3,240.0
212.0550332000712,184.4,240.0
212.3549591000192,184.4,240.0
212.66284690005705,184.4,240.0
212.97856590000447,184.60000000000002,240.0
213.2978232000023,184.60000000000002,240.0
213.6043441001093,184.60000000000002,240.0
213.9231684000697,185.10000000000002,240.0
214.22508930007461,185.10000000000002,240.0
214.54685160005465,185.10000000000002,240.0
214.86802950000856,185.0,240.0
215.17048480000813,185.0,240.0
215.4901961000869,185.3,240.0
215.8115474000806,185.3,240.0
216.13139190000948,185.3,240.0
216.43424360000063,185.0,240.0
216.75542510009836,185.0,240.0
217.0555615000194,185.0,240.0
217.3777992000105,185.5,240.0
217.69425600010436,185.5,240.0
217.999144100002,185.5,240.0
218.30464129999746,185.60000000000002,240.0
218.62257010000758,185.60000000000002,240.0
218.9419514000183,185.60000000000002,240.0
219.2643148000352,186.0,240.0
219.56531460001133,186.0,240.0
219.88503230002243,186.0,240.0
220.20556910010055,186.4,240.0
220.50896260002628,186.4,240.0
220.82850480009802,186.5,240.0
221.14778740005568,186.5,240.0
221.45314810005948,186.5,240.0
221.75892280007247,186.8,240.0
222.07500310009345,186.8,240.0
222.39810230000876,186.8,240.0
222.70111640007235,186.60000000000002,240.0
223.0207356000319,186.60000000000002,240.0
223.33919530001003,186.60000000000002,240.0
223.66013160010334,186.9,240.0
223.9613119000569,186.9,240.0
224.26892440009397,186.9,240.0
224.58715680008754,186.60000000000002,240.0
224.90702500008047,186.60000000000002,240.0
225.22711269999854,186.9,240.0
225.5296203000471,186.9,240.0
225.83599410008173,186.9,240.0
226.15214030002244,187.10000000000002,240.0
226.47234490001574,187.10000000000002,240.0
226.7777122000698,187.10000000000002,240.0
227.09665970003698,187.20000000000002,240.0
227.41453020006884,187.20000000000002,240.0
227.73601850005798,187.20000000000002,240.0
228.04161700000986,187.60000000000002,240.0
228.35939540003892,187.60000000000002,240.0
228.6793998000212,187.60000000000002,240.0
228.98404730006587,187.5,240.0
229.3022374000866,187.5,240.0
229.6236396000022,187.8,240.0
229.92886330001056,187.8,240.0
230.2459517000243,187.8,240.0
230.56519770005252,187.5,240.0
230.8853242000332,187.5,240.0
231.20351600006688,187.5,240.0
231.50846460007597,187.8,240.0
231.8313433000585,187.8,240.0
232.15030960005242,187.8,240.0
232.4670489000855,187.60000000000002,240.0
232.7896131000016,187.60000000000002,240.0
233.09032310009934,187.60000000000002,240.0
233.41010650002863,187.8,240.0
233.73071810009424,187.8,240.0
234.03606160008349,187.9,240.0
234.35536700009834,187.9,240.0
234.6743050001096,187.9,240.0
234.97884440002963,187.9,240.0
235.29856980009936,187.9,240.0
235.61710660008248,187.9,240.0
235.90763740008697,188.20000000000002,240.0
236.22750710009132,188.20000000000002,240.0
236.54421100008767,188.20000000000002,240.0
236.86454400001094,187.9,240.0
237.1854995000176,187.9,240.0
237.48705650004558,187.9,240.0
237.80638900003396,188.5,240.0
238.11404720006976,188.5,240.0
238.4308779001003,188.5,240.0
238.7502753000008,188.5,240.0
239.0553434001049,188.5,240.0
239.37491990008857,188.9,240.0
239.69590880000032,188.9,240.0
239.99938600009773,188.9,240.0
240.3201808000449,189.10000000000002,240.0
240.62142150010914,189.10000000000002,240.0
240.9410769001115,189.10000000000002,240.0
241.24656860006507,189.20000000000002,240.0
241.56775540008675,189.20000000000002,240.0
241.8855452000862,189.20000000000002,240.0
242.17390230007004,189.4,240.0
242.491554700071,189.4,240.0
242.81474440009333,189.4,240.0
243.11666030006018,189.20000000000002,240.0
243.43720340006985,189.20000000000002,240.0
243.7402667000424,189.5,240.0
244.0591107000364,189.5,240.0
244.38149370008614,189.5,240.0
244.68399930000305,189.20000000000002,240.0
245.005063300021,189.20000000000002,240.0
245.32322900008876,189.20000000000002,240.0
245.64004130009562,189.70000000000002,240.0
245.96052180009428,189.70000000000002,240.0
246.26742610009387,189.70000000000002,240.0
246.57111680007074,189.60000000000002,240.0
246.89031879999675,189.60000000000002,240.0
247.1932494000066,189.60000000000002,240.0
247.51200820005033,189.8,240.0
247.81773100001737,189.8,240.0
248.1385107000824,190.0,240.0
248.45851910009515,190.0,240.0
248.7758698000107,190.0,240.0
249.06553220003843,189.9,240.0
249.3837553000776,189.9,240.0
249.7045731000835,189.9,240.0
250.02475170011166,190.10000000000002,240.0
250.32518140005413,190.10000000000002,240.0
250.62876039999537,190.10000000000002,240.0
250.95172930008266,189.70000000000002,240.0
251.25295900006313,189.70000000000002,240.0
251.5741880000569,189.70000000000002,240.0
251.89373850007541,190.10000000000002,240.0
252.1964588999981,190.10000000000002,240.0
252.51709280000068,190.10000000000002,240.0
252.8384821000509,189.8,240.0
253.141292000073,189.8,240.0
253.45996840007138,190.10000000000002,240.0
253.7637137999991,190.10000000000002,240.0
254.0839624000946,190.10000000000002,240.0
254.40242360008415,190.10000000000002,240.0
254.7232710000826,190.10000000000002,240.0
255.0257376000518,190.10000000000002,240.0
255.35069280001335,190.20000000000002,240.0
255.6514155000914,190.20000000000002,240.0
255.96949610009324,190.20000000000002,240.0
256.28792190004606,190.60000000000002,240.0
256.61025040003005,190.60000000000002,240.0
256.9129839000525,190.60000000000002,240.0
257.23205570003483,190.60000000000002,240.0
257.553708499996,190.60000000000002,240.0
257.85676770005375,191.0,240.0
258.1755710000871,191.0,240.0
258.4819277001079,191.0,240.0
258.7859477000311,190.8,240.0
259.10305270005483,190.8,240.0
259.42532450007275,190.8,240.0
259.7282681000652,191.10000000000002,240.0
260.04528990003746,191.10000000000002,240.0
260.368700100109,191.10000000000002,240.0
260.6704611000605,190.9,240.0
260.99229060008656,190.9,240.0
261.29159190005157,190.9,240.0
261.59694800002035,191.10000000000002,240.0
261.919636500068,191.10000000000002,240.0
262.2383736000629,191.20000000000002,240.0
262.5416329000145,191.20000000000002,240.0
262.85935730009805,191.20000000000002,240.0
263.18137580004986,191.20000000000002,240.0
263.4821173000382,191.20000000000002,240.0
263.8032446000725,191.20000000000002,240.0
264.10640780010726,191.5,240.0
264.40995330002625,191.5,240.0
264.73181560006924,191.5,240.0
265.04955920006614,191.3,240.0
265.3568079000106,191.3,240.0
265.67438530002255,191.3,240.0
265.99322930001654,191.70000000000002,240.0
266.3000635000644,191.70000000000002,240.0
266.6169274999993,191.70000000000002,240.0
266.9218095000833,191.4,240.0
267.22372160002124,191.4,240.0
267.54495020001195,191.70000000000002,240.0
267.8665865000803,191.70000000000002,240.0
268.1836610001046,191.70000000000002,240.0
268.50611050007865,191.60000000000002,240.0
268.8090872000903,191.60000000000002,240.0
269.1256965000648,191.60000000000002,240.0
269.44711000006646,191.70000000000002,240.0
269.7691928000422,191.70000000000002,240.0
270.0728278000606,191.70000000000002,240.0
270.39007150009274,191.8,240.0
270.6926353001036,191.8,240.0
271.01244980003685,191.8,240.0
271.3342234001029,191.70000000000002,240.0
271.63678980001714,191.70000000000002,240.0
271.95917990000453,192.0,240.0
272.2787921000272,192.0,240.0
272.5636438000947,192.0,240.0
272.90169520000927,191.70000000000002,240.0
273.18837380001787,191.70000000000002,240.0
273.5077023000922,191.70000000000002,240.0
273.83027620008215,192.0,240.0
274.13251880009193,192.0,240.0
274.45342190004885,192.0,240.0
274.77188350004144,191.70000000000002,240.0
275.07373480009846,191.70000000000002,240.0
275.39721750002354,191.70000000000002,240.0
275.71662060008384,192.0,240.0
276.00064960005693,192.0,240.0
276.322589400108,192.0,240.0
276.6443678000942,192.3,240.0
276.94652320002206,192.3,240.0
277.2640913000796,192.3,240.0
277.5864438000135,192.3,240.0
277.88918250007555,192.3,240.0
278.1947959000245,192.70000000000002,240.0
278.5124062000541,192.70000000000002,240.0
278.81465430010576,192.70000000000002,240.0
279.13581750006415,192.5,240.0
279.45553260005545,192.5,240.0
279.77378230006434,192.5,240.0
280.08139880001545,192.9,240.0
280.3988800001098,192.9,240.0
280.70221780007705,192.9,240.0
281.0044659000123,192.60000000000002,240.0
281.3274898000527,192.60000000000002,240.0
281.63018269999884,192.9,240.0
281.95005590002984,192.9,240.0
282.270174400066,192.9,240.0
282.58911790000275,192.8,240.0
282.8911005000118,192.8,240.0
283.21304240007885,192.8,240.0
283.53203760006,192.9,240.0
283.8535302000819,192.9,240.0
284.17227590002585,192.9,240.0
284.4912357000867,193.20000000000002,240.0
284.7958862000378,193.20000000000002,240.0
285.10072200000286,193.20000000000002,240.0
285.4195750000654,193.0,240.0
285.73777660005726,193.0,240.0
286.0419285000535,193.4,240.0
286.3642476000823,193.4,240.0
286.68125060002785,193.4,240.0
286.988176300074,193.10000000000002,240.0
287.30691990000196,193.10000000000002,240.0
287.59557810006663,193.10000000000002,240.0
287.9135596000124,193.4,240.0
288.23194750002585,193.4,240.0
288.53822620003484,193.4,240.0
288.8558450000128,193.10000000000002,240.0
289.17763010005,193.10000000000002,240.0
289.49496560008265,193.10000000000002,240.0
289.8180935001001,193.3,240.0
290.1361795000266,193.3,240.0
290.4243228000123,193.3,240.0
290.74460750003345,193.4,240.0
291.0629598000087,193.4,240.0
291.36635690007824,193.3,240.0
291.6880963000003,193.3,240.0
292.00517800007947,193.3,240.0
292.3078194000991,193.5,240.0
292.629621900036,193.5,240.0
292.93501590006053,193.5,240.0
293.2367651000386,193.3,240.0
293.55540640000254,193.3,240.0
293.87459010002203,193.3,240.0
294.17999790003523,193.60000000000002,240.0
294.50192840001546,193.60000000000002,240.0
294.8205942000495,193.60000000000002,240.0
295.1374887001002,193.3,240.0
295.45967350003775,193.3,240.0
295.76442160003353,193.70000000000002,240.0
296.0676411000313,193.70000000000002,240.0
296.3841960000573,193.70000000000002,240.0
296.7070274000289,193.9,240.0
297.02468440006487,193.9,240.0
297.34702250000555,193.9,240.0
297.66460490005556,194.10000000000002,240.0
297.9673467000248,194.10000000000002,240.0
298.2903386000544,194.10000000000002,240.0
298.59487330005504,194.5,240.0
298.92797590000555,194.5,240.0
299.23344610002823,194.5,240.0
299.53653620008845,194.4,240.0
299.8543560000835,194.4,240.0
300.17634620005265,194.70000000000002,240.0
300.47945930005517,194.70000000000002,240.0
300.8007290000096,194.70000000000002,240.0
301.1176644000225,194.4,240.0
301.4238788000075,194.4,240.0
301.7256666000467,194.4,240.0
302.04527100000996,194.70000000000002,240.0
302.3649487000657,194.70000000000002,240.0
302.66924340010155,194.70000000000002,240.0
302.99119900004007,194.5,240.0
303.2927206000313,194.5,240.0
303.6118714000331,194.5,240.0
303.9172374000773,194.70000000000002,240.0
304.23716140002944,194.70000000000002,240.0
304.5390569000738,194.70000000000002,240.0
304.8612593000289,194.9,240.0
305.1808487001108,194.9,240.0
305.4822010000935,194.9,240.0
305.7859394000843,194.9,240.0
306.1078266000841,194.9,240.0
306.4244167000288,195.20000000000002,240.0
306.7320459000766,195.20000000000002,240.0
307.04814240010455,195.20000000000002,240.0
307.36970090004615,195.0,240.0
307.6728954000864,195.0,240.0
307.9952813000418,195.0,240.0
308.3112437000964,195.3,240.0
308.6319707001094,195.3,240.0
308.9340228000656,195.3,240.0
309.2385623001028,195.0,240.0
309.5608729000669,195.0,240.0
309.8815020000329,195.3,240.0
310.18208240007516,195.3,240.0
310.50401010003407,195.3,240.0
310.80573780008126,195.20000000000002,240.0
311.1275467000669,195.20000000000002,240.0
311.44457350007724,195.20000000000002,240.0
311.764500600053,195.3,240.0
312.08625490008853,195.3,240.0
312.39039310009684,195.3,240.0
312.7112602000125,195.5,240.0
313.03021500003524,195.5,240.0
313.3326048000017,195.5,240.0
313.6546038000379,195.4,240.0
313.9706804000307,195.4,240.0
314.29106590000447,195.70000000000002,240.0
314.61135290004313,195.70000000000002,240.0
314.9154958000872,195.70000000000002,240.0
315.23529390001204,195.4,240.0
315.5571164001012,195.4,240.0
315.86099090008065,195.4,240.0
316.17952830006834,195.9,240.0
316.50006790005136,195.9,240.0
316.8173356000334,195.9,240.0
317.12180360010825,195.9,240.0
317.4425310000079,195.9,240.0
317.7601677000057,195.9,240.0
318.08154370007105,196.20000000000002,240.0
318.3987427999964,196.20000000000002,240.0
318.6890301000094,196.4,240.0
319.00648460001685,196.4,240.0
319.3277406000998,196.4,240.0
319.6489982000785,196.4,240.0
319.95030840008985,196.4,240.0
320.2733097000746,196.4,240.0
320.5744327000575,196.70000000000002,240.0
320.8956569000147,196.70000000000002,240.0
321.2139675000217,196.70000000000002,240.0
321.5334935000865,196.4,240.0
321.85547440010123,196.4,240.0
322.15583900001366,196.4,240.0
322.46213160001207,196.8,240.0
322.781090100063,196.8,240.0
323.10182060010266,196.5,240.0
323.404072000063,196.5,240.0
323.7099808000494,196.5,240.0
324.0264398000436,196.9,240.0
324.35120950010605,196.9,240.0
324.6694764000131,196.9,240.0
324.9717200000305,196.9,240.0
325.2920342000434,196.9,240.0
325.60861220001243,196.9,240.0
325.93024100002367,197.0,240.0
326.23545460007153,197.0,240.0
326.55564830009826,197.0,240.0
326.87258389999624,197.20000000000002,240.0
327.1931935000466,197.20000000000002,240.0
327.5140163000906,197.0,240.0
327.8010358000174,197.0,240.0
328.1195585000096,197.0,240.0
328.43962950003333,197.3,240.0
328.7602686000755,197.3,240.0
329.0783982001012,197.3,240.0
329.38169440010097,197.0,240.0
329.7042618000414,197.0,240.0
330.02129440009594,197.0,240.0
330.34640100004617,197.4,240.0
330.6445869000163,197.4,240.0
330.9664852001006,197.4,240.0
331.2684791000793,197.10000000000002,240.0
331.58923440007493,197.10000000000002,240.0
331.909770200029,197.3,240.0
332.23111290007364,197.3,240.0
332.53345630003605,197.3,240.0
332.8552207000321,197.4,240.0
333.1706932000816,197.4,240.0
333.49187800008804,197.4,240.0
333.8140663000522,197.3,240.0
334.1170424000593,197.3,240.0
334.4338704000693,197.3,240.0
334.7571735000238,197.60000000000002,240.0
335.0766762000276,197.60000000000002,240.0
335.3785451001022,197.60000000000002,240.0
335.698918600101,197.3,240.0
336.0188726000488,197.3,240.0
336.34019890008494,197.9,240.0
336.63987070007715,197.9,240.0
336.9634114000946,197.9,240.0
337.2801290000789,197.9,240.0
337.5849869000958,197.9,240.0
337.9071449000621,197.9,240.0
338.2226201000158,198.20000000000002,240.0
338.52680420002434,198.20000000000002,240.0
338.85023690003436,198.20000000000002,240.0
339.1539005000377,198.4,240.0
339.4722873000428,198.4,240.0
339.78930840000976,198.4,240.0
340.0804793999996,198.5,240.0
340.3987369000679,198.5,240.0
340.7192825000966,198.60000000000002,240.0
341.036813700106,198.60000000000002,240.0
341.34649470006116,198.60000000000002,240.0
341.6628193000797,198.4,240.0
341.9828066000482,198.4,240.0
342.3032974000089,198.4,240.0
342.60719850007445,198.70000000000002,240.0
342.925730100018,198.70000000000002,240.0
343.2467259000987,198.70000000000002,240.0
343.5473034000024,198.5,240.0
343.86965510004666,198.5,240.0
344.18607150006574,198.5,240.0
344.5078997000819,198.9,240.0
344.81345040001906,198.9,240.0
345.1290775000816,198.8,240.0
345.4354905000655,198.8,240.0
345.756927600014,198.8,240.0
346.0598887000233,199.0,240.0
346.3789749999996,199.0,240.0
346.68322730006184,199.0,240.0
346.983746800106,199.10000000000002,240.0
347.3037082001101,199.10000000000002,240.0
347.6255007000873,199.10000000000002,240.0
347.9457992000971,199.0,240.0
348.24814720009454,199.0,240.0
348.5662560000783,199.0,240.0
348.8709334000014,199.20000000000002,240.0
349.1935521000996,199.20000000000002,240.0
349.496884400025,199.20000000000002,240.0
349.8170686000958,199.0,240.0
350.1201181000797,199.0,240.0
350.4390630000271,199.4,240.0
350.7586782000726,199.4,240.0
351.0636971000349,199.4,240.0
351.3840567000443,199.10000000000002,240.0
351.7033561000135,199.10000000000002,240.0
352.00594180007465,199.10000000000002,240.0
352.3237388000125,199.5,240.0
352.6443779000547,199.5,240.0
352.95020800002385,199.5,240.0
353.25147690007,199.4,240.0
353.5725148000056,199.4,240.0
353.8926128000021,199.4,240.0
354.21277430001646,199.5,240.0
354.53018500003964,199.5,240.0
354.83672440005466,199.5,240.0
355.1554470000556,199.5,240.0
355.47677070007194,199.5,240.0
355.79517560009845,199.4,240.0
356.0819042000221,199.4,240.0
356.4018302001059,199.4,240.0
356.72217930003535,200.0,240.0
357.0438166001113,200.0,240.0
357.34612470003776,200.0,240.0
357.66312170005403,199.9,240.0
357.98720250010956,199.9,240.0
358.30511940002907,199.9,240.0
358.60961420007516,200.4,240.0
358.9127568000695,200.4,240.0
359.23348750011064,200.3,240.0
359.55180390004534,200.3,240.0
359.87158680008724,200.3,240.0
360.1752837001113,200.60000000000002,240.0
360.49694150011055,200.60000000000002,240.0
360.8150898000458,200.60000000000002,240.0
361.1200881000841,200.60000000000002,240.0
361.4377702000784,200.60000000000002,240.0
361.74061180010904,200.60000000000002,240.0
362.06295010005124,200.5,240.0
362.3800312000094,200.5,240.0
362.6875833000522,200.5,240.0
363.0051790000871,200.8,240.0
363.3251621000236,200.8,240.0
363.6289629000239,200.8,240.0
363.9480860000476,200.5,240.0
364.2513586001005,200.5,240.0
364.5728710000403,201.0,240.0
364.891728800023,201.0,240.0
365.19762960006483,201.0,240.0
365.51641010004096,200.8,240.0
365.8358581000939,200.8,240.0
366.1392269000644,200.8,240.0
366.4428339001024,201.20000000000002,240.0
366.76386659999844,201.20000000000002,240.0
367.083317700075,201.20000000000002,240.0
367.4000147000188,201.10000000000002,240.0
367.72220980003476,201.10000000000002,240.0
368.03990500001237,201.10000000000002,240.0
368.34607530001085,201.10000000000002,240.0
368.6477214000188,201.10000000000002,240.0
368.9685674000066,201.20000000000002,240.0
369.27287880005315,201.20000000000002,240.0
369.5906920999987,201.20000000000002,240.0
369.8975263000466,201.10000000000002,240.0
370.2145294001093,201.10000000000002,240.0
370.53680910007097,201.10000000000002,240.0
370.8540152000496,201.4,240.0
371.17664010007866,201.4,240.0
371.4934933000477,201.4,240.0
371.7979658000404,201.10000000000002,240.0
372.12020910007413,201.10000000000002,240.0
372.43760310008656,201.10000000000002,240.0
372.75777180003934,201.5,240.0
373.06037390010897,201.5,240.0
373.3792517000111,201.3,240.0
373.6860235000495,201.3,240.0
373.98788220004644,201.3,240.0
374.30625350004993,201.5,240.0
374.62816880003083,201.5,240.0
374.92972850007936,201.5,240.0
375.2514111000346,201.5,240.0
375.57013050001115,201.5,240.0
375.87649940000847,201.5,240.0
376.17687250010204,201.5,240.0
376.49904340005014,201.5,240.0
376.8042973000556,201.5,240.0
377.1210606000386,202.0,240.0
377.44179480010644,202.0,240.0
377.74383290007245,202.0,240.0
378.04915430000983,202.0,240.0
378.3694713000441,202.0,240.0
378.6867334000999,202.60000000000002,240.0
379.0103216000134,202.60000000000002,240.0
379.310340700089,202.60000000000002,240.0
379.6332325000549,202.5,240.0
379.93686600006185,202.5,240.0
380.2385387000395,202.5,240.0
380.5604031000985,202.70000000000002,240.0
380.87813050008845,202.70000000000002,240.0
381.18442980002146,202.70000000000002,240.0
381.50156670005526,202.60000000000002,240.0
381.80435180000495,202.60000000000002,240.0
382.11120410007425,202.60000000000002,240.0
382.427859300049,202.70000000000002,240.0
382.7500257000793,202.70000000000002,240.0
383.07148340006825,202.8,240.0
383.37373580003623,202.8,240.0
383.69524570007343,202.8,240.0
383.9949764000485,202.70000000000002,240.0
384.30027040001005,202.70000000000002,240.0
384.62273420009296,202.70000000000002,240.0
384.94043489999603,203.10000000000002,240.0
385.24265460006427,203.10000000000002,240.0
385.5655814000638,203.10000000000002,240.0
385.88399970007595,202.9,240.0
386.18567200005054,202.9,240.0
386.5074510000413,202.9,240.0
386.81121480010916,203.3,240.0
387.1129154000664,203.3,240.0
387.4347689000424,203.10000000000002,240.0
387.75199100002646,203.10000000000002,240.0
388.05830050003715,203.10000000000002,240.0
388.3784470000537,203.3,240.0
388.6981792000588,203.3,240.0
389.0164397000335,203.3,240.0
389.32191719999537,203.3,240.0
389.63971500005573,203.3,240.0
389.9421449000947,203.3,240.0
390.26484720001463,203.20000000000002,240.0
390.58190250000916,203.20000000000002,240.0
390.88939720008057,203.20000000000002,240.0
391.2051654000534,203.5,240.0
391.50908510002773,203.5,240.0
391.8155470000347,203.5,240.0
392.1324803000316,203.3,240.0
392.4551762000192,203.3,240.0
392.75755570002366,203.70000000000002,240.0
393.0792802000651,203.70000000000002,240.0
393.39767620002385,203.70000000000002,240.0
393.7193185000215,203.4,240.0
394.0221470000688,203.4,240.0
394.34028300002683,203.4,240.0
394.6613402001094,203.70000000000002,240.0
394.98093770002015,203.70000000000002,240.0
395.29816650005523,203.70000000000002,240.0
395.60584920004476,203.5,240.0
395.92353020003065,203.5,240.0
396.24189170007594,203.5,240.0
396.56406750006136,203.70000000000002,240.0
396.88113300001714,203.70000000000002,240.0
397.2030290000839,204.10000000000002,240.0
397.5210943000857,204.10000000000002,240.0
397.8273700000718,204.10000000000002,240.0
398.1304229000816,204.0,240.0
398.45187240000814,204.0,240.0
398.77057839999907,204.0,240.0
399.09037630003877,204.60000000000002,240.0
399.4094944000244,204.60000000000002,240.0
399.7119328000117,204.60000000000002,240.0
400.03076450002845,204.4,240.0
400.3500989000313,204.4,240.0
400.65788660000544,204.4,240.0
400.977189199999,204.8,240.0
401.279860700015,204.8,240.0
401.5835792000871,204.5,240.0
401.905152500025,204.5,240.0
402.2229520000983,204.5,240.0
402.5282376999967,204.70000000000002,240.0
402.84757510002237,204.70000000000002,240.0
403.1655592001043,204.70000000000002,240.0
403.4677403999958,204.8,240.0
403.7756214000983,204.8,240.0
404.09409630007576,204.8,240.0
404.3952746000141,204.70000000000002,240.0
404.71819700009655,204.70000000000002,240.0
405.03583740000613,204.70000000000002,240.0
405.3386472000275,205.10000000000002,240.0
405.66142570006195,205.10000000000002,240.0
405.98166470008437,204.9,240.0
406.2832029000856,204.9,240.0
406.5870477000717,204.9,240.0
406.9057325000176,205.4,240.0
407.2116790000582,205.4,240.0
407.5329327000072,205.4,240.0
407.84920670010615,205.10000000000002,240.0
408.15595960000064,205.10000000000002,240.0
408.4585456000641,205.10000000000002,240.0
408.77733790001366,205.4,240.0
409.09850350010674,205.4,240.0
409.4011137000052,205.4,240.0
409.72196690004785,205.3,240.0
410.0390312001109,205.3,240.0
410.3457878000336,205.3,240.0
410.664806600078,205.3,240.0
410.9657972001005,205.3,240.0
411.2871366000036,205.4,240.0
411.6089478000067,205.4,240.0
411.9272183000576,205.4,240.0
412.24708300002385,205.3,240.0
412.5683925000485,205.3,240.0
412.8705207000021,205.3,240.0
413.1880578000564,205.60000000000002,240.0
413.49552780005615,205.60000000000002,240.0
413.812548100017,205.60000000000002,240.0
414.1196229000343,205.4,240.0
414.43777050008066,205.4,240.0
414.7591695000883,205.4,240.0
415.06100030010566,205.70000000000002,240.0
415.37922020000406,205.70000000000002,240.0
415.7011556000216,205.5,240.0
415.9886024000589,205.5,240.0
416.30567960010376,205.5,240.0
416.62857670011,205.8,240.0
416.93094220000785,205.8,240.0
417.25290150009096,205.8,240.0
417.5723181000212,206.10000000000002,240.0
417.87600300007034,206.10000000000002,240.0
418.1942349000601,206.10000000000002,240.0
418.512580800103,206.10000000000002,240.0
418.8159877000144,206.10000000000002,240.0
419.13756500009913,206.10000000000002,240.0
419.45578930003103,206.60000000000002,240.0
419.76215610001236,206.60000000000002,240.0
420.08100110001396,206.5,240.0
420.39865109999664,206.5,240.0
420.68649370002095,206.5,240.0
421.00932870002,206.8,240.0
421.3127896001097,206.8,240.0
421.63373400003184,206.8,240.0
421.95319840009324,206.5,240.0
422.27198280009907,206.5,240.0
422.5737099000253,206.5,240.0
422.88013460009824,206.8,240.0
423.19932210003026,206.8,240.0
423.5195140000433,206.8,240.0
423.83678260003217,206.70000000000002,240.0
424.1439375000773,206.70000000000002,240.0
424.4603621000424,206.8,240.0
424.78070940007456,206.8,240.0
425.1013695000438,206.8,240.0
425.4036992000183,207.0,240.0
425.71029489999637,207.0,240.0
426.02733020007145,207.0,240.0
426.3296694000019,207.0,240.0
426.6517229001038,207.0,240.0
426.9709206999978,207.0,240.0
427.2922228000825,207.3,240.0
427.5805568000069,207.3,240.0
427.89824390003923,207.3,240.0
428.21894140006043,207.10000000000002,240.0
428.539752200013,207.10000000000002,240.0
428.8422559000319,207.10000000000002,240.0
429.16286220005713,207.4,240.0
429.4657954000868,207.4,240.0
429.7688594000647,207.10000000000002,240.0
430.0909084000159,207.10000000000002,240.0
430.4069304000586,207.10000000000002,240.0
430.72901490004733,207.4,240.0
431.0501176000107,207.4,240.0
431.3682108001085,207.4,240.0
431.66999290010426,207.3,240.0
431.9762246001046,207.3,240.0
432.29672970005777,207.3,240.0
432.6167353000492,207.3,240.0
432.9189123000251,207.3,240.0
433.2403827001108,207.3,240.0
433.5421316000866,207.60000000000002,240.0
433.86311200005,207.60000000000002,240.0
434.16499850002583,207.4,240.0
434.48515990003943,207.4,240.0
434.805892100092,207.4,240.0
435.1083874000469,208.0,240.0
435.4134253000375,208.0,240.0
435.73158140003216,208.0,240.0
436.03379780007526,207.9,240.0
436.3560139000183,207.9,240.0
436.67419330007397,207.9,240.0
436.9789257000666,208.3,240.0
437.2970160000259,208.3,240.0
437.6184918000363,208.3,240.0
437.92436850001104,208.3,240.0
438.24309370003175,208.3,240.0
438.54439680010546,208.3,240.0
438.8483665001113,208.4,240.0
439.1692678000545,208.4,240.0
439.48864440002944,208.5,240.0
439.80884800001513,208.5,240.0
440.1274385000579,208.5,240.0
440.4505102999974,208.4,240.0
440.7354725000914,208.4,240.0
441.05789530009497,208.4,240.0
441.3769599000225,208.70000000000002,240.0
441.678523800103,208.70000000000002,240.0
441.9998465999961,208.70000000000002,240.0
442.31746640009806,208.4,240.0
442.6239477000199,208.4,240.0
442.9260878000641,208.4,240.0
443.24834560009185,208.9,240.0
443.56833030004054,208.9,240.0
443.8702852000715,208.70000000000002,240.0
444.1909641000675,208.70000000000002,240.0
444.4917327000294,208.70000000000002,240.0
444.8130351,209.0,240.0
445.13399680005386,209.0,240.0
445.436108599999,209.0,240.0
445.73826950008515,209.0,240.0
446.0608261000598,209.0,240.0
446.3633283000672,209.0,240.0
446.6837267000228,209.0,240.0
447.00430090003647,209.0,240.0
447.3214054000564,209.0,240.0
447.6283759000944,209.20000000000002,240.0
447.9316176000284,209.20000000000002,240.0
448.2483866000548,209.20000000000002,240.0
448.5548632000573,209.0,240.0
448.8721941000549,209.0,240.0
449.1936846000608,209.3,240.0
449.51375250006095,209.3,240.0
449.80068980006035,209.3,240.0
450.12207030004356,209.0,240.0
450.4401455000043,209.0,240.0
450.74530770001,209.0,240.0
451.06325360003393,209.4,240.0
451.3677176000783,209.4,240.0
451.6865386000136,209.4,240.0
452.0079864000436,209.3,240.0
452.30940970010124,209.3,240.0
452.6148716000607,209.3,240.0
452.9360992000438,209.4,240.0
453.2562100000214,209.4,240.0
453.55626100010704,209.4,240.0
453.87676670006476,209.4,240.0
454.1980048000114,209.4,240.0
454.5180982000893,209.3,240.0
454.83442359999754,209.3,240.0
455.1567810000852,209.3,240.0
455.4615789001109,209.8,240.0
455.778669500025,209.8,240.0
456.09975960000884,209.8,240.0
456.4050801000558,209.70000000000002,240.0
456.7075429999968,209.70000000000002,240.0
457.02766260004137,209.70000000000002,240.0
457.34681940008886,210.20000000000002,240.0
457.6677617999958,210.20000000000002,240.0
457.970687400084,210.20000000000002,240.0
458.2742668000283,210.20000000000002,240.0
458.59497240011115,210.20000000000002,240.0
458.9135842000833,210.5,240.0
459.2337006001035,210.5,240.0
459.53490770002827,210.5,240.0
459.85650330001954,210.5,240.0
460.1773347000126,210.5,240.0
460.49564010009635,210.5,240.0
460.8173931000056,210.4,240.0
461.1179872000357,210.4,240.0
461.4385967000853,210.4,240.0
461.75831950001884,210.60000000000002,240.0
462.0640206000535,210.60000000000002,240.0
462.36905280000065,210.60000000000002,240.0
462.6852333000861,210.4,240.0
463.00413820007816,210.4,240.0
463.30954470008146,210.9,240.0
463.61446200008504,210.9,240.0
463.9350274000317,210.9,240.0
464.25450430007186,210.70000000000002,240.0
464.5711846000049,210.70000000000002,240.0
464.87691059999634,210.70000000000002,240.0
465.1969973000232,211.0,240.0
465.51710739999544,211.0,240.0
465.8373338000383,211.0,240.0
466.13882030011155,210.9,240.0
466.4447247000644,210.9,240.0
466.76304560003337,210.9,240.0
467.085433500004,211.10000000000002,240.0
467.385895500076,211.10000000000002,240.0
467.70786920003593,211.10000000000002,240.0
468.00887240003794,211.10000000000002,240.0
468.3287739000516,211.10000000000002,240.0
468.6359103000723,210.9,240.0
468.9556830000365,210.9,240.0
469.27473850001115,210.9,240.0
469.57894640008453,211.20000000000002,240.0
469.8805112000555,211.20000000000002,240.0
470.20013400004245,211.20000000000002,240.0
470.5208203000948,210.9,240.0
470.8221260000719,210.9,240.0
471.1460658001015,210.9,240.0
471.4618775000563,211.3,240.0
471.7835896000033,211.3,240.0
472.10523450002074,211.10000000000002,240.0
472.4047942000907,211.10000000000002,240.0
472.7272455000784,211.10000000000002,240.0
473.0308819001075,211.4,240.0
473.3357649000827,211.4,240.0
473.6524714000989,211.4,240.0
473.9747540000826,211.4,240.0
474.2753298000898,211.4,240.0
474.5804720000597,211.4,240.0
474.9023243000265,211.4,240.0
475.2205031000776,211.4,240.0
475.53986890008673,211.4,240.0
475.84573719999753,211.8,240.0
476.146188700106,211.8,240.0
476.46940420009196,211.8,240.0
476.7891637000721,211.70000000000002,240.0
477.0902300000889,211.70000000000002,240.0
477.41263630008325,212.20000000000002,240.0
477.73073000006843,212.20000000000002,240.0
478.05143600003794,212.20000000000002,240.0
478.3562111000065,212.10000000000002,240.0
478.6757919000229,212.10000000000002,240.0
478.9958394001005,212.10000000000002,240.0
479.2991497000912,212.4,240.0
479.61863320006523,212.4,240.0
479.9209348000586,212.4,240.0
480.24183730001096,212.3,240.0
480.54246590007097,212.3,240.0
480.8630134999985,212.3,240.0
481.1866354000522,212.4,240.0
481.5050967000425,212.4,240.0
481.80879230005667,212.5,240.0
482.12924090004526,212.5,240.0
482.4304428000469,212.5,240.0
482.75126380007714,212.4,240.0
483.0688714000862,212.4,240.0
483.3760367000941,212.4,240.0
483.67885450005997,212.8,240.0
483.99997920007445,212.8,240.0
484.3021782001015,212.8,240.0
484.62064140010625,212.60000000000002,240.0
484.9423840000527,212.60000000000002,240.0
485.24445770005696,212.60000000000002,240.0
485.5661136000417,213.0,240.0
485.8705813999986,213.0,240.0
486.18881370010786,212.9,240.0
486.5106295000296,212.9,240.0
486.8280052000191,212.9,240.0
487.1459796000272,213.0,240.0
487.4681585000362,213.0,240.0
487.7869215999963,213.0,240.0
488.09028420003597,213.0,240.0
488.41227100009564,213.0,240.0
488.716077900026,213.0,240.0
489.01841340004466,212.9,240.0
489.3387509000022,212.9,240.0
489.6564141000854,212.9,240.0
489.9626718000509,213.10000000000002,240.0
490.28345600003377,213.10000000000002,240.0
490.58737459999975,212.9,240.0
490.905465100077,212.9,240.0
491.2072162000695,212.9,240.0
491.52797050005756,213.3,240.0
491.8461409000447,213.3,240.0
492.1523945000954,213.3,240.0
492.4736547000939,213.0,240.0
492.77523430006113,213.0,240.0
493.09852100000717,213.0,240.0
493.398345900001,213.3,240.0
493.7165038000094,213.3,240.0
494.0387714999961,213.3,240.0
494.34100120002404,213.10000000000002,240.0
494.66343420010526,213.10000000000002,240.0
494.982638000045,213.10000000000002,240.0
495.28551600000355,213.3,240.0
495.58970180002507,213.3,240.0
495.9109513000585,213.60000000000002,240.0
496.21114360005595,213.60000000000002,240.0
496.53309460007586,213.60000000000002,240.0
496.8509084000252,213.60000000000002,240.0
497.1422141001094,213.60000000000002,240.0
497.46049270010553,213.60000000000002,240.0
497.7816430000821,214.10000000000002,240.0
498.09894150006585,214.10000000000002,240.0
498.4016993000405,214.10000000000002,240.0
498.7200219000224,213.9,240.0
499.0403543000575,213.9,240.0
499.32826540002134,213.9,240.0
499.65178690000903,214.3,240.0
499.9682489000261,214.3,240.0
500.2756517000962,214.3,240.0
500.5935989000136,214.10000000000002,240.0
500.9147332001012,214.10000000000002,240.0
501.21814990008716,214.3,240.0
501.5341076001059,214.3,240.0
501.84068450005725,214.3,240.0
502.14321030001156,214.20000000000002,240.0
502.4632986000506,214.20000000000002,240.0
502.78498880006373,214.20000000000002,240.0
503.1023653000593,214.20000000000002,240.0
503.4057600001106,214.20000000000002,240.0
503.7286065000808,214.20000000000002,240.0
504.03171330003534,214.5,240.0
504.332522300072,214.5,240.0
504.6542563000694,214.5,240.0
504.9565523000201,214.4,240.0
505.279342200025,214.4,240.0
505.59764370007906,214.8,240.0
505.91870830010157,214.8,240.0
506.23699710005894,214.8,240.0
506.55576160002965,214.60000000000002,240.0
506.8592987000011,214.60000000000002,240.0
507.1652139000362,214.60000000000002,240.0
507.4839303001063,214.9,240.0
507.80116980010644,214.9,240.0
508.1079069999978,214.9,240.0
508.4262563000666,214.70000000000002,240.0
508.74757170001976,214.70000000000002,240.0
509.0321842000121,214.70000000000002,240.0
509.354284800007,214.8,240.0
509.6569814000977,214.8,240.0
509.9790372001007,214.8,240.0
510.2973622001009,214.8,240.0
510.6180343000451,214.8,240.0
510.92001260002144,214.70000000000002,240.0
511.2394350999966,214.70000000000002,240.0
511.5618628000375,214.70000000000002,240.0
511.8807541000424,215.10000000000002,240.0
512.1861673000967,215.10000000000002,240.0
512.5025716000237,215.10000000000002,240.0
512.822299899999,214.8,240.0
513.1443920000456,214.8,240.0
513.4631426000269,214.8,240.0
513.7658582000295,215.20000000000002,240.0
514.0888233000878,215.20000000000002,240.0
514.3921443000436,215.20000000000002,240.0
514.6944659000728,215.0,240.0
515.0115462000249,215.0,240.0
515.3342770000454,215.3,240.0
515.651972200023,215.3,240.0
515.9737106000539,215.3,240.0
516.2920822000597,215.5,240.0
516.6103711000178,215.5,240.0
516.9331456000218,215.5,240.0
517.2217081000563,215.5,240.0
517.5403432000894,215.5,240.0
517.8591029000236,215.5,240.0
518.1654940000735,216.0,240.0
518.4820319000864,216.0,240.0
518.8031328000361,216.0,240.0
519.1085100000491,215.9,240.0
519.4117086000042,215.9,240.0
519.7299414000008,216.20000000000002,240.0
520.0321796000935,216.20000000000002,240.0
520.3545788000338,216.20000000000002,240.0
520.6729411000852,216.0,240.0
520.9929843000136,216.0,240.0
521.298683400033,216.0,240.0
521.6028397000628,216.3,240.0
521.9204483000794,216.3,240.0
522.2238599000266,216.3,240.0
522.5452766000526,216.20000000000002,240.0
522.8637657000218,216.20000000000002,240.0
523.1653874000767,216.20000000000002,240.0
523.4873202000745,216.3,240.0
523.8060452000936,216.3,240.0
524.1088849001098,216.5,240.0
524.4160001000855,216.5,240.0
524.7341911999974,216.5,240.0
525.0377216000343,216.4,240.0
525.3570526000112,216.4,240.0
525.6596135,216.4,240.0
525.9814908000408,216.8,240.0
526.303088500048,216.8,240.0
526.6226051000413,216.8,240.0
526.9253985000541,216.60000000000002,240.0
527.228545900085,216.60000000000002,240.0
527.5462391000474,216.60000000000002,240.0
527.8524500000058,216.9,240.0
528.1696859000949,216.9,240.0
528.491731200018,216.9,240.0
528.7951582000824,216.70000000000002,240.0
529.115634100046,216.70000000000002,240.0
529.4189378001029,216.9,240.0
529.7247307000216,216.9,240.0
530.0419638000894,216.9,240.0
530.360012600082,216.8,240.0
530.6829758000094,216.8,240.0
531.0016684000148,216.8,240.0
531.3198789000744,216.8,240.0
531.6227935000788,216.8,240.0
531.926547500072,216.8,240.0
532.2489276000997,217.0,240.0
532.5529502000427,217.0,240.0
532.8711717000697,217.0,240.0
533.1776478000684,216.8,240.0
533.4943115001079,216.8,240.0
533.8176054001087,217.20000000000002,240.0
534.1346454001032,217.20000000000002,240.0
534.4410533000482,217.20000000000002,240.0
534.744814600097,216.9,240.0
535.0611648000777,216.9,240.0
535.3646176001057,216.9,240.0
535.6844011000358,217.3,240.0
536.0055807000026,217.3,240.0
536.3234138000989,217.3,240.0
536.6464943001047,217.5,240.0
536.9478534000227,217.5,240.0
537.2698953000363,217.5,240.0
537.5889225000283,217.70000000000002,240.0
537.877928800066,217.70000000000002,240.0
538.1967641001102,218.10000000000002,240.0
538.514591800049,218.10000000000002,240.0
538.81837610004,218.10000000000002,240.0
539.1385579000926,218.10000000000002,240.0
539.4568459000438,218.10000000000002,240.0
539.7633461001096,218.10000000000002,240.0
540.0821989000542,218.4,240.0
540.4038897000719,218.4,240.0
540.7064440000104,218.4,240.0
541.0084228001069,218.20000000000002,240.0
541.3306783000007,218.20000000000002,240.0
541.632562700077,218.20000000000002,240.0
541.9532648000168,218.5,240.0
542.2702757000225,218.5,240.0
542.575934600085,218.5,240.0
542.8969870000146,218.3,240.0
543.2179399000015,218.3,240.0
543.5332577000372,218.60000000000002,240.0
543.8396833000006,218.60000000000002,240.0
544.1424918000121,218.60000000000002,240.0
544.4644733000314,218.60000000000002,240.0
544.7827152000973,218.60000000000002,240.0
545.1039504000219,218.60000000000002,240.0
545.4067111000186,218.70000000000002,240.0
545.7078000000911,218.70000000000002,240.0
546.0300044000614,218.70000000000002,240.0
546.3514929000521,219.0,240.0
546.6530727000209,219.0,240.0
546.9739000000991,219.0,240.0
547.2753074000357,218.9,240.0
547.5970148000633,218.9,240.0
547.8994898000965,218.9,240.0
548.2205008000601,219.20000000000002,240.0
548.5415821000934,219.20000000000002,240.0
548.8443122000899,218.9,240.0
549.1645841000136,218.9,240.0
549.4803933000658,218.9,240.0
549.8029291999992,219.20000000000002,240.0
550.1050241000485,219.20000000000002,240.0
550.4102423000149,219.20000000000002,240.0
550.7309823000105,219.0,240.0
551.0498956000665,219.0,240.0
551.3674697000533,219.0,240.0
551.6735609000316,219.20000000000002,240.0
551.978344000061,219.20000000000002,240.0
552.294806900085,219.20000000000002,240.0
552.6014561000047,219.3,240.0
552.9186676000245,219.3,240.0
553.2409901000792,219.3,240.0
553.5615291000577,219.3,240.0
553.8636485000607,219.3,240.0
554.184565100004,219.60000000000002,240.0
554.5047175000655,219.60000000000002,240.0
554.8213211999973,219.60000000000002,240.0
555.1267589000054,219.3,240.0
555.4300716000143,219.3,240.0
555.7496115000686,219.3,240.0
556.070210200036,219.9,240.0
556.3714782000752,219.9,240.0
556.6782036001096,219.9,240.0
556.9950397000648,219.8,240.0
557.3147878000746,219.8,240.0
557.6344173999969,220.10000000000002,240.0
557.9411348000867,220.10000000000002,240.0
558.2422163001029,220.10000000000002,240.0
558.5650328000775,220.3,240.0
558.866492500063,220.3,240.0
559.1884307001019,220.3,240.0
559.5055371000199,220.3,240.0
559.8259059000993,220.3,240.0
560.1147733000107,220.3,240.0
560.4336962000234,220.60000000000002,240.0
560.7522920001065,220.60000000000002,240.0
561.0589372999966,220.60000000000002,240.0
561.3753895000555,220.4,240.0
561.6826651000883,220.4,240.0
562.0045642000623,220.4,240.0
562.3060196000151,220.70000000000002,240.0
562.6235581000801,220.70000000000002,240.0
562.945002200082,220.5,240.0
563.2469174000435,220.5,240.0
563.5680543000344,220.5,240.0
563.8715021000244,220.8,240.0
564.1734475000994,220.8,240.0
564.495967600029,220.8,240.0
564.8134880000725,220.8,240.0
565.1338239000179,220.8,240.0
565.4391173000913,220.8,240.0
565.7410814000759,220.9,240.0
566.0609904000303,220.9,240.0
566.3809852000559,220.9,240.0
566.7028204000089,221.10000000000002,240.0
567.0060166000621,221.10000000000002,240.0
567.3248139000498,221.10000000000002,240.0
567.6446875000838,221.10000000000002,240.0
567.9654518000316,221.10000000000002,240.0
568.2676866000984,221.3,240.0
568.5877585000126,221.3,240.0
568.9062283000676,221.3,240.0
569.2097108000889,221.10000000000002,240.0
569.5306066001067,221.10000000000002,240.0
569.8511886000633,221.10000000000002,240.0
570.1562700000359,221.4,240.0
570.4596766000614,221.4,240.0
570.7766450000927,221.4,240.0
571.0832830000436,221.20000000000002,240.0
571.403476400068,221.20000000000002,240.0
571.723046500003,221.4,240.0
572.024493600009,221.4,240.0
572.3427457000362,221.4,240.0
572.6623618000885,221.3,240.0
572.9674411000451,221.3,240.0
573.2861039000563,221.3,240.0
573.6089121000841,221.4,240.0
573.9288296001032,221.4,240.0
574.2318257000297,221.4,240.0
574.5513376001036,221.5,240.0
574.852685800055,221.5,240.0
575.1727970000356,221.5,240.0
575.4802876000758,221.3,240.0
575.7968924000161,221.3,240.0
576.1016792000737,221.3,240.0
576.4224620000459,221.9,240.0
576.7434481000528,221.9,240.0
577.0437225000933,221.8,240.0
577.3501667000819,221.8,240.0
577.6700100000016,221.8,240.0
577.9893592000008,222.20000000000002,240.0
578.2899348000064,222.20000000000002,240.0
578.6101964000845,222.20000000000002,240.0
578.9299173000036,222.3,240.0
579.2345205000602,222.3,240.0
579.5555078000762,222.3,240.0
579.8764594000531,222.4,240.0
580.1928403000347,222.4,240.0
580.5141633000458,222.4,240.0
580.8172849999974,222.5,240.0
581.1381359000225,222.5,240.0
581.4593012999976,222.4,240.0
581.7785267001018,222.4,240.0
582.0798255000263,222.4,240.0
582.4003212000243,222.70000000000002,240.0
582.7201321000466,222.70000000000002,240.0
583.0253156000981,222.70000000000002,240.0
583.3426248000469,222.4,240.0
583.663094000076,222.4,240.0
583.9839821000351,222.4,240.0
584.2887498000637,222.8,240.0
584.6087337000063,222.8,240.0
584.9269402000355,222.8,240.0
585.2458231000928,222.70000000000002,240.0
585.5507403000956,222.70000000000002,240.0
585.8563404000597,222.9,240.0
586.1715156000573,222.9,240.0
586.4786836000858,222.9,240.0
586.7955297000008,222.9,240.0
587.118737300043,222.9,240.0
587.4198700000998,222.9,240.0
587.7247729001101,222.9,240.0
588.0452738000313,222.9,240.0
588.3637203000253,222.9,240.0
588.683680600021,223.10000000000002,240.0
588.9890874000266,223.10000000000002,240.0
589.3089308000635,223.10000000000002,240.0
589.6248227000469,222.9,240.0
589.9289954000851,222.9,240.0
590.2497717000078,223.20000000000002,240.0
590.570414600079,223.20000000000002,240.0
590.8737528000493,223.20000000000002,240.0
591.194040600094,222.9,240.0
591.5141644000541,222.9,240.0
591.8318112000125,222.9,240.0
592.1363190000411,223.20000000000002,240.0
592.4590288000181,223.20000000000002,240.0
592.7749596000649,223.20000000000002,240.0
593.0663628000766,223.10000000000002,240.0
593.3841931000352,223.10000000000002,240.0
593.7020938000642,223.10000000000002,240.0
594.0234810000984,223.20000000000002,240.0
594.3271887000883,223.20000000000002,240.0
594.6321165000554,223.3,240.0
594.951471800101,223.3,240.0
595.27185010002,223.3,240.0
595.5755549001042,223.20000000000002,240.0
595.8954936000519,223.20000000000002,240.0
596.2160032000393,223.20000000000002,240.0
596.5032426000107,223.70000000000002,240.0
596.8203714000992,223.70000000000002,240.0
597.1400300000096,223.70000000000002,240.0
597.4618654000806,223.60000000000002,240.0
597.7628463000292,223.60000000000002,240.0
598.0703248000937,223.60000000000002,240.0
598.3860033000819,224.10000000000002,240.0
598.7057887000265,224.10000000000002,240.0
599.0273103000363,224.10000000000002,240.0
599.3328927000985,224.10000000000002,240.0
599.6500681000762,224.10000000000002,240.0
599.9710860000923,224.3,240.0
600.292153700022,224.3,240.0
600.5929221000988,224.3,240.0
600.9144399000797,224.3,240.0
601.234784200089,224.3,240.0
601.5519716000417,224.3,240.0
601.8587756000925,224.3,240.0
602.1767861000262,224.3,240.0
602.4829797000857,224.3,240.0
602.8002263000235,224.4,240.0
603.1059497001115,224.4,240.0
603.4223677000264,224.4,240.0
603.7451898000436,224.3,240.0
604.0491273000371,224.3,240.0
604.3697636000579,224.70000000000002,240.0
604.6872620000504,224.70000000000002,240.0
605.0074778000126,224.70000000000002,240.0
605.3129236000823,224.5,240.0
605.6295591000235,224.5,240.0
605.9335543001071,224.5,240.0
606.2543695000932,224.9,240.0
606.5587653000839,224.9,240.0
606.8758886000142,224.9,240.0
607.1948988001095,224.8,240.0
607.5027132000541,224.8,240.0
607.821047400008,224.8,240.0
608.1248449000996,224.9,240.0
608.4298166000517,224.9,240.0
608.7463948000222,225.0,240.0
609.0661721000215,225.0,240.0
609.3729594000615,225.0,240.0
609.6896244001109,224.9,240.0
610.0120797000127,224.9,240.0
610.2969127000542,224.9,240.0
610.6198363000294,225.10000000000002,240.0
610.9365939000854,225.10000000000002,240.0
611.2429466000758,225.10000000000002,240.0
611.562621600111,224.8,240.0
611.8797442000359,224.8,240.0
612.201946400106,224.8,240.0
612.5207039000234,225.20000000000002,240.0
612.8228681000182,225.20000000000002,240.0
613.1298299001064,225.20000000000002,240.0
613.4469575000694,225.0,240.0
613.7657707000617,225.0,240.0
614.0871324000182,225.3,240.0
614.3933100000722,225.3,240.0
614.6938893001061,225.3,240.0
615.0168410000624,225.5,240.0
615.3179738000035,225.5,240.0
615.6400318000233,225.5,240.0
615.9571553000715,225.70000000000002,240.0
616.2621131000342,225.70000000000002,240.0
616.5834092000732,225.70000000000002,240.0
616.8871444000397,225.9,240.0
617.2038478000322,225.9,240.0
617.5238130000653,225.9,240.0
617.84276280005,225.8,240.0
618.1634154000785,225.8,240.0
618.4702970000217,226.10000000000002,240.0
618.7722554000793,226.10000000000002,240.0
619.0899110001046,226.10000000000002,240.0
619.411644600099,225.8,240.0
619.7331811001059,225.8,240.0
620.0496249001008,225.8,240.0
620.3717745000031,226.20000000000002,240.0
620.6739694999997,226.20000000000002,240.0
620.9782894999953,226.20000000000002,240.0
621.2971841000253,226.0,240.0
621.6193504000548,226.0,240.0
621.9374787000706,226.0,240.0
622.2545938000549,226.20000000000002,240.0
622.5618015000364,226.20000000000002,240.0
622.8789972000523,226.4,240.0
623.2017941001104,226.4,240.0
623.503167900024,226.4,240.0
623.8076178000774,226.4,240.0
624.1287724000867,226.4,240.0
624.4299873000709,226.4,240.0
624.7532225000905,226.70000000000002,240.0
625.0714626000263,226.70000000000002,240.0
625.3738062001066,226.70000000000002,240.0
625.6927718000952,226.5,240.0
626.0144745000871,226.5,240.0
626.3171634000028,226.5,240.0
626.6394887000788,226.8,240.0
626.957619599998,226.8,240.0
627.2598745001014,226.5,240.0
627.5827471000375,226.5,240.0
627.8994194000261,226.5,240.0
628.205239300034,226.70000000000002,240.0
628.5076079000719,226.70000000000002,240.0
628.8298402000219,226.70000000000002,240.0
629.1469971000915,226.70000000000002,240.0
629.466543000075,226.70000000000002,240.0
629.7886490999954,226.70000000000002,240.0
630.0914919000352,226.60000000000002,240.0
630.3937715000939,226.60000000000002,240.0
630.7156074000522,226.60000000000002,240.0
631.0333402000833,226.8,240.0
631.3400355000049,226.8,240.0
631.6593803000869,226.8,240.0
631.9775844000978,226.70000000000002,240.0
632.280190700083,226.70000000000002,240.0
632.6026369000319,227.0,240.0
632.9060473000864,227.0,240.0
633.2078024001094,227.0,240.0
633.529452900053,226.8,240.0
633.8469686000608,226.8,240.0
634.1497856000206,226.8,240.0
634.4709791000932,227.3,240.0
634.7933317000279,227.3,240.0
635.0967284000944,227.3,240.0
635.3990582000697,227.3,240.0
635.7177683000918,227.3,240.0
636.0204185000621,227.3,240.0
636.3417543000542,227.5,240.0
636.6598464000272,227.5,240.0
636.9817726000911,227.8,240.0
637.2999443000881,227.8,240.0
637.6227060999954,227.8,240.0
637.9104278000304,227.8,240.0
638.225877000019,227.8,240.0
638.5491053001024,227.8,240.0
638.8508027000353,228.10000000000002,240.0
639.1717929000733,228.10000000000002,240.0
639.4931397000328,228.10000000000002,240.0
639.7958534000209,227.9,240.0
640.0969313000096,227.9,240.0
640.4176620000508,227.9,240.0
640.736501300009,228.20000000000002,240.0
641.0563078999985,228.20000000000002,240.0
641.3774871000787,228.0,240.0
641.6959692999953,228.0,240.0
642.0037638000213,228.0,240.0
642.3055682000704,228.3,240.0
642.624069500016,228.3,240.0
642.9278185000876,228.3,240.0
643.2493882999988,228.3,240.0
643.5670125000179,228.3,240.0
643.8699928000569,228.3,240.0
644.1939093000256,228.4,240.0
644.4969985000789,228.4,240.0
644.8160794000141,228.4,240.0
645.1369984000921,228.60000000000002,240.0
645.4537455000682,228.60000000000002,240.0
645.7756784000667,228.60000000000002,240.0
646.0782004001085,228.5,240.0
646.383795700036,228.5,240.0
646.7018840000965,228.8,240.0
647.0193859999999,228.8,240.0
647.3253436000086,228.8,240.0
647.6437359000556,228.60000000000002,240.0
647.9629845001036,228.60000000000002,240.0
648.2699816999957,228.60000000000002,240.0
648.589047400048,228.8,240.0
648.8937148000114,228.8,240.0
649.2117376000388,228.8,240.0
649.5336811000016,228.70000000000002,240.0
649.8353978000814,228.70000000000002,240.0
650.1560851000249,228.70000000000002,240.0
650.4761245000409,228.9,240.0
650.7804275000235,228.9,240.0
651.082199400058,228.9,240.0
651.4039152000332,228.9,240.0
651.7221279001096,228.9,240.0
652.0273902000627,228.9,240.0
652.3438476000447,228.9,240.0
652.6659131000051,228.9,240.0
652.9683049001032,229.10000000000002,240.0
653.2743713000091,229.10000000000002,240.0
653.5921851000749,229.10000000000002,240.0
653.9108018000843,228.8,240.0
654.2166754000355,228.8,240.0
654.5182855000021,228.8,240.0
654.8406874000793,229.3,240.0
655.142499800073,229.3,240.0
655.4631263000192,229.3,240.0
655.7813602000242,229.3,240.0
656.1008390000788,229.3,240.0
656.4077784999972,229.60000000000002,240.0
656.7256838000612,229.60000000000002,240.0
657.0299362000078,229.60000000000002,240.0
657.3316383000929,229.70000000000002,240.0
657.6547263000393,229.70000000000002,240.0
657.9724581000628,229.70000000000002,240.0
658.278561300016,229.8,240.0
658.596367900027,229.8,240.0
658.9168727000942,229.8,240.0
659.221085300087,230.0,240.0
659.539277200005,230.0,240.0
659.8578549000667,230.0,240.0
660.1641822000965,229.8,240.0
660.4829071999993,229.8,240.0
660.8025973000331,230.10000000000002,240.0
661.1063509000232,230.10000000000002,240.0
661.424697700073,230.10000000000002,240.0
661.7461730000796,229.9,240.0
662.050916200038,229.9,240.0
662.351183300023,229.9,240.0
662.6721197000006,230.20000000000002,240.0
662.9933524000226,230.20000000000002,240.0
663.2948032000568,230.20000000000002,240.0
663.6020216000034,230.20000000000002,240.0
663.9186671000207,230.20000000000002,240.0
664.2380698000779,230.20000000000002,240.0
664.5606080000289,230.4,240.0
664.8478516000323,230.4,240.0
665.1682127000531,230.4,240.0
665.4861100000562,230.5,240.0
665.8069990000222,230.5,240.0
666.1079505000962,230.4,240.0
666.4288588000927,230.4,240.0
666.7509085000493,230.4,240.0
667.0672614000505,230.60000000000002,240.0
667.3734144000337,230.60000000000002,240.0
667.6920351000736,230.60000000000002,240.0
667.9988511000993,230.4,240.0
668.3157847000984,230.4,240.0
668.622267400031,230.4,240.0
668.9387363001006,230.70000000000002,240.0
669.2588584000478,230.70000000000002,240.0
669.5491488000844,230.70000000000002,240.0
669.8650585000869,230.5,240.0
670.1865487000905,230.5,240.0
670.5081334999995,230.70000000000002,240.0
670.8107160000363,230.70000000000002,240.0
671.1320651000133,230.70000000000002,240.0
671.4340614000103,230.70000000000002,240.0
671.7513965000398,230.70000000000002,240.0
672.0755647000624,230.70000000000002,240.0
672.3914398000343,230.70000000000002,240.0
672.7147555000847,230.70000000000002,240.0
673.0175796000985,230.70000000000002,240.0
673.3210371000459,230.8,240.0
673.6409787000157,230.8,240.0
673.9578863000497,230.8,240.0
674.2799816000042,230.70000000000002,240.0
674.5982075000647,230.70000000000002,240.0
674.905385900056,231.20000000000002,240.0
675.2237321001012,231.20000000000002,240.0
675.5276387000922,231.20000000000002,240.0
675.845102500054,231.20000000000002,240.0
676.1511874001008,231.20000000000002,240.0
676.4710984000703,231.20000000000002,240.0
676.7732390000019,231.60000000000002,240.0
677.0935421000468,231.60000000000002,240.0
677.4123539000284,231.60000000000002,240.0
677.7336458000354,231.70000000000002,240.0
678.0355016000103,231.70000000000002,240.0
678.3561256000539,231.70000000000002,240.0
678.6768167000264,231.8,240.0
678.9962986001046,231.8,240.0
679.2852029000642,231.9,240.0
679.6011093000416,231.9,240.0
679.9232518000063,231.9,240.0
680.2429483000888,231.8,240.0
680.5464835000457,231.8,240.0
680.8678602,231.8,240.0
681.1705492000328,232.0,240.0
681.4920035999967,232.0,240.0
681.8118058000691,232.0,240.0
682.1305171001004,231.70000000000002,240.0
682.4331632000394,231.70000000000002,240.0
682.7539789000293,231.70000000000002,240.0
683.0573864000617,232.10000000000002,240.0
683.3778122001095,232.10000000000002,240.0
683.6962908999994,232.0,240.0
684.0018195000011,232.0,240.0
684.3035343000665,232.0,240.0
684.6219194000587,232.3,240.0
684.9282446000725,232.3,240.0
685.2489339000313,232.3,240.0
685.5664902999997,232.3,240.0
685.8841239000903,232.3,240.0
686.1763710000087,232.3,240.0
686.4922519000247,232.4,240.0
686.8146233001025,232.4,240.0
687.1338546000188,232.4,240.0
687.4391656001098,232.5,240.0
687.7409232000355,232.5,240.0
688.0618515000679,232.5,240.0
688.3787669000449,232.4,240.0
688.7004935001023,232.4,240.0
689.002947900095,232.60000000000002,240.0
689.3237444000551,232.60000000000002,240.0
689.6430441000266,232.60000000000002,240.0
689.9645154000027,232.4,240.0
690.2658803000813,232.4,240.0
690.5879811000777,232.4,240.0
690.9042862000642,232.70000000000002,240.0
691.2252202000236,232.70000000000002,240.0
691.530843900051,232.70000000000002,240.0
691.834598400048,232.60000000000002,240.0
692.1515118000098,232.60000000000002,240.0
692.4751098999986,232.60000000000002,240.0
692.7775366000133,232.8,240.0
693.0977011000505,232.8,240.0
693.3985239000758,232.8,240.0
693.7215782999992,232.8,240.0
694.0244450001046,232.8,240.0
694.3423373000696,232.8,240.0
694.6618506000377,232.8,240.0
694.9660099000903,232.8,240.0
695.2854607000481,233.20000000000002,240.0
695.5917691000504,233.20000000000002,240.0
695.9117102000164,233.20000000000002,240.0
696.2139777000993,233.20000000000002,240.0
696.5348647000501,233.20000000000002,240.0
696.853035600041,233.20000000000002,240.0
697.1398763000034,233.60000000000002,240.0
697.4603907000273,233.60000000000002,240.0
697.7815353000769,233.60000000000002,240.0
698.0999718001112,233.60000000000002,240.0
698.4216887000948,233.60000000000002,240.0
698.7254222000483,233.9,240.0
699.0461709001102,233.9,240.0
699.3651103000157,233.9,240.0
699.6657072000671,233.8,240.0
699.9848688000347,233.8,240.0
700.2888791000005,233.8,240.0
700.612896900042,233.9,240.0
700.931247200002,233.9,240.0
701.251968500088,233.9,240.0
701.5526518000988,234.0,240.0
701.8737320000073,234.0,240.0
702.1910763001069,234.0,240.0
702.4971851001028,233.9,240.0
702.818578400067,233.9,240.0
703.1190179000841,234.3,240.0
703.4399885000894,234.3,240.0
703.7445188000565,234.3,240.0
704.0646755000344,234.10000000000002,240.0
704.3678140999982,234.10000000000002,240.0
704.6872551999986,234.10000000000002,240.0
705.007279500016,234.5,240.0
705.3112271000864,234.5,240.0
705.6123934000498,234.5,240.0
705.9340380000649,234.4,240.0
706.2560639000731,234.4,240.0
706.5723286001012,234.4,240.0
706.8793621000368,234.60000000000002,240.0
707.1955453000264,234.60000000000002,240.0
707.5172562000807,234.60000000000002,240.0
707.8344443000387,234.60000000000002,240.0
708.1559324000264,234.60000000000002,240.0
708.4615546000423,234.5,240.0
708.7786633000942,234.5,240.0
709.0988730000099,234.5,240.0
709.4201848000521,234.70000000000002,240.0
709.7248543000314,234.70000000000002,240.0
710.0450984000927,234.70000000000002,240.0
710.3625614000484,234.5,240.0
710.6644218000583,234.5,240.0
710.9861459000967,234.5,240.0
711.2917783000739,234.9,240.0
711.6116909000557,234.9,240.0
711.9307104001055,234.70000000000002,240.0
712.2351548000006,234.70000000000002,240.0
712.5349728000583,234.70000000000002,240.0
712.8561385000357,234.9,240.0
713.1785619000439,234.9,240.0
713.4940838000039,234.9,240.0
713.80079940008,234.9,240.0
714.1220242000418,234.9,240.0
714.4409787000623,234.9,240.0
714.758331600111,234.9,240.0
715.0629644000437,234.9,240.0
715.3837360000471,234.9,240.0
715.7013492000988,235.3,240.0
716.0242249000585,235.3,240.0
716.3265013000928,235.3,240.0
716.6474612000166,235.3,240.0
716.9662091000937,235.3,240.0
717.284526900039,235.8,240.0
717.5900730000576,235.8,240.0
717.9074342000531,235.8,240.0
718.2293539000675,235.70000000000002,240.0
718.5502807000885,235.70000000000002,240.0
718.8675505000865,235.70000000000002,240.0
719.1726637000684,236.0,240.0
719.489645200083,236.0,240.0
719.8112631000113,236.0,240.0
720.1320901000872,235.9,240.0
720.4326772000641,235.9,240.0
720.7392881000414,236.0,240.0
721.0584781001089,236.0,240.0
721.3803329000948,236.0,240.0
721.6819551000372,236.0,240.0
722.0001774000702,236.0,240.0
722.3035793000599,236.0,240.0
722.6098519000225,236.0,240.0
722.927400500048,236.0,240.0
723.2496423000703,236.0,240.0
723.5674344000872,236.3,240.0
723.8893318000482,236.3,240.0
724.205839500064,236.3,240.0
724.5277258000569,236.20000000000002,240.0
724.8159565000096,236.20000000000002,240.0
725.1349146000575,236.5,240.0
725.457126500085,236.5,240.0
725.7588138000574,236.5,240.0
726.080016400083,236.4,240.0
726.3973100000294,236.4,240.0
726.7041454000864,236.4,240.0
727.0225777000887,236.60000000000002,240.0
727.3416944000637,236.60000000000002,240.0
727.6298148001079,236.60000000000002,240.0
727.947014000034,236.5,240.0
728.2698355000466,236.5,240.0
728.5716055000667,236.5,240.0
728.8927680000197,236.60000000000002,240.0
729.2139115000609,236.60000000000002,240.0
729.5018917000853,236.60000000000002,240.0
729.8190454000141,236.60000000000002,240.0
730.1379606000846,236.60000000000002,240.0
730.4441542000277,236.5,240.0
730.7646858000662,236.5,240.0
731.0677602000069,236.5,240.0
731.3850524000591,236.8,240.0
731.7074808001053,236.8,240.0
732.0105906000827,236.8,240.0
732.3318303000415,236.60000000000002,240.0
732.6488389000297,236.60000000000002,240.0
732.9550934000872,236.60000000000002,240.0
733.2746204000432,236.9,240.0
733.5773457000032,236.9,240.0
733.8811269000871,236.9,240.0
734.198682700051,236.8,240.0
734.5051666001091,236.8,240.0
734.8217957000015,236.8,240.0
735.1430705999956,237.10000000000002,240.0
735.4641207000241,237.10000000000002,240.0
735.7522117000772,237.3,240.0
736.0702509999974,237.3,240.0
736.3910204001004,237.3,240.0
736.7124099000357,237.4,240.0
737.0148402000777,237.4,240.0
737.3329774000449,237.4,240.0
737.6354582000058,237.8,240.0
737.9391594000626,237.8,240.0
738.2621809000848,237.8,240.0
738.5648247000063,237.70000000000002,240.0
738.882775300066,237.70000000000002,240.0
739.2052751000738,237.70000000000002,240.0
739.5064824000001,238.0,240.0
739.828862400027,238.0,240.0
740.1468794000102,237.9,240.0
740.4678118000738,237.9,240.0
740.7715485000517,237.9,240.0
741.0893886000849,238.10000000000002,240.0
741.4100628000451,238.10000000000002,240.0
741.7285884000594,238.10000000000002,240.0
742.0485071000876,238.0,240.0
742.370064000017,238.0,240.0
742.6591825000942,238.0,240.0
742.9795094000874,238.10000000000002,240.0
743.2958083000267,238.10000000000002,240.0
743.6160039000679,238.10000000000002,240.0
743.9187301000347,238.4,240.0
744.2413622000022,238.4,240.0
744.5591776000801,238.3,240.0
744.8618241000222,238.3,240.0
745.1837065001018,238.3,240.0
745.5034190000733,238.70000000000002,240.0
745.8051891000941,238.70000000000002,240.0
746.1275747000473,238.70000000000002,240.0
746.4488715000916,238.5,240.0
746.7504106000997,238.5,240.0
747.0524308000458,238.5,240.0
747.3718502999982,238.8,240.0
747.6787335000699,238.8,240.0
747.9975888000336,238.8,240.0
748.3158707000548,238.60000000000002,240.0
748.6220309000928,238.60000000000002,240.0
748.9405457000248,238.60000000000002,240.0
749.258949900046,238.70000000000002,240.0
749.5631535000866,238.70000000000002,240.0
749.881969200098,238.70000000000002,240.0
750.1878998000175,238.70000000000002,240.0
750.4918307000771,238.70000000000002,240.0
750.810847200104,238.60000000000002,240.0
751.1141224000603,238.60000000000002,240.0
751.4361958000809,238.60000000000002,240.0
751.7533385000424,238.9,240.0
752.0605767000234,238.9,240.0
752.379722300102,238.9,240.0
752.6970290000318,238.70000000000002,240.0
752.9996293000877,238.70000000000002,240.0
753.3034033000004,238.70000000000002,240.0
753.6096745000686,239.10000000000002,240.0
753.9308168001007,239.10000000000002,240.0
754.2479914000724,238.9,240.0
754.5703058000654,238.9,240.0
754.8724774000002,238.9,240.0
755.1938155000098,239.20000000000002,240.0
755.4968429000583,239.20000000000002,240.0
755.7996066000778,239.20000000000002,240.0
756.1173921000445,239.4,240.0
756.4396639000624,239.4,240.0
756.7423881000141,239.4,240.0
757.0641049999977,239.5,240.0
757.3824190000305,239.5,240.0
757.6872552999994,239.5,240.0
758.0067359000677,239.9,240.0
758.3111225001048,239.9,240.0
758.6129560000263,239.9,240.0
758.9319223000202,239.8,240.0
759.2525022000773,239.8,240.0
759.5716804000549,240.10000000000002,240.0
759.8785533000482,240.10000000000002,240.0
760.1964207000565,240.10000000000002,240.0
760.4996015001088,239.9,240.0
760.8017123000463,239.9,240.0
761.1244526000228,239.9,240.0
761.4410421000794,240.20000000000002,240.0
761.7483921000967,240.20000000000002,240.0
762.0671692000469,240.20000000000002,240.0
762.3842793001095,240.0,240.0
762.6917054000078,240.0,240.0
762.9959565000609,240.0,240.0
763.298769300105,240.20000000000002,240.0
763.6193057000637,240.20000000000002,240.0
763.9379227000754,240.3,240.0
764.2405296000652,240.3,240.0
764.5599685000489,240.3,240.0
764.8818677000236,240.3,240.0
765.1833293000236,240.3,240.0
765.5044898000779,240.3,240.0
765.805405799998,240.60000000000002,240.0
766.1266383000184,240.60000000000002,240.0
766.430373200099,240.60000000000002,240.0
766.7492847000249,240.4,240.0
767.0555910000112,240.4,240.0
767.3728465000167,240.4,240.0
767.6962201000424,240.70000000000002,240.0
767.9965208000503,240.70000000000002,240.0
768.3158484000014,240.70000000000002,240.0
768.6373564000241,240.5,240.0
768.92568450002,240.5,240.0
769.2430731001077,240.70000000000002,240.0
769.5665265000425,240.70000000000002,240.0
769.868454700103,240.70000000000002,240.0
770.1862421000842,240.60000000000002,240.0
770.5079413000494,240.60000000000002,240.0
770.8095057000173,240.60000000000002,240.0
771.1317851000931,240.60000000000002,240.0
771.4349719000747,240.60000000000002,240.0
771.7373002000386,240.60000000000002,240.0
772.060194700025,240.8,240.0
772.3788336000871,240.8,240.0
772.6821449000854,240.8,240.0
773.003393100109,240.60000000000002,240.0
773.3214094000868,240.60000000000002,240.0
773.6252436001087,240.60000000000002,240.0
773.944159500068,241.0,240.0
774.2630763000343,241.0,240.0
774.5854906000895,240.8,240.0
774.8886586000444,240.8,240.0
775.1915044001071,240.8,240.0
775.5129963000072,241.10000000000002,240.0
775.8316578000085,241.10000000000002,240.0
776.1528460000409,241.10000000000002,240.0
776.4724773000926,240.9,240.0
776.7759528000606,240.9,240.0
777.0937526000198,240.9,240.0
777.4008196000941,241.0,240.0
777.717967600096,241.0,240.0
778.0392586000962,240.9,240.0
778.3433032000903,240.9,240.0
778.6603309001075,240.9,240.0
778.9678041000152,240.8,240.0
779.2689605000196,240.8,240.0
779.587737300084,240.8,240.0
779.9101633999962,241.0,240.0
780.2123835000675,241.0,240.0
780.5328490000684,241.0,240.0
780.8504830000456,240.70000000000002,240.0
781.1712470001075,240.70000000000002,240.0
781.4742441000417,240.70000000000002,240.0
781.7966424000915,241.0,240.0
782.1126039000228,241.0,240.0
782.4360135000898,241.0,240.0
782.7550414000871,240.8,240.0
783.0566760000074,240.8,240.0
783.3788507001009,241.0,240.0
783.6825528000481,241.0,240.0
784.000900000101,241.0,240.0
784.3232596000889,240.9,240.0
784.6252108000917,240.9,240.0
784.9281187000452,240.9,240.0
785.2501152000623,240.9,240.0
785.5672478000633,240.9,240.0
785.8730082000839,240.9,240.0
786.1899219000479,240.9,240.0
786.4961195000215,240.9,240.0
786.7977390000597,240.9,240.0
787.120576400077,240.70000000000002,240.0
787.4395543000428,240.70000000000002,240.0
787.7570389000466,240.9,240.0
788.0627978000557,240.9,240.0
788.3662719000131,240.9,240.0
788.683511900017,240.60000000000002,240.0
789.0054233000847,240.60000000000002,240.0
789.3269655000186,240.60000000000002,240.0
789.645157400053,240.9,240.0
789.9473630000139,240.9,240.0
790.2681360000279,240.9,240.0
790.5711344000883,240.60000000000002,240.0
790.8933004999999,240.60000000000002,240.0
791.1943779001012,240.60000000000002,240.0
791.5137188000372,240.70000000000002,240.0
791.8343642000109,240.70000000000002,240.0
792.1409009000054,240.60000000000002,240.0
792.4598985000048,240.60000000000002,240.0
792.7612504001008,240.60000000000002,240.0
793.0816590000177,240.60000000000002,240.0
793.3852841000771,240.60000000000002,240.0
793.707622100017,240.60000000000002,240.0
794.0088508001063,240.70000000000002,240.0
794.3288623000262,240.70000000000002,240.0
794.6509467000142,240.70000000000002,240.0
794.937923700083,240.4,240.0
795.2548495000228,240.4,240.0
795.5767514000181,240.4,240.0
795.8937272001058,240.60000000000002,240.0
796.2148223000113,240.60000000000002,240.0
796.5373253000434,240.3,240.0
796.8396735000424,240.3,240.0
797.1591301000444,240.3,240.0
797.4792782000732,240.60000000000002,240.0
797.7978871000232,240.60000000000002,240.0
798.1166798000922,240.60000000000002,240.0
798.4387352000922,240.3,240.0
798.7409046000103,240.3,240.0
799.0605146000162,240.3,240.0
799.3792460000841,240.4,240.0
799.6861441000365,240.4,240.0
800.0048700000625,240.4,240.0
800.3089401000179,240.4,240.0
800.626949400059,240.4,240.0
800.9330515000038,240.20000000000002,240.0
801.253886600025,240.20000000000002,240.0
801.5545334001072,240.20000000000002,240.0
801.8739670000505,240.4,240.0
802.1956848000409,240.4,240.0
802.5009058000287,240.4,240.0
802.8208991000429,240.10000000000002,240.0
803.1218805999961,240.10000000000002,240.0
803.4429380000802,240.10000000000002,240.0
803.7468744000653,240.4,240.0
804.0636483000126,240.4,240.0
804.3836821001023,240.4,240.0
804.7071287001017,240.10000000000002,240.0
805.026860400103,240.10000000000002,240.0
805.3144564999966,240.3,240.0
805.631700500031,240.3,240.0
805.9517896000762,240.3,240.0
806.2701406000415,240.20000000000002,240.0
806.5777033000486,240.20000000000002,240.0
806.8935805000365,240.20000000000002,240.0
807.1967948001111,240.10000000000002,240.0
807.5047458000481,240.10000000000002,240.0
807.8224046000978,240.10000000000002,240.0
808.1431840000441,240.20000000000002,240.0
808.4452142000664,240.20000000000002,240.0
808.764500600053,240.20000000000002,240.0
809.0860899999971,240.0,240.0
809.406813400099,240.0,240.0
809.724663900095,240.3,240.0
810.0274122999981,240.3,240.0
810.334590200102,240.3,240.0
810.6522458000109,240.0,240.0
810.9697339000413,240.0,240.0
811.2763552000979,240.0,240.0
811.5968954000855,240.3,240.0
811.899158300017,240.3,240.0
812.2201188000618,240.3,240.0
812.5407260000939,240.10000000000002,240.0
812.8419755001087,240.10000000000002,240.0
813.1624558001058,240.10000000000002,240.0
813.4662054000655,240.20000000000002,240.0
813.7713328000391,240.20000000000002,240.0
814.0895559000783,240.20000000000002,240.0
814.4097346001072,240.10000000000002,240.0
814.7293587001041,240.10000000000002,240.0
815.0181752000935,240.0,240.0
815.3386286000023,240.0,240.0
815.6563365000766,240.0,240.0
815.9763279000763,240.20000000000002,240.0
816.2807398000732,240.20000000000002,240.0
816.5824169000844,240.20000000000002,240.0
816.9035852000816,239.9,240.0
817.2231388000073,239.9,240.0
817.527871600003,239.9,240.0
817.829708800069,240.20000000000002,240.0
818.1509584001033,240.20000000000002,240.0
818.4683378000045,240.20000000000002,240.0
818.7915016000625,239.9,240.0
819.0922482000897,239.9,240.0
819.4145441000583,240.10000000000002,240.0
819.7311466000974,240.10000000000002,240.0
820.0375044000102,240.10000000000002,240.0
820.357848100015,240.0,240.0
820.6773054000223,240.0,240.0
820.9794549000217,240.0,240.0
821.3014168000082,239.9,240.0
821.6032186000375,239.9,240.0
821.9245568000479,239.9,240.0
822.2422204000177,240.0,240.0
822.5489924000576,240.0,240.0
822.84836370009,240.0,240.0
823.1701837000437,239.8,240.0
823.4759551000316,239.8,240.0
823.7926025000634,240.10000000000002,240.0
824.1148584000766,240.10000000000002,240.0
824.4171470000874,240.10000000000002,240.0
824.7371764000272,239.8,240.0
825.0587399000069,239.8,240.0
825.3789462000132,239.8,240.0
825.6783346000593,240.0,240.0
826.00032500003,240.0,240.0
826.3203158000251,240.0,240.0
826.6243359000655,239.9,240.0
826.926845000009,239.9,240.0
827.2453233000124,239.9,240.0
827.5646323000547,240.0,240.0
827.8699199000839,240.0,240.0
828.191331100068,240.0,240.0
828.5089712000918,240.0,240.0
828.8131979000755,240.0,240.0
829.1199468000559,239.9,240.0
829.4390563000925,239.9,240.0
829.740115600056,239.9,240.0
830.0596856001066,240.0,240.0
830.3803980000084,240.0,240.0
830.684820100083,240.0,240.0
831.0047572000185,239.8,240.0
831.3217067000223,239.8,240.0
831.6415735000046,239.8,240.0
831.9469573000679,240.10000000000002,240.0
832.2672842000611,240.10000000000002,240.0
832.5871703000739,239.8,240.0
832.8926709000953,239.8,240.0
833.1958516000304,239.8,240.0
833.5134740000358,240.0,240.0
833.8327560001053,240.0,240.0
834.137032300001,240.0,240.0
834.4578517000191,239.9,240.0
834.7631321001099,239.9,240.0
835.0816623000428,239.9,240.0
835.3830545000965,239.9,240.0
835.7057448000414,239.9,240.0
836.0226716001052,239.9,240.0
836.3289714000421,240.0,240.0
836.6490502000088,240.0,240.0
836.9667418000754,240.0,240.0
837.2873826000141,239.8,240.0
837.6066883000312,239.8,240.0
837.8933906001039,240.10000000000002,240.0
838.2162302000215,240.10000000000002,240.0
838.5331364000449,240.10000000000002,240.0
838.8521383000771,239.8,240.0
839.1421733000316,239.8,240.0
839.4619754001033,239.8,240.0
839.7790965000167,240.10000000000002,240.0
840.1015103000682,240.10000000000002,240.0
840.4066406000638,240.10000000000002,240.0
840.7104345000116,239.8,240.0
841.029643200105,239.8,240.0
841.3488855001051,239.8,240.0
841.6681101000868,240.0,240.0
841.9723587000044,240.0,240.0
842.291220300016,240.0,240.0
842.5961834000191,240.0,240.0
842.9131945000263,240.0,240.0
843.2365841000574,239.9,240.0
843.5537882000208,239.9,240.0
843.85825020005,239.9,240.0
844.1627290000906,240.10000000000002,240.0
844.4806234000716,240.10000000000002,240.0
844.7994626000291,240.10000000000002,240.0
845.1066463000607,239.8,240.0
845.4261314000469,239.8,240.0
845.7443228000775,239.8,240.0
846.0650731000351,240.10000000000002,240.0
846.3657804999966,240.10000000000002,240.0
846.6867367000086,239.8,240.0
847.0082027000608,239.8,240.0
847.3123655000236,239.8,240.0
847.6127646000823,240.0,240.0
847.9338387000607,240.0,240.0
848.2548243000638,240.0,240.0
848.574228100013,239.9,240.0
848.8788584000431,239.9,240.0
849.1829899000004,239.9,240.0
849.5032859001076,240.0,240.0
849.8035144000314,240.0,240.0
850.1258947000606,240.0,240.0
850.4436117000878,240.10000000000002,240.0
850.7639239000855,240.10000000000002,240.0
851.0501308999956,239.9,240.0
851.3727542000124,239.9,240.0
851.6900245000143,239.9,240.0
851.994431200088,240.20000000000002,240.0
852.312964300043,240.20000000000002,240.0
852.6363166000228,240.20000000000002,240.0
852.922828800045,239.9,240.0
853.2432117999997,239.9,240.0
853.5641151000746,239.9,240.0
853.8801794000901,240.20000000000002,240.0
854.1849848000566,240.20000000000002,240.0
854.5043777000392,240.20000000000002,240.0
854.8240469000302,240.0,240.0
855.127533400082,240.0,240.0
855.4472773000598,240.10000000000002,240.0
855.7692892000778,240.10000000000002,240.0
856.0893674000399,240.10000000000002,240.0
856.3903738000663,240.10000000000002,240.0
856.6933746000286,240.10000000000002,240.0
857.013815900078,240.10000000000002,240.0
857.3347736001015,240.0,240.0
857.6407215000363,240.0,240.0
857.9430166000966,240.0,240.0
858.263904600055,240.20000000000002,240.0
858.5796809000894,240.20000000000002,240.0
858.9023843000177,240.20000000000002,240.0
859.2074136000592,239.9,240.0
859.5235769000137,239.9,240.0
859.8433835000033,240.20000000000002,240.0
860.1493363000918,240.20000000000002,240.0
860.4703610000433,240.20000000000002,240.0
860.7730720000109,239.9,240.0
861.0925125000067,239.9,240.0
861.3933234000579,239.9,240.0
861.7141183000058,240.10000000000002,240.0
862.0351835000329,240.10000000000002,240.0
862.3405142000411,240.10000000000002,240.0
862.6610865000403,240.0,240.0
862.9615266000619,240.0,240.0
863.2829027000116,240.0,240.0
863.6035705000395,240.0,240.0
863.9238549000584,240.0,240.0
864.2256427000975,240.0,240.0
864.5433287000051,240.10000000000002,240.0
864.8629808000987,240.10000000000002,240.0
865.182915900019,239.9,240.0
865.4891623000149,239.9,240.0
865.8097704000538,239.9,240.0
866.1289067000616,240.10000000000002,240.0
866.448011700064,240.10000000000002,240.0
866.7496923001017,240.10000000000002,240.0
867.0550531001063,239.9,240.0
867.3747840001015,239.9,240.0
867.6770628000377,239.9,240.0
867.9969734000042,240.10000000000002,240.0
868.3039711000165,240.10000000000002,240.0
868.6214149000589,240.10000000000002,240.0
868.9401061000535,239.9,240.0
869.2635470000096,239.9,240.0
869.5648888000287,240.0,240.0
869.8871233999962,240.0,240.0
870.2051702000899,240.0,240.0
870.5267904000357,240.0,240.0
870.8464131000219,240.0,240.0
871.1494413000764,240.0,240.0
871.4659414000344,239.9,240.0
871.7713623000309,239.9,240.0
872.0921726000961,239.9,240.0
872.409553000005,240.10000000000002,240.0
872.7132683000527,240.10000000000002,240.0
873.034229000099,240.10000000000002,240.0
873.340795300086,239.8,240.0
873.6600275000092,239.8,240.0
873.9620297000511,240.10000000000002,240.0
874.2825984000228,240.10000000000002,240.0
874.5834763000021,240.10000000000002,240.0
874.9054616000503,239.8,240.0
875.2111361999996,239.8,240.0
875.5283403000794,239.8,240.0
875.8500854000449,240.10000000000002,240.0
876.1507637000177,240.10000000000002,240.0
876.4725549001014,240.10000000000002,240.0
876.775397200021,239.9,240.0
877.0967829000438,239.9,240.0
877.4142486000201,239.9,240.0
877.7360104999971,239.9,240.0
878.052904900047,239.9,240.0
878.3599399001105,240.0,240.0
878.6766207000474,240.0,240.0
879.0001915000612,240.0,240.0
879.3200779000763,239.9,240.0
879.6365358000621,239.9,240.0
879.942182000028,239.9,240.0
880.2600467000157,240.10000000000002,240.0
880.5812138000038,240.10000000000002,240.0
880.8828313000267,240.10000000000002,240.0
881.2035149000585,239.9,240.0
881.510242999997,239.9,240.0
881.8268819000805,240.20000000000002,240.0
882.148789400002,240.20000000000002,240.0
882.4691622999962,240.20000000000002,240.0
882.7864183000056,240.0,240.0
883.0929798000725,240.0,240.0
883.3933679000475,240.0,240.0
883.7144903000444,240.10000000000002,240.0
884.0327798000071,240.10000000000002,240.0
884.352906400105,240.10000000000002,240.0
884.6564821000211,240.0,240.0
884.9789063000353,240.0,240.0
885.2818163000047,240.0,240.0
885.6001239001052,239.9,240.0
885.9208623000886,239.9,240.0
886.242218600004,240.10000000000002,240.0
886.558276600088,240.10000000000002,240.0
886.8821248000022,240.10000000000002,240.0
887.1833492000587,239.8,240.0
887.5044951000018,239.8,240.0
887.8055753000081,239.8,240.0
888.1293384000892,240.10000000000002,240.0
888.4304715000326,240.10000000000002,240.0
888.7498375000432,240.10000000000002,240.0
889.0549904000945,239.9,240.0
889.3751540000085,239.9,240.0
889.6953432000009,239.9,240.0
889.9980091000907,240.10000000000002,240.0
890.3001976000378,240.10000000000002,240.0
890.6200441000983,239.9,240.0
890.9421348000178,239.9,240.0
891.2585740000941,239.9,240.0
891.5646498000715,240.0,240.0
891.8667620000197,240.0,240.0
892.1894779000431,240.0,240.0
892.5069130000193,240.10000000000002,240.0
892.8269404000603,240.10000000000002,240.0
893.1292224000208,240.10000000000002,240.0
893.4503851000918,239.9,240.0
893.7685804000357,239.9,240.0
894.0884438001085,239.9,240.0
894.4110329000978,240.10000000000002,240.0
894.7149321000325,240.10000000000002,240.0
895.0315031000646,239.9,240.0
895.353820300079,239.9,240.0
895.6719021000899,239.9,240.0
895.9912176000653,240.20000000000002,240.0
896.2984654000029,240.20000000000002,240.0
896.6149995001033,240.20000000000002,240.0
896.9362760001095,239.9,240.0
897.2580686000874,239.9,240.0
897.5774516999954,239.9,240.0
897.8793760000262,240.10000000000002,240.0
898.2009820000967,240.10000000000002,240.0
898.5190814000089,240.10000000000002,240.0
898.8219010001048,240.0,240.0
899.1424969000509,240.0,240.0
899.4440338000422,240.0,240.0
899.7656413000077,240.0,240.0
900.0717493999982,240.0,240.0
900.3890659000026,240.10000000000002,240.0
900.7069857000606,240.10000000000002,240.0
901.0274913000176,240.10000000000002,240.0
901.3467898000963,239.9,240.0
901.6545763000613,239.9,240.0
901.9714179000584,239.9,240.0
902.2919820001116,240.20000000000002,240.0
902.6106384000741,240.20000000000002,240.0
902.9167843000032,240.20000000000002,240.0
903.2351312000537,239.9,240.0
903.5532635001,239.9,240.0
903.8445460000075,240.20000000000002,240.0
904.1615766000468,240.20000000000002,240.0
904.4821057000663,240.20000000000002,240.0
904.8009267000016,240.0,240.0
905.1218818000052,240.0,240.0
905.408422700013,240.0,240.0
905.7303263000213,240.10000000000002,240.0
906.0505775000202,240.10000000000002,240.0
906.370311900042,240.10000000000002,240.0
906.6571176000871,240.10000000000002,240.0
906.9770916000707,240.10000000000002,240.0
907.2940456001088,240.10000000000002,240.0
907.6157514000079,240.0,240.0
907.9214413000736,240.0,240.0
908.2223558000987,240.20000000000002,240.0
908.5431437001098,240.20000000000002,240.0
908.8643355000531,240.20000000000002,240.0
909.1807274000021,239.9,240.0
909.4714212000836,239.9,240.0
909.7902576000197,239.9,240.0
910.1099237001035,240.20000000000002,240.0
910.430965000065,240.20000000000002,240.0
910.7354949000292,240.20000000000002,240.0
911.0538897000952,240.0,240.0
911.3721402001102,240.0,240.0
911.6605765999993,240.0,240.0
911.9788545001065,240.20000000000002,240.0
912.2998300000327,240.20000000000002,240.0
912.6194570000516,240.10000000000002,240.0
912.941039300058,240.10000000000002,240.0
913.241241700016,240.10000000000002,240.0
913.5629480000352,240.0,240.0
913.8819029000588,240.0,240.0
914.1856637001038,240.0,240.0
914.5046416000696,240.20000000000002,240.0
914.824345100089,240.20000000000002,240.0
915.130930100102,240.20000000000002,240.0
915.4520059000934,239.9,240.0
915.7687712000916,239.9,240.0
916.073591500055,239.9,240.0
916.3948913000058,240.20000000000002,240.0
916.6987187000923,240.20000000000002,240.0
917.0139926000265,239.9,240.0
917.3347166000167,239.9,240.0
917.6412017000839,239.9,240.0
917.9431012000423,240.10000000000002,240.0
918.2650318000233,240.10000000000002,240.0
918.5819119000807,240.10000000000002,240.0
918.8850922000129,240.0,240.0
919.2066709001083,240.0,240.0
919.5286749000661,240.0,240.0
919.8156153000891,240.10000000000002,240.0
920.1363446000032,240.10000000000002,240.0
920.4560745001072,240.10000000000002,240.0
920.7734345000936,240.10000000000002,240.0
921.0940034000669,240.10000000000002,240.0
921.396221300005,240.0,240.0
921.7181259000208,240.0,240.0
922.0346426001051,240.0,240.0
922.3582366000628,240.20000000000002,240.0
922.6587531000841,240.20000000000002,240.0
922.981873700046,240.20000000000002,240.0
923.298798300093,239.9,240.0
923.6199248000048,239.9,240.0
923.9406934001017,239.9,240.0
924.2444305000827,240.20000000000002,240.0
924.564724600059,240.20000000000002,240.0
924.8841577999992,240.20000000000002,240.0
925.1851820000447,240.0,240.0
925.5063688000664,240.0,240.0
925.8102898000507,240.20000000000002,240.0
926.1281500000041,240.20000000000002,240.0
926.450459200074,240.20000000000002,240.0
926.7510692001088,240.10000000000002,240.0
927.0740040000528,240.10000000000002,240.0
927.394093500101,240.10000000000002,240.0
927.7115151000908,240.0,240.0
928.0144901000895,240.0,240.0
928.3204763000831,240.0,240.0
928.6373051000992,240.20000000000002,240.0
928.9587852000259,240.20000000000002,240.0
929.2782718000235,240.20000000000002,240.0
929.5838979000691,240.0,240.0
929.9013236000901,240.0,240.0
930.2231968000997,240.20000000000002,240.0
930.5440045000287,240.20000000000002,240.0
930.8466596000362,240.20000000000002,240.0
931.1631709000794,240.0,240.0
931.4848232000368,240.0,240.0
931.8058534000302,240.0,240.0
932.108586300048,240.20000000000002,240.0
932.4291178000858,240.20000000000002,240.0
932.7328971000388,240.20000000000002,240.0
933.0538420000812,240.10000000000002,240.0
933.3720677000238,240.10000000000002,240.0
933.689149800106,240.10000000000002,240.0
933.9943534000777,240.10000000000002,240.0
934.3129387000808,240.10000000000002,240.0
934.620135000092,240.20000000000002,240.0
934.9375127000967,240.20000000000002,240.0
935.2399742000271,240.20000000000002,240.0
935.5607546000974,240.0,240.0
935.883679300081,240.0,240.0
936.1852514001075,240.0,240.0
936.5051211999962,240.20000000000002,240.0
936.8260653000325,240.20000000000002,240.0
937.1305317000952,240.20000000000002,240.0
937.4476105000358,239.9,240.0
937.7657048000256,239.9,240.0
938.0867352000205,239.9,240.0
938.4073620000854,240.20000000000002,240.0
938.7094184000744,240.20000000000002,240.0
939.0321534000104,239.9,240.0
939.3530638000229,239.9,240.0
939.6556526001077,239.9,240.0
939.9725495000603,240.10000000000002,240.0
940.2948360000737,240.10000000000002,240.0
940.581181500107,240.10000000000002,240.0
940.9015729000093,240.0,240.0
941.2233115000417,240.0,240.0
941.5401716000633,240.0,240.0
941.8464106000029,240.0,240.0
942.1483052000403,240.0,240.0
942.4671878000954,240.0,240.0
942.7887993000913,240.0,240.0
943.0899457000196,240.0,240.0
943.3965329000494,239.8,240.0
943.7176598000806,239.8,240.0
944.037427800009,239.8,240.0
944.3382273000898,240.10000000000002,240.0
944.6567195000825,240.10000000000002,240.0
944.9610965000466,240.10000000000002,240.0
945.2832733000396,239.8,240.0
945.5858606999973,239.8,240.0
945.9052219000878,239.8,240.0
946.2077876999974,240.0,240.0
946.5297210999997,240.0,240.0
946.85001750011,240.0,240.0
947.1681211000541,239.8,240.0
947.4900589000899,239.8,240.0
947.8058977000182,239.9,240.0
948.0938230000902,239.9,240.0
948.4172431000043,239.9,240.0
948.7348060000222,240.0,240.0
949.0551958000287,240.0,240.0
949.3606529000681,240.0,240.0
949.6791290000547,239.8,240.0
949.9829739000415,239.8,240.0
950.2845326000825,239.8,240.0
950.6078643000219,240.0,240.0
950.9275985000422,240.0,240.0
951.2432964000618,240.0,240.0
951.5501980000408,239.70000000000002,240.0
951.8508711000904,239.70000000000002,240.0
952.1721394000342,240.0,240.0
952.4929750000592,240.0,240.0
952.7944641000358,240.0,240.0
953.1013830000302,239.8,240.0
953.4185340000549,239.8,240.0
953.7213684000308,239.8,240.0
954.0433261001017,239.9,240.0
954.3608600000152,239.9,240.0
954.6819057000102,239.9,240.0
955.0034533001017,239.9,240.0
955.3061290000333,239.9,240.0
955.6266713000368,239.9,240.0
955.9284747000784,239.8,240.0
956.2500001000008,239.8,240.0
956.5687625000719,240.0,240.0
956.8868863000534,240.0,240.0
957.2103989000898,240.0,240.0
957.5141451000236,239.8,240.0
957.8344553000061,239.8,240.0
958.152170300018,239.8,240.0
958.469464700087,240.0,240.0
958.7894248000812,240.0,240.0
959.0966930000577,240.0,240.0
959.4133838000707,239.8,240.0
959.7325118000153,239.8,240.0
960.0526420000242,239.8,240.0
960.3603613000596,240.0,240.0
960.6625162001001,240.0,240.0
960.9827595000388,239.9,240.0
961.3006432000548,239.9,240.0
961.6042152000591,239.9,240.0
961.9245572000509,240.0,240.0
962.2427528999979,240.0,240.0
962.5489082999993,240.0,240.0
962.869643400074,240.0,240.0
963.1882255000528,240.0,240.0
963.5080507000675,240.0,240.0
963.8129716000985,239.8,240.0
964.1310338000767,239.8,240.0
964.4513129000552,239.8,240.0
964.7697875000304,240.10000000000002,240.0
965.0917971000308,240.10000000000002,240.0
965.3765455000103,239.8,240.0
965.6996384001104,239.8,240.0
966.0176139000105,239.8,240.0
966.3210659000324,240.10000000000002,240.0
966.6412872000365,240.10000000000002,240.0
966.961119600106,240.10000000000002,240.0
967.2658017000649,239.8,240.0
967.5688148000045,239.8,240.0
967.8892984000267,239.8,240.0
968.2074699000223,240.0,240.0
968.5116173001006,240.0,240.0
968.8299483000301,240.0,240.0
969.1339222000679,239.9,240.0
969.4545897000935,239.9,240.0
969.7767070000991,239.9,240.0
970.0925715001067,239.9,240.0
970.4003981000278,239.9,240.0
970.7167398000602,240.0,240.0
971.0365044000791,240.0,240.0
971.3574185000034,240.0,240.0
971.662886200007,239.8,240.0
971.9793500000378,239.8,240.0
972.2992767000105,239.8,240.0
972.6250165000092,240.0,240.0
972.9252285000402,240.0,240.0
973.2461274000816,240.0,240.0
973.5651443999959,239.8,240.0
973.869420700008,239.8,240.0
974.1868480000412,240.0,240.0
974.490113100037,240.0,240.0
974.8124376001069,240.0,240.0
975.1310909000458,239.9,240.0
975.4337195000844,239.9,240.0
975.7540922000771,239.9,240.0
976.0742345000617,240.0,240.0
976.3618338000961,240.0,240.0
976.6829116001027,240.0,240.0
977.0006442000158,240.0,240.0
977.3199159000069,240.0,240.0
977.623336300021,240.0,240.0
977.9438937000232,239.9,240.0
978.2644255000632,239.9,240.0
978.5829514000798,240.10000000000002,240.0
978.8876527000684,240.10000000000002,240.0
979.2089153000852,240.10000000000002,240.0
979.5263530000811,239.8,240.0
979.8448506999994,239.8,240.0
980.1507548000664,239.8,240.0
980.4706302999984,240.10000000000002,240.0
980.7886127000675,240.10000000000002,240.0
981.0946816001087,240.10000000000002,240.0
981.3983488000231,239.8,240.0
981.7152864000527,239.8,240.0
982.0356523001101,239.8,240.0
982.3400779000949,240.10000000000002,240.0
982.6606274000369,240.10000000000002,240.0
982.9627822000766,240.0,240.0
983.2826343000634,240.0,240.0
983.6018484000815,240.0,240.0
983.9056431000354,240.0,240.0
984.211354100029,240.0,240.0
984.5321401000256,240.0,240.0
984.8525770000415,240.10000000000002,240.0
985.1549229000229,240.10000000000002,240.0
985.4561787000857,240.10000000000002,240.0
985.7781748000998,239.9,240.0
986.099307000055,239.9,240.0
986.4177899000933,239.9,240.0
986.7056197000202,240.20000000000002,240.0
987.0230302000418,240.20000000000002,240.0
987.3436194000533,239.9,240.0
987.6640052000294,239.9,240.0
987.9680209000362,239.9,240.0
988.2727427000646,240.20000000000002,240.0
988.5939423000673,240.20000000000002,240.0
988.9134705000324,240.20000000000002,240.0
989.2147088000784,240.10000000000002,240.0
989.5353645000141,240.10000000000002,240.0
989.8369420000818,240.10000000000002,240.0
990.1577533000382,240.20000000000002,240.0
990.4805058001075,240.20000000000002,240.0
990.7828860000009,240.20000000000002,240.0
991.0865638999967,240.20000000000002,240.0
991.4051503000082,240.20000000000002,240.0
991.710279699997,240.20000000000002,240.0
992.0293339000782,240.10000000000002,240.0
992.3469049000414,240.10000000000002,240.0
992.6537283000071,240.20000000000002,240.0
992.9712700000964,240.20000000000002,240.0
993.293499100022,240.20000000000002,240.0
993.594633400091,240.0,240.0
993.9155260000844,240.0,240.0
994.2362636000616,240.0,240.0
994.5541817001067,240.3,240.0
994.85824280011,240.3,240.0
995.1776435000356,240.3,240.0
995.4994919000892,240.0,240.0
995.8041216999991,240.0,240.0
996.1201379999984,240.0,240.0
996.4415886000497,240.20000000000002,240.0
996.7439434000989,240.20000000000002,240.0
997.0653809000505,240.10000000000002,240.0
997.3862866000272,240.10000000000002,240.0
997.6726904000388,240.10000000000002,240.0
997.9906348000513,240.10000000000002,240.0
998.313193900045,240.10000000000002,240.0
998.6324957000325,240.10000000000002,240.0
998.9351896001026,240.20000000000002,240.0
999.256910600001,240.20000000000002,240.0
999.5574158000527,240.20000000000002,240.0
999.8789666000521,240.0,240.0
1000.198126000003,240.0,240.0
1000.5204106000019,240.0,240.0
1000.8377902000211,240.3,240.0
1001.1422684000572,240.3,240.0
1001.4630434000865,240.0,240.0
1001.780736100045,240.0,240.0
1002.1024863000493,240.0,240.0
1002.4032000000589,240.3,240.0
1002.7092092001112,240.3,240.0
1003.0283252000809,240.3,240.0
1003.3469886000967,240.10000000000002,240.0
1003.6524975000648,240.10000000000002,240.0
1003.9737732000649,240.10000000000002,240.0
1004.2775609000819,240.20000000000002,240.0
1004.5940943000605,240.20000000000002,240.0
1004.9151811000193,240.20000000000002,240.0
1005.2367495000362,240.20000000000002,240.0
1005.5536577000748,240.20000000000002,240.0
1005.8570294000674,240.10000000000002,240.0
1006.176069600042,240.10000000000002,240.0
1006.4828831000486,240.10000000000002,240.0
1006.7835114001064,240.3,240.0
1007.1062025000574,240.3,240.0
1007.4271792001091,240.3,240.0
1007.7464278000407,240.10000000000002,240.0
1008.0485532000894,240.10000000000002,240.0
1008.3688075999962,240.10000000000002,240.0
1008.6863232000032,240.4,240.0
1009.0081761000911,240.4,240.0
1009.3117591000628,240.4,240.0
1009.6313598999986,240.10000000000002,240.0
1009.9360981000355,240.10000000000002,240.0
1010.253331300104,240.3,240.0
1010.5730610000901,240.3,240.0
1010.8957660000306,240.3,240.0
1011.1990592000075,240.20000000000002,240.0
1011.519374000025,240.20000000000002,240.0
1011.8223963000346,240.20000000000002,240.0
1012.1404143000254,240.20000000000002,240.0
1012.4588720001047,240.20000000000002,240.0
1012.7801452000858,240.20000000000002,240.0
1013.0841005000984,240.20000000000002,240.0
1013.4053158001043,240.20000000000002,240.0
1013.7233851000201,240.10000000000002,240.0
1014.0263553000987,240.10000000000002,240.0
1014.3462236000923,240.10000000000002,240.0
1014.6670316000236,240.3,240.0
1014.9722198999953,240.3,240.0
1015.2729439000832,240.3,240.0
1015.5944904000498,240.0,240.0
1015.9004551999969,240.0,240.0
1016.2169394000666,240.0,240.0
1016.536291000084,240.3,240.0
1016.8584471000358,240.3,240.0
1017.1761312000453,240.3,240.0
1017.4830625000177,240.10000000000002,240.0
1017.7841894000303,240.10000000000002,240.0
1018.1048512000125,240.10000000000002,240.0
1018.4250700999983,240.20000000000002,240.0
1018.74537410005,240.20000000000002,240.0
1019.0466064000502,240.10000000000002,240.0
1019.353066700045,240.10000000000002,240.0
1019.6702844999963,240.10000000000002,240.0
1019.9919150000205,240.0,240.0
1020.2935226000845,240.0,240.0
1020.5968219001079,240.0,240.0
1020.9171282000607,240.20000000000002,240.0
1021.2383544000331,240.20000000000002,240.0
1021.5603330000304,240.20000000000002,240.0
1021.876843700069,240.0,240.0
1022.1818236000836,240.0,240.0
1022.4999095000094,240.0,240.0
1022.8058557000477,240.20000000000002,240.0
1023.1228413000936,240.20000000000002,240.0
1023.4447140000993,239.9,240.0
1023.7658905000426,239.9,240.0
1024.0686155000003,239.9,240.0
1024.387832700042,240.20000000000002,240.0
1024.7076573000522,240.20000000000002,240.0
1025.0289627000457,240.20000000000002,240.0
1025.3318843001034,240.0,240.0
1025.6375864000292,240.0,240.0
1025.9529730000068,240.0,240.0
1026.2717252000002,240.0,240.0
1026.5800932000857,240.0,240.0
1026.8800514000468,240.0,240.0
1027.2035121000372,240.10000000000002,240.0
1027.5201966000022,240.10000000000002,240.0
1027.8429841001052,239.9,240.0
1028.145938300062,239.9,240.0
1028.4642375000985,239.9,240.0
1028.7847332000965,240.20000000000002,240.0
1029.0865223000292,240.20000000000002,240.0
1029.4069221999962,240.20000000000002,240.0
1029.7130258000689,239.9,240.0
1030.0301427000668,239.9,240.0
1030.3528245000634,239.9,240.0
1030.6560600000666,240.10000000000002,240.0
1030.9563831000123,240.10000000000002,240.0
1031.2784784000833,240.10000000000002,240.0
1031.5986733000027,239.9,240.0
1031.9195341001032,239.9,240.0
1032.2210924000246,240.0,240.0
1032.5435888000065,240.0,240.0
1032.8614780000644,240.0,240.0
1033.1819660000037,240.0,240.0
1033.5011309999973,240.0,240.0
1033.821464800043,240.0,240.0
1034.1250501000322,239.9,240.0
1034.4297620001016,239.9,240.0
1034.746154100052,239.9,240.0
1035.065650000004,240.10000000000002,240.0
1035.3861639000243,240.10000000000002,240.0
1035.6737057000864,240.10000000000002,240.0
1035.9951832001098,239.8,240.0
1036.3156600000802,239.8,240.0
1036.6353389000287,240.10000000000002,240.0
1036.937631900073,240.10000000000002,240.0
1037.2396843000315,240.10000000000002,240.0
1037.563322900096,239.8,240.0
1037.8824751001084,239.8,240.0
1038.184256000095,239.8,240.0
1038.4907194999978,240.0,240.0
1038.8097449000925,240.0,240.0
1039.1282360000769,240.0,240.0
1039.4341940000886,239.8,240.0
1039.7501942000818,239.8,240.0
1040.0551430000924,239.8,240.0
1040.3746812000172,239.9,240.0
1040.6952552000294,239.9,240.0
1040.996644100058,240.0,240.0
1041.3164312000154,240.0,240.0
1041.6228910000063,240.0,240.0
1041.9241976001067,239.8,240.0
1042.2455946000991,239.8,240.0
1042.5473535000347,239.8,240.0
1042.869235799997,240.10000000000002,240.0
1043.1900944000809,240.10000000000002,240.0
1043.5094979000278,240.10000000000002,240.0
1043.797715599998,239.8,240.0
1044.1157906000735,239.8,240.0
1044.4381781000411,239.8,240.0
1044.739348000032,240.10000000000002,240.0
1045.0603607000085,240.10000000000002,240.0
1045.3805192,240.10000000000002,240.0
1045.6813971000956,239.9,240.0
1046.0016215000069,239.9,240.0
1046.3233083001105,240.0,240.0
1046.6405335000018,240.0,240.0
1046.9630914001027,240.0,240.0
1047.2632092999993,240.0,240.0
1047.5690614000196,240.0,240.0
1047.8905043000123,240.0,240.0
1048.208857000107,239.9,240.0
1048.5149081000127,239.9,240.0
1048.8186575000873,239.9,240.0
1049.1351399000268,240.0,240.0
1049.4541688000318,240.0,240.0
1049.7598469000077,240.0,240.0
1050.0811749000568,239.8,240.0
1050.3974190000445,239.8,240.0
1050.7181108000223,240.10000000000002,240.0
1051.0248598000035,240.10000000000002,240.0
1051.3420782000758,240.10000000000002,240.0
1051.6460493000923,239.8,240.0
1051.965949500096,239.8,240.0
1052.2869002000662,239.8,240.0
1052.5880729000783,240.0,240.0
1052.9070242000744,240.0,240.0
1053.2145055000437,240.0,240.0
1053.5309891001089,239.9,240.0
1053.8365012001013,239.9,240.0
1054.1577471001074,239.9,240.0
1054.4777503000805,239.9,240.0
1054.7778234001016,239.9,240.0
1055.0996810001088,240.0,240.0
1055.420378800016,240.0,240.0
1055.73753890011,240.0,240.0
1056.0568488000426,239.8,240.0
1056.3797669000924,239.8,240.0
1056.6835789000615,239.8,240.0
1057.0002014000202,240.10000000000002,240.0
1057.305810000049,240.10000000000002,240.0
1057.626483800006,240.10000000000002,240.0
1057.9439033000963,239.8,240.0
1058.2512900000438,239.8,240.0
1058.5536842000438,239.8,240.0
1058.8702160000103,240.10000000000002,240.0
1059.190915800049,240.10000000000002,240.0
1059.5122990000527,239.9,240.0
1059.8297434000997,239.9,240.0
1060.1526677000802,239.9,240.0
1060.4531297000358,240.0,240.0
1060.7567803000566,240.0,240.0
1061.0775128001114,240.0,240.0
1061.4000055000652,239.9,240.0
1061.7028360000113,239.9,240.0
1062.0043224000838,239.9,240.0
1062.325695300009,239.8,240.0
1062.6474727001041,239.8,240.0
1062.9674393000314,239.8,240.0
1063.270019800053,240.0,240.0
1063.5918827001005,240.0,240.0
1063.9076953000622,239.70000000000002,240.0
1064.2282115000999,239.70000000000002,240.0
1064.5464425000828,239.70000000000002,240.0
1064.8526519000297,240.0,240.0
1065.1726077001076,240.0,240.0
1065.476425300003,240.0,240.0
1065.793652900029,239.8,240.0
1066.116902000038,239.8,240.0
1066.4185645000543,239.8,240.0
1066.7361425000709,240.0,240.0
1067.0577834000578,240.0,240.0
1067.3456701000687,240.0,240.0
1067.6673012000974,239.9,240.0
1067.9848339000018,239.9,240.0
1068.3049702000571,239.9,240.0
1068.6076917001046,239.9,240.0
1068.9300579000264,239.9,240.0
1069.2329623000696,240.0,240.0
1069.5379514000379,240.0,240.0
1069.8533856000286,240.0,240.0
1070.1749441000866,239.8,240.0
1070.481365900021,239.8,240.0
1070.7824872001074,239.8,240.0
1071.1034851000877,240.0,240.0
1071.4213689001044,240.0,240.0
1071.7421367000788,240.0,240.0
1072.047519100015,239.70000000000002,240.0
1072.3654749999987,239.70000000000002,240.0
1072.686519900104,240.0,240.0
1073.0033418000676,240.0,240.0
1073.3100943000754,240.0,240.0
1073.6268912000814,239.8,240.0
1073.949662500061,239.8,240.0
1074.2513287001057,239.8,240.0
1074.573322600103,240.0,240.0
1074.8917558999965,240.0,240.0
1075.2121646000305,240.0,240.0
1075.514046400087,239.9,240.0
1075.8201811000472,239.9,240.0
1076.1411560000852,239.9,240.0
1076.4577327000443,239.9,240.0
1076.7804707000032,239.9,240.0
1077.0987278000684,240.10000000000002,240.0
1077.4021284000482,240.10000000000002,240.0
1077.7201470000437,240.10000000000002,240.0
1078.0435589000117,239.8,240.0
1078.3306090000551,239.8,240.0
1078.6465908000246,239.8,240.0
1078.9709722000407,240.10000000000002,240.0
1079.2882211999968,240.10000000000002,240.0
1079.5919622000074,240.10000000000002,240.0
1079.9106223999988,239.8,240.0
1080.2316900000442,239.8,240.0
1080.519220200018,239.8,240.0
1080.8400101000443,240.10000000000002,240.0
1081.1572783000302,240.10000000000002,240.0
1081.4631378001068,240.0,240.0
1081.7845209001098,240.0,240.0
1082.1015362000326,240.0,240.0
1082.4082370999968,240.0,240.0
1082.710577000049,240.0,240.0
1083.0297658001073,240.0,240.0
1083.3518226000015,240.10000000000002,240.0
1083.652048000018,240.10000000000002,240.0
1083.9557077001082,240.10000000000002,240.0
1084.2777016001055,240.0,240.0
1084.5796543000033,240.0,240.0
1084.901961900061,240.0,240.0
1085.2195481000235,240.10000000000002,240.0
1085.5258370001102,240.10000000000002,240.0
1085.8440552999964,239.9,240.0
1086.1450192000484,239.9,240.0
1086.467767800088,239.9,240.0
1086.770555300056,240.20000000000002,240.0
1087.0910813000519,240.20000000000002,240.0
1087.411635800032,240.20000000000002,240.0
1087.7285916000837,239.9,240.0
1088.0513538001105,239.9,240.0
1088.3703097000252,239.9,240.0
1088.6892275999999,240.10000000000002,240.0
1088.9924281000858,240.10000000000002,240.0
1089.3142188000493,240.10000000000002,240.0
1089.6165336000267,240.0,240.0
1089.9370690000942,240.0,240.0
1090.255152400001,240.0,240.0
1090.5584657000145,240.0,240.0
1090.880512200063,240.0,240.0
1091.1847908000927,240.10000000000002,240.0
1091.5039779000217,240.10000000000002,240.0
1091.8204891000642,240.10000000000002,240.0
1092.1257487999974,239.9,240.0
1092.4482651000144,239.9,240.0
1092.764976400067,239.9,240.0
1093.0846372001106,240.10000000000002,240.0
1093.3892389000393,240.10000000000002,240.0
1093.6945220000343,240.10000000000002,240.0
1094.0144582000794,239.9,240.0
1094.318557600025,239.9,240.0
1094.636496100109,240.10000000000002,240.0
1094.9390152000124,240.10000000000002,240.0
1095.2611797000282,240.10000000000002,240.0
1095.5796622000635,240.0,240.0
1095.898959800019,240.0,240.0
1096.2021189000225,240.0,240.0
1096.506657800055,240.0,240.0
1096.825666300021,240.0,240.0
1097.1462495001033,240.0,240.0
1097.466945799999,240.10000000000002,240.0
1097.7541429999983,240.10000000000002,240.0
1098.0759881000267,240.10000000000002,240.0
1098.3917404999956,240.0,240.0
1098.7120008000638,240.0,240.0
1099.0011389000574,240.0,240.0
1099.3211032000836,240.20000000000002,240.0
1099.6409415000817,240.20000000000002,240.0
1099.945461800089,239.9,240.0
1100.2630141000263,239.9,240.0
1100.5824246000266,239.9,240.0
1100.8876154000172,240.20000000000002,240.0
1101.2077773000346,240.20000000000002,240.0
1101.508957900107,240.20000000000002,240.0
1101.8312634000322,240.0,240.0
1102.1508310000645,240.0,240.0
1102.4709993000142,240.0,240.0
1102.79154450004,240.10000000000002,240.0
1103.1108218000736,240.10000000000002,240.0
1103.4317340000998,240.10000000000002,240.0
1103.7329875000287,240.10000000000002,240.0
1104.053921700106,240.10000000000002,240.0
1104.3751925000688,240.0,240.0
1104.6907559999963,240.0,240.0
1104.9954117001034,240.0,240.0
1105.3176706000231,240.10000000000002,240.0
1105.6336667001015,240.10000000000002,240.0
1105.9557694999967,240.10000000000002,240.0
1106.2776383000892,239.9,240.0
1106.580297700013,239.9,240.0
1106.9009852000745,239.9,240.0
1107.217481300002,240.20000000000002,240.0
1107.5374800000573,240.20000000000002,240.0
1107.8430233000545,239.9,240.0
1108.1437209000578,239.9,240.0
1108.463696300052,239.9,240.0
1108.7834106000373,240.20000000000002,240.0
1109.0888529000804,240.20000000000002,240.0
1109.410300400108,240.20000000000002,240.0
1109.7129550999962,240.0,240.0
1110.0304558000062,240.0,240.0
1110.3501764000393,240.0,240.0
1110.6562406000448,240.10000000000002,240.0
1110.9614783000434,240.10000000000002,240.0
1111.2809421001002,240.10000000000002,240.0
1111.5987555000465,240.10000000000002,240.0
1111.9016955000116,240.10000000000002,240.0
1112.2239273000741,240.0,240.0
1112.5281588000944,240.0,240.0
1112.8311096000252,240.0,240.0
1113.1510089000221,240.20000000000002,240.0
1113.4709607000696,240.20000000000002,240.0
1113.7879245000659,240.20000000000002,240.0
1114.0929024000652,240.0,240.0
1114.3981066000415,240.0,240.0
1114.7154433000833,240.0,240.0
1115.037633900065,240.20000000000002,240.0
1115.3549756000284,240.20000000000002,240.0
1115.6779541000724,240.20000000000002,240.0
1115.9801742000272,240.0,240.0
1116.3000456000445,240.0,240.0
1116.6048119000625,240.0,240.0
1116.9238568000728,240.20000000000002,240.0
1117.2419477000367,240.20000000000002,240.0
1117.5444622000214,240.10000000000002,240.0
1117.866658700048,240.10000000000002,240.0
1118.1706072000088,240.10000000000002,240.0
1118.4739055000246,240.0,240.0
1118.7931301000062,240.0,240.0
1119.1145247000968,240.0,240.0
1119.4163122000173,240.10000000000002,240.0
1119.736453999998,240.10000000000002,240.0
1120.0572671000846,240.10000000000002,240.0
1120.3758003000403,239.9,240.0
1120.6977142000105,239.9,240.0
1120.9989856000757,240.20000000000002,240.0
1121.3020048000617,240.20000000000002,240.0
1121.6245899000205,240.20000000000002,240.0
1121.9424698000075,239.9,240.0
1122.264370799996,239.9,240.0
1122.5671303001,239.9,240.0
1122.8878782000393,240.20000000000002,240.0
1123.205480500008,240.20000000000002,240.0
1123.5097852000035,240.20000000000002,240.0
1123.832004600088,240.0,240.0
1124.1320663000224,240.0,240.0
1124.4535815001,240.0,240.0
1124.773563500028,240.10000000000002,240.0
1125.0746194000822,240.10000000000002,240.0
1125.3827278000535,240.10000000000002,240.0
1125.6988700000802,240.10000000000002,240.0
1126.0181342000142,240.10000000000002,240.0
1126.3248246000148,240.0,240.0
1126.6422973000444,240.0,240.0
1126.9486012000125,240.0,240.0
1127.2690180001082,240.20000000000002,240.0
1127.5873935000272,240.20000000000002,240.0
1127.8890483001014,240.20000000000002,240.0
1128.2122753000585,239.9,240.0
1128.514476600103,239.9,240.0
1128.8196617000503,239.9,240.0
1129.136793600046,240.20000000000002,240.0
1129.4587568000425,240.20000000000002,240.0
1129.7759744001087,240.20000000000002,240.0
1130.0784667000407,239.9,240.0
1130.3992551000556,239.9,240.0
1130.7199830000754,240.10000000000002,240.0
1131.026062900084,240.10000000000002,240.0
1131.3456122000935,240.10000000000002,240.0
1131.661649900023,240.0,240.0
1131.967210700037,240.0,240.0
1132.2723147000652,240.0,240.0
1132.588953700033,240.0,240.0
1132.9114250000566,240.0,240.0
1133.2287791999988,240.0,240.0
1133.5516750001116,240.10000000000002,240.0
1133.855543200043,240.10000000000002,240.0
1134.1723382000346,240.10000000000002,240.0
1134.493267700076,240.0,240.0
1134.8133572000079,240.0,240.0
1135.1306477000471,240.3,240.0
1135.4538863000926,240.3,240.0
1135.7739012000384,240.3,240.0
1136.0915378000354,240.0,240.0
1136.3817130000098,240.0,240.0
1136.699925800087,240.0,240.0
1137.0197128000436,240.20000000000002,240.0
1137.3409388000146,240.20000000000002,240.0
1137.6431880000746,240.20000000000002,240.0
1137.9636121001095,240.0,240.0
1138.2836262000492,240.0,240.0
1138.6025112000061,240.10000000000002,240.0
1138.9073512000032,240.10000000000002,240.0
1139.2251997001003,240.10000000000002,240.0
1139.5272805000423,240.10000000000002,240.0
1139.8346018000739,240.10000000000002,240.0
1140.1548356000567,240.10000000000002,240.0
1140.4706180000212,240.0,240.0
1140.7764874000568,240.0,240.0
1141.0973232000833,240.0,240.0
1141.400867300108,240.20000000000002,240.0
1141.7180459001102,240.20000000000002,240.0
1142.0391139000421,240.20000000000002,240.0
1142.3573996000923,240.0,240.0
1142.6813349000877,240.0,240.0
1142.983557700063,240.20000000000002,240.0
1143.3027746001026,240.20000000000002,240.0
1143.6239491000306,240.20000000000002,240.0
1143.9254661001032,240.0,240.0
1144.2450527000474,240.0,240.0
1144.5666966000572,240.0,240.0
1144.8866013000952,240.20000000000002,240.0
1145.1868300000206,240.20000000000002,240.0
1145.4917522000615,240.20000000000002,240.0
1145.8140197000466,240.0,240.0
1146.1315023000352,240.0,240.0
1146.4380612000823,240.0,240.0
1146.754276700085,240.0,240.0
1147.0758221000433,240.0,240.0
1147.3961920000147,240.10000000000002,240.0
1147.7144455000525,240.10000000000002,240.0
1148.0167455000337,240.10000000000002,240.0
1148.3385105000343,239.9,240.0
1148.6567688001087,239.9,240.0
1148.9774966000114,239.9,240.0
1149.2803570000688,240.10000000000002,240.0
1149.600967700011,240.10000000000002,240.0
1149.9045220999978,240.10000000000002,240.0
1150.2230833000503,239.9,240.0
1150.526944000041,239.9,240.0
1150.833342100028,239.9,240.0
1151.1503772001015,240.20000000000002,240.0
1151.4717254000716,240.20000000000002,240.0
1151.7769223001087,240.20000000000002,240.0
1152.0949648000533,239.9,240.0
1152.398546500015,239.9,240.0
1152.7179185000714,240.0,240.0
1153.0392833000515,240.0,240.0
1153.3441698000534,240.0,240.0
1153.660397700034,240.0,240.0
1153.9810985000804,240.0,240.0
1154.3023978000274,240.0,240.0
1154.6225717000198,239.9,240.0
1154.910221700091,239.9,240.0
1155.231418600073,239.9,240.0
1155.550121700042,240.10000000000002,240.0
1155.8673992000986,240.10000000000002,240.0
1156.1733163000317,240.10000000000002,240.0
1156.4759475000901,239.8,240.0
1156.7967529000016,239.8,240.0
1157.1160057000816,240.10000000000002,240.0
1157.4356705000391,240.10000000000002,240.0
1157.7382437000051,240.10000000000002,240.0
1158.057653099997,239.9,240.0
1158.3776926000137,239.9,240.0
1158.684818000067,239.9,240.0
1159.004366200068,240.0,240.0
1159.3040349000366,240.0,240.0
1159.6237316000042,240.0,240.0
1159.9299687000457,239.9,240.0
1160.2489735001,239.9,240.0
1160.5549674000358,239.9,240.0
1160.8720239000395,239.9,240.0
1161.1928135000635,239.9,240.0
1161.5126650000457,240.0,240.0
1161.8150180000812,240.0,240.0
1162.1220409000525,240.0,240.0
1162.4414646000369,239.8,240.0
1162.7437048000284,239.8,240.0
1163.0649499000283,239.8,240.0
1163.3651257000165,240.10000000000002,240.0
1163.6868719001068,240.10000000000002,240.0
1163.9896201000083,240.10000000000002,240.0
1164.3096462000394,239.8,240.0
1164.6295039000688,239.8,240.0
1164.9357599000214,239.8,240.0
1165.237234100001,240.10000000000002,240.0
1165.5568920000223,240.10000000000002,240.0
1165.8777359001106,239.9,240.0
1166.1979266999988,239.9,240.0
1166.4983442000812,239.9,240.0
1166.8052789000794,240.0,240.0
1167.1260601000395,240.0,240.0
1167.4452510999981,240.0,240.0
1167.7467515000608,240.0,240.0
1168.0492551000789,240.0,240.0
1168.3704887001077,240.0,240.0
1168.6927577001043,239.9,240.0
1168.9929208999965,239.9,240.0
1169.3159526000964,239.9,240.0
1169.6355188000016,240.0,240.0
1169.9382848000387,240.0,240.0
1170.255600500037,239.8,240.0
1170.5766904000193,239.8,240.0
1170.896798400092,239.8,240.0
1171.1996549000032,240.0,240.0
1171.521528000012,240.0,240.0
1171.8240013000323,240.0,240.0
1172.1445441000396,239.70000000000002,240.0
1172.4458605000982,239.70000000000002,240.0
1172.7659577000886,239.70000000000002,240.0
1173.0734212000389,239.9,240.0
1173.390058600111,239.9,240.0
1173.6959963000845,239.9,240.0
1174.016650400008,239.9,240.0
1174.3355315000517,239.9,240.0
1174.6363040000433,239.9,240.0
1174.9439430000493,239.9,240.0
1175.26041420002,239.9,240.0
1175.5792289000237,240.0,240.0
1175.8873307000613,240.0,240.0
1176.2067558000563,240.0,240.0
1176.5093947000569,239.8,240.0
1176.8273566000862,239.8,240.0
1177.1329447000753,239.8,240.0
1177.4501811000519,240.0,240.0
1177.7700435000006,240.0,240.0
1178.0740340000484,240.0,240.0
1178.3775697000092,239.8,240.0
1178.6986656000372,239.8,240.0
1179.0187648000428,239.8,240.0
1179.34052540001,240.0,240.0
1179.640764700016,240.0,240.0
1179.9462565000867,239.8,240.0
1180.2659731000895,239.8,240.0
1180.587070700014,239.8,240.0
1180.8898083000677,239.9,240.0
1181.2095560000744,239.9,240.0
1181.5264563000528,239.9,240.0
1181.8471384000732,239.9,240.0
1182.1538931000978,239.9,240.0
1182.455449800007,239.9,240.0
1182.7768648000201,239.8,240.0
1183.0944454000564,239.8,240.0
1183.414007400046,239.8,240.0
1183.7198654001113,240.0,240.0
1184.0397065000143,240.0,240.0
1184.3568335000891,239.8,240.0
1184.6764634000137,239.8,240.0
1184.9839844000526,239.8,240.0
1185.2999238000484,240.10000000000002,240.0
1185.6061624001013,240.10000000000002,240.0
1185.9231433999958,240.10000000000002,240.0
1186.2454780000262,239.8,240.0
1186.5625759999966,239.8,240.0
1186.8822167000035,239.8,240.0
1187.1743824000005,240.10000000000002,240.0
1187.4917703000829,240.10000000000002,240.0
1187.8132896000752,240.10000000000002,240.0
1188.1154079000698,239.9,240.0
1188.4332104000496,239.9,240.0
1188.7568244000431,239.9,240.0
1189.0607913000276,239.9,240.0
1189.3807744000806,239.9,240.0
1189.6987357001053,240.0,240.0
1190.0184144000523,240.0,240.0
1190.3223452001112,240.0,240.0
1190.6416715000523,239.9,240.0
1190.9625693000853,239.9,240.0
1191.265088000102,239.9,240.0
1191.567207800108,240.10000000000002,240.0
1191.8885414000833,240.10000000000002,240.0
1192.2084109000862,240.10000000000002,240.0
1192.5288145000814,239.9,240.0
1192.816343900049,239.9,240.0
1193.1377371000126,240.20000000000002,240.0
1193.4559018000728,240.20000000000002,240.0
1193.758067100076,240.20000000000002,240.0
1194.0794745000312,239.9,240.0
1194.3973849000176,239.9,240.0
1194.70408210007,239.9,240.0
1195.0223960001022,240.0,240.0
1195.3441255000653,240.0,240.0
1195.663508500089,240.0,240.0
1195.9791229000548,240.0,240.0
1196.3020998000866,240.0,240.0
1196.6042362001026,240.0,240.0
1196.9255786000285,239.9,240.0
1197.2272273000563,239.9,240.0
1197.548721600091,240.10000000000002,240.0
1197.8697046000743,240.10000000000002,240.0
1198.1730728000402,240.10000000000002,240.0
1198.4772047000006,239.9,240.0
1198.796086700051,239.9,240.0
1199.1150775999995,239.9,240.0
1199.4344053000677,240.10000000000002,240.0
1199.7375480000628,240.10000000000002,240.0
1200.0423186999978,240.10000000000002,240.0
1200.3609068000223,239.9,240.0
1200.66645410005,239.9,240.0
1200.984127300093,239.9,240.0
1201.2876282000216,240.10000000000002,240.0
1201.6095762000186,240.10000000000002,240.0
1201.9118118000915,239.9,240.0
1202.2324583000736,239.9,240.0
1202.5537016000599,239.9,240.0
1202.8548595000757,240.0,240.0
1203.1576339000603,240.0,240.0
1203.4787633001106,240.0,240.0
1203.7998230000958,240.10000000000002,240.0
1204.118655600003,240.10000000000002,240.0
1204.4228962000925,240.10000000000002,240.0
1204.7248985000188,239.9,240.0
1205.0469856000273,239.9,240.0
1205.3493507000385,239.9,240.0
1205.6712620001053,240.20000000000002,240.0
1205.9890207001008,240.20000000000002,240.0
1206.291845700005,239.9,240.0
1206.6129802000942,239.9,240.0
1206.9172569001094,239.9,240.0
1207.2378325000172,240.20000000000002,240.0
1207.5542637000326,240.20000000000002,240.0
1207.8765185000375,240.20000000000002,240.0
1208.1942346000578,239.9,240.0
1208.5008610000368,239.9,240.0
1208.8170449000318,239.9,240.0
1209.1399018000811,240.10000000000002,240.0
1209.4569955000188,240.10000000000002,240.0
1209.7622927000048,240.10000000000002,240.0
1210.0844895000337,240.0,240.0
1210.3860631000716,240.0,240.0
1210.7066470000427,240.0,240.0
1211.008046700037,240.0,240.0
1211.331472100108,240.0,240.0
1211.649029100081,240.10000000000002,240.0
1211.9520515000913,240.10000000000002,240.0
1212.2740014001029,240.10000000000002,240.0
1212.5757017000578,239.9,240.0
1212.8982418000232,239.9,240.0
1213.214256200008,239.9,240.0
1213.5342596000992,240.20000000000002,240.0
1213.855338399997,240.20000000000002,240.0
1214.1418982000323,240.20000000000002,240.0
1214.463248200016,240.0,240.0
1214.7812140000751,240.0,240.0
1215.1032393000787,240.20000000000002,240.0
1215.4058483000845,240.20000000000002,240.0
1215.7081000000471,240.20000000000002,240.0
1216.0306451000506,240.0,240.0
1216.348140200018,240.0,240.0
1216.6541486000642,240.0,240.0
1216.9720270000398,240.10000000000002,240.0
1217.2933793000411,240.10000000000002,240.0
1217.5949899000116,240.10000000000002,240.0
1217.9184442000696,240.10000000000002,240.0
1218.2359165000962,240.10000000000002,240.0
1218.556099700043,240.10000000000002,240.0
1218.8456723000854,239.9,240.0
1219.1619908000575,239.9,240.0
1219.481879600091,240.20000000000002,240.0
1219.8029378000647,240.20000000000002,240.0
1220.1074792,240.20000000000002,240.0
1220.4259581000078,240.0,240.0
1220.7307079000166,240.0,240.0
1221.0509273000062,240.0,240.0
1221.3532480000285,240.3,240.0
1221.6732915000757,240.3,240.0
1221.9924755000975,240.3,240.0
1222.297687000013,240.0,240.0
1222.6150972000323,240.0,240.0
1222.9358794,240.0,240.0
1223.257111600018,240.20000000000002,240.0
1223.5589624000713,240.20000000000002,240.0
1223.8620842000237,240.20000000000002,240.0
1224.18361800001,240.10000000000002,240.0
1224.5038991000038,240.10000000000002,240.0
1224.8082267000573,240.0,240.0
1225.1245915000327,240.0,240.0
1225.431995699997,240.0,240.0
1225.749089900055,240.20000000000002,240.0
1226.0524451000383,240.20000000000002,240.0
1226.372736300109,240.20000000000002,240.0
1226.6954903000733,240.0,240.0
1226.9971370000858,240.0,240.0
1227.3170281000203,240.0,240.0
1227.6191216000589,240.20000000000002,240.0
1227.9419010001002,240.20000000000002,240.0
1228.2457116000587,240.20000000000002,240.0
1228.5639614000684,240.0,240.0
1228.8828126000008,240.0,240.0
1229.1868385000853,240.20000000000002,240.0
1229.5078276999993,240.20000000000002,240.0
1229.8111832001014,240.20000000000002,240.0
1230.1322600001004,240.10000000000002,240.0
1230.4504615000915,240.10000000000002,240.0
1230.7715814000694,240.10000000000002,240.0
1231.0908937000204,240.10000000000002,240.0
1231.393152500037,240.10000000000002,240.0
1231.7129012000514,240.10000000000002,240.0
1232.0349497999996,240.10000000000002,240.0
1232.351732900017,240.10000000000002,240.0
1232.6720992000774,240.10000000000002,240.0
1232.9747061000671,240.0,240.0
1233.297709000064,240.0,240.0
1233.61635450006,240.20000000000002,240.0
1233.9188276000787,240.20000000000002,240.0
1234.221321900026,240.20000000000002,240.0
1234.5445234000217,239.9,240.0
1234.8622917000903,239.9,240.0
1235.1840832000598,239.9,240.0
1235.500645400025,240.20000000000002,240.0
1235.807574100094,240.20000000000002,240.0
1236.1266925000818,240.20000000000002,240.0
1236.4279933000216,240.0,240.0
1236.7501847000094,240.0,240.0
1237.0673120000865,240.0,240.0
1237.374321600073,240.10000000000002,240.0
1237.6937047000974,240.10000000000002,240.0
1238.0113695000764,240.10000000000002,240.0
1238.3325503000524,240.10000000000002,240.0
1238.65415940003,240.10000000000002,240.0
1238.9574321000837,240.0,240.0
1239.25945100002,240.0,240.0
1239.5772368001053,240.0,240.0
1239.896821100032,240.20000000000002,240.0
1240.2028698000358,240.20000000000002,240.0
1240.5223521000007,240.20000000000002,240.0
1240.8447526000673,239.9,240.0
1241.1617521001026,239.9,240.0
1241.4678339000093,239.9,240.0
1241.7707037000218,240.20000000000002,240.0
1242.0898442000616,240.20000000000002,240.0
1242.4071715000318,239.9,240.0
1242.727945700055,239.9,240.0
1243.0344203000423,239.9,240.0
1243.3392063000938,240.20000000000002,240.0
1243.655679000076,240.20000000000002,240.0
1243.9617722000694,240.20000000000002,240.0
1244.2782902000472,240.0,240.0
1244.599999200087,240.0,240.0
1244.9202838001074,240.0,240.0
1245.2207444000524,240.10000000000002,240.0
1245.5413421000121,240.10000000000002,240.0
1245.863528200076,240.10000000000002,240.0
1246.1820834000828,240.10000000000002,240.0
1246.4999497000827,240.10000000000002,240.0
1246.8225553000811,240.0,240.0
1247.1251797000878,240.0,240.0
1247.4329443000024,240.0,240.0
1247.7483763000928,240.20000000000002,240.0
1248.068954300019,240.20000000000002,240.0
1248.3746081000427,240.20000000000002,240.0
1248.6770725999959,239.9,240.0
1248.9980009000283,239.9,240.0
1249.315382800065,239.9,240.0
1249.6353796001058,240.20000000000002,240.0
1249.9561070000054,240.20000000000002,240.0
1250.2576269001001,239.9,240.0
1250.580057400046,239.9,240.0
1250.9005852000555,239.9,240.0
1251.2029534000903,240.10000000000002,240.0
1251.5202025000472,240.10000000000002,240.0
1251.8272893000394,240.10000000000002,240.0
1252.1306890000124,240.0,240.0
1252.448963400093,240.0,240.0
1252.7678934000432,240.0,240.0
1253.0871471000137,240.0,240.0
1253.392210900085,240.0,240.0
1253.695419900003,240.0,240.0
1254.0162125000497,240.10000000000002,240.0
1254.3370231000008,240.10000000000002,240.0
1254.6260319000576,240.10000000000002,240.0
1254.94430260011,239.9,240.0
1255.2642952000024,239.9,240.0
1255.5817020999966,240.20000000000002,240.0
1255.8874799000332,240.20000000000002,240.0
1256.2059528999962,240.20000000000002,240.0
1256.5278806000715,239.9,240.0
1256.813407400041,239.9,240.0
1257.1344697000459,239.9,240.0
1257.4516987000825,240.10000000000002,240.0
1257.7741237001028,240.10000000000002,240.0
1258.0770738000283,240.10000000000002,240.0
1258.3965857001022,239.9,240.0
1258.7027980000712,239.9,240.0
1259.0188217000104,239.9,240.0
1259.3259780000662,240.0,240.0
1259.645644400036,240.0,240.0
1259.9486925000092,240.0,240.0
1260.2688636000967,240.0,240.0
1260.5712320000166,240.0,240.0
1260.8932180000702,239.9,240.0
1261.211609799997,239.9,240.0
1261.5153524000198,239.9,240.0
1261.8355279000243,240.10000000000002,240.0
1262.138985500089,240.10000000000002,240.0
1262.4406855000416,240.10000000000002,240.0
1262.7623600000516,239.8,240.0
1263.0826957999961,239.8,240.0
1263.385299900081,239.8,240.0
1263.7041764000896,240.10000000000002,240.0
1264.0098017000128,240.10000000000002,240.0
1264.3275572001003,239.9,240.0
1264.6306285000173,239.9,240.0
1264.950157900108,239.9,240.0
1265.269442000077,240.0,240.0
1265.5908826000523,240.0,240.0
1265.8804502000567,240.0,240.0
1266.197450100095,239.9,240.0
1266.5197100000223,239.9,240.0
1266.8221700000577,239.9,240.0
1267.143767700065,239.9,240.0
1267.4600217000116,239.9,240.0
1267.781929000048,239.9,240.0
1268.0852424000623,240.0,240.0
1268.4053904000903,240.0,240.0
1268.7270789000904,239.8,240.0
1269.0281108000781,239.8,240.0
1269.3477760000387,239.8,240.0
1269.6516016001115,240.0,240.0
1269.9716446000384,240.0,240.0
1270.2770197000355,240.0,240.0
1270.5941407000646,239.70000000000002,240.0
1270.9163803000702,239.70000000000002,240.0
1271.2354009000119,239.70000000000002,240.0
1271.538284500013,240.0,240.0
1271.8587581000756,240.0,240.0
1272.175937400083,240.0,240.0
1272.479785200092,239.8,240.0
1272.8021490999963,239.8,240.0
1273.1192597000627,239.8,240.0
1273.4099877000554,239.9,240.0
1273.7307241000235,239.9,240.0
1274.048410300049,239.9,240.0
1274.3692113000434,239.9,240.0
1274.672729400103,239.9,240.0
1274.9750446000835,239.8,240.0
1275.2941070001107,239.8,240.0
1275.6162964000832,239.8,240.0
1275.9186265000608,240.0,240.0
1276.239203400095,240.0,240.0
1276.55987560004,240.0,240.0
1276.8791918000206,239.8,240.0
1277.1823297000956,239.8,240.0
1277.5034774000524,239.8,240.0
1277.805041500018,240.0,240.0
1278.126073500025,240.0,240.0
1278.430670300033,239.8,240.0
1278.7472055000253,239.8,240.0
1279.0662414000835,239.8,240.0
1279.3868160001002,240.0,240.0
1279.6932165001053,240.0,240.0
1280.0097522001015,240.0,240.0
1280.3316986000864,239.9,240.0
1280.6329642001074,239.9,240.0
1280.9547299999977,239.9,240.0
1281.2751685000258,239.9,240.0
1281.5766439000145,239.9,240.0
1281.8841594000114,239.9,240.0
1282.202134400024,240.0,240.0
1282.522409300087,240.0,240.0
1282.8277307000244,239.8,240.0
1283.1457073000493,239.8,240.0
1283.4670676999958,239.8,240.0
1283.7826463000383,240.0,240.0
1284.0883202000987,240.0,240.0
1284.406201200094,240.0,240.0
1284.7303755000466,239.8,240.0
1285.033424000023,239.8,240.0
1285.3493209000444,239.8,240.0
1285.6724660000764,240.0,240.0
1285.9914271000307,240.0,240.0
1286.2924418000039,240.0,240.0
1286.5975949000567,239.9,240.0
1286.9204685000004,239.9,240.0
1287.2357618000824,239.9,240.0
1287.559651800082,239.9,240.0
1287.8614830001025,239.9,240.0
1288.178959700046,239.9,240.0
1288.5003094000276,239.9,240.0
1288.821511700051,239.9,240.0
1289.1251540000085,239.8,240.0
1289.4450834000017,239.8,240.0
1289.7629988000263,239.8,240.0
1290.069095200044,240.0,240.0
1290.3883576000808,240.0,240.0
1290.7085855000187,239.70000000000002,240.0
1291.0249093000311,239.70000000000002,240.0
1291.3170292000286,239.70000000000002,240.0
1291.6367884000065,240.0,240.0
1291.9532343000174,240.0,240.0
1292.2748863000888,240.0,240.0
1292.5769913000986,239.70000000000002,240.0
1292.8824084000662,239.70000000000002,240.0
1293.200926600024,239.70000000000002,240.0
1293.5217079001013,239.9,240.0
1293.8229847000912,239.9,240.0
1294.1304266001098,239.9,240.0
1294.4475147000048,239.8,240.0
1294.7690523000201,239.8,240.0
1295.0885153000709,239.8,240.0
1295.4054014000576,239.8,240.0
1295.7092872000067,239.8,240.0
1296.0305266000796,239.9,240.0
1296.3339479001006,239.9,240.0
1296.6563860001042,239.9,240.0
1296.972886600066,239.70000000000002,240.0
1297.2929567000829,239.70000000000002,240.0
1297.5958592001116,239.70000000000002,240.0
1297.9193216999993,240.0,240.0
1298.2373478000518,240.0,240.0
1298.55834280001,240.0,240.0
1298.8784156000474,239.70000000000002,240.0
1299.1816553000826,239.70000000000002,240.0
1299.499120100052,240.0,240.0
1299.805124500068,240.0,240.0
1300.124086500029,240.0,240.0
1300.4438799000345,239.8,240.0
1300.745920300018,239.8,240.0
1301.0675518000498,239.8,240.0
1301.372935499996,239.9,240.0
1301.690469800029,239.9,240.0
1301.9961154001066,239.9,240.0
1302.3131619000342,239.9,240.0
1302.6197707999963,239.9,240.0
1302.937255900004,239.9,240.0
1303.2421318000415,239.8,240.0
1303.559458600008,239.8,240.0
1303.8811924000038,239.8,240.0
1304.2021466000006,240.0,240.0
1304.5039693000726,240.0,240.0
1304.8254692000337,239.8,240.0
1305.1415479000425,239.8,240.0
1305.4622965001035,239.8,240.0
1305.7651639000978,240.10000000000002,240.0
1306.0855519000906,240.10000000000002,240.0
1306.3888103000354,240.10000000000002,240.0
1306.695427000057,239.8,240.0
1307.0120494000148,239.8,240.0
1307.3337371000089,239.8,240.0
1307.6365983000724,240.0,240.0
1307.959290400031,240.0,240.0
1308.2600133001106,240.0,240.0
1308.5799965000479,239.9,240.0
1308.9011281999992,239.9,240.0
1309.21891950001,239.9,240.0
1309.522308900021,239.9,240.0
1309.8426084000384,239.9,240.0
1310.1490591000766,240.0,240.0
1310.4676646000007,240.0,240.0
1310.7887836000882,240.0,240.0
1311.0903756000334,239.8,240.0
1311.4112876000581,239.8,240.0
1311.7145950000267,239.8,240.0
1312.0357147000032,240.10000000000002,240.0
1312.3377361000748,240.10000000000002,240.0
1312.6601520000258,240.10000000000002,240.0
1312.9778853000607,239.8,240.0
1313.2801838000305,239.8,240.0
1313.6035403000424,240.10000000000002,240.0
1313.9055867000716,240.10000000000002,240.0
1314.2110688000685,240.10000000000002,240.0
1314.5269941000734,239.8,240.0
1314.8480696000624,239.8,240.0
1315.1665794000728,239.8,240.0
1315.4883099000435,239.9,240.0
1315.7932883000467,239.9,240.0
1316.1132945000427,239.9,240.0
1316.4313330000732,240.0,240.0
1316.7329446000513,240.0,240.0
1317.055170900072,240.0,240.0
1317.358869100106,239.9,240.0
1317.6632210001117,239.9,240.0
1317.9792871000245,240.10000000000002,240.0
1318.3002695000032,240.10000000000002,240.0
1318.6229449000675,240.10000000000002,240.0
1318.9104211000958,239.8,240.0
1319.2283782000886,239.8,240.0
1319.547847500071,239.8,240.0
1319.8535265000537,240.10000000000002,240.0
1320.1713729000185,240.10000000000002,240.0
1320.489471900044,240.10000000000002,240.0
1320.7929984000511,239.9,240.0
1321.1139297001064,239.9,240.0
1321.4344242000952,239.9,240.0
1321.7546946000075,240.0,240.0
1322.0747879000846,240.0,240.0
1322.3779950001044,239.9,240.0
1322.6996874000179,239.9,240.0
1323.0165047000628,239.9,240.0
1323.3362870001001,239.9,240.0
1323.6418984000338,239.9,240.0
1323.961369400029,239.9,240.0
1324.2811795000453,240.0,240.0
1324.6017650000285,240.0,240.0
1324.9054556000046,240.0,240.0
1325.207559900009,239.9,240.0
1325.5272700000787,239.9,240.0
1325.8451171000488,239.9,240.0
1326.152835600078,240.10000000000002,240.0
1326.4725823000772,240.10000000000002,240.0
1326.775010200101,239.9,240.0
1327.0950216000201,239.9,240.0
1327.4162141000852,239.9,240.0
1327.7184221000643,240.20000000000002,240.0
1328.0205520000309,240.20000000000002,240.0
1328.3409509001067,240.20000000000002,240.0
1328.6624762000283,240.0,240.0
1328.963749100105,240.0,240.0
1329.269870200078,240.0,240.0
1329.5900965000037,240.10000000000002,240.0
1329.9066971000284,240.10000000000002,240.0
1330.2262240001,240.10000000000002,240.0
1330.5136921000667,240.10000000000002,240.0
1330.834717700025,240.10000000000002,240.0
1331.155710500083,240.0,240.0
1331.4769545000745,240.0,240.0
1331.7778627000516,240.0,240.0
1332.100036000018,240.20000000000002,240.0
1332.4001861000434,240.20000000000002,240.0
1332.7221505000489,240.20000000000002,240.0
1333.042454700102,239.9,240.0
1333.3631615000777,239.9,240.0
1333.6638249000534,239.9,240.0
1333.987093700096,240.20000000000002,240.0
1334.303187700105,240.20000000000002,240.0
1334.6250440001022,240.20000000000002,240.0
1334.9288784000091,239.9,240.0
1335.247143900022,239.9,240.0
1335.565666600014,240.10000000000002,240.0
1335.889618700021,240.10000000000002,240.0
1336.207827400067,240.10000000000002,240.0
1336.5113765000133,240.0,240.0
1336.832005100092,240.0,240.0
1337.133466300089,240.0,240.0
1337.4528670000145,240.0,240.0
1337.758762500016,240.0,240.0
1338.0778289000737,240.0,240.0
1338.3795269000111,240.10000000000002,240.0
1338.702026200015,240.10000000000002,240.0
1339.0225531000178,240.10000000000002,240.0
1339.3390437000198,240.0,240.0
1339.6615304000443,240.0,240.0
1339.9633565000258,240.3,240.0
1340.2835565001005,240.3,240.0
1340.6025894000195,240.3,240.0
1340.8935224000597,240.0,240.0
1341.213161700056,240.0,240.0
1341.5298887999961,240.0,240.0
1341.8507863000268,240.3,240.0
1342.1557843000628,240.3,240.0
1342.4586741001112,240.3,240.0
1342.7768262000754,240.10000000000002,240.0
1343.099986800109,240.10000000000002,240.0
1343.4028236001031,240.10000000000002,240.0
1343.7210814000573,240.20000000000002,240.0
1344.024892800022,240.20000000000002,240.0
1344.3450376000255,240.10000000000002,240.0
1344.6481006999966,240.10000000000002,240.0
1344.968168899999,240.10000000000002,240.0
1345.2884403000353,240.10000000000002,240.0
1345.5937446000753,240.10000000000002,240.0
1345.910105100018,240.10000000000002,240.0
1346.214517800021,240.3,240.0
1346.5210094000213,240.3,240.0
1346.8378618001007,240.3,240.0
1347.1606238000095,240.0,240.0
1347.4766078999965,240.0,240.0
1347.7961677000858,240.0,240.0
1348.10000830004,240.3,240.0
1348.4196628000354,240.3,240.0
1348.7428214000538,240.10000000000002,240.0
1349.0472465000348,240.10000000000002,240.0
1349.3497520000674,240.10000000000002,240.0
1349.6669844000135,240.3,240.0
1349.9886047000764,240.3,240.0
1350.2916930000065,240.3,240.0
1350.6114672000986,240.10000000000002,240.0
1350.9338130000979,240.10000000000002,240.0
1351.236045800033,240.10000000000002,240.0
1351.556927000056,240.10000000000002,240.0
1351.8733541000402,240.10000000000002,240.0
1352.1925397000741,240.10000000000002,240.0
1352.5002623000182,240.20000000000002,240.0
1352.817175000091,240.20000000000002,240.0
1353.139521000092,240.0,240.0
1353.4569153001066,240.0,240.0
1353.7635371000506,240.0,240.0
1354.0835163000738,240.3,240.0
1354.3854049000656,240.3,240.0
1354.7061024000868,240.3,240.0
1355.0104412001092,240.0,240.0
1355.3306850000517,240.0,240.0
1355.6488444000715,240.0,240.0
1355.9682891000994,240.3,240.0
1356.2716928001028,240.3,240.0
1356.5929006000515,240.3,240.0
1356.9101427000714,240.10000000000002,240.0
1357.2130162999965,240.10000000000002,240.0
1357.5343673001043,240.20000000000002,240.0
1357.8562051000772,240.20000000000002,240.0
1358.1572984000668,240.20000000000002,240.0
1358.4785975000123,240.10000000000002,240.0
1358.7953606001101,240.10000000000002,240.0
1359.1163292001002,240.10000000000002,240.0
1359.4198726000031,240.10000000000002,240.0
1359.7402099000756,240.10000000000002,240.0
1360.0439495000755,240.10000000000002,240.0
1360.3655071000103,240.20000000000002,240.0
1360.667400800041,240.20000000000002,240.0
1360.9896373000229,240.20000000000002,240.0
1361.2911610000301,239.9,240.0
1361.6122347000055,239.9,240.0
1361.9317154000746,240.20000000000002,240.0
1362.2496291000862,240.20000000000002,240.0
1362.571069400059,240.20000000000002,240.0
1362.8736574000213,240.0,240.0
1363.179319600109,240.0,240.0
1363.4997215000913,240.0,240.0
1363.8179137000116,240.20000000000002,240.0
1364.1192440000596,240.20000000000002,240.0
1364.4271490999963,240.20000000000002,240.0
1364.7437624000013,240.0,240.0
1365.0657677000854,240.0,240.0
1365.3825234000105,240.0,240.0
1365.6867079000222,240.10000000000002,240.0
1366.0085543000605,240.10000000000002,240.0
1366.3101912999991,240.10000000000002,240.0
1366.6168016000884,240.10000000000002,240.0
1366.9341439000564,240.10000000000002,240.0
1367.2547848999966,240.0,240.0
1367.5767022001091,240.0,240.0
1367.8800175000215,240.0,240.0
1368.1804597000591,240.20000000000002,240.0
1368.5007912000874,240.20000000000002,240.0
1368.8076234000036,240.20000000000002,240.0
1369.1237549000653,239.9,240.0
1369.4454666000092,239.9,240.0
1369.7467742000008,239.9,240.0
1370.0539101000177,240.10000000000002,240.0
1370.3739053000463,240.10000000000002,240.0
1370.6901870000875,240.10000000000002,240.0
1370.9962311000563,239.9,240.0
1371.3135371000972,239.9,240.0
1371.6366059000138,240.0,240.0
1371.956464100047,240.0,240.0
1372.2578364000656,240.0,240.0
1372.5790747000137,240.0,240.0
1372.882699000067,240.0,240.0
1373.201499500079,240.0,240.0
1373.5220680000493,240.0,240.0
1373.8246270000236,240.0,240.0
1374.1295130000217,240.0,240.0
1374.448214400094,240.10000000000002,240.0
1374.770655500004,240.10000000000002,240.0
1375.073766100104,240.10000000000002,240.0
1375.392637400073,239.9,240.0
1375.7139837000286,239.9,240.0
1376.0159007000038,240.20000000000002,240.0
1376.3209818000905,240.20000000000002,240.0
1376.6391920000315,240.20000000000002,240.0
1376.9605537001044,239.9,240.0
1377.2642989000306,239.9,240.0
1377.564696000074,239.9,240.0
1377.8860674001044,240.10000000000002,240.0
1378.208232200006,240.10000000000002,240.0
1378.510103500099,240.10000000000002,240.0
1378.8123782000039,239.9,240.0
1379.1490192000056,239.9,240.0
1379.4525570000987,239.9,240.0
1379.7729678000323,240.0,240.0
1380.0935351001099,240.0,240.0
1380.411635400029,240.10000000000002,240.0
1380.714444900048,240.10000000000002,240.0
1381.022184100002,240.10000000000002,240.0
1381.340200100094,239.9,240.0
1381.6413392000832,239.9,240.0
1381.9633352000965,239.9,240.0
1382.2821701000212,240.20000000000002,240.0
1382.600871700095,240.20000000000002,240.0
1382.8885409000795,240.20000000000002,240.0
1383.2114953000564,239.9,240.0
1383.532300400082,239.9,240.0
1383.8478080000496,239.9,240.0
1384.1552211000817,240.10000000000002,240.0
1384.4728682000423,240.10000000000002,240.0
1384.794464900042,240.10000000000002,240.0
1385.0956876000855,239.8,240.0
1385.4148706000997,239.8,240.0
1385.7365073000547,240.0,240.0
1386.0412634001113,240.0,240.0
1386.360895800055,240.0,240.0
1386.678787300014,239.9,240.0
1386.9977214999963,239.9,240.0
1387.3043952001026,239.9,240.0
1387.6245530000888,239.8,240.0
1387.9410405000672,239.8,240.0
1388.2448073000414,239.8,240.0
1388.5638240000699,240.0,240.0
1388.8710346000735,240.0,240.0
1389.1911916000536,239.8,240.0
1389.5069603000302,239.8,240.0
1389.7984037999995,239.8,240.0
1390.115265200031,240.0,240.0
1390.4363700000104,240.0,240.0
1390.7581529000308,240.0,240.0
1391.0593862000387,239.70000000000002,240.0
1391.3653978001093,239.70000000000002,240.0
1391.6850626000669,239.70000000000002,240.0
1392.0018531000242,240.0,240.0
1392.3207489000633,240.0,240.0
1392.642242400092,240.0,240.0
1392.9486598001095,239.8,240.0
1393.265013600001,239.8,240.0
1393.585730300052,239.8,240.0
1393.8896793000167,239.8,240.0
1394.2075250000926,239.8,240.0
1394.513151000021,239.9,240.0
1394.8318825000897,239.9,240.0
1395.138699300005,239.9,240.0
1395.4541639001109,239.8,240.0
1395.7740353000117,239.8,240.0
1396.0790918000275,239.8,240.0
1396.4007577000884,240.0,240.0
1396.7199850000907,240.0,240.0
1397.041374500026,240.0,240.0
1397.3441432000836,239.70000000000002,240.0
1397.645248600049,239.70000000000002,240.0
1397.9662961000577,239.70000000000002,240.0
1398.2848964000586,240.0,240.0
1398.5899438000051,240.0,240.0
1398.911190200015,239.8,240.0
1399.2313297000946,239.8,240.0
1399.5496072000824,239.8,240.0
1399.869325900101,239.9,240.0
1400.1734827000182,239.9,240.0
1400.493508500047,239.9,240.0
1400.7941650000867,239.8,240.0
1401.1011002000887,239.8,240.0
1401.4216341000283,239.8,240.0
1401.741533100023,239.8,240.0
1402.0606546000345,239.8,240.0
1402.3472021000925,239.8,240.0
1402.6683676000684,240.0,240.0
1402.987264700001,240.0,240.0
1403.308365300065,239.70000000000002,240.0
1403.6117449000012,239.70000000000002,240.0
1403.9115108000115,239.70000000000002,240.0
1404.2314910000423,240.0,240.0
1404.5553387000691,240.0,240.0
1404.8549383000936,240.0,240.0
1405.1751905001001,239.70000000000002,240.0
1405.4821185000474,239.70000000000002,240.0
1405.8013471000595,239.70000000000002,240.0
1406.1062535000965,240.0,240.0
1406.424583200016,240.0,240.0
1406.7286272000056,240.0,240.0
1407.0463576000184,239.9,240.0
1407.365727000055,239.9,240.0
1407.6857488000533,239.9,240.0
1408.0079914000817,239.9,240.0
1408.3094578000018,239.9,240.0
1408.630345200072,240.0,240.0
1408.9513118000468,240.0,240.0
1409.271691000089,240.0,240.0
1409.5729462000309,239.8,240.0
1409.8936981000006,239.8,240.0
1410.1976821999997,239.8,240.0
1410.5149021000834,240.10000000000002,240.0
1410.837627800065,240.10000000000002,240.0
1411.1402820000658,240.10000000000002,240.0
1411.4443153000902,239.8,240.0
1411.765906100045,239.8,240.0
1412.0822227000026,240.10000000000002,240.0
1412.3893226000946,240.10000000000002,240.0
1412.7080972000258,240.10000000000002,240.0
1413.0288187999977,239.8,240.0
1413.3281407000031,239.8,240.0
1413.6348275000928,239.8,240.0
1413.95244620007,240.0,240.0
1414.2588837000076,240.0,240.0
1414.5752157000825,240.0,240.0
1414.8958056000993,239.9,240.0
1415.2175325000426,239.9,240.0
1415.5195471000625,239.9,240.0
1415.8418237000005,239.8,240.0
1416.16009270004,239.8,240.0
1416.4630893000867,239.9,240.0
1416.7854324000655,239.9,240.0
1417.103470900096,239.9,240.0
1417.4221778000938,239.70000000000002,240.0
1417.7249367000768,239.70000000000002,240.0
1418.0486533000367,239.70000000000002,240.0
1418.3504184000194,240.0,240.0
1418.6714072000468,240.0,240.0
1418.9893026000354,240.0,240.0
1419.309145300067,239.70000000000002,240.0
1419.6130070000654,239.70000000000002,240.0
1419.915375300101,239.70000000000002,240.0
1420.2372530000284,240.0,240.0
1420.555028700037,240.0,240.0
1420.8618190000998,239.8,240.0
1421.1630197000923,239.8,240.0
1421.4841486000223,239.8,240.0
1421.8056428000564,239.9,240.0
1422.1069635000313,239.9,240.0
1422.42767990008,239.9,240.0
1422.7328798000235,240.0,240.0
1423.0505777000217,240.0,240.0
1423.355694900034,240.0,240.0
1423.6741556000197,239.8,240.0
1423.9769147000043,239.8,240.0
1424.2978375001112,239.8,240.0
1424.6156598000089,240.0,240.0
1424.9381251001032,240.0,240.0
1425.25506580004,239.8,240.0
1425.5617640001,239.8,240.0
1425.8649224000983,239.8,240.0
1426.182490700041,240.10000000000002,240.0
1426.5032222000882,240.10000000000002,240.0
1426.8088732000906,240.10000000000002,240.0
1427.126917000045,239.9,240.0
1427.4325714000734,239.9,240.0
1427.7527037000982,239.9,240.0
1428.073172000004,240.0,240.0
1428.3914815000026,240.0,240.0
1428.6925914000021,240.0,240.0
1429.012590700062,239.9,240.0
1429.31839400006,239.9,240.0
1429.6397292000474,239.9,240.0
1429.9557073001051,239.9,240.0
1430.2789952000603,239.9,240.0
1430.566783200018,240.0,240.0
1430.8824672000483,240.0,240.0
1431.2042157000396,240.0,240.0
1431.508156200056,239.8,240.0
1431.8273162000114,239.8,240.0
1432.1484185000882,239.8,240.0
1432.4513529000105,240.10000000000002,240.0
1432.7689383000834,240.10000000000002,240.0
1433.090185200097,240.10000000000002,240.0
1433.4124287000159,239.8,240.0
1433.7297596000135,239.8,240.0
1434.04851350002,240.10000000000002,240.0
1434.3705203999998,240.10000000000002,240.0
1434.6729098000797,240.10000000000002,240.0
1434.9951551000122,239.9,240.0
1435.3142158000264,239.9,240.0
1435.6340952001046,239.9,240.0
1435.9364641000284,240.0,240.0
1436.2583796000108,240.0,240.0
1436.5609488000628,240.0,240.0
1436.8619475000305,240.10000000000002,240.0
1437.1831794000464,240.10000000000002,240.0
1437.50352690008,240.10000000000002,240.0
1437.8215613000793,239.9,240.0
1438.1275445000501,239.9,240.0
1438.4315851000138,240.20000000000002,240.0
1438.7490909000626,240.20000000000002,240.0
1439.0544538000831,240.20000000000002,240.0
1439.3718215000117,239.9,240.0
1439.6939041001024,239.9,240.0
1439.9971011000453,239.9,240.0
1440.3185206000926,240.20000000000002,240.0
1440.6220620000968,240.20000000000002,240.0
1440.9227442000993,240.20000000000002,240.0
1441.2448856000556,240.0,240.0
1441.562175600091,240.0,240.0
1441.883237500093,240.0,240.0
1442.1872271000175,240.20000000000002,240.0
1442.5091913000215,240.20000000000002,240.0
1442.8110392000526,240.20000000000002,240.0
1443.116941000102,240.10000000000002,240.0
1443.4351776000112,240.10000000000002,240.0
1443.7522951000137,240.10000000000002,240.0
1444.072682099999,240.10000000000002,240.0
1444.380160300061,240.10000000000002,240.0
1444.6979683000827,240.20000000000002,240.0
1445.0183570000809,240.20000000000002,240.0
1445.3364771000342,240.20000000000002,240.0
1445.6426157000242,240.0,240.0
1445.9615026999963,240.0,240.0
1446.2658019000664,240.0,240.0
1446.5846498000901,240.20000000000002,240.0
1446.890211500111,240.20000000000002,240.0
1447.1905316000339,240.20000000000002,240.0
1447.5117379000876,239.9,240.0
1447.8311004000716,239.9,240.0
1448.1366852000356,240.20000000000002,240.0
1448.455373100005,240.20000000000002,240.0
1448.7727547000395,240.20000000000002,240.0
1449.0925670000724,240.0,240.0
1449.397552200011,240.0,240.0
1449.7185929000843,240.0,240.0
1450.03655780002,240.0,240.0
1450.356457900023,240.0,240.0
1450.6614011001075,240.0,240.0
1450.980310700019,240.0,240.0
1451.301663500024,240.0,240.0
1451.6023607000243,240.0,240.0
1451.9235159000382,239.9,240.0
1452.2432372000767,239.9,240.0
1452.5482154000783,240.10000000000002,240.0
1452.8692532000132,240.10000000000002,240.0
1453.186352100107,240.10000000000002,240.0
1453.5067415001104,239.8,240.0
1453.812111300067,239.8,240.0
1454.1292644001078,239.8,240.0
1454.4361998001114,240.10000000000002,240.0
1454.7577048999956,240.10000000000002,240.0
1455.055801800103,240.10000000000002,240.0
1455.377332800068,239.9,240.0
1455.6959145000437,239.9,240.0
1455.9869441000046,239.9,240.0
1456.3034759000875,240.0,240.0
1456.6254003000213,240.0,240.0
1456.9458911000984,239.9,240.0
1457.262434000033,239.9,240.0
1457.5693405000493,239.9,240.0
1457.8855446000816,239.8,240.0
1458.2063279000577,239.8,240.0
1458.5245933000697,239.8,240.0
1458.8156126000686,239.9,240.0
1459.1353672000114,239.9,240.0
1459.455933200079,239.9,240.0
1459.7734126000432,239.70000000000002,240.0
1460.0777895000065,239.70000000000002,240.0
1460.382540200022,239.70000000000002,240.0
1460.7017805000069,240.0,240.0
1461.0226538000861,240.0,240.0
1461.3264011000283,239.70000000000002,240.0
1461.6429294000845,239.70000000000002,240.0
1461.9617129000835,239.70000000000002,240.0
1462.2846149000106,240.0,240.0
1462.60568960011,240.0,240.0
1462.9057946000248,240.0,240.0
1463.2124689000193,239.8,240.0
1463.5291063000914,239.8,240.0
1463.85245450004,239.8,240.0
1464.1555134000955,239.9,240.0
1464.4567478999961,239.9,240.0
1464.7801081000362,239.9,240.0
1465.0981110000284,239.9,240.0
1465.416384600103,239.9,240.0
1465.7196394000202,239.8,240.0
1466.0395453000674,239.8,240.0
1466.359044300043,239.8,240.0
1466.6792891001096,240.0,240.0
1466.9850883000763,240.0,240.0
1467.3018601000076,240.0,240.0
1467.6254986000713,239.8,240.0
1467.9419495000038,239.8,240.0
1468.2467887999956,239.8,240.0
1468.5676718000323,240.10000000000002,240.0
1468.8717109001009,240.10000000000002,240.0
1469.190935300081,240.10000000000002,240.0
1469.5123397000134,239.8,240.0
1469.812616600073,239.8,240.0
1470.118641900015,240.10000000000002,240.0
1470.4388472000137,240.10000000000002,240.0
1470.7561221000506,240.10000000000002,240.0
1471.0615788000869,240.0,240.0
1471.362982400111,240.0,240.0
1471.6860217000358,240.0,240.0
1472.0033604000928,240.0,240.0
1472.306284600054,240.0,240.0
1472.6282613000367,240.0,240.0
1472.9489220000105,240.10000000000002,240.0
1473.252570600016,240.10000000000002,240.0
1473.5689697000198,240.10000000000002,240.0
1473.8899563000305,239.8,240.0
1474.2124671000056,239.8,240.0
1474.5136606000597,240.10000000000002,240.0
1474.820251199999,240.10000000000002,240.0
1475.137431900017,240.10000000000002,240.0
1475.4440017000306,239.9,240.0
1475.7622957000276,239.9,240.0
1476.0791709000478,239.9,240.0
1476.4020636000205,240.20000000000002,240.0
1476.7186893000035,240.20000000000002,240.0
1477.0258050000994,240.20000000000002,240.0
1477.343495200039,240.10000000000002,240.0
1477.6479891000781,240.10000000000002,240.0
1477.9653988000937,240.10000000000002,240.0
1478.2876801000675,240.20000000000002,240.0
1478.5906392000616,240.20000000000002,240.0
1478.9122101000976,240.20000000000002,240.0
1479.2141793000046,240.20000000000002,240.0
1479.53417800006,240.20000000000002,240.0
1479.8403248999966,240.10000000000002,240.0
1480.1595621000743,240.10000000000002,240.0
1480.4782324000262,240.10000000000002,240.0
1480.7805545000592,240.3,240.0
1481.0862874001032,240.3,240.0
1481.4054807000794,240.3,240.0
1481.7268569000298,240.0,240.0
1482.0278611000394,240.0,240.0
1482.348934300011,240.0,240.0
1482.6516686000396,240.3,240.0
1482.9722138000652,240.3,240.0
1483.2743106000125,240.0,240.0
1483.597003400093,240.0,240.0
1483.8996633000206,240.0,240.0
1484.2210241000867,240.20000000000002,240.0
1484.5226807000581,240.20000000000002,240.0
1484.8432946000248,240.20000000000002,240.0
1485.1630244000116,240.10000000000002,240.0
1485.4659327000845,240.10000000000002,240.0
1485.7718549000565,240.10000000000002,240.0
1486.0909118000418,240.10000000000002,240.0
1486.4086031001061,240.10000000000002,240.0
1486.7110853000777,240.10000000000002,240.0
1487.0311313000275,240.20000000000002,240.0
1487.3522885000566,240.20000000000002,240.0
1487.654752500006,240.20000000000002,240.0
1487.9747258001007,240.0,240.0
1488.296520300093,240.0,240.0
1488.6168655001093,240.20000000000002,240.0
1488.9167916000588,240.20000000000002,240.0
1489.2215348000173,240.20000000000002,240.0
1489.5420115001034,239.9,240.0
1489.8643727001036,239.9,240.0
1490.1816479000263,239.9,240.0
1490.5000512000406,240.20000000000002,240.0
1490.807334400015,240.20000000000002,240.0
1491.126740500098,240.20000000000002,240.0
1491.4451291000005,240.0,240.0
1491.7628405001014,240.0,240.0
1492.084760400001,240.10000000000002,240.0
1492.3895595000358,240.10000000000002,240.0
1492.691396700102,240.10000000000002,240.0
1493.013890500064,240.10000000000002,240.0
1493.3310346000362,240.10000000000002,240.0
1493.6364210000029,240.10000000000002,240.0
1493.9535428000381,240.0,240.0
1494.275048600044,240.0,240.0
1494.5780428000726,240.0,240.0
1494.8834973000921,240.10000000000002,240.0
1495.202221600106,240.10000000000002,240.0
1495.5223185000941,240.10000000000002,240.0
1495.825082299998,239.8,240.0
1496.1459353000391,239.8,240.0
1496.4476273000473,240.10000000000002,240.0
1496.7687301000115,240.10000000000002,240.0
1497.074345100089,240.10000000000002,240.0
1497.391753800097,239.8,240.0
1497.7133197000949,239.8,240.0
1498.0148821000475,239.8,240.0
1498.3193260000553,240.0,240.0
1498.6388110000407,240.0,240.0
1498.9570380001096,240.0,240.0
1499.2626652000472,240.0,240.0
1499.5683460000437,240.0,240.0
1499.885030800011,240.0,240.0
1500.207670600037,240.0,240.0
1500.5240214000223,240.0,240.0
1500.8115159000736,240.0,240.0
1501.1347737000324,240.10000000000002,240.0
1501.4510549000697,240.10000000000002,240.0
1501.7752699000994,239.9,240.0
1502.0765976000112,239.9,240.0
1502.3977464000927,239.9,240.0
1502.698632900021,240.20000000000002,240.0
1503.0060391000006,240.20000000000002,240.0
1503.323664000025,240.20000000000002,240.0
1503.6446674000472,239.9,240.0
1503.9653192000696,239.9,240.0
1504.2691376000876,239.9,240.0
1504.5695813000202,240.20000000000002,240.0
1504.8899259000318,240.20000000000002,240.0
1505.2118131000316,240.20000000000002,240.0
1505.5160993000027,240.0,240.0
1505.8159909000387,240.0,240.0
1506.1374692000682,240.10000000000002,240.0
1506.4581302000443,240.10000000000002,240.0
1506.7765492000617,240.10000000000002,240.0
1507.0977325000567,240.10000000000002,240.0
1507.4009474000195,240.10000000000002,240.0
1507.7200444000773,240.10000000000002,240.0
1508.0417561000213,240.0,240.0
1508.342025800026,240.0,240.0
1508.6478464000393,240.0,240.0
1508.9694337000838,240.10000000000002,240.0
1509.2717107000062,240.10000000000002,240.0
1509.5891832000343,240.10000000000002,240.0
1509.9112121000653,239.9,240.0
1510.2130007001106,239.9,240.0
1510.5166757000843,240.10000000000002,240.0
1510.8529638000764,240.10000000000002,240.0
1511.1598103001015,240.10000000000002,240.0
1511.4766124000307,239.9,240.0
1511.7971696000313,239.9,240.0
1512.1030809000367,239.9,240.0
1512.418621000019,240.10000000000002,240.0
1512.7387687000446,240.10000000000002,240.0
1513.060707500088,240.10000000000002,240.0
1513.3643281999975,240.0,240.0
1513.6838427000912,240.0,240.0
1514.005511400057,240.0,240.0
1514.3208233000478,240.0,240.0
1514.6123824000824,240.0,240.0
1514.9323188000126,240.10000000000002,240.0
1515.2491008000216,240.10000000000002,240.0
1515.5709278000286,240.10000000000002,240.0
1515.8751028000843,240.0,240.0
1516.1772329000523,240.0,240.0
1516.4993888000026,240.0,240.0
1516.815975000034,240.20000000000002,240.0
1517.135641300003,240.20000000000002,240.0
1517.4416998000816,240.20000000000002,240.0
1517.7583205000265,239.9,240.0
1518.0788354000542,239.9,240.0
1518.401004500105,239.9,240.0
1518.7182314000092,240.20000000000002,240.0
1519.0412178999977,240.20000000000002,240.0
1519.3454012000002,240.0,240.0
1519.661297100014,240.0,240.0
1519.982739500003,240.0,240.0
1520.3028159000678,240.10000000000002,240.0
1520.6082310000202,240.10000000000002,240.0
1520.923853000044,240.10000000000002,240.0
1521.2442539000185,240.0,240.0
1521.551455100067,240.0,240.0
1521.872360700043,240.0,240.0
1522.1912220000522,239.9,240.0
1522.5079791001044,239.9,240.0
1522.8128161000786,239.9,240.0
1523.1163348000264,240.10000000000002,240.0
1523.4352977001108,240.10000000000002,240.0
1523.7564602000639,239.8,240.0
1524.058859400102,239.8,240.0
1524.3812917000614,239.8,240.0
1524.6831315000309,240.10000000000002,240.0
1525.0049943000777,240.10000000000002,240.0
1525.322520500049,240.10000000000002,240.0
1525.6419027000666,239.8,240.0
1525.962379100034,239.8,240.0
1526.2646371000446,239.8,240.0
1526.5707870000042,240.0,240.0
1526.8874358000467,240.0,240.0
1527.2083205000963,240.0,240.0
1527.528114200104,239.8,240.0
1527.8503238999983,239.8,240.0
1528.1687816000776,239.9,240.0
1528.456941600074,239.9,240.0
1528.7733102000784,239.9,240.0
1529.09419730003,239.9,240.0
1529.414965200005,239.9,240.0
1529.7178377000382,239.9,240.0
1530.0386566000525,239.70000000000002,240.0
1530.3405821000924,239.70000000000002,240.0
1530.6622405000962,239.70000000000002,240.0
1530.9837101000594,240.0,240.0
1531.3027642000234,240.0,240.0
1531.6060828000773,240.0,240.0
1531.9230854000198,239.8,240.0
1532.2448683000403,239.8,240.0
1532.5662883000914,240.0,240.0
1532.8829043000005,240.0,240.0
1533.189418700058,240.0,240.0
1533.4923852001084,239.8,240.0
1533.8098769000499,239.8,240.0
1534.1336377999978,239.8,240.0
1534.4341139000608,239.9,240.0
1534.7544606000884,239.9,240.0
1535.0588483000174,239.9,240.0
1535.3622393000405,239.8,240.0
1535.682850500103,239.8,240.0
1536.0034616000485,239.8,240.0
1536.319544200087,239.70000000000002,240.0
1536.6256636000471,239.70000000000002,240.0
1536.9431522000814,239.9,240.0
1537.2654410999967,239.9,240.0
1537.5822826001095,239.9,240.0
1537.8897893000394,239.70000000000002,240.0
1538.207135100034,239.70000000000002,240.0
1538.5133391000563,239.70000000000002,240.0
1538.8140961000463,240.0,240.0
1539.1356069000904,240.0,240.0
1539.4573450000025,240.0,240.0
1539.7747342000948,239.8,240.0
1540.0803873999976,239.8,240.0
1540.399239600054,239.8,240.0
1540.7014167000307,240.0,240.0
1541.0064594000578,240.0,240.0
1541.3260546000674,239.8,240.0
1541.644849400036,239.8,240.0
1541.9658568000887,239.8,240.0
1542.2829355000285,239.9,240.0
1542.5895818000427,239.9,240.0
1542.9078855999978,239.9,240.0
1543.2292100000195,239.9,240.0
1543.5461324000498,239.9,240.0
1543.8687230000505,239.9,240.0
1544.1712215000298,239.8,240.0
1544.4918124000542,239.8,240.0
1544.7924345000647,239.8,240.0
1545.1125406000065,240.10000000000002,240.0
1545.4181430001045,240.10000000000002,240.0
1545.7404602000024,239.8,240.0
1546.042795700021,239.8,240.0
1546.3629734000424,239.8,240.0
1546.6659544000868,240.20000000000002,240.0
1546.9867125001037,240.20000000000002,240.0
1547.303834100021,240.20000000000002,240.0
1547.6094060000032,239.9,240.0
1547.9108552000253,239.9,240.0
1548.2326026000082,239.9,240.0
1548.5501692000544,240.10000000000002,240.0
1548.8569038000423,240.10000000000002,240.0
1549.1775558000663,240.10000000000002,240.0
1549.4815358000342,240.10000000000002,240.0
1549.8003035000293,240.10000000000002,240.0
1550.1171108999988,240.0,240.0
1550.422597900033,240.0,240.0
1550.7435475001112,240.0,240.0
1551.0625245000701,240.20000000000002,240.0
1551.3825357001042,240.20000000000002,240.0
1551.6848440000322,240.20000000000002,240.0
1552.0030690000858,240.0,240.0
1552.3098378001014,240.0,240.0
1552.6116275000386,240.0,240.0
1552.9327374000568,240.3,240.0
1553.2538148000604,240.3,240.0
1553.5702593000606,240.3,240.0
1553.8760570000159,240.0,240.0
1554.194055900094,240.0,240.0
1554.514382100082,240.3,240.0
1554.8359772000695,240.3,240.0
1555.1566112000728,240.3,240.0
1555.4608784000156,240.20000000000002,240.0
1555.7778389001032,240.20000000000002,240.0
1556.0992864000145,240.20000000000002,240.0
1556.417887800024,240.20000000000002,240.0
1556.7379469000734,240.20000000000002,240.0
1557.0560895000817,240.20000000000002,240.0
1557.3631040001055,240.20000000000002,240.0
1557.665113700088,240.20000000000002,240.0
1557.9864167000633,240.20000000000002,240.0
1558.3063828001032,240.10000000000002,240.0
1558.624090700061,240.10000000000002,240.0
1558.9448154000565,240.3,240.0
1559.2475824001012,240.3,240.0
1559.5523845000425,240.3,240.0
1559.8693422001088,240.0,240.0
1560.1911614000564,240.0,240.0
1560.5127651001094,240.0,240.0
1560.8141129000578,240.3,240.0
1561.1172749000834,240.3,240.0
1561.4389760000631,240.3,240.0
1561.756470500026,240.0,240.0
1562.0774351001019,240.0,240.0
1562.396178600029,240.0,240.0
1562.7030594000826,240.20000000000002,240.0
1563.0068011000985,240.20000000000002,240.0
1563.3244592000265,240.10000000000002,240.0
1563.644112400012,240.10000000000002,240.0
1563.9465636000969,240.10000000000002,240.0
1564.2680953000672,240.10000000000002,240.0
1564.5858400000725,240.10000000000002,240.0
1564.8935949000297,240.10000000000002,240.0
1565.196072400082,240.20000000000002,240.0
1565.5162453000667,240.20000000000002,240.0
1565.832534300047,240.20000000000002,240.0
1566.1383715000702,240.0,240.0
1566.4563825000077,240.0,240.0
1566.763159400085,240.0,240.0
1567.0652514999965,240.20000000000002,240.0
1567.3869377000956,240.20000000000002,240.0
1567.7041574000614,239.9,240.0
1568.0249352999963,239.9,240.0
1568.3292426000116,239.9,240.0
1568.6493301000446,240.20000000000002,240.0
1568.952168900054,240.20000000000002,240.0
1569.2583947000094,240.20000000000002,240.0
1569.57490040001,240.10000000000002,240.0
1569.8970653000288,240.10000000000002,240.0
1570.199595700018,240.10000000000002,240.0
1570.5040796000976,240.10000000000002,240.0
1570.8240786000388,240.10000000000002,240.0
1571.1421038000844,240.10000000000002,240.0
1571.4618540001102,240.20000000000002,240.0
1571.7664468000876,240.20000000000002,240.0
1572.0863910000771,240.0,240.0
1572.407300400082,240.0,240.0
1572.724232000066,240.0,240.0
1573.0297043001046,240.20000000000002,240.0
1573.3504418000812,240.20000000000002,240.0
1573.6692200000398,240.20000000000002,240.0
1573.9736522000749,239.9,240.0
1574.2904234000016,239.9,240.0
1574.6129339000909,239.9,240.0
1574.9171662000008,240.20000000000002,240.0
1575.2329833999975,240.20000000000002,240.0
1575.5545598000754,240.20000000000002,240.0
1575.8767314000288,239.9,240.0
1576.1803620000137,239.9,240.0
1576.4997751000337,240.0,240.0
1576.8170561000006,240.0,240.0
1577.1220115000615,240.0,240.0
1577.443680300028,239.9,240.0
1577.7453209001105,239.9,240.0
1578.0650696000084,239.9,240.0
1578.386438800022,239.9,240.0
1578.7025113001,239.9,240.0
1579.0089563000947,239.9,240.0
1579.3263520000037,240.0,240.0
1579.6478824000806,240.0,240.0
1579.9667325000046,240.0,240.0
1580.288688700064,239.8,240.0
1580.590235700016,239.8,240.0
1580.9099330001045,240.10000000000002,240.0
1581.2282378000673,240.10000000000002,240.0
1581.5163736999966,240.10000000000002,240.0
1581.836185400025,239.70000000000002,240.0
1582.15686680004,239.70000000000002,240.0
1582.4771335000405,239.70000000000002,240.0
1582.7836029001046,240.0,240.0
1583.0852795999963,240.0,240.0
1583.4026706001023,240.0,240.0
1583.7236805000575,239.8,240.0
1584.0466771000065,239.8,240.0
1584.3647274000105,239.8,240.0
1584.6841077000136,239.8,240.0
1584.989723600098,239.8,240.0
1585.3064344000304,239.9,240.0
1585.6282751000253,239.9,240.0
1585.9459858000046,239.9,240.0
1586.2484843001002,239.8,240.0
1586.55514880002,239.8,240.0
1586.8730974000646,239.8,240.0
1587.1801577000879,240.0,240.0
1587.4980580999982,240.0,240.0
1587.8155609000241,240.0,240.0
1588.1383532000473,239.8,240.0
1588.4271181001095,239.8,240.0
1588.7436473000562,239.8,240.0
1589.064855900011,240.0,240.0
1589.3849836000009,240.0,240.0
1589.6876850000117,239.8,240.0
1589.9929853000212,239.8,240.0
1590.3113713000203,239.8,240.0
1590.631902000052,239.9,240.0
1590.9504424000625,239.9,240.0
1591.2529132000636,239.9,240.0
1591.5733211000916,239.9,240.0
1591.8951809999999,239.9,240.0
1592.199437100091,239.9,240.0
1592.5164888000581,239.8,240.0
1592.8366692001,239.8,240.0
1593.158449800103,239.8,240.0
1593.4605162000516,240.0,240.0
1593.7819611000596,240.0,240.0
1594.0990466000512,239.8,240.0
1594.4207210000604,239.8,240.0
1594.7384633000474,239.8,240.0
1595.0456170000834,240.10000000000002,240.0
1595.3478088000556,240.10000000000002,240.0
1595.6655417000875,240.10000000000002,240.0
1595.9868978000013,239.8,240.0
1596.3072872000048,239.8,240.0
1596.6241166000254,239.8,240.0
1596.9317947000964,240.0,240.0
1597.248006000067,240.0,240.0
1597.5524073000997,240.0,240.0
1597.8733042000094,239.9,240.0
1598.1951533000683,239.9,240.0
1598.496892800089,240.0,240.0
1598.8164329000283,240.0,240.0
1599.1191431001062,240.0,240.0
1599.4400888000382,240.0,240.0
1599.757724300027,240.0,240.0
1600.062486800016,240.0,240.0
1600.368431400042,239.9,240.0
1600.685230800067,239.9,240.0
1601.00682530005,239.9,240.0
1601.3094971000683,240.10000000000002,240.0
1601.6323122000322,240.10000000000002,240.0
1601.9513871000381,240.10000000000002,240.0
1602.254039100022,239.9,240.0
1602.5748028000817,239.9,240.0
1602.8947424000362,240.20000000000002,240.0
1603.2146065999987,240.20000000000002,240.0
1603.501695800107,240.20000000000002,240.0
1603.8184655000223,239.9,240.0
1604.1398464000085,239.9,240.0
1604.4614708001027,239.9,240.0
1604.762624300085,240.10000000000002,240.0
1605.0856572000775,240.10000000000002,240.0
1605.4032460000599,240.10000000000002,240.0
1605.6897282000864,240.0,240.0
1606.0087105000857,240.0,240.0
1606.3303581000073,240.0,240.0
1606.648150700028,240.0,240.0
1606.9701957000652,240.0,240.0
1607.287895000074,240.10000000000002,240.0
1607.6088066000957,240.10000000000002,240.0
1607.915316700004,240.10000000000002,240.0
1608.23312790005,239.9,240.0
1608.554402800044,239.9,240.0
1608.8549233000958,239.9,240.0
1609.1581717000809,240.20000000000002,240.0
1609.478572800057,240.20000000000002,240.0
1609.7984066000208,240.20000000000002,240.0
1610.1183403000468,239.9,240.0
1610.4251117000822,239.9,240.0
1610.726873400039,239.9,240.0
1611.0478133000433,240.10000000000002,240.0
1611.3648668000242,240.10000000000002,240.0
1611.687088400009,239.9,240.0
1612.0037172000157,239.9,240.0
1612.3253121000016,239.9,240.0
1612.6124171999982,239.9,240.0
1612.9331256001024,239.9,240.0
1613.2547949000727,239.9,240.0
1613.5707449000329,239.9,240.0
1613.8772326000035,239.9,240.0
1614.1810949000064,239.9,240.0
1614.501479400089,239.8,240.0
1614.8036003001034,239.8,240.0
1615.1248400000622,239.8,240.0
1615.4410519000376,240.0,240.0
1615.7445637000492,240.0,240.0
1616.0489813000895,239.8,240.0
1616.3700999000575,239.8,240.0
1616.6883367000846,239.8,240.0
1617.0086294000503,240.0,240.0
1617.3290627000388,240.0,240.0
1617.6329955999972,240.0,240.0
1617.9542916000355,239.8,240.0
1618.2558113000123,239.8,240.0
1618.576662400039,239.8,240.0
1618.8816468000878,240.0,240.0
1619.1995897000888,240.0,240.0
1619.520241899998,240.0,240.0
1619.8400150000816,239.9,240.0
1620.161023200024,239.9,240.0
1620.4628756000893,239.8,240.0
1620.7840314001078,239.8,240.0
1621.0888964000624,239.8,240.0
1621.4065512000816,240.0,240.0
1621.7252087000525,240.0,240.0
1622.0323392000282,240.0,240.0
1622.3506305000046,239.8,240.0
1622.6672137000132,239.8,240.0
1622.9877544000046,239.8,240.0
1623.2938965000212,240.10000000000002,240.0
1623.6126170000061,240.10000000000002,240.0
1623.9302402000176,240.10000000000002,240.0
1624.221559500089,239.8,240.0
1624.5382889000466,239.8,240.0
1624.8594400000293,240.10000000000002,240.0
1625.1781645000447,240.10000000000002,240.0
1625.5002829000587,240.10000000000002,240.0
1625.8199063000502,240.0,240.0
1626.121705800062,240.0,240.0
1626.4243197001051,240.0,240.0
1626.7453154000686,240.0,240.0
1627.0662922000047,240.0,240.0
1627.3699177000672,240.0,240.0
1627.6903793000383,240.0,240.0
1627.99218880001,240.0,240.0
1628.3135642000707,240.0,240.0
1628.6321897000307,239.9,240.0
1628.9383175000548,239.9,240.0
1629.2392877000384,240.10000000000002,240.0
1629.5613473000703,240.10000000000002,240.0
1629.8781982000219,240.10000000000002,240.0
1630.1853627000237,239.9,240.0
1630.5050047000404,239.9,240.0
1630.8218911000295,239.9,240.0
1631.1436806001002,240.20000000000002,240.0
1631.4643694000551,240.20000000000002,240.0
1631.7678638000507,240.20000000000002,240.0
1632.0686404000735,239.9,240.0
1632.3910732000368,239.9,240.0
1632.7098468000768,239.9,240.0
1633.031449400005,240.10000000000002,240.0
1633.334866899997,240.10000000000002,240.0
1633.6524336000439,240.0,240.0
1633.9722270000493,240.0,240.0
1634.2942247000756,240.0,240.0
1634.5965005001053,240.10000000000002,240.0
1634.8983029000228,240.10000000000002,240.0
1635.2189505000133,240.10000000000002,240.0
1635.5373962000012,240.20000000000002,240.0
1635.8429678000975,240.20000000000002,240.0
1636.1638792000012,240.20000000000002,240.0
1636.480995100108,240.0,240.0
1636.8037751000375,240.0,240.0
1637.1065863000695,240.0,240.0
1637.4281075000763,240.20000000000002,240.0
1637.7448704000562,240.20000000000002,240.0
1638.0668854000978,240.0,240.0
1638.3693868000992,240.0,240.0
1638.6894293000223,240.0,240.0
1639.007741700043,240.3,240.0
1639.3140431001084,240.3,240.0
1639.614796500071,240.3,240.0
1639.9379305000184,240.10000000000002,240.0
1640.2545550001087,240.10000000000002,240.0
1640.5765633000992,240.10000000000002,240.0
1640.8618017000845,240.20000000000002,240.0
1641.1815008000704,240.20000000000002,240.0
1641.5046587000834,240.20000000000002,240.0
1641.804969400051,240.20000000000002,240.0
1642.127132200054,240.20000000000002,240.0
1642.44513560005,240.10000000000002,240.0
1642.7652041000547,240.10000000000002,240.0
1643.0683340000687,240.10000000000002,240.0
1643.3895348000806,240.3,240.0
1643.6940440000035,240.3,240.0
1644.012734200107,240.3,240.0
1644.3334014000138,240.0,240.0
1644.6353683000198,240.0,240.0
1644.9561849000165,240.0,240.0
1645.2610263000242,240.3,240.0
1645.5785418000305,240.3,240.0
1645.8999393000267,240.3,240.0
1646.2019910000963,240.0,240.0
1646.5076838000678,240.0,240.0
1646.8258896000916,240.20000000000002,240.0
1647.144080900005,240.20000000000002,240.0
1647.447583900066,240.20000000000002,240.0
1647.75209980004,240.10000000000002,240.0
1648.0736475000158,240.10000000000002,240.0
1648.3992386000464,240.10000000000002,240.0
1648.7135790000902,240.10000000000002,240.0
1649.0158436000347,240.10000000000002,240.0
1649.3220350000774,240.10000000000002,240.0
1649.6384097000118,240.20000000000002,240.0
1649.961495900061,240.20000000000002,240.0
1650.2623797000851,240.20000000000002,240.0
1650.5838376000756,240.0,240.0
1650.901252700016,240.0,240.0
1651.2242856000084,240.3,240.0
1651.5443237000145,240.3,240.0
1651.8323560000863,240.3,240.0
1652.148040900007,240.0,240.0
1652.469313400099,240.0,240.0
1652.7896573001053,240.0,240.0
1653.092629800085,240.3,240.0
1653.3973696000176,240.3,240.0
1653.714948000037,240.3,240.0
1654.0224239000818,240.0,240.0
1654.3405820000917,240.0,240.0
1654.6620463000145,240.0,240.0
1654.9789479000028,240.20000000000002,240.0
1655.301226300071,240.20000000000002,240.0
1655.604125700076,240.10000000000002,240.0
1655.9238756000996,240.10000000000002,240.0
1656.2449530001031,240.10000000000002,240.0
1656.5624585000332,240.0,240.0
1656.8804510000627,240.0,240.0
1657.1871955000097,240.0,240.0
1657.4882491000462,240.20000000000002,240.0
1657.8091252000304,240.20000000000002,240.0
1658.1292959999992,240.20000000000002,240.0
1658.4505758000305,239.9,240.0
1658.7530659000622,239.9,240.0
1659.074386100052,239.9,240.0
1659.3921293000458,240.20000000000002,240.0
1659.6983668000903,240.20000000000002,240.0
1660.01707000006,239.9,240.0
1660.3341115000658,239.9,240.0
1660.6578822000884,239.9,240.0
1660.959804900107,240.10000000000002,240.0
1661.2773430000525,240.10000000000002,240.0
1661.5839217000175,240.10000000000002,240.0
1661.902087100083,240.0,240.0
1662.2224936001003,240.0,240.0
1662.5426331000635,240.0,240.0
1662.8482495000353,240.0,240.0
1663.150587900076,240.0,240.0
1663.4681522001047,240.0,240.0
1663.7883859000867,240.10000000000002,240.0
1664.1096963000018,240.10000000000002,240.0
1664.412266200059,240.0,240.0
1664.7331889000488,240.0,240.0
1665.0505887001054,240.0,240.0
1665.3708202000707,240.20000000000002,240.0
1665.6899332000175,240.20000000000002,240.0
1666.0112866000272,240.20000000000002,240.0
1666.2989614000544,239.9,240.0
1666.6190288000507,239.9,240.0
1666.93644640001,239.9,240.0
1667.2576005000155,240.20000000000002,240.0
1667.562978800037,240.20000000000002,240.0
1667.8654934000224,240.20000000000002,240.0
1668.1860652000178,239.9,240.0
1668.5034244999988,239.9,240.0
1668.8069339001086,240.10000000000002,240.0
1669.1274462000001,240.10000000000002,240.0
1669.4490649000509,240.10000000000002,240.0
1669.751261800062,240.0,240.0
1670.0716396000935,240.0,240.0
1670.3911949000321,240.0,240.0
1670.7124105000403,239.9,240.0
1671.0147491000826,239.9,240.0
1671.335383900092,239.9,240.0
1671.6551667000167,240.10000000000002,240.0
1671.9723388000857,240.10000000000002,240.0
1672.278032100061,240.10000000000002,240.0
1672.58410680003,239.8,240.0
1672.9006105000153,239.8,240.0
1673.2218272000318,240.10000000000002,240.0
1673.5426614000462,240.10000000000002,240.0
1673.8618671000004,240.10000000000002,240.0
1674.16396730009,239.8,240.0
1674.486306900042,239.8,240.0
1674.788305300055,239.8,240.0
1675.110129800043,240.0,240.0
1675.427339100046,240.0,240.0
1675.747811700101,240.0,240.0
1676.0496827000752,239.9,240.0
1676.3704248000868,239.9,240.0
1676.6919775001006,239.9,240.0
1677.0084714000113,239.9,240.0
1677.3153034000425,239.9,240.0
1677.617393600056,240.0,240.0
1677.9381243000971,240.0,240.0
1678.241472600028,240.0,240.0
1678.5636363000376,239.9,240.0
1678.8789519000566,239.9,240.0
1679.1860164999962,239.9,240.0
1679.4867298000026,240.10000000000002,240.0
1679.8090416000923,240.10000000000002,240.0
1680.129498400027,240.10000000000002,240.0
1680.4457937000552,239.8,240.0
1680.7379033000907,239.8,240.0
1681.0535638000583,239.8,240.0
1681.37436970009,240.10000000000002,240.0
1681.6945913000964,240.10000000000002,240.0
1682.0160219999962,239.9,240.0
1682.3172915000468,239.9,240.0
1682.6377621000865,239.9,240.0
1682.9577086000936,240.0,240.0
1683.2756072001066,240.0,240.0
1683.5960439000046,240.0,240.0
1683.8999713000376,240.0,240.0
1684.2219883000944,240.0,240.0
1684.5243766000494,240.0,240.0
1684.8450738000683,239.9,240.0
1685.1659969000611,239.9,240.0
1685.4670394000132,239.9,240.0
1685.7884070000146,240.10000000000002,240.0
1686.1077593000373,240.10000000000002,240.0
1686.4272536000935,239.8,240.0
1686.7314056000905,239.8,240.0
1687.0325504000066,239.8,240.0
1687.3522403000388,240.10000000000002,240.0
1687.6726665000897,240.10000000000002,240.0
1687.9761579000624,240.10000000000002,240.0
1688.2977191000246,239.8,240.0
1688.618651600089,239.8,240.0
1688.9362912001088,239.8,240.0
1689.2594873000635,240.10000000000002,240.0
1689.5614744001068,240.10000000000002,240.0
1689.8638722000178,240.10000000000002,240.0
1690.184885900002,239.9,240.0
1690.5026878000936,239.9,240.0
1690.824614900048,239.9,240.0
1691.1295726000099,239.9,240.0
1691.4470810000785,239.9,240.0
1691.7674880000995,240.0,240.0
1692.072044700035,240.0,240.0
1692.3927168000955,240.0,240.0
1692.7126616000896,239.9,240.0
1693.0129990000278,239.9,240.0
1693.3320491000777,239.9,240.0
1693.6375112000387,240.10000000000002,240.0
1693.9589970000088,240.10000000000002,240.0
1694.278730400023,240.10000000000002,240.0
1694.5663216999965,239.8,240.0
1694.8858009000542,239.8,240.0
1695.2067957000108,240.10000000000002,240.0
1695.5232151000528,240.10000000000002,240.0
1695.8437213000143,240.10000000000002,240.0
1696.148807200021,239.9,240.0
1696.4681379999965,239.9,240.0
1696.7864782999968,239.9,240.0
1697.1066761000548,240.0,240.0
1697.3949379000114,240.0,240.0
1697.7158506000414,240.0,240.0
1698.0335229000775,240.0,240.0
1698.3532490000362,240.0,240.0
1698.6583943000296,240.0,240.0
1698.9603862001095,239.9,240.0
1699.2810932000866,239.9,240.0
1699.6009470000863,240.10000000000002,240.0
1699.902933800011,240.10000000000002,240.0
1700.225643300102,240.10000000000002,240.0
1700.529912600061,239.9,240.0
1700.8491394000594,239.9,240.0
1701.165531800012,239.9,240.0
1701.457449800102,240.20000000000002,240.0
1701.776189600001,240.20000000000002,240.0
1702.0947801000439,240.20000000000002,240.0
1702.415486700018,239.9,240.0
1702.7201022000518,239.9,240.0
1703.0223042001016,239.9,240.0
1703.3420809000963,240.10000000000002,240.0
1703.6598849000875,240.10000000000002,240.0
1703.9661549000302,240.0,240.0
1704.2709077000618,240.0,240.0
1704.589650100097,240.0,240.0
1704.909134900081,240.0,240.0
1705.230675400002,240.0,240.0
1705.5323736000573,240.0,240.0
1705.8523177000461,240.10000000000002,240.0
1706.1720545000862,240.10000000000002,240.0
1706.4918422000483,240.10000000000002,240.0
1706.7930609000614,239.9,240.0
1707.1127737000352,239.9,240.0
1707.4178061001003,239.9,240.0
1707.7402002000017,240.10000000000002,240.0
1708.0413371000905,240.10000000000002,240.0
1708.3614423000254,239.9,240.0
1708.6813535999972,239.9,240.0
1709.0031643999973,239.9,240.0
1709.3032161000883,240.10000000000002,240.0
1709.6226307000034,240.10000000000002,240.0
1709.9424164000666,240.10000000000002,240.0
1710.263663000078,239.9,240.0
1710.566136800102,239.9,240.0
1710.889026000048,239.9,240.0
1711.2073875000933,240.10000000000002,240.0
1711.513481500093,240.10000000000002,240.0
1711.8293355000205,240.10000000000002,240.0
1712.1515795000596,240.0,240.0
1712.45316740009,240.0,240.0
1712.7762578000547,239.9,240.0
1713.0936683000764,239.9,240.0
1713.4151422000723,239.9,240.0
1713.7156307999976,240.10000000000002,240.0
1714.0374548000982,240.10000000000002,240.0
1714.3397437001113,240.10000000000002,240.0
1714.6599197000032,239.8,240.0
1714.9799861001084,239.8,240.0
1715.3018400000874,239.8,240.0
1715.6053649000823,240.10000000000002,240.0
1715.925362900016,240.10000000000002,240.0
1716.2268353000982,240.10000000000002,240.0
1716.548283000011,239.9,240.0
1716.8693203000585,239.9,240.0
1717.1721286000684,240.10000000000002,240.0
1717.4725738000125,240.10000000000002,240.0
1717.7925641000038,240.10000000000002,240.0
1718.1139258000767,240.0,240.0
1718.4356761000818,240.0,240.0
1718.7381305000745,240.0,240.0
1719.0394574000966,240.0,240.0
1719.360402100021,240.0,240.0
1719.6794387000846,240.0,240.0
1719.983228099998,240.0,240.0
1720.2876672000857,240.0,240.0
1720.6079847000074,240.0,240.0
1720.9295159000903,239.9,240.0
1721.2322440000717,239.9,240.0
1721.5337118000025,240.10000000000002,240.0
1721.8561015001033,240.10000000000002,240.0
1722.1574059000704,240.10000000000002,240.0
1722.4796360000037,239.8,240.0
1722.7997289000778,239.8,240.0
1723.1204571000999,239.8,240.0
1723.4208653001115,240.0,240.0
1723.7258741999976,240.0,240.0
1724.0471534000244,240.0,240.0
1724.3634714001091,239.8,240.0
1724.6846561999992,239.8,240.0
1724.9897130000172,239.8,240.0
1725.3073963000206,240.0,240.0
1725.628540600068,240.0,240.0
1725.9499522000551,239.9,240.0
1726.2355989000062,239.9,240.0
1726.5566606000066,239.9,240.0
1726.8772602000972,239.8,240.0
1727.1930873000529,239.8,240.0
1727.4996335000033,239.8,240.0
1727.8014772000024,240.0,240.0
1728.1226721000858,240.0,240.0
1728.4439515999984,240.0,240.0
1728.7618210000219,239.70000000000002,240.0
1729.0823949000333,239.70000000000002,240.0
1729.3848457999993,239.70000000000002,240.0
1729.7036251000827,240.0,240.0
1730.0256439000368,240.0,240.0
1730.3145113000646,240.0,240.0
1730.631829900085,239.70000000000002,240.0
1730.95239770005,239.70000000000002,240.0
1731.2717555999989,240.0,240.0
1731.5765790001024,240.0,240.0
1731.8930268000113,240.0,240.0
1732.2145251000766,239.9,240.0
1732.5346487000352,239.9,240.0
1732.856177900103,239.9,240.0
1733.1582081000088,239.9,240.0
1733.46123060002,239.9,240.0
1733.7823400000343,239.9,240.0
1734.1031450000592,240.0,240.0
1734.4042234000517,240.0,240.0
1734.7269645000342,240.0,240.0
1735.0283992000623,239.8,240.0
1735.3483294000616,239.8,240.0
1735.6688475999981,240.0,240.0
1735.9894820000045,240.0,240.0
1736.2917536000023,240.0,240.0
1736.6136671000859,239.70000000000002,240.0
1736.9144221000606,239.70000000000002,240.0
1737.236808000016,239.70000000000002,240.0
1737.5566072000656,240.0,240.0
1737.8741216000635,240.0,240.0
1738.178264300106,240.0,240.0
1738.4984506000765,239.70000000000002,240.0
1738.8188769000117,239.70000000000002,240.0
1739.1210034000687,239.70000000000002,240.0
1739.442210100009,239.9,240.0
1739.7436525000958,239.9,240.0
1740.0649873000802,239.8,240.0
1740.3681001000805,239.8,240.0
1740.6872327000601,239.8,240.0
1741.008168600034,239.8,240.0
1741.3108037000056,239.8,240.0
1741.6314951000968,239.8,240.0
1741.9523074000608,240.0,240.0
1742.2534014000557,240.0,240.0
1742.5746210000943,240.0,240.0
1742.8766867000377,239.70000000000002,240.0
1743.1973246000707,239.70000000000002,240.0
1743.5172075000592,239.70000000000002,240.0
1743.8388537000865,240.0,240.0
1744.142837600084,240.0,240.0
1744.4617985000368,239.70000000000002,240.0
1744.778877700097,239.70000000000002,240.0
1745.1009708000347,239.70000000000002,240.0
1745.4053883000743,240.0,240.0
1745.7249394000974,240.0,240.0
1746.0288832000224,240.0,240.0
1746.3303312000353,239.9,240.0
1746.6515016000485,239.9,240.0
1746.9731558000203,239.9,240.0
1747.2897608000785,240.0,240.0
1747.59555800003,240.0,240.0
1747.8983333000215,240.0,240.0
1748.216002900037,240.0,240.0
1748.5399095000466,240.0,240.0
1748.8430700000608,239.9,240.0
1749.160394800012,239.9,240.0
1749.4819152000127,239.9,240.0
1749.786001700093,240.10000000000002,240.0
1750.0872144000605,240.10000000000002,240.0
1750.407215300016,240.10000000000002,240.0
1750.7297705000965,239.9,240.0
1751.0317104000133,239.9,240.0
1751.3527321000583,239.9,240.0
1751.6708261000458,240.10000000000002,240.0
1751.9915176000213,240.10000000000002,240.0
1752.2923638001084,240.10000000000002,240.0
1752.6140626000706,239.9,240.0
1752.9336229000473,239.9,240.0
1753.2560931000626,240.10000000000002,240.0
1753.5569424000569,240.10000000000002,240.0
1753.8633287000703,240.10000000000002,240.0
1754.180058500031,240.0,240.0
1754.5013149000006,240.0,240.0
1754.8199430000968,240.0,240.0
1755.1405488000019,240.0,240.0
1755.461233500042,240.0,240.0
1755.7652516000671,240.0,240.0
1756.0677326000296,240.10000000000002,240.0
1756.3885587000987,240.10000000000002,240.0
1756.7068238001084,240.10000000000002,240.0
1757.025320900022,239.9,240.0
1757.346845800057,239.9,240.0
1757.6522344000405,240.20000000000002,240.0
1757.9534255000763,240.20000000000002,240.0
1758.2749159000814,240.20000000000002,240.0
1758.5949692000868,239.9,240.0
1758.9152916000457,239.9,240.0
1759.2174797001062,239.9,240.0
1759.5206570000155,240.20000000000002,240.0
1759.8413097000448,240.20000000000002,240.0
1760.1596205000533,240.20000000000002,240.0
1760.4811263000593,240.0,240.0
1760.7861416001106,240.0,240.0
1761.1032172000268,240.0,240.0
1761.4224758000346,240.10000000000002,240.0
1761.7432666000677,240.10000000000002,240.0
1762.048488700064,240.20000000000002,240.0
1762.3490481000626,240.20000000000002,240.0
1762.6724659000756,240.20000000000002,240.0
1762.973679000046,240.10000000000002,240.0
1763.2948958000634,240.10000000000002,240.0
1763.6159929001005,240.10000000000002,240.0
1763.9343877000501,240.3,240.0
1764.2555253000464,240.3,240.0
1764.557114400086,240.3,240.0
1764.8770993000362,240.0,240.0
1765.1792169000255,240.0,240.0
1765.4989854000742,240.0,240.0
1765.818347100052,240.3,240.0
1766.1233547000447,240.3,240.0
1766.442029000027,240.0,240.0
1766.7464240000118,240.0,240.0
1767.0679254001006,240.0,240.0
1767.3707461000886,240.20000000000002,240.0
1767.6907729000086,240.20000000000002,240.0
1768.0081576000666,240.20000000000002,240.0
1768.3281734000193,240.20000000000002,240.0
1768.6351670000004,240.20000000000002,240.0
1768.955234299996,240.20000000000002,240.0
1769.259528900031,240.10000000000002,240.0
1769.576453500078,240.10000000000002,240.0
1769.8975552000338,240.10000000000002,240.0
1770.2177362000803,240.20000000000002,240.0
1770.537978200009,240.20000000000002,240.0
1770.841695500072,240.0,240.0
1771.142329000053,240.0,240.0
1771.4626798999961,240.0,240.0
1771.7818604001077,240.3,240.0
1772.0893479000079,240.3,240.0
1772.4051459000912,240.3,240.0
1772.709636600106,240.0,240.0
1773.031855200068,240.0,240.0
1773.3486503000604,240.0,240.0
1773.6549017000943,240.3,240.0
1773.9590408001095,240.3,240.0
1774.2777190000052,240.3,240.0
1774.5977707999991,240.10000000000002,240.0
1774.9186593000777,240.10000000000002,240.0
1775.221007800079,240.20000000000002,240.0
1775.5235283001093,240.20000000000002,240.0
1775.8440526000923,240.20000000000002,240.0
1776.163586800103,240.10000000000002,240.0
1776.4693512000376,240.10000000000002,240.0
1776.786755500012,240.10000000000002,240.0
1777.0898568000412,240.0,240.0
1777.4115625000559,240.0,240.0
1777.7168735000305,240.0,240.0
1778.0339922000421,240.20000000000002,240.0
1778.3403176000575,240.20000000000002,240.0
1778.6412385000149,240.20000000000002,240.0
1778.9639303000877,240.0,240.0
1779.2804320000578,240.0,240.0
1779.6013128000777,240.3,240.0
1779.9215777000645,240.3,240.0
1780.2248514000094,240.3,240.0
1780.5447374000214,240.0,240.0
1780.862614700105,240.0,240.0
1781.1685524000786,240.0,240.0
1781.4887355000246,240.20000000000002,240.0
1781.7902535001049,240.20000000000002,240.0
1782.1108278000029,240.20000000000002,240.0
1782.4300961000845,240.10000000000002,240.0
1782.7360378000885,240.10000000000002,240.0
1783.0386050000088,240.10000000000002,240.0
1783.3557984000072,240.10000000000002,240.0
1783.6798188000685,240.10000000000002,240.0
1783.9822732000612,240.20000000000002,240.0
1784.3002902000444,240.20000000000002,240.0
1784.6188097000122,240.20000000000002,240.0
1784.9416563000996,240.0,240.0
1785.2433506000089,240.0,240.0
1785.5644708001055,240.0,240.0
1785.8823208000977,240.20000000000002,240.0
1786.202025400009,240.20000000000002,240.0
1786.5091206000652,240.20000000000002,240.0
1786.8251165000256,240.0,240.0
1787.1448513000505,240.0,240.0
1787.4506957000121,240.0,240.0
1787.7710288000526,240.20000000000002,240.0
1788.0748123000376,240.20000000000002,240.0
1788.3917144000297,240.0,240.0
1788.7127528000856,240.0,240.0
1789.0351877000649,240.0,240.0
1789.335100300028,240.10000000000002,240.0
1789.6552767000394,240.10000000000002,240.0
1789.9761980000185,240.10000000000002,240.0
1790.2966318000108,240.10000000000002,240.0
1790.6012031000573,240.10000000000002,240.0
1790.9184603000758,240.10000000000002,240.0
1791.239146900014,239.9,240.0
1791.5440020000096,239.9,240.0
1791.8651485000737,239.9,240.0
1792.1683334000409,240.10000000000002,240.0
1792.4882706000935,240.10000000000002,240.0
1792.7901380000403,239.9,240.0
1793.1118890000507,239.9,240.0
1793.4291670999955,239.9,240.0
1793.7354461000068,240.20000000000002,240.0
1794.0538666000357,240.20000000000002,240.0
1794.3567123000976,240.20000000000002,240.0
1794.6621749000624,239.9,240.0
1794.9802395000588,239.9,240.0
1795.2992566000903,239.9,240.0
1795.6062809000723,240.10000000000002,240.0
1795.9232276000548,240.10000000000002,240.0
1796.2455434000585,240.10000000000002,240.0
1796.5474941000575,240.0,240.0
1796.8681817000033,240.0,240.0
1797.1889635000844,240.0,240.0
1797.5071817000862,240.0,240.0
1797.8283164000604,240.0,240.0
1798.1453880000627,240.10000000000002,240.0
1798.4498288000468,240.10000000000002,240.0
1798.7691066000843,240.10000000000002,240.0
1799.0747164000059,239.8,240.0
1799.393850200111,239.8,240.0
1799.696958500077,239.8,240.0
1800.0146272000857,240.10000000000002,240.0
1800.3210927000036,240.10000000000002,240.0
1800.6395079001086,240.10000000000002,240.0
1800.9577978000743,239.8,240.0
1801.2808896000497,239.8,240.0
1801.6010675000725,240.10000000000002,240.0
1801.9027356000151,240.10000000000002,240.0
1802.2088045000564,240.10000000000002,240.0
1802.52688140003,239.9,240.0
1802.8467685000505,239.9,240.0
1803.167869500001,239.9,240.0
1803.4558043000288,240.0,240.0
1803.7716649000067,240.0,240.0
1804.0926461000927,240.0,240.0
1804.4156569000334,240.0,240.0
1804.732742000022,240.0,240.0
1805.0196312000044,240.0,240.0
1805.3423145000124,239.9,240.0
1805.6608827000018,239.9,240.0
1805.9618405000074,240.0,240.0
1806.282641400001,240.0,240.0
1806.5891502000159,240.0,240.0
1806.9068627000088,239.8,240.0
1807.2282033000374,239.8,240.0
1807.5458193001105,239.8,240.0
1807.8663463999983,240.10000000000002,240.0
1808.1838844000595,240.10000000000002,240.0
1808.4912312000524,240.10000000000002,240.0
1808.812019300065,239.8,240.0
1809.128058900009,239.8,240.0
1809.4476294000633,239.8,240.0
1809.7701436000643,240.0,240.0
1810.0727508000564,240.0,240.0
1810.3932119000237,239.9,240.0
1810.7132145001087,239.9,240.0
1811.0335925000254,239.9,240.0
1811.3342874000082,239.9,240.0
1811.6543487000745,239.9,240.0
1811.9746770000784,239.9,240.0
1812.280240699998,240.0,240.0
1812.583769800025,240.0,240.0
1812.9034724000376,240.0,240.0
1813.220591600053,239.8,240.0
1813.539814800024,239.8,240.0
1813.8448544000275,239.8,240.0
1814.1486205999972,240.10000000000002,240.0
1814.468528800062,240.10000000000002,240.0
1814.789020300028,239.8,240.0
1815.09107710002,239.8,240.0
1815.3983823000453,239.8,240.0
1815.7164129000157,240.10000000000002,240.0
1816.0333832000615,240.10000000000002,240.0
1816.3572038999991,240.10000000000002,240.0
1816.6609551000874,239.9,240.0
1816.963503300096,239.9,240.0
1817.2817708000075,239.9,240.0
1817.6031378000043,240.10000000000002,240.0
1817.9065818000818,240.10000000000002,240.0
1818.2274547000416,240.10000000000002,240.0
1818.5461401001085,240.10000000000002,240.0
1818.8640171000734,240.10000000000002,240.0
1819.1710844000336,240.0,240.0
1819.4732038000366,240.0,240.0
1819.7938865000615,240.0,240.0
1820.112327800016,240.20000000000002,240.0
1820.4341626000823,240.20000000000002,240.0
1820.733704000013,240.20000000000002,240.0
1821.0420994000742,239.9,240.0
1821.3617184000323,239.9,240.0
1821.6656637000851,239.9,240.0
1821.9832476000302,240.20000000000002,240.0
1822.28655170009,240.20000000000002,240.0
1822.6078956000274,240.20000000000002,240.0
1822.9252550000092,239.9,240.0
1823.2310523000779,239.9,240.0
1823.5514008000027,240.20000000000002,240.0
1823.852576400037,240.20000000000002,240.0
1824.1721846000291,240.20000000000002,240.0
1824.4926051000366,240.10000000000002,240.0
1824.7962002001004,240.10000000000002,240.0
1825.0992364000995,240.10000000000002,240.0
1825.418495500111,240.10000000000002,240.0
1825.7397427000105,240.10000000000002,240.0
1826.061153900111,240.10000000000002,240.0
1826.3469741001027,240.20000000000002,240.0
1826.6674669000786,240.20000000000002,240.0
1826.9891014000168,240.20000000000002,240.0
1827.305053200107,240.0,240.0
1827.6128005000064,240.0,240.0
1827.91574340011,240.0,240.0
1828.2329788000789,240.20000000000002,240.0
1828.5534176001092,240.20000000000002,240.0
1828.875226400094,240.0,240.0
1829.1787004000507,240.0,240.0
1829.4987250000704,240.0,240.0
1829.818032600102,240.20000000000002,240.0
1830.1379184999969,240.20000000000002,240.0
1830.422808400006,240.20000000000002,240.0
1830.7446478001075,240.0,240.0
1831.0643301000819,240.0,240.0
1831.3813944000285,240.0,240.0
1831.688373700017,240.20000000000002,240.0
1831.9898129000794,240.20000000000002,240.0
1832.3113518001046,240.20000000000002,240.0
1832.631245000055,240.10000000000002,240.0
1832.9524942000862,240.10000000000002,240.0
1833.2555604000809,240.10000000000002,240.0
1833.5747122000903,240.10000000000002,240.0
1833.8917635000544,240.10000000000002,240.0
1834.2118169000605,240.3,240.0
1834.5171343000839,240.3,240.0
1834.8215819000034,240.3,240.0
1835.1388542000204,240.0,240.0
1835.445841900073,240.0,240.0
1835.766050800099,240.0,240.0
1836.0839155000867,240.3,240.0
1836.3859781000065,240.3,240.0
1836.689375200076,240.3,240.0
1837.0096752000973,240.0,240.0
1837.3311004000716,240.0,240.0
1837.6501135000726,240.20000000000002,240.0
1837.955628200085,240.20000000000002,240.0
1838.2572301001055,240.20000000000002,240.0
1838.5791113000596,240.0,240.0
1838.8999254000373,240.0,240.0
1839.2004213000182,240.0,240.0
1839.5208926000632,240.0,240.0
1839.8232870000647,240.0,240.0
1840.1446564000798,240.0,240.0
1840.4499960000394,240.10000000000002,240.0
1840.7667737000156,240.10000000000002,240.0
1841.0731921000406,240.10000000000002,240.0
1841.3896032000193,240.0,240.0
1841.6962591001065,240.0,240.0
1842.0134767000563,240.20000000000002,240.0
1842.3338932000333,240.20000000000002,240.0
1842.641550600063,240.20000000000002,240.0
1842.958442900097,240.0,240.0
1843.280429000035,240.0,240.0
1843.5959791000932,240.0,240.0
1843.9159027000424,240.3,240.0
1844.2382719001034,240.3,240.0
1844.539880800061,240.3,240.0
1844.8602195000276,240.0,240.0
1845.181641100091,240.0,240.0
1845.4846496999962,240.0,240.0
1845.7884393000277,240.10000000000002,240.0
1846.1098633001093,240.10000000000002,240.0
1846.429038900067,240.10000000000002,240.0
1846.7304225000553,240.10000000000002,240.0
1847.0367492000805,240.10000000000002,240.0
1847.3531237000134,240.0,240.0
1847.6761093999958,240.0,240.0
1847.9967192000477,240.0,240.0
1848.2976871000137,240.10000000000002,240.0
1848.6029902000446,240.10000000000002,240.0
1848.9234287000727,240.10000000000002,240.0
1849.2432094000978,239.8,240.0
1849.5442435001023,239.8,240.0
1849.8503519000951,239.8,240.0
1850.1677857000614,240.10000000000002,240.0
1850.4862865000032,240.10000000000002,240.0
1850.7935562001076,240.10000000000002,240.0
1851.1099417000078,239.8,240.0
1851.4323504000204,239.8,240.0
1851.7520988000324,240.10000000000002,240.0
1852.0532447000733,240.10000000000002,240.0
1852.3760115000186,240.10000000000002,240.0
1852.6934231000487,239.9,240.0
1853.0154703001026,239.9,240.0
1853.3191611000802,239.9,240.0
1853.6359590000939,240.0,240.0
1853.9583908000495,240.0,240.0
1854.2760739000514,240.0,240.0
1854.595466000028,240.0,240.0
1854.902233800036,240.0,240.0
1855.2048685000045,239.9,240.0
1855.5243031000718,239.9,240.0
1855.8451620000415,239.9,240.0
1856.161807000055,240.10000000000002,240.0
1856.4697120001074,240.10000000000002,240.0
1856.7870640000328,240.10000000000002,240.0
1857.1080156000098,239.9,240.0
1857.428397800075,239.9,240.0
1857.7301833000965,239.9,240.0
1858.051922100014,240.20000000000002,240.0
1858.3539286000887,240.20000000000002,240.0
1858.671748300083,240.20000000000002,240.0
1858.9770933000837,239.9,240.0
1859.298574400018,239.9,240.0
1859.6185456000967,240.10000000000002,240.0
1859.920673100045,240.10000000000002,240.0
1860.2402968000388,240.10000000000002,240.0
1860.5610073000425,240.0,240.0
1860.8806321000447,240.0,240.0
1861.1831577999983,240.0,240.0
1861.503795800032,240.0,240.0
1861.8054481000872,240.0,240.0
1862.1255270000547,240.0,240.0
1862.4323219000362,240.10000000000002,240.0
1862.7488460000604,240.10000000000002,240.0
1863.0555502000498,240.10000000000002,240.0
1863.376154000056,239.9,240.0
1863.6932678000303,239.9,240.0
1864.0133445000974,240.20000000000002,240.0
1864.316216600011,240.20000000000002,240.0
1864.6367567999987,240.20000000000002,240.0
1864.9574754000641,239.9,240.0
1865.26287220011,239.9,240.0
1865.5785606000572,239.9,240.0
1865.898637700011,240.10000000000002,240.0
1866.2058773000026,240.10000000000002,240.0
1866.506427000044,240.10000000000002,240.0
1866.828409900074,240.0,240.0
1867.1450930000283,240.0,240.0
1867.45160140004,240.0,240.0
1867.771606400027,240.10000000000002,240.0
1868.0726590000559,240.10000000000002,240.0
1868.3935779000167,240.10000000000002,240.0
1868.699179999996,240.10000000000002,240.0
1869.019646300003,240.10000000000002,240.0
1869.3222880000249,240.0,240.0
1869.6419285000302,240.0,240.0
1869.961639400106,240.0,240.0
1870.2665833000792,240.20000000000002,240.0
1870.584474900039,240.20000000000002,240.0
1870.905383000034,240.20000000000002,240.0
1871.2233186000958,240.0,240.0
1871.5284115000395,240.0,240.0
1871.8466119000223,240.0,240.0
1872.1532073999988,240.3,240.0
1872.4702159001026,240.3,240.0
1872.7910882000579,240.0,240.0
1873.1083616000833,240.0,240.0
1873.4281326000346,240.0,240.0
1873.7338157000486,240.20000000000002,240.0
1874.035887200036,240.20000000000002,240.0
1874.3597582000075,240.20000000000002,240.0
1874.6793971000006,240.10000000000002,240.0
1874.9968075000215,240.10000000000002,240.0
1875.3019105000421,240.10000000000002,240.0
1875.6187628000043,240.0,240.0
1875.940767500084,240.0,240.0
1876.2419333000435,240.0,240.0
1876.5621473001083,240.20000000000002,240.0
1876.8679976999993,240.20000000000002,240.0
1877.1878660001094,240.0,240.0
1877.5049990999978,240.0,240.0
1877.8121613000985,240.0,240.0
1878.112513900036,240.20000000000002,240.0
1878.432407900109,240.20000000000002,240.0
1878.753338700044,240.20000000000002,240.0
1879.0580348001095,239.9,240.0
1879.3599668000825,239.9,240.0
1879.6811272000195,239.9,240.0
1880.0010788000654,240.20000000000002,240.0
1880.321803900064,240.20000000000002,240.0
1880.6237988000503,240.20000000000002,240.0
1880.9297254000558,240.0,240.0
1881.246397400042,240.0,240.0
1881.5691048000008,240.0,240.0
1881.8714440000476,240.10000000000002,240.0
1882.1921975000296,240.10000000000002,240.0
1882.4934674000833,240.10000000000002,240.0
1882.8146282000234,240.10000000000002,240.0
1883.1168235000223,240.10000000000002,240.0
1883.440560100018,240.0,240.0
1883.7576473000227,240.0,240.0
1884.0798088000156,240.0,240.0
1884.3982607000507,240.20000000000002,240.0
1884.7018515000818,240.20000000000002,240.0
1885.003664900083,240.20000000000002,240.0
1885.326095300028,239.9,240.0
1885.6467941000592,239.9,240.0
1885.9489080000203,239.9,240.0
1886.2675725000445,240.3,240.0
1886.5723146999953,240.3,240.0
1886.8772873000707,240.0,240.0
1887.194593799999,240.0,240.0
1887.516592900036,240.0,240.0
1887.8171931999968,240.20000000000002,240.0
1888.1389886999968,240.20000000000002,241.0
1888.456260100007,240.20000000000002,243.0
1888.762189900037,240.10000000000002,245.0
1889.0655528000789,240.10000000000002,247.0
1889.383562300005,240.10000000000002,249.0
1889.7053220000817,240.10000000000002,249.0
1890.0101263000397,240.10000000000002,250.0
1890.3298108000308,240.10000000000002,250.0
1890.650595300016,240.20000000000002,250.0
1890.9692618000554,240.20000000000002,250.0
1891.2881620000117,240.0,250.0
1891.5918473000638,240.0,250.0
1891.912636000081,240.0,250.0
1892.2168640000746,240.9,250.0
1892.5170184000162,240.9,250.0
1892.8393328000093,240.9,250.0
1893.1597411000403,242.20000000000002,250.0
1893.4778328000102,242.20000000000002,250.0
1893.7816553000594,242.20000000000002,250.0
1894.1017496000277,243.20000000000002,250.0
1894.405616800068,243.20000000000002,250.0
1894.7230870000785,243.20000000000002,250.0
1895.027972800075,244.0,250.0
1895.3499091000995,244.0,250.0
1895.6544780000113,244.8,250.0
1895.954819500097,244.8,250.0
1896.277551600011,244.8,250.0
1896.5781755000353,245.4,250.0
1896.897990000085,245.4,250.0
1897.2195071000606,245.4,250.0
1897.5379627000075,245.8,250.0
1897.8445070000598,245.8,250.0
1898.161959100049,245.8,250.0
1898.4805397000164,246.20000000000002,250.0
1898.8028783000773,246.20000000000002,250.0
1899.1053643000778,246.20000000000002,250.0
1899.4246976000722,246.3,250.0
1899.7473958000774,246.3,250.0
1900.0325504000066,246.60000000000002,250.0
1900.3517544000642,246.60000000000002,250.0
1900.671596600092,246.60000000000002,250.0
1900.977572200005,247.10000000000002,250.0
1901.2963003000477,247.10000000000002,250.0
1901.6155323000858,247.10000000000002,250.0
1901.9179496000288,247.5,250.0
1902.2386535000987,247.5,250.0
1902.5590255000861,247.5,250.0
1902.8772361000301,248.0,250.0
1903.1838073000545,248.0,250.0
1903.5037028000224,248.0,250.0
1903.806025900063,248.4,250.0
1904.1257759000873,248.4,250.0
1904.4273812000174,248.70000000000002,250.0
1904.7494324001018,248.70000000000002,250.0
1905.0531046000542,248.70000000000002,250.0
1905.3705185001018,248.8,250.0
1905.6939527000068,248.8,250.0
1906.0132671000902,248.8,250.0
1906.3164932000218,249.0,250.0
1906.6373603000538,249.0,250.0
1906.9222532000858,249.0,250.0
1907.2444399000378,248.9,250.0
1907.5653388000792,248.9,250.0
1907.8829023001017,248.9,250.0
1908.1885478000622,249.10000000000002,250.0
1908.5043338000542,249.10000000000002,250.0
1908.8249239000725,249.10000000000002,250.0
1909.1296599000925,249.20000000000002,250.0
1909.4480807000073,249.20000000000002,250.0
1909.7676028000424,249.3,250.0
1910.0715894000605,249.3,250.0
1910.3945753000444,249.3,250.0
1910.6972557000117,249.70000000000002,250.0
1911.017679200042,249.70000000000002,250.0
1911.3219901000848,249.70000000000002,250.0
1911.638049900066,249.8,250.0
1911.9435331000714,249.8,250.0
1912.264797000098,249.8,250.0
1912.585236200015,250.20000000000002,250.0
1912.905379200005,250.20000000000002,250.0
1913.2056398000568,250.20000000000002,250.0
1913.526945700054,250.20000000000002,250.0
1913.8480211000424,250.20000000000002,250.0
1914.1646853000857,250.5,250.0
1914.4707941000815,250.5,250.0
1914.772739600041,250.5,250.0
1915.0910717000952,250.4,250.0
1915.3980947000673,250.4,250.0
1915.7176707000472,250.4,250.0
1916.0349068000214,250.5,250.0
1916.342072700034,250.5,250.0
1916.6615355000831,250.5,250.0
1916.963207300054,250.60000000000002,250.0
1917.2845415000338,250.60000000000002,250.0
1917.586787700071,250.60000000000002,250.0
1917.9051320001017,250.60000000000002,250.0
1918.2281213001115,250.60000000000002,250.0
1918.5319906000514,250.9,250.0
1918.8327060000738,250.9,250.0
1919.1521775000729,250.9,250.0
1919.473912400077,250.9,250.0
1919.7779717000667,250.9,250.0
1920.0984402000904,250.9,250.0
1920.3990366000216,251.3,250.0
1920.7199436000083,251.3,250.0
1921.0409943000413,251.3,250.0
1921.363154200022,251.3,250.0
1921.6800078001106,251.3,250.0
1922.0010084999958,251.3,250.0
1922.3015020000748,251.5,250.0
1922.621355600073,251.5,250.0
1922.9450724000344,251.5,250.0
1923.2644010001095,251.5,250.0
1923.56796330004,251.5,250.0
1923.8846991000464,251.5,250.0
1924.2067875000648,251.5,250.0
1924.5095407000044,251.5,250.0
1924.831079400028,251.60000000000002,250.0
1925.1503044000128,251.60000000000002,250.0
1925.4538634000346,251.60000000000002,250.0
1925.7732626000652,251.5,250.0
1926.0741662000073,251.5,250.0
1926.3789363000542,251.5,250.0
1926.6994638000615,251.8,250.0
1927.0212345001055,251.8,250.0
1927.337984800106,251.70000000000002,250.0
1927.643060900038,251.70000000000002,250.0
1927.9618332000682,251.70000000000002,250.0
1928.2836514000082,251.9,250.0
1928.6008826000616,251.9,250.0
1928.8922014000127,251.9,250.0
1929.2084962000372,251.8,250.0
1929.5272763000103,251.8,250.0
1929.8509721000446,251.8,250.0
1930.1545140000526,251.9,250.0
1930.4551234000828,251.9,250.0
1930.7761217000661,251.9,250.0
1931.0963757000864,251.9,250.0
1931.4002298000269,251.9,250.0
1931.7197658000514,251.70000000000002,250.0
1932.0390428000828,251.70000000000002,250.0
1932.3419036000269,251.70000000000002,250.0
1932.646839800058,251.9,250.0
1932.9673872001003,251.9,250.0
1933.2900147000328,251.9,250.0
1933.6046893000603,251.60000000000002,250.0
1933.9280346001033,251.60000000000002,250.0
1934.2319693000754,251.60000000000002,250.0
1934.548568300088,251.8,250.0
1934.8693100000964,251.8,250.0
1935.187132100109,251.8,250.0
1935.50731980009,251.60000000000002,250.0
1935.7973809000105,251.60000000000002,250.0
1936.115349800093,251.8,250.0
1936.4372154000448,251.8,250.0
1936.7383206000086,251.8,250.0
1937.0586582000833,251.60000000000002,250.0
1937.3613839000463,251.60000000000002,250.0
1937.683144700015,251.60000000000002,250.0
1938.0036319000646,251.60000000000002,250.0
1938.3066181000322,251.60000000000002,250.0
1938.6256510000676,251.60000000000002,250.0
1938.9293225000147,251.60000000000002,250.0
1939.2502795000328,251.60000000000002,250.0
1939.5695050000213,251.60000000000002,250.0
1939.871791100013,251.4,250.0
1940.196683300077,251.4,250.0
1940.5107868000632,251.5,250.0
1940.8307155000512,251.5,250.0
1941.1358160000527,251.5,250.0
1941.4381941000465,251.20000000000002,250.0
1941.7590770000825,251.20000000000002,250.0
1942.079587800079,251.20000000000002,250.0
1942.3855331001105,251.4,250.0
1942.7033066001022,251.4,250.0
1943.025193000096,251.4,250.0
1943.3257786000613,251.20000000000002,250.0
1943.6470962000312,251.20000000000002,250.0
1943.968244100106,251.20000000000002,250.0
1944.2841443000361,251.3,250.0
1944.5904100000625,251.3,250.0
1944.893093700055,251.20000000000002,250.0
1945.2114838000853,251.20000000000002,250.0
1945.5353366000345,251.20000000000002,250.0
1945.8384056000505,251.10000000000002,250.0
1946.1551045000087,251.10000000000002,250.0
1946.4773244000971,251.10000000000002,250.0
1946.7801714000525,251.10000000000002,250.0
1947.100115600042,251.10000000000002,250.0
1947.4047123000491,251.10000000000002,250.0
1947.7234781000298,250.8,250.0
1948.0430638000835,250.8,250.0
1948.3628852000693,250.8,250.0
1948.666964400094,251.0,250.0
1948.9881861000322,251.0,250.0
1949.2883997000754,250.70000000000002,250.0
1949.6095339000458,250.70000000000002,250.0
1949.9281268001068,250.70000000000002,250.0
1950.231349300011,250.9,250.0
1950.551027800073,250.9,250.0
1950.8559356000042,250.9,250.0
1951.1772763000336,250.60000000000002,250.0
1951.4789462001063,250.60000000000002,250.0
1951.8004173000809,250.60000000000002,250.0
1952.1045303000137,250.70000000000002,250.0
1952.425396000035,250.70000000000002,250.0
1952.74138770008,250.70000000000002,250.0
1953.0334646000993,250.60000000000002,250.0
1953.3494088000152,250.60000000000002,250.0
1953.6697074000258,250.60000000000002,250.0
1953.9917023000307,250.4,250.0
1954.2927972000325,250.4,250.0
1954.596231500036,250.5,250.0
1954.9181786000263,250.5,250.0
1955.2385786001105,250.5,250.0
1955.5561553000007,250.20000000000002,250.0
1955.8613251000643,250.20000000000002,250.0
1956.1664717000676,250.20000000000002,250.0
1956.4832567000994,250.4,250.0
1956.7864853000501,250.4,250.0
1957.10786800005,250.4,250.0
1957.428956000018,250.10000000000002,250.0
1957.7464556000195,250.10000000000002,250.0
1958.0330816000933,250.10000000000002,250.0
1958.355980799999,250.20000000000002,250.0
1958.6722595000174,250.20000000000002,250.0
1958.9798614000902,250.0,250.0
1959.2977021000115,250.0,250.0
1959.602350500063,250.0,250.0
1959.9218587001087,250.0,250.0
1960.24235830002,250.0,250.0
1960.5437019000528,250.0,250.0
1960.86602950003,250.10000000000002,250.0
1961.1852861000225,250.10000000000002,250.0
1961.4896733000642,250.10000000000002,250.0
1961.8096712999977,249.8,250.0
1962.1263324000174,249.8,250.0
1962.4311017000582,249.8,250.0
1962.7536354000913,250.10000000000002,250.0
1963.0730357000139,250.10000000000002,250.0
1963.3759373000357,249.8,250.0
1963.7126492001116,249.8,250.0
1964.0146396000637,249.8,250.0
1964.3347426000983,250.0,250.0
1964.6559433001094,250.0,250.0
1964.9566075000912,250.0,250.0
1965.277560000075,249.70000000000002,250.0
1965.5984317000257,249.70000000000002,250.0
1965.8996050000424,249.70000000000002,250.0
1966.2212016000412,249.8,250.0
1966.5425462001003,249.8,250.0
1966.8581549000228,249.8,250.0
1967.1814494000282,249.8,250.0
1967.4838589000283,249.8,250.0
1967.788535000058,249.70000000000002,250.0
1968.1096025001025,249.70000000000002,250.0
1968.4292274001054,249.70000000000002,250.0
1968.7310275000054,249.8,250.0
1969.0359576001065,249.8,250.0
1969.3524014001014,249.8,250.0
1969.6733114001108,249.60000000000002,250.0
1969.995208300068,249.60000000000002,250.0
1970.2832820001058,249.60000000000002,250.0
1970.600462100003,249.8,250.0
1970.918991100043,249.8,250.0
1971.2430094000883,249.8,250.0
1971.5628128000535,249.5,250.0
1971.8625154000474,249.5,250.0
1972.1852404000238,249.70000000000002,250.0
1972.5051579000428,249.70000000000002,250.0
1972.8247369000455,249.70000000000002,250.0
1973.1251753000543,249.60000000000002,250.0
1973.4316263000946,249.60000000000002,250.0
1973.7526694000699,249.60000000000002,250.0
1974.0702540000202,249.5,250.0
1974.372362300055,249.5,250.0
1974.6776120000286,249.5,250.0
1974.9993086000904,249.60000000000002,250.0
1975.315691200085,249.60000000000002,250.0
1975.635060600005,249.60000000000002,250.0
1975.9583768000593,249.4,250.0
1976.2607028000057,249.4,250.0
1976.5824944000924,249.60000000000002,250.0
1976.8994972000364,249.60000000000002,250.0
1977.2054372000275,249.60000000000002,250.0
1977.5081816000165,249.4,250.0
1977.8290190000553,249.4,250.0
1978.1463889000006,249.4,250.0
1978.4690129000228,249.60000000000002,250.0
1978.7867575000273,249.60000000000002,250.0
1979.0921189000364,249.60000000000002,250.0
1979.393018300063,249.4,250.0
1979.714024700108,249.4,250.0
1980.032147900085,249.4,250.0
1980.3514561000047,249.5,250.0
1980.6719282000558,249.5,250.0
1980.9778042000253,249.5,250.0
1981.2952263000188,249.5,250.0
1981.6008308000164,249.5,250.0
1981.918938200106,249.4,250.0
1982.2408577000024,249.4,250.0
1982.5605984000722,249.4,250.0
1982.863425400108,249.60000000000002,250.0
1983.1677939000074,249.60000000000002,250.0
1983.4706258000806,249.60000000000002,250.0
1983.792916300008,249.3,250.0
1984.109874100075,249.3,250.0
1984.4306615000824,249.3,250.0
1984.7329851000104,249.60000000000002,250.0
1985.0542406000895,249.60000000000002,250.0
1985.358602500055,249.3,250.0
1985.6596344000427,249.3,250.0
1985.98281950003,249.3,250.0
1986.3030461000744,249.5,250.0
1986.6042226999998,249.5,250.0
1986.9223043000093,249.5,250.0
1987.228991900105,249.4,250.0
1987.5484800999984,249.4,250.0
1987.8497715000995,249.4,250.0
1988.1720310000237,249.3,250.0
1988.490983900032,249.3,250.0
1988.8121238000458,249.3,250.0
1989.1148982000304,249.5,250.0
1989.436585700023,249.5,250.0
1989.7532982000848,249.3,250.0
1990.0591571000405,249.3,250.0
1990.3791371000698,249.3,250.0
1990.6984627000056,249.60000000000002,250.0
1990.9859751000768,249.60000000000002,250.0
1991.3070706001017,249.60000000000002,250.0
1991.6255830000155,249.4,250.0
1991.9429852000903,249.4,250.0
1992.2651121000526,249.4,250.0
1992.5846361001022,249.60000000000002,250.0
1992.8893108000048,249.60000000000002,250.0
1993.1912647000281,249.60000000000002,250.0
1993.513201600057,249.5,250.0
1993.8297774000093,249.5,250.0
1994.1368259000592,249.60000000000002,250.0
1994.4542343000649,249.60000000000002,250.0
1994.77236860001,249.60000000000002,250.0
1995.0643234000308,249.60000000000002,250.0
1995.3810399000067,249.60000000000002,250.0
1995.7035635000793,249.60000000000002,250.0
1996.020028800005,249.4,250.0
1996.3268005000427,249.4,250.0
1996.642760500079,249.4,250.0
1996.9497004000004,249.70000000000002,250.0
1997.252104000072,249.70000000000002,250.0
1997.5744591000257,249.70000000000002,250.0
1997.8911459000083,249.4,250.0
1998.21209860011,249.4,250.0
1998.513505000039,249.4,250.0
1998.8338155000238,249.70000000000002,250.0
1999.1411369000562,249.70000000000002,250.0
1999.4577986000804,249.5,250.0
1999.763871400035,249.5,250.0
2000.0844023000682,249.5,250.0
2000.3882087999955,249.70000000000002,250.0
2000.70405150007,249.70000000000002,250.0
2001.0248910000082,249.70000000000002,250.0
2001.3426333001116,249.60000000000002,250.0
2001.6643642000854,249.60000000000002,250.0
2001.9694520001067,249.60000000000002,250.0
2002.2880014000693,249.60000000000002,250.0
2002.6092515001073,249.60000000000002,250.0
2002.926620400045,249.70000000000002,250.0
2003.2306832000613,249.70000000000002,250.0
2003.5532939000987,249.70000000000002,250.0
2003.8564948000712,249.60000000000002,250.0
2004.172954800073,249.60000000000002,250.0
2004.4959099000553,249.60000000000002,250.0
2004.8129669000627,249.9,250.0
2005.134366900078,249.9,250.0
2005.4357889000094,249.9,250.0
2005.7578676000703,249.70000000000002,250.0
2006.0618504000595,249.70000000000002,250.0
2006.382108000107,249.70000000000002,250.0
2006.7002536000218,249.9,250.0
2007.0228007000405,249.9,250.0
2007.3234240000602,249.8,250.0
2007.644834900042,249.8,250.0
2007.9458954000147,249.8,250.0
2008.2697163000703,249.9,250.0
2008.5701117001008,249.9,250.0
2008.892237000051,249.9,250.0
2009.2103441000218,249.9,250.0
2009.532014700002,249.9,250.0
2009.8509689000202,249.9,250.0
2010.1526362000732,249.8,250.0
2010.475337500102,249.8,250.0
2010.7754654000746,249.8,250.0
2011.0997554000933,250.0,250.0
2011.4157341000391,250.0,250.0
2011.7215987000382,249.70000000000002,250.0
2012.02402240003,249.70000000000002,250.0
2012.3455283000367,249.70000000000002,250.0
2012.6623327000998,250.0,250.0
2012.985085100052,250.0,250.0
2013.3031962000532,250.0,250.0
2013.60984810011,249.70000000000002,250.0
2013.9291183000896,249.70000000000002,250.0
2014.245989200077,249.70000000000002,250.0
2014.5661064001033,249.9,250.0
2014.8710359000834,249.9,250.0
2015.1909944000654,249.9,250.0
2015.5116242000367,249.9,250.0
2015.8296128000366,249.9,250.0
2016.131761400029,249.8,250.0
2016.4531851001084,249.8,250.0
2016.7592283000704,249.8,250.0
2017.0758501000237,250.0,250.0
2017.3959257000824,250.0,250.0
2017.7161909000715,250.0,250.0
2018.0039023000281,249.9,250.0
2018.3214410000946,249.9,250.0
2018.642414700007,249.9,250.0
2018.948844300001,250.10000000000002,250.0
2019.266064500087,250.10000000000002,250.0
2019.587556600105,250.10000000000002,250.0
2019.888957300107,249.9,250.0
2020.196147400071,249.9,250.0
2020.513410900021,250.10000000000002,250.0
2020.8197533000493,250.10000000000002,250.0
2021.1394808000186,250.10000000000002,250.0
2021.4572269000346,250.0,250.0
2021.7632876000134,250.0,250.0
2022.0818048000801,250.0,250.0
2022.3857440000866,250.10000000000002,250.0
2022.7063761000754,250.10000000000002,250.0
2023.0230118000181,250.10000000000002,250.0
2023.3290586000076,250.10000000000002,250.0
2023.6298633000115,250.10000000000002,250.0
2023.9520903000375,250.10000000000002,250.0
2024.2722784000216,250.0,250.0
2024.5752396000316,250.0,250.0
2024.8923922000686,250.0,250.0
2025.200374500011,250.20000000000002,250.0
2025.5174941000296,250.20000000000002,250.0
2025.8358154000016,250.0,250.0
2026.1429199000122,250.0,250.0
2026.4606469999999,250.0,250.0
2026.766767800087,250.3,250.0
2027.0686174000148,250.3,250.0
2027.3882200000808,250.3,250.0
2027.710502400063,250.10000000000002,250.0
2028.0272641000338,250.10000000000002,250.0
2028.3496254000347,250.10000000000002,250.0
2028.6516517000273,250.3,250.0
2028.9722691000206,250.3,250.0
2029.2933437000029,250.3,250.0
2029.580093900091,250.10000000000002,250.0
2029.8989885000046,250.10000000000002,250.0
2030.217094300082,250.10000000000002,250.0
2030.537255100091,250.10000000000002,250.0
2030.85717870004,250.10000000000002,250.0
2031.143826100044,250.20000000000002,250.0
2031.465865300037,250.20000000000002,250.0
2031.7824940000428,250.20000000000002,250.0
2032.1060910000233,250.10000000000002,250.0
2032.4101812000154,250.10000000000002,250.0
2032.7137060000096,250.10000000000002,250.0
2033.032767900033,250.3,250.0
2033.3499308000319,250.3,250.0
2033.6563308000332,250.3,250.0
2033.9765089000575,250.10000000000002,250.0
2034.2953256000765,250.10000000000002,250.0
2034.5970415000338,250.4,250.0
2034.9201471999986,250.4,250.0
2035.2381737000542,250.4,250.0
2035.541929100058,250.20000000000002,250.0
2035.8604244000744,250.20000000000002,250.0
2036.1815812001005,250.20000000000002,250.0
2036.5031444000779,250.4,250.0
2036.8030048001092,250.4,250.0
2037.1236402000068,250.4,250.0
2037.4457763000391,250.4,250.0
2037.746051000082,250.4,250.0
2038.0529039000394,250.4,250.0
2038.372365700081,250.3,250.0
2038.6919078000356,250.3,250.0
2038.9938967000926,250.4,250.0
2039.3133438000223,250.4,250.0
2039.6336965000955,250.4,250.0
2039.940593300038,250.20000000000002,250.0
2040.260566700017,250.20000000000002,250.0
2040.5762982000597,250.20000000000002,250.0
2040.8963432000019,250.5,250.0
2041.2000370000023,250.5,250.0
2041.505538300029,250.5,250.0
2041.82349910005,250.3,250.0
2042.1437878001016,250.3,250.0
2042.4498145000543,250.3,250.0
2042.7703003000934,250.5,250.0
2043.074340100051,250.5,250.0
2043.3772546000546,250.4,250.0
2043.6940821000608,250.4,250.0
2044.0138418000424,250.4,250.0
2044.335324200103,250.4,250.0
2044.6383117000805,250.4,250.0
2044.9577198000625,250.4,250.0
2045.2614386000205,250.4,250.0
2045.5808497000253,250.4,250.0
2045.9010305000702,250.4,250.0
2046.2048772000708,250.3,250.0
2046.5241408000002,250.3,250.0
2046.8298467000714,250.3,250.0
2047.1319922000403,250.5,250.0
2047.453470400069,250.5,250.0
2047.759197000065,250.20000000000002,250.0
2048.074927900103,250.20000000000002,250.0
2048.3815004000207,250.20000000000002,250.0
2048.6976082000183,250.5,250.0
2049.018558900105,250.5,250.0
2049.3411097000353,250.5,250.0
2049.6411964000436,250.3,250.0
2049.9466404000996,250.3,250.0
2050.266532800044,250.3,250.0
2050.587061600061,250.4,250.0
2050.8890015000943,250.4,250.0
2051.2095672000432,250.4,250.0
2051.514544900041,250.3,250.0
2051.832241300028,250.3,250.0
2052.1382078001043,250.3,250.0
2052.458020900027,250.20000000000002,250.0
2052.762792100082,250.20000000000002,250.0
2053.081148800091,250.4,250.0
2053.3824858000735,250.4,250.0
2053.6884475999977,250.4,250.0
2054.005898600095,250.10000000000002,250.0
2054.325203900109,250.10000000000002,250.0
2054.6493525000988,250.10000000000002,250.0
2054.9507317000534,250.3,250.0
2055.272808800102,250.3,250.0
2055.5765365000116,250.3,250.0
2055.8964710000437,250.10000000000002,250.0
2056.2133928000694,250.10000000000002,250.0
2056.5351952000055,250.10000000000002,250.0
2056.8385718000354,250.3,250.0
2057.1567150000483,250.3,250.0
2057.4773238000926,250.20000000000002,250.0
2057.7797390000196,250.20000000000002,250.0
2058.08560640004,250.20000000000002,250.0
2058.4024445000105,250.20000000000002,250.0
2058.7250354000134,250.20000000000002,250.0
2059.0450110000093,250.20000000000002,250.0
2059.3466390999965,250.3,250.0
2059.6673410000512,250.3,250.0
2059.9714264000067,250.3,250.0
2060.292382000014,250.10000000000002,250.0
2060.6101753000403,250.10000000000002,250.0
2060.929310400039,250.10000000000002,250.0
2061.216125200037,250.3,250.0
2061.536923300009,250.3,250.0
2061.857780600083,250.10000000000002,250.0
2062.1778960000956,250.10000000000002,250.0
2062.4974196000258,250.10000000000002,250.0
2062.801380100078,250.3,250.0
2063.103288100101,250.3,250.0
2063.42266000004,250.3,250.0
2063.7444520000136,250.10000000000002,250.0
2064.0656583000673,250.10000000000002,250.0
2064.3676546000643,250.10000000000002,250.0
2064.689261900028,250.20000000000002,250.0
2064.991163300001,250.20000000000002,250.0
2065.3112706000684,250.20000000000002,250.0
2065.629373100004,250.20000000000002,250.0
2065.9513502001064,250.20000000000002,250.0
2066.2386209000833,250.10000000000002,250.0
2066.5566110000946,250.10000000000002,250.0
2066.879273700062,250.10000000000002,250.0
2067.196383500006,250.20000000000002,250.0
2067.5015185000375,250.20000000000002,250.0
2067.8071037000045,250.20000000000002,250.0
2068.124007000006,250.0,250.0
2068.4436004000017,250.0,250.0
2068.7480718001025,250.0,250.0
2069.066479800036,250.20000000000002,250.0
2069.3736172000645,250.20000000000002,250.0
2069.6895391000435,250.20000000000002,250.0
2069.996432300075,249.9,250.0
2070.316227900097,249.9,250.0
2070.618957900093,249.9,250.0
2070.936828500009,250.20000000000002,250.0
2071.2598306,250.20000000000002,250.0
2071.56235760008,250.0,250.0
2071.864406000008,250.0,250.0
2072.1848621000536,250.0,250.0
2072.503715900006,250.0,250.0
2072.8248660000972,250.0,250.0
2073.1298725000815,250.0,250.0
2073.4476422000444,250.10000000000002,250.0
2073.7673748000525,250.10000000000002,250.0
2074.089240900008,250.10000000000002,250.0
2074.3745879000053,249.9,250.0
2074.694097800064,249.9,250.0
2075.014435400022,249.9,250.0
2075.3364779000403,250.10000000000002,250.0
2075.636572300107,250.10000000000002,250.0
2075.943367100088,249.8,250.0
2076.2598886000924,249.8,250.0
2076.5806025000056,249.8,250.0
2076.901961500058,250.10000000000002,250.0
2077.204649900086,250.10000000000002,250.0
2077.5079756000778,250.10000000000002,250.0
2077.8290350000607,249.9,250.0
2078.1498594000004,249.9,250.0
2078.453815500019,249.9,250.0
2078.7561077000573,250.0,250.0
2079.0781469000503,250.0,250.0
2079.3939030000474,250.0,250.0
2079.699114200077,249.9,250.0
2080.0200719001004,249.9,250.0
2080.32233980007,249.9,250.0
2080.6422002000036,249.9,250.0
2080.9481217000866,249.9,250.0
2081.26707660011,250.0,250.0
2081.5847502000397,250.0,250.0
2081.90642080002,250.0,250.0
2082.2099438000005,249.8,250.0
2082.530920500052,249.8,250.0
2082.8478739000857,249.8,250.0
2083.1533911000006,250.0,250.0
2083.4740212000906,250.0,250.0
2083.775704700034,250.0,250.0
2084.097294700099,249.8,250.0
2084.414411200094,249.8,250.0
2084.721626000013,250.0,250.0
2085.0227211000165,250.0,250.0
2085.3457892000442,250.0,250.0
2085.6608716000337,249.9,250.0
2085.9812733000144,249.9,250.0
2086.301686300081,249.9,250.0
2086.6042784000747,249.9,250.0
2086.9110897000646,249.9,250.0
2087.2288806000724,249.9,250.0
2087.5489278000314,250.0,250.0
2087.869614000083,250.0,250.0
2088.1714593000943,250.0,250.0
2088.4766959000845,249.8,250.0
2088.7974004000425,249.8,250.0
2089.115119000082,250.10000000000002,250.0
2089.4211652000668,250.10000000000002,250.0
2089.7233079000143,250.10000000000002,250.0
2090.0443680000026,249.8,250.0
2090.365115200053,249.8,250.0
2090.6823740000837,249.8,250.0
2091.002073800075,250.10000000000002,250.0
2091.3085683000972,250.10000000000002,250.0
2091.6277947000926,250.10000000000002,250.0
2091.9448997,249.8,250.0
2092.251522400067,249.8,250.0
2092.568984900019,249.8,250.0
2092.8901391000254,250.0,250.0
2093.2109606000595,250.0,250.0
2093.5280738000292,250.0,250.0
2093.850048799999,250.0,250.0
2094.1521291000536,250.0,250.0
2094.473378100083,249.9,250.0
2094.7758455000585,249.9,250.0
2095.096985600074,249.9,250.0
2095.399808800081,250.10000000000002,250.0
2095.7181173000718,250.10000000000002,250.0
2096.037536900025,250.10000000000002,250.0
2096.356993100024,249.9,250.0
2096.660174900084,249.9,250.0
2096.9829747000476,249.9,250.0
2097.284462600015,250.10000000000002,250.0
2097.6045690000756,250.10000000000002,250.0
2097.9241143000545,249.9,250.0
2098.245936000021,249.9,250.0
2098.5475877000717,249.9,250.0
2098.868394799996,250.10000000000002,250.0
2099.190350000048,250.10000000000002,250.0
2099.5098180000205,250.10000000000002,250.0
2099.8117866000393,250.0,250.0
2100.132838800084,250.0,250.0
2100.4524196001003,250.0,250.0
2100.769895000034,250.10000000000002,250.0
2101.076104200096,250.10000000000002,250.0
2101.396825200063,250.10000000000002,250.0
2101.7144993999973,250.10000000000002,250.0
2102.0362699000398,250.10000000000002,250.0
2102.3557781000854,250.0,250.0
2102.6557745001046,250.0,250.0
2102.963186400011,250.0,250.0
2103.2797672000015,250.20000000000002,250.0
2103.585145400022,250.20000000000002,250.0
2103.905203900067,250.20000000000002,250.0
2104.2231348000932,249.9,250.0
2104.545017000055,249.9,250.0
2104.8340298000257,249.9,250.0
2105.151575200027,250.20000000000002,250.0
2105.4717694000574,250.20000000000002,250.0
2105.7735523000592,250.20000000000002,250.0
2106.094205700094,250.0,250.0
2106.4147536000237,250.0,250.0
2106.7174102000427,250.10000000000002,250.0
2107.019919100101,250.10000000000002,250.0
2107.3458641000325,250.10000000000002,250.0
2107.6635563001037,250.0,250.0
2107.963932200102,250.0,250.0
2108.284871400101,250.0,250.0
2108.5871067000553,250.0,250.0
2108.909223100054,250.0,250.0
2109.21233930008,250.0,250.0
2109.530024200096,250.10000000000002,250.0
2109.8515967000276,250.10000000000002,250.0
2110.1572475000285,250.10000000000002,250.0
2110.4760135000106,249.9,250.0
2110.79378190008,249.9,250.0
2111.1150578000816,250.20000000000002,250.0
2111.4209114999976,250.20000000000002,250.0
2111.722706400091,250.20000000000002,250.0
2112.0435989000835,249.9,250.0
2112.360751,249.9,250.0
2112.679660200025,249.9,250.0
2112.986025899998,250.10000000000002,250.0
2113.3070017000427,250.10000000000002,250.0
2113.6248062000377,250.10000000000002,250.0
2113.9464587999973,250.0,250.0
2114.2492435000604,250.0,250.0
2114.5698364001,250.0,250.0
2114.8890381000238,250.0,250.0
2115.1747260000557,250.0,250.0
2115.495420500054,250.10000000000002,250.0
2115.816654000082,250.10000000000002,250.0
2116.1328418001067,250.10000000000002,250.0
2116.45381430001,249.9,250.0
2116.760270400089,249.9,250.0
2117.077810000046,249.9,250.0
2117.396820600028,250.10000000000002,250.0
2117.701585700037,250.10000000000002,250.0
2118.0072332000127,250.10000000000002,250.0
2118.3241452000802,249.9,250.0
2118.6459207000444,249.9,250.0
2118.9625753000146,249.9,250.0
2119.2529299000744,250.20000000000002,250.0
2119.5729091000976,250.20000000000002,250.0
2119.8938309000805,249.9,250.0
2120.210928000044,249.9,250.0
2120.5139571001055,249.9,250.0
2120.834664300084,250.10000000000002,250.0
2121.1410920000635,250.10000000000002,250.0
2121.4570629000664,250.10000000000002,250.0
2121.7629833000246,250.0,250.0
2122.0839491001097,250.0,250.0
2122.387337399996,250.0,250.0
2122.687843200052,250.0,250.0
2123.0118014001055,250.0,250.0
2123.3289530000184,250.0,250.0
2123.63516960002,250.10000000000002,250.0
2123.9548505001003,250.10000000000002,250.0
2124.2562232000055,249.8,250.0
2124.576732100104,249.8,250.0
2124.8979695000453,249.8,250.0
2125.198738600011,250.10000000000002,250.0
2125.521516900044,250.10000000000002,250.0
2125.8390778000467,250.10000000000002,250.0
2126.1440759000834,249.8,250.0
2126.444444700028,249.8,250.0
2126.7686882000417,249.8,250.0
2127.0691861000378,250.0,250.0
2127.390486899996,250.0,250.0
2127.709474800038,250.0,250.0
2128.0297122000484,249.9,250.0
2128.332403900102,249.9,250.0
2128.6383731000824,249.9,250.0
2128.9553850000957,249.9,250.0
2129.2591222000774,249.9,250.0
2129.5799775000196,250.0,250.0
2129.8995964000933,250.0,250.0
2130.202386600082,250.0,250.0
2130.5080290000187,249.8,250.0
2130.826193200075,249.8,250.0
2131.1304200000595,249.8,250.0
2131.449318400002,250.0,250.0
2131.7553770000814,250.0,250.0
2132.07395380002,250.0,250.0
2132.395001100027,249.8,250.0
2132.7127409001114,249.8,250.0
2133.018813600065,249.8,250.0
2133.3351038000546,250.0,250.0
2133.6564102000557,250.0,250.0
2133.976359900087,249.8,250.0
2134.2795131000457,249.8,250.0
2134.5991036000196,249.8,250.0
2134.9055125000887,250.0,250.0
2135.2221740999958,250.0,250.0
2135.542488100007,250.0,250.0
2135.8451449000277,249.9,250.0
2136.165678700083,249.9,250.0
2136.487531800056,249.9,250.0
2136.7921788000967,249.9,250.0
2137.1094110000413,249.9,250.0
2137.4144147000043,249.9,250.0
2137.7343359000515,250.0,250.0
2138.05354610004,250.0,250.0
2138.3552733000834,249.8,250.0
2138.678845400107,249.8,250.0
2138.981387200067,249.8,250.0
2139.283149600029,250.10000000000002,250.0
2139.6041312000016,250.10000000000002,250.0
2139.923325400101,250.10000000000002,250.0
2140.242733000079,249.8,250.0
2140.5487749000313,249.8,250.0
2140.8662904000375,249.8,250.0
2141.186256600078,250.10000000000002,250.0
2141.504958900041,250.10000000000002,250.0
2141.8125434000976,250.10000000000002,250.0
2142.1136638000607,249.9,250.0
2142.4333071000874,249.9,250.0
2142.7540912000695,250.0,250.0
2143.0556193001103,250.0,250.0
2143.36385980004,250.0,250.0
2143.682487400016,250.10000000000002,250.0
2144.0005934000947,250.10000000000002,250.0
2144.3070183000527,250.10000000000002,250.0
2144.6247607000405,249.9,250.0
2144.945427900064,249.9,250.0
2145.248658400029,249.9,250.0
2145.5540728000924,250.10000000000002,250.0
2145.871872500051,250.10000000000002,250.0
2146.19288950006,250.10000000000002,250.0
2146.4959450000897,249.9,250.0
2146.8141765000764,249.9,250.0
2147.1355302000884,250.10000000000002,250.0
2147.452634800109,250.10000000000002,250.0
2147.7749078000197,250.10000000000002,250.0
2148.075953300111,249.9,250.0
2148.3977022001054,249.9,250.0
2148.6999434001045,249.9,250.0
2149.0210036000935,250.10000000000002,250.0
2149.341638800106,250.10000000000002,250.0
2149.6622176000383,250.10000000000002,250.0
2149.9634068000596,250.0,250.0
2150.284909000038,250.0,250.0
2150.6030080000637,250.0,250.0
2150.908627900062,250.0,250.0
2151.212071100017,250.0,250.0
2151.529807800078,250.10000000000002,250.0
2151.8359895000467,250.10000000000002,250.0
2152.1540979000274,250.10000000000002,250.0
2152.4562820000574,249.9,250.0
2152.778769900091,249.9,250.0
2153.0994065999985,249.9,250.0
2153.416105900076,250.20000000000002,250.0
2153.7381045001093,250.20000000000002,250.0
2154.0568762000185,250.20000000000002,250.0
2154.3785752000986,249.9,250.0
2154.6986713000806,249.9,250.0
2155.0015874000965,249.9,250.0
2155.3178695000242,250.20000000000002,250.0
2155.639656500076,250.20000000000002,250.0
2155.961055800086,250.0,250.0
2156.2622122000903,250.0,250.0
2156.5837824000046,250.0,250.0
2156.8858195000794,250.10000000000002,250.0
2157.206449600053,250.10000000000002,250.0
2157.52807390003,250.10000000000002,250.0
2157.8323879000964,250.10000000000002,250.0
2158.1334051000886,250.10000000000002,250.0
2158.454064700054,250.10000000000002,250.0
2158.7712593000615,249.9,250.0
2159.078326100018,249.9,250.0
2159.379912100034,249.9,250.0
2159.6989211000036,250.10000000000002,250.0
2160.020375500084,250.10000000000002,250.0
2160.341503600008,249.9,250.0
2160.6284944000654,249.9,250.0
2160.9493776001036,249.9,250.0
2161.2657734000823,250.20000000000002,250.0
2161.5723645000253,250.20000000000002,250.0
2161.8915636000456,250.20000000000002,250.0
2162.2099529000698,249.9,250.0
2162.5303103000624,249.9,250.0
2162.8351102001034,249.9,250.0
2163.153676200076,250.10000000000002,250.0
2163.4566757000284,250.10000000000002,250.0
2163.7764395000413,250.10000000000002,250.0
2164.0965790000046,250.0,250.0
2164.417896900093,250.0,250.0
2164.7212952000555,250.0,250.0
2165.0254855999956,250.0,250.0
2165.3461100000422,250.0,250.0
2165.647135300096,250.10000000000002,250.0
2165.9699195000576,250.10000000000002,250.0
2166.286884500063,250.10000000000002,250.0
2166.6069740999956,249.9,250.0
2166.8941575000063,249.9,250.0
2167.2164909000276,249.9,250.0
2167.5348283000058,250.20000000000002,250.0
2167.8365462000947,250.20000000000002,250.0
2168.15696990001,250.20000000000002,250.0
2168.4601929000346,249.9,250.0
2168.779668800067,249.9,250.0
2169.100174800027,249.9,250.0
2169.421433600015,250.20000000000002,250.0
2169.7227402999997,250.20000000000002,250.0
2170.0464944000123,250.0,250.0
2170.3645902000135,250.0,250.0
2170.68463360006,250.0,250.0
2170.970513300039,250.10000000000002,250.0
2171.2900268000085,250.10000000000002,250.0
2171.6135056000203,250.10000000000002,250.0
2171.9167767000617,250.0,250.0
2172.2329557000194,250.0,250.0
2172.5539472000673,250.0,250.0
2172.8744909000816,249.9,250.0
2173.1947179000126,249.9,250.0
2173.4973456000444,250.10000000000002,250.0
2173.8159092999995,250.10000000000002,250.0
2174.1355698000407,250.10000000000002,250.0
2174.441454300075,249.8,250.0
2174.7601546000224,249.8,250.0
2175.0808291001013,249.8,250.0
2175.401217600098,250.10000000000002,250.0
2175.687879400095,250.10000000000002,250.0
2176.00591800001,250.10000000000002,250.0
2176.327329000109,249.9,250.0
2176.648234600085,249.9,250.0
2176.951331700082,249.9,250.0
2177.2528623000253,250.10000000000002,250.0
2177.572287600022,250.10000000000002,250.0
2177.89315420005,250.10000000000002,250.0
2178.215865300037,250.0,250.0
2178.518492000061,250.0,250.0
2178.8198357000947,250.0,250.0
2179.14224080008,250.0,250.0
2179.4601835000794,250.0,250.0
2179.7640706000384,250.10000000000002,250.0
2180.082468400011,250.10000000000002,250.0
2180.3888452000683,250.10000000000002,250.0
2180.708683300065,249.9,250.0
2181.009828600101,249.9,250.0
2181.314922300051,249.9,250.0
2181.63727940002,250.20000000000002,250.0
2181.954610900022,250.20000000000002,250.0
2182.2770595001057,250.20000000000002,250.0
2182.5963110000594,249.9,250.0
2182.898329000105,249.9,250.0
2183.2190266000107,250.20000000000002,250.0
2183.5386944001075,250.20000000000002,250.0
2183.8568228000076,250.20000000000002,250.0
2184.1592783000087,250.0,250.0
2184.4811312000966,250.0,250.0
2184.8022864001105,250.0,250.0
2185.1198318001116,250.0,250.0
2185.4408862000564,250.0,250.0
2185.7451124000363,250.0,250.0
2186.061472600093,250.0,250.0
2186.38208390004,250.0,250.0
2186.70545150002,249.9,250.0
2187.0081813000143,249.9,250.0
2187.328663400025,249.9,250.0
2187.645349600003,250.10000000000002,250.0
2187.965613300097,250.10000000000002,250.0
2188.254025400034,250.10000000000002,250.0
2188.5758539000526,249.9,250.0
2188.8957305001095,249.9,250.0
2189.2126421000576,249.9,250.0
2189.5189304000232,250.20000000000002,250.0
2189.8215647001052,250.20000000000002,250.0
2190.141714300029,250.20000000000002,250.0
2190.460770500009,250.0,250.0
2190.768040099996,250.0,250.0
2191.0823836000636,250.0,250.0
2191.40394930006,250.20000000000002,250.0
2191.723717200104,250.20000000000002,250.0
2192.0432532000123,250.0,250.0
2192.3304099000525,250.0,250.0
2192.6506855000043,250.0,250.0
2192.972258600057,250.0,250.0
2193.2895978000015,250.0,250.0
2193.609666300006,250.0,250.0
2193.9148545000935,250.10000000000002,250.0
2194.234977300046,250.10000000000002,250.0
2194.5545961000025,250.10000000000002,250.0
2194.859161500004,249.9,250.0
2195.1763760000467,249.9,250.0
2195.4818760000635,249.9,250.0
2195.7995722000487,250.20000000000002,250.0
2196.120044700103,250.20000000000002,250.0
2196.422115100082,250.0,250.0
2196.745206300053,250.0,250.0
2197.062775600003,250.0,250.0
2197.38180740003,250.20000000000002,250.0
2197.6692955000326,250.20000000000002,250.0
2198.0057987000328,250.20000000000002,250.0
2198.308739400003,250.0,250.0
2198.6292251000414,250.0,250.0
2198.934985800064,250.0,250.0
2199.2513075000606,250.20000000000002,250.0
2199.5577802000334,250.20000000000002,250.0
2199.8749393000035,250.20000000000002,250.0
2200.1807036000537,250.10000000000002,250.0
2200.5005514000077,250.10000000000002,250.0
2200.8211833001114,250.0,250.0
2201.1217981000664,250.0,250.0
2201.4425067000557,250.0,250.0
2201.7619784000563,250.20000000000002,250.0
2202.0684083000524,250.20000000000002,250.0
2202.385370800039,250.20000000000002,250.0
2202.705064100097,249.9,250.0
2203.011003700085,249.9,250.0
2203.3291694000363,249.9,250.0
2203.651145400014,250.20000000000002,250.0
2203.955543000018,250.20000000000002,250.0
2204.272998200031,250.20000000000002,250.0
2204.5935583000537,250.0,250.0
2204.913394500036,250.0,250.0
2205.215209200047,250.20000000000002,250.0
2205.534981200006,250.20000000000002,250.0
2205.8548335001105,250.20000000000002,250.0
2206.161513000028,250.10000000000002,250.0
2206.4779045000905,250.10000000000002,250.0
2206.7993920000736,250.10000000000002,250.0
2207.1181729000527,250.10000000000002,250.0
2207.4240423000883,250.10000000000002,250.0
2207.7257019000826,250.10000000000002,250.0
2208.032460700022,250.10000000000002,250.0
2208.350017400109,250.10000000000002,250.0
2208.6699396000477,250.10000000000002,250.0
2208.9887783000013,250.0,250.0
2209.293459900073,250.0,250.0
2209.5981387000065,250.20000000000002,250.0
2209.9175710000563,250.20000000000002,250.0
2210.2369795000413,250.20000000000002,250.0
2210.554850500077,249.9,250.0
2210.8465307001024,249.9,250.0
2211.1642299001105,249.9,250.0
2211.4852924000006,250.20000000000002,250.0
2211.7860226000194,250.20000000000002,250.0
2212.105304500088,250.20000000000002,250.0
2212.411613100092,250.0,250.0
2212.732025300036,250.0,250.0
2213.051008600043,250.0,250.0
2213.354043600033,250.10000000000002,250.0
2213.6583583001047,250.10000000000002,250.0
2213.9791059000418,250.0,250.0
2214.2960115000606,250.0,250.0
2214.619693100103,250.0,250.0
2214.9223370000254,250.0,250.0
2215.2274804000044,250.0,250.0
2215.5446231000824,250.0,250.0
2215.8651171000674,250.10000000000002,250.0
2216.167863400071,250.10000000000002,250.0
2216.489268300007,250.10000000000002,250.0
2216.790563700022,249.9,250.0
2217.1119410000974,249.9,250.0
2217.430838600034,249.9,250.0
2217.7206229000585,250.10000000000002,250.0
2218.039926400059,250.10000000000002,250.0
2218.358888500021,249.9,250.0
2218.6631287001073,249.9,250.0
2218.983464400051,249.9,250.0
2219.2868752001086,250.10000000000002,248.0
2219.603546800092,250.10000000000002,247.0
2219.9251633000094,250.10000000000002,247.0
2220.2279965000926,250.0,247.0
2220.533380000037,250.0,246.0
2220.8534715001006,250.0,244.0
2221.157627800014,249.9,242.0
2221.4915985000553,249.9,240.0
2221.7962234000443,249.9,238.0
2222.0998929000925,249.60000000000002,236.0
2222.41814590001,249.60000000000002,234.0
2222.7229294000426,249.60000000000002,233.0
2223.0435354000656,248.10000000000002,233.0
2223.3447189000435,248.10000000000002,233.0
2223.667540000053,246.60000000000002,233.0
2223.968794900109,246.60000000000002,233.0
2224.292266500066,246.60000000000002,233.0
